customer_id,account_age_days,avg_transaction_amount,transaction_frequency_per_week,historical_chargebacks,historical_refunds,home_city,home_country
CUST_00000,1373,870.24,6.15,0,0,Chennai,IN
CUST_00001,1438,238.3,2.36,0,0,Pune,IN
CUST_00002,1248,634.59,6.82,0,1,Delhi,IN
CUST_00003,1094,5221.85,1.11,0,1,Bangalore,IN
CUST_00004,335,523.71,1.96,0,2,Chennai,IN
CUST_00005,778,927.48,2.54,0,0,Ahmedabad,IN
CUST_00006,1896,1386.48,1.62,0,0,Pune,IN
CUST_00007,1403,424.74,1.76,0,0,Chennai,IN
CUST_00008,1727,935.22,3.19,4,0,Hyderabad,IN
CUST_00009,470,1287.3,2.86,0,1,Mumbai,IN
CUST_00010,1649,301.44,1.92,0,1,Mumbai,IN
CUST_00011,822,1201.85,1.98,0,0,Hyderabad,IN
CUST_00012,136,494.52,2.07,1,0,Pune,IN
CUST_00013,1871,373.58,1.98,0,1,Chennai,IN
CUST_00014,436,440.14,3.37,0,0,Hyderabad,IN
CUST_00015,811,254.64,6.32,0,1,Ahmedabad,IN
CUST_00016,293,128.62,2.45,0,0,Ahmedabad,IN
CUST_00017,286,529.35,1.75,0,0,Pune,IN
CUST_00018,1526,430.67,3.13,0,0,Chennai,IN
CUST_00019,1530,625.08,2.49,0,0,Pune,IN
CUST_00020,1839,1096.61,4.26,0,1,Kolkata,IN
CUST_00021,742,281.1,6.25,0,0,Kolkata,IN
CUST_00022,284,743.08,9.59,0,0,Chennai,IN
CUST_00023,187,348.83,4.75,0,1,Ahmedabad,IN
CUST_00024,1764,528.35,1.65,0,0,Mumbai,IN
CUST_00025,314,495.91,1.86,0,0,Delhi,IN
CUST_00026,1623,234.25,3.53,0,1,Bangalore,IN
CUST_00027,1222,760.81,2.2,0,0,Kolkata,IN
CUST_00028,789,284.78,1.93,0,1,Delhi,IN
CUST_00029,1221,383.86,3.74,0,2,Kolkata,IN
CUST_00030,1084,577.8,5.98,0,1,Ahmedabad,IN
CUST_00031,1989,392.63,2.12,0,1,Pune,IN
CUST_00032,1394,591.06,4.34,5,0,Mumbai,IN
CUST_00033,1397,1223.63,1.17,0,1,Delhi,IN
CUST_00034,1575,587.19,3.23,0,2,Pune,IN
CUST_00035,229,577.32,4.53,0,0,Hyderabad,IN
CUST_00036,891,604.95,1.36,0,0,Pune,IN
CUST_00037,930,556.9,0.81,0,1,Bangalore,IN
CUST_00038,1954,214.02,4.0,0,0,Mumbai,IN
CUST_00039,1991,291.25,0.89,1,0,Pune,IN
CUST_00040,1040,967.16,3.39,0,0,Bangalore,IN
CUST_00041,1783,268.45,2.79,0,1,Delhi,IN
CUST_00042,1724,264.37,1.23,0,0,Pune,IN
CUST_00043,314,911.48,2.06,0,0,Chennai,IN
CUST_00044,1562,497.25,6.5,0,0,Hyderabad,IN
CUST_00045,1105,184.11,2.43,0,1,Bangalore,IN
CUST_00046,1227,232.85,3.56,0,0,Mumbai,IN
CUST_00047,1001,451.74,4.23,0,0,Hyderabad,IN
CUST_00048,230,272.39,0.56,0,0,Mumbai,IN
CUST_00049,1800,257.69,1.63,0,1,Hyderabad,IN
CUST_00050,491,556.25,3.32,0,0,Pune,IN
CUST_00051,494,579.21,1.24,0,1,Mumbai,IN
CUST_00052,176,513.24,0.88,0,0,Delhi,IN
CUST_00053,1672,907.52,5.19,1,1,Ahmedabad,IN
CUST_00054,1558,187.85,1.09,0,0,Delhi,IN
CUST_00055,263,609.79,3.03,0,0,Bangalore,IN
CUST_00056,1940,706.65,6.06,0,0,Ahmedabad,IN
CUST_00057,543,984.11,1.94,0,1,Bangalore,IN
CUST_00058,1976,838.22,2.83,1,0,Kolkata,IN
CUST_00059,1903,270.66,10.19,0,0,Chennai,IN
CUST_00060,1461,133.34,1.78,1,0,Chennai,IN
CUST_00061,818,521.2,1.69,0,0,Pune,IN
CUST_00062,898,1056.02,6.9,0,0,Hyderabad,IN
CUST_00063,248,539.15,1.34,0,0,Ahmedabad,IN
CUST_00064,461,573.36,10.57,0,2,Chennai,IN
CUST_00065,693,1790.75,0.27,0,0,Delhi,IN
CUST_00066,1205,561.45,1.73,0,1,Mumbai,IN
CUST_00067,1206,153.18,3.61,0,0,Chennai,IN
CUST_00068,15,903.28,1.91,0,0,Chennai,IN
CUST_00069,1450,394.46,7.71,0,0,Delhi,IN
CUST_00070,469,654.25,3.3,0,1,Mumbai,IN
CUST_00071,1855,1565.48,0.56,0,0,Delhi,IN
CUST_00072,1761,351.09,2.07,0,0,Mumbai,IN
CUST_00073,146,1826.95,0.99,0,0,Hyderabad,IN
CUST_00074,571,1544.86,0.63,0,1,Chennai,IN
CUST_00075,439,450.39,1.7,0,0,Ahmedabad,IN
CUST_00076,1482,1112.33,2.52,0,0,Bangalore,IN
CUST_00077,498,427.64,2.62,0,1,Ahmedabad,IN
CUST_00078,1654,533.5,4.01,0,0,Ahmedabad,IN
CUST_00079,390,320.35,9.22,0,1,Kolkata,IN
CUST_00080,199,443.08,3.82,0,1,Delhi,IN
CUST_00081,726,350.55,2.92,0,0,Kolkata,IN
CUST_00082,842,326.18,4.53,0,0,Kolkata,IN
CUST_00083,1770,959.5,6.5,0,0,Ahmedabad,IN
CUST_00084,1380,870.44,3.93,0,0,Mumbai,IN
CUST_00085,125,725.03,1.36,4,0,Delhi,IN
CUST_00086,1492,485.59,2.73,0,1,Kolkata,IN
CUST_00087,1640,308.45,5.49,0,0,Hyderabad,IN
CUST_00088,510,423.11,5.29,2,2,Delhi,IN
CUST_00089,390,370.35,3.04,0,1,Chennai,IN
CUST_00090,288,1228.85,2.54,0,1,Ahmedabad,IN
CUST_00091,376,416.77,4.55,0,1,Kolkata,IN
CUST_00092,948,618.26,2.26,0,0,Pune,IN
CUST_00093,1791,1879.24,5.18,1,1,Chennai,IN
CUST_00094,908,243.66,0.81,0,0,Delhi,IN
CUST_00095,104,845.12,4.03,0,1,Delhi,IN
CUST_00096,1985,488.54,1.13,0,2,Mumbai,IN
CUST_00097,1898,114.09,7.73,0,1,Delhi,IN
CUST_00098,341,276.48,1.93,0,0,Chennai,IN
CUST_00099,995,757.25,6.16,0,0,Kolkata,IN
CUST_00100,438,584.92,1.64,0,1,Ahmedabad,IN
CUST_00101,1849,728.78,4.6,0,0,Kolkata,IN
CUST_00102,338,178.81,0.64,3,0,Mumbai,IN
CUST_00103,5,309.53,6.17,1,1,Kolkata,IN
CUST_00104,544,612.55,6.58,2,0,Kolkata,IN
CUST_00105,585,398.77,2.49,0,0,Ahmedabad,IN
CUST_00106,1427,617.64,1.22,0,0,Kolkata,IN
CUST_00107,318,695.67,2.68,0,0,Ahmedabad,IN
CUST_00108,608,798.79,1.8,0,0,Chennai,IN
CUST_00109,1984,517.37,4.93,0,0,Chennai,IN
CUST_00110,1187,527.62,1.28,0,0,Mumbai,IN
CUST_00111,1532,2423.66,3.37,0,0,Mumbai,IN
CUST_00112,118,2224.37,1.29,0,0,Hyderabad,IN
CUST_00113,1197,455.93,4.91,0,0,Mumbai,IN
CUST_00114,1030,273.74,1.51,0,1,Ahmedabad,IN
CUST_00115,117,1015.18,0.38,0,0,Bangalore,IN
CUST_00116,1744,625.92,8.18,0,0,Delhi,IN
CUST_00117,141,735.05,4.89,0,1,Bangalore,IN
CUST_00118,1383,195.55,7.99,0,1,Delhi,IN
CUST_00119,827,468.0,1.99,4,0,Chennai,IN
CUST_00120,1929,148.53,6.15,1,1,Delhi,IN
CUST_00121,1186,597.61,3.08,0,1,Chennai,IN
CUST_00122,1269,161.4,1.51,0,1,Mumbai,IN
CUST_00123,859,590.86,3.13,0,0,Delhi,IN
CUST_00124,1915,494.56,2.59,0,1,Hyderabad,IN
CUST_00125,419,395.79,0.51,0,0,Pune,IN
CUST_00126,489,536.04,3.63,0,0,Hyderabad,IN
CUST_00127,811,1035.16,6.83,0,1,Pune,IN
CUST_00128,1376,621.8,1.31,1,0,Bangalore,IN
CUST_00129,937,534.0,6.87,0,0,Pune,IN
CUST_00130,1903,2085.0,7.67,1,1,Hyderabad,IN
CUST_00131,20,241.23,2.01,0,0,Delhi,IN
CUST_00132,1273,774.15,6.2,0,0,Ahmedabad,IN
CUST_00133,151,363.74,1.89,0,1,Delhi,IN
CUST_00134,1037,1033.7,0.41,0,0,Chennai,IN
CUST_00135,272,916.21,2.24,0,0,Pune,IN
CUST_00136,1805,1410.43,2.65,0,1,Hyderabad,IN
CUST_00137,1801,979.54,3.2,0,0,Delhi,IN
CUST_00138,757,149.55,2.39,0,0,Chennai,IN
CUST_00139,324,490.62,3.36,0,0,Pune,IN
CUST_00140,1708,197.72,4.03,0,0,Ahmedabad,IN
CUST_00141,1253,227.95,3.57,0,0,Pune,IN
CUST_00142,1368,471.6,4.84,0,0,Mumbai,IN
CUST_00143,1909,360.44,1.69,0,0,Pune,IN
CUST_00144,1923,339.96,1.26,0,1,Delhi,IN
CUST_00145,542,180.57,2.15,0,0,Bangalore,IN
CUST_00146,1823,1949.46,2.57,0,0,Delhi,IN
CUST_00147,1521,706.42,5.63,0,1,Delhi,IN
CUST_00148,558,455.49,2.1,0,0,Bangalore,IN
CUST_00149,1239,294.27,3.8,0,1,Pune,IN
CUST_00150,1470,406.45,0.17,0,0,Chennai,IN
CUST_00151,417,317.8,0.2,0,0,Hyderabad,IN
CUST_00152,1036,737.74,3.15,0,0,Pune,IN
CUST_00153,515,249.49,2.66,1,0,Ahmedabad,IN
CUST_00154,190,160.05,2.92,0,0,Mumbai,IN
CUST_00155,1699,432.32,2.41,0,0,Kolkata,IN
CUST_00156,91,313.37,0.94,0,0,Pune,IN
CUST_00157,684,574.07,4.71,0,1,Mumbai,IN
CUST_00158,1305,490.01,6.6,0,0,Bangalore,IN
CUST_00159,331,2596.79,5.02,0,0,Pune,IN
CUST_00160,1130,238.39,2.15,0,1,Ahmedabad,IN
CUST_00161,1149,1308.99,0.72,0,0,Kolkata,IN
CUST_00162,230,185.12,3.76,0,0,Mumbai,IN
CUST_00163,1936,357.57,1.47,0,0,Delhi,IN
CUST_00164,1118,325.49,1.17,0,1,Bangalore,IN
CUST_00165,1710,85.46,4.07,0,0,Mumbai,IN
CUST_00166,1193,416.85,1.12,0,2,Hyderabad,IN
CUST_00167,881,581.8,3.07,0,0,Bangalore,IN
CUST_00168,86,699.69,1.04,0,0,Bangalore,IN
CUST_00169,747,2059.72,7.13,0,1,Pune,IN
CUST_00170,1841,309.87,3.78,0,0,Mumbai,IN
CUST_00171,431,599.34,0.06,5,1,Hyderabad,IN
CUST_00172,1366,590.99,1.13,0,0,Chennai,IN
CUST_00173,725,221.98,3.06,0,0,Delhi,IN
CUST_00174,1995,312.22,2.59,0,0,Kolkata,IN
CUST_00175,1896,323.31,4.28,0,0,Bangalore,IN
CUST_00176,1771,713.99,6.46,0,0,Chennai,IN
CUST_00177,2000,142.71,0.99,0,0,Bangalore,IN
CUST_00178,1806,638.93,1.5,0,0,Bangalore,IN
CUST_00179,51,693.42,6.98,0,0,Kolkata,IN
CUST_00180,1509,624.11,1.78,0,0,Bangalore,IN
CUST_00181,1603,394.28,1.93,1,1,Hyderabad,IN
CUST_00182,1643,603.56,9.06,0,0,Kolkata,IN
CUST_00183,547,407.83,4.82,0,0,Chennai,IN
CUST_00184,1613,118.31,1.01,0,0,Bangalore,IN
CUST_00185,784,1028.77,1.2,0,0,Delhi,IN
CUST_00186,1759,619.46,2.1,0,0,Mumbai,IN
CUST_00187,456,920.29,2.69,5,0,Ahmedabad,IN
CUST_00188,1673,175.04,5.43,0,0,Chennai,IN
CUST_00189,717,703.85,5.78,0,0,Ahmedabad,IN
CUST_00190,1681,559.65,3.01,0,1,Pune,IN
CUST_00191,457,229.53,1.23,2,1,Chennai,IN
CUST_00192,1352,518.06,1.68,0,1,Mumbai,IN
CUST_00193,817,386.35,4.47,0,0,Chennai,IN
CUST_00194,571,407.93,1.04,0,0,Hyderabad,IN
CUST_00195,1981,365.33,1.58,0,0,Delhi,IN
CUST_00196,720,905.71,6.15,0,0,Pune,IN
CUST_00197,1392,157.19,3.08,0,0,Kolkata,IN
CUST_00198,1924,141.87,6.66,0,0,Hyderabad,IN
CUST_00199,237,559.12,11.91,0,1,Mumbai,IN
CUST_00200,366,531.96,4.19,0,0,Pune,IN
CUST_00201,79,573.53,3.46,2,1,Pune,IN
CUST_00202,1222,1839.81,6.12,0,1,Delhi,IN
CUST_00203,708,560.44,2.7,0,0,Kolkata,IN
CUST_00204,894,246.48,2.26,0,0,Hyderabad,IN
CUST_00205,789,2913.42,3.66,0,0,Delhi,IN
CUST_00206,522,441.15,1.76,0,0,Chennai,IN
CUST_00207,1452,894.78,0.74,1,0,Mumbai,IN
CUST_00208,4,199.03,0.57,0,0,Kolkata,IN
CUST_00209,746,410.54,2.05,0,2,Chennai,IN
CUST_00210,144,407.11,4.4,0,0,Kolkata,IN
CUST_00211,1277,441.4,8.06,0,0,Hyderabad,IN
CUST_00212,1359,1084.2,1.0,0,0,Hyderabad,IN
CUST_00213,1475,707.45,2.01,0,0,Delhi,IN
CUST_00214,1039,227.11,2.5,0,0,Pune,IN
CUST_00215,1366,550.47,2.53,0,0,Pune,IN
CUST_00216,669,484.5,2.28,0,1,Kolkata,IN
CUST_00217,1428,549.23,2.44,0,0,Kolkata,IN
CUST_00218,1136,336.84,6.27,0,0,Pune,IN
CUST_00219,393,76.59,5.77,0,1,Bangalore,IN
CUST_00220,1362,115.43,3.1,0,1,Kolkata,IN
CUST_00221,1388,412.25,0.64,0,0,Kolkata,IN
CUST_00222,1261,285.87,1.86,0,1,Bangalore,IN
CUST_00223,832,469.32,4.78,0,1,Pune,IN
CUST_00224,623,1200.01,1.37,0,0,Mumbai,IN
CUST_00225,431,295.95,1.62,0,1,Pune,IN
CUST_00226,1610,694.06,1.88,0,2,Kolkata,IN
CUST_00227,953,419.7,4.14,0,0,Hyderabad,IN
CUST_00228,906,672.49,7.24,0,0,Ahmedabad,IN
CUST_00229,1047,243.48,3.83,0,0,Chennai,IN
CUST_00230,1626,396.75,0.46,0,0,Ahmedabad,IN
CUST_00231,1350,1694.73,1.62,0,0,Bangalore,IN
CUST_00232,582,1026.91,6.01,0,0,Delhi,IN
CUST_00233,192,144.43,0.75,0,0,Hyderabad,IN
CUST_00234,1378,1683.04,1.59,0,1,Chennai,IN
CUST_00235,461,972.89,2.44,0,0,Pune,IN
CUST_00236,302,382.02,2.39,1,1,Chennai,IN
CUST_00237,95,2227.57,4.04,0,0,Mumbai,IN
CUST_00238,974,555.35,2.16,0,0,Chennai,IN
CUST_00239,933,199.95,2.7,0,1,Delhi,IN
CUST_00240,1815,565.15,1.04,0,0,Kolkata,IN
CUST_00241,1472,2006.01,4.16,0,0,Chennai,IN
CUST_00242,1013,589.47,4.93,0,0,Kolkata,IN
CUST_00243,500,244.05,3.62,0,0,Kolkata,IN
CUST_00244,1344,135.83,0.75,0,0,Bangalore,IN
CUST_00245,1829,386.21,2.9,0,0,Mumbai,IN
CUST_00246,1595,321.16,0.65,0,0,Delhi,IN
CUST_00247,449,1260.06,1.15,0,0,Kolkata,IN
CUST_00248,1647,253.51,11.85,0,0,Bangalore,IN
CUST_00249,103,526.75,2.86,0,0,Ahmedabad,IN
CUST_00250,1879,329.33,2.74,0,0,Chennai,IN
CUST_00251,935,151.0,4.94,0,0,Delhi,IN
CUST_00252,1642,480.83,7.74,0,2,Bangalore,IN
CUST_00253,1368,165.58,1.8,0,0,Ahmedabad,IN
CUST_00254,1946,767.15,4.9,0,0,Hyderabad,IN
CUST_00255,1255,143.45,5.43,0,1,Ahmedabad,IN
CUST_00256,1702,467.73,3.9,0,0,Kolkata,IN
CUST_00257,1838,1038.15,2.74,0,0,Ahmedabad,IN
CUST_00258,1524,729.13,5.23,0,1,Bangalore,IN
CUST_00259,922,358.66,3.94,0,0,Ahmedabad,IN
CUST_00260,1540,665.63,2.92,0,0,Pune,IN
CUST_00261,1721,873.88,2.77,0,0,Chennai,IN
CUST_00262,1569,231.19,5.14,1,0,Pune,IN
CUST_00263,1284,1086.1,2.35,0,0,Ahmedabad,IN
CUST_00264,563,950.32,1.63,0,0,Chennai,IN
CUST_00265,159,184.27,3.6,0,0,Ahmedabad,IN
CUST_00266,481,575.65,1.68,0,0,Pune,IN
CUST_00267,688,410.46,2.77,0,0,Pune,IN
CUST_00268,1829,1356.8,2.9,0,0,Hyderabad,IN
CUST_00269,284,904.55,3.09,1,0,Delhi,IN
CUST_00270,474,521.96,5.18,0,1,Bangalore,IN
CUST_00271,1422,1160.05,1.4,0,0,Kolkata,IN
CUST_00272,1447,2463.23,1.86,0,1,Bangalore,IN
CUST_00273,132,151.82,0.41,0,0,Chennai,IN
CUST_00274,835,367.19,1.99,0,0,Kolkata,IN
CUST_00275,1112,243.65,0.97,0,0,Hyderabad,IN
CUST_00276,852,480.93,2.98,0,1,Ahmedabad,IN
CUST_00277,424,232.9,4.07,0,1,Mumbai,IN
CUST_00278,798,981.44,2.11,0,0,Kolkata,IN
CUST_00279,1755,2481.97,1.42,0,0,Mumbai,IN
CUST_00280,977,553.64,3.58,0,0,Kolkata,IN
CUST_00281,1931,164.19,2.65,0,0,Mumbai,IN
CUST_00282,612,318.56,1.57,4,0,Hyderabad,IN
CUST_00283,1748,348.22,2.19,0,0,Kolkata,IN
CUST_00284,1103,1331.89,1.55,0,0,Kolkata,IN
CUST_00285,1000,626.74,1.84,0,0,Chennai,IN
CUST_00286,559,567.96,0.56,0,1,Chennai,IN
CUST_00287,995,273.67,2.83,0,0,Kolkata,IN
CUST_00288,797,320.87,1.82,0,0,Mumbai,IN
CUST_00289,1370,720.86,5.24,0,0,Hyderabad,IN
CUST_00290,1484,435.34,1.25,0,0,Kolkata,IN
CUST_00291,1722,914.95,1.07,0,0,Bangalore,IN
CUST_00292,1884,342.98,2.96,0,1,Ahmedabad,IN
CUST_00293,1275,43.1,1.17,0,0,Bangalore,IN
CUST_00294,1858,349.81,5.12,0,0,Mumbai,IN
CUST_00295,1213,156.4,3.51,0,0,Kolkata,IN
CUST_00296,172,745.06,5.32,0,0,Mumbai,IN
CUST_00297,278,654.54,4.16,0,1,Kolkata,IN
CUST_00298,373,1039.68,5.52,0,0,Ahmedabad,IN
CUST_00299,533,312.8,3.55,0,0,Mumbai,IN
CUST_00300,671,438.35,2.8,0,1,Kolkata,IN
CUST_00301,932,304.09,3.59,0,0,Chennai,IN
CUST_00302,692,502.76,5.88,0,0,Hyderabad,IN
CUST_00303,570,873.43,0.68,0,2,Kolkata,IN
CUST_00304,517,830.79,6.66,0,1,Kolkata,IN
CUST_00305,964,572.23,3.01,0,0,Delhi,IN
CUST_00306,1535,1486.56,5.65,0,0,Mumbai,IN
CUST_00307,1950,179.64,1.73,0,0,Mumbai,IN
CUST_00308,460,564.46,1.86,0,0,Hyderabad,IN
CUST_00309,1600,556.82,5.6,0,0,Delhi,IN
CUST_00310,1545,169.66,3.28,0,1,Mumbai,IN
CUST_00311,1945,341.02,6.92,0,0,Mumbai,IN
CUST_00312,409,470.58,1.79,0,1,Chennai,IN
CUST_00313,1273,208.32,2.17,0,1,Mumbai,IN
CUST_00314,489,241.08,4.14,0,1,Bangalore,IN
CUST_00315,970,1080.63,5.99,0,0,Bangalore,IN
CUST_00316,1156,776.77,2.31,1,0,Delhi,IN
CUST_00317,953,208.7,7.29,0,1,Chennai,IN
CUST_00318,1571,477.27,3.0,0,0,Pune,IN
CUST_00319,344,299.58,1.42,0,0,Hyderabad,IN
CUST_00320,1593,205.19,6.47,0,0,Delhi,IN
CUST_00321,1976,701.94,2.44,0,0,Bangalore,IN
CUST_00322,222,626.35,3.49,0,0,Pune,IN
CUST_00323,1903,679.9,3.87,0,0,Mumbai,IN
CUST_00324,1180,565.42,4.14,0,0,Pune,IN
CUST_00325,813,239.49,2.4,0,0,Kolkata,IN
CUST_00326,156,306.9,7.86,0,0,Chennai,IN
CUST_00327,209,293.36,2.47,0,0,Chennai,IN
CUST_00328,1742,887.54,1.44,0,0,Pune,IN
CUST_00329,1631,405.93,2.45,0,0,Delhi,IN
CUST_00330,712,359.02,0.13,0,0,Mumbai,IN
CUST_00331,1355,1008.75,0.92,0,1,Kolkata,IN
CUST_00332,142,250.41,2.41,0,0,Hyderabad,IN
CUST_00333,26,2647.63,2.46,0,0,Hyderabad,IN
CUST_00334,1685,422.13,2.55,0,0,Kolkata,IN
CUST_00335,217,266.82,2.57,0,0,Ahmedabad,IN
CUST_00336,1968,244.41,1.99,0,0,Kolkata,IN
CUST_00337,1302,984.58,3.91,0,0,Hyderabad,IN
CUST_00338,1449,1312.32,4.75,0,0,Ahmedabad,IN
CUST_00339,892,1751.78,3.26,0,0,Bangalore,IN
CUST_00340,1503,922.08,3.94,0,1,Bangalore,IN
CUST_00341,1262,533.88,4.83,0,0,Pune,IN
CUST_00342,953,2106.29,1.39,0,0,Ahmedabad,IN
CUST_00343,1692,380.44,2.92,0,1,Kolkata,IN
CUST_00344,661,312.31,1.68,0,0,Pune,IN
CUST_00345,1702,239.34,1.61,3,1,Chennai,IN
CUST_00346,572,484.42,9.37,0,0,Delhi,IN
CUST_00347,500,256.4,4.26,0,0,Ahmedabad,IN
CUST_00348,1168,506.03,2.74,0,1,Ahmedabad,IN
CUST_00349,689,346.69,2.93,0,0,Kolkata,IN
CUST_00350,1013,411.51,0.46,3,2,Mumbai,IN
CUST_00351,373,946.73,4.6,0,0,Hyderabad,IN
CUST_00352,435,208.92,0.53,0,1,Ahmedabad,IN
CUST_00353,1634,2000.63,5.22,0,0,Hyderabad,IN
CUST_00354,698,479.64,0.48,0,1,Pune,IN
CUST_00355,1803,329.99,6.59,0,0,Pune,IN
CUST_00356,1139,1294.74,3.36,0,2,Pune,IN
CUST_00357,1059,304.93,1.58,0,0,Mumbai,IN
CUST_00358,176,307.93,3.18,0,0,Chennai,IN
CUST_00359,1475,401.8,3.71,0,0,Chennai,IN
CUST_00360,1001,380.15,0.19,0,0,Kolkata,IN
CUST_00361,1415,580.94,1.86,0,1,Chennai,IN
CUST_00362,1323,225.03,4.41,0,0,Ahmedabad,IN
CUST_00363,918,206.02,1.7,0,0,Ahmedabad,IN
CUST_00364,191,628.01,0.54,0,2,Mumbai,IN
CUST_00365,454,407.21,2.65,0,0,Pune,IN
CUST_00366,1417,200.72,2.03,0,0,Kolkata,IN
CUST_00367,628,1168.62,6.68,0,1,Chennai,IN
CUST_00368,970,893.51,4.53,0,0,Hyderabad,IN
CUST_00369,872,1159.51,3.31,0,0,Hyderabad,IN
CUST_00370,721,665.83,1.96,0,0,Hyderabad,IN
CUST_00371,555,642.78,2.36,0,1,Ahmedabad,IN
CUST_00372,515,480.08,2.25,0,0,Pune,IN
CUST_00373,248,238.78,2.66,0,0,Chennai,IN
CUST_00374,647,121.66,2.78,0,1,Chennai,IN
CUST_00375,1522,676.39,4.97,0,0,Delhi,IN
CUST_00376,393,64.89,1.16,1,0,Bangalore,IN
CUST_00377,1513,653.52,5.32,3,0,Chennai,IN
CUST_00378,567,237.95,3.07,0,0,Ahmedabad,IN
CUST_00379,206,312.47,2.15,0,1,Pune,IN
CUST_00380,607,573.76,2.44,3,0,Chennai,IN
CUST_00381,740,2002.97,2.91,0,0,Chennai,IN
CUST_00382,620,1028.09,2.9,0,0,Bangalore,IN
CUST_00383,1451,674.83,3.95,0,1,Mumbai,IN
CUST_00384,562,221.38,1.28,0,1,Bangalore,IN
CUST_00385,1996,606.46,2.38,0,1,Mumbai,IN
CUST_00386,1134,620.26,3.22,0,1,Mumbai,IN
CUST_00387,1429,1345.64,2.06,0,1,Pune,IN
CUST_00388,1307,967.64,5.12,0,0,Bangalore,IN
CUST_00389,211,734.33,1.97,0,0,Ahmedabad,IN
CUST_00390,1176,1290.77,2.74,0,0,Mumbai,IN
CUST_00391,962,239.83,0.92,0,0,Pune,IN
CUST_00392,903,179.82,1.15,0,0,Ahmedabad,IN
CUST_00393,378,1460.88,1.46,0,0,Hyderabad,IN
CUST_00394,518,195.16,2.84,0,0,Mumbai,IN
CUST_00395,234,301.85,1.39,1,1,Ahmedabad,IN
CUST_00396,821,2384.41,2.62,0,0,Delhi,IN
CUST_00397,152,1083.86,0.66,0,0,Ahmedabad,IN
CUST_00398,311,155.75,10.26,0,0,Mumbai,IN
CUST_00399,1662,818.61,3.84,0,1,Bangalore,IN
CUST_00400,175,895.51,2.04,0,0,Pune,IN
CUST_00401,243,648.37,1.31,0,0,Chennai,IN
CUST_00402,1242,404.85,1.16,0,0,Kolkata,IN
CUST_00403,1589,247.4,2.86,0,1,Chennai,IN
CUST_00404,923,1305.58,6.73,0,0,Kolkata,IN
CUST_00405,609,846.54,1.04,0,0,Ahmedabad,IN
CUST_00406,626,421.05,1.05,0,1,Kolkata,IN
CUST_00407,1249,724.68,1.51,0,0,Mumbai,IN
CUST_00408,1941,616.37,6.3,0,0,Delhi,IN
CUST_00409,1282,467.5,2.75,0,0,Chennai,IN
CUST_00410,542,364.82,5.64,0,0,Chennai,IN
CUST_00411,322,644.7,1.37,0,0,Delhi,IN
CUST_00412,356,309.81,5.45,0,0,Chennai,IN
CUST_00413,321,399.16,0.78,0,0,Delhi,IN
CUST_00414,837,303.37,4.4,0,0,Mumbai,IN
CUST_00415,1412,332.85,1.41,0,0,Ahmedabad,IN
CUST_00416,597,599.02,9.75,0,1,Ahmedabad,IN
CUST_00417,475,207.17,3.94,0,1,Mumbai,IN
CUST_00418,1448,658.3,5.7,0,0,Pune,IN
CUST_00419,1440,1535.14,1.57,0,0,Pune,IN
CUST_00420,146,188.88,3.16,0,0,Ahmedabad,IN
CUST_00421,1893,492.03,1.24,0,0,Chennai,IN
CUST_00422,1614,1552.13,4.91,0,1,Pune,IN
CUST_00423,871,1067.24,3.77,0,0,Chennai,IN
CUST_00424,1116,1540.52,0.92,0,0,Delhi,IN
CUST_00425,1327,299.49,2.57,0,0,Chennai,IN
CUST_00426,1861,287.44,1.48,0,1,Bangalore,IN
CUST_00427,1693,805.1,3.2,0,1,Pune,IN
CUST_00428,147,883.13,0.85,0,0,Bangalore,IN
CUST_00429,340,207.8,7.34,0,1,Mumbai,IN
CUST_00430,1219,660.71,2.69,0,0,Pune,IN
CUST_00431,900,305.94,3.7,0,2,Pune,IN
CUST_00432,960,258.66,1.11,0,1,Delhi,IN
CUST_00433,1434,521.6,1.33,0,0,Pune,IN
CUST_00434,1931,1170.59,1.6,0,0,Kolkata,IN
CUST_00435,1025,184.01,5.66,0,1,Pune,IN
CUST_00436,897,544.14,1.31,0,1,Ahmedabad,IN
CUST_00437,1225,576.94,2.77,0,0,Delhi,IN
CUST_00438,1822,442.87,0.95,0,0,Mumbai,IN
CUST_00439,1505,264.32,0.36,0,0,Kolkata,IN
CUST_00440,1237,703.17,9.43,0,0,Hyderabad,IN
CUST_00441,53,223.18,2.49,0,0,Pune,IN
CUST_00442,469,886.2,1.83,0,0,Delhi,IN
CUST_00443,1567,681.83,2.66,0,0,Mumbai,IN
CUST_00444,1181,459.79,3.77,1,1,Pune,IN
CUST_00445,1563,749.73,2.18,0,0,Mumbai,IN
CUST_00446,964,290.32,0.98,0,1,Bangalore,IN
CUST_00447,1877,1235.4,5.25,0,1,Ahmedabad,IN
CUST_00448,372,686.97,10.96,0,1,Pune,IN
CUST_00449,1301,399.38,2.52,0,1,Kolkata,IN
CUST_00450,1985,196.71,1.85,0,0,Ahmedabad,IN
CUST_00451,963,246.01,2.61,0,1,Delhi,IN
CUST_00452,837,713.93,0.38,0,0,Hyderabad,IN
CUST_00453,658,313.38,1.09,0,0,Hyderabad,IN
CUST_00454,1757,445.47,3.7,0,0,Delhi,IN
CUST_00455,676,200.79,2.11,0,0,Bangalore,IN
CUST_00456,1421,1398.99,1.56,0,0,Kolkata,IN
CUST_00457,591,369.57,1.49,0,1,Ahmedabad,IN
CUST_00458,1667,398.72,2.53,2,1,Kolkata,IN
CUST_00459,932,295.86,3.45,0,0,Mumbai,IN
CUST_00460,645,1133.94,3.6,0,0,Delhi,IN
CUST_00461,663,2445.68,0.68,0,1,Pune,IN
CUST_00462,1987,421.01,5.64,0,0,Delhi,IN
CUST_00463,1772,394.79,1.54,0,0,Kolkata,IN
CUST_00464,1347,80.34,4.57,0,0,Mumbai,IN
CUST_00465,847,282.16,0.59,0,0,Ahmedabad,IN
CUST_00466,385,560.23,1.03,0,0,Mumbai,IN
CUST_00467,1276,482.19,5.61,0,0,Hyderabad,IN
CUST_00468,1281,440.99,0.83,0,0,Ahmedabad,IN
CUST_00469,1557,479.11,2.18,0,0,Ahmedabad,IN
CUST_00470,417,1633.04,1.16,0,0,Mumbai,IN
CUST_00471,1125,100.14,1.42,2,1,Pune,IN
CUST_00472,1900,1020.38,0.51,0,0,Bangalore,IN
CUST_00473,898,370.66,9.44,0,0,Pune,IN
CUST_00474,249,322.47,3.07,0,1,Ahmedabad,IN
CUST_00475,1994,862.34,2.56,0,1,Mumbai,IN
CUST_00476,1454,290.79,2.68,0,0,Chennai,IN
CUST_00477,637,1644.99,1.86,0,0,Bangalore,IN
CUST_00478,1132,560.75,1.25,0,0,Mumbai,IN
CUST_00479,191,1223.13,5.62,0,0,Kolkata,IN
CUST_00480,1724,311.12,1.72,0,0,Chennai,IN
CUST_00481,946,363.13,5.57,0,0,Delhi,IN
CUST_00482,1327,815.06,3.87,0,0,Delhi,IN
CUST_00483,1021,1233.75,1.93,2,1,Bangalore,IN
CUST_00484,1043,413.4,3.96,0,0,Pune,IN
CUST_00485,851,1161.23,1.45,0,0,Pune,IN
CUST_00486,968,943.4,6.51,0,0,Ahmedabad,IN
CUST_00487,936,1736.26,3.69,0,0,Chennai,IN
CUST_00488,786,1043.94,3.74,0,0,Bangalore,IN
CUST_00489,1888,425.28,0.97,0,0,Chennai,IN
CUST_00490,1770,124.41,3.8,4,0,Bangalore,IN
CUST_00491,566,546.42,2.1,0,1,Delhi,IN
CUST_00492,697,405.95,0.7,0,0,Kolkata,IN
CUST_00493,1681,933.65,2.19,0,1,Pune,IN
CUST_00494,580,600.53,5.66,2,1,Mumbai,IN
CUST_00495,1716,446.74,4.02,0,0,Pune,IN
CUST_00496,1773,1120.39,3.19,0,0,Ahmedabad,IN
CUST_00497,915,503.32,3.36,0,0,Bangalore,IN
CUST_00498,707,312.33,2.56,0,1,Ahmedabad,IN
CUST_00499,1131,173.41,3.15,0,1,Hyderabad,IN
CUST_00500,933,1622.22,0.33,0,1,Kolkata,IN
CUST_00501,1781,520.56,4.26,0,1,Hyderabad,IN
CUST_00502,1429,643.43,1.48,2,1,Chennai,IN
CUST_00503,1172,688.6,2.12,0,0,Chennai,IN
CUST_00504,479,271.68,3.04,0,0,Kolkata,IN
CUST_00505,90,184.87,0.83,0,1,Kolkata,IN
CUST_00506,1526,672.65,3.08,0,0,Hyderabad,IN
CUST_00507,1445,1364.26,1.27,0,2,Ahmedabad,IN
CUST_00508,791,775.72,0.61,1,0,Kolkata,IN
CUST_00509,1015,227.14,4.18,0,0,Bangalore,IN
CUST_00510,259,379.56,1.23,0,0,Mumbai,IN
CUST_00511,1782,113.76,2.96,0,0,Hyderabad,IN
CUST_00512,1791,946.54,7.37,0,0,Delhi,IN
CUST_00513,205,291.3,0.56,0,1,Ahmedabad,IN
CUST_00514,32,1192.5,2.87,0,1,Ahmedabad,IN
CUST_00515,840,274.5,1.56,0,0,Bangalore,IN
CUST_00516,154,560.7,8.11,5,3,Bangalore,IN
CUST_00517,1601,1845.73,5.05,0,1,Ahmedabad,IN
CUST_00518,694,746.03,2.49,0,0,Pune,IN
CUST_00519,1331,1234.83,2.18,0,3,Kolkata,IN
CUST_00520,1745,358.79,4.82,0,1,Delhi,IN
CUST_00521,1746,794.27,0.88,4,1,Hyderabad,IN
CUST_00522,1955,430.28,1.2,0,0,Kolkata,IN
CUST_00523,1284,448.24,3.93,0,0,Hyderabad,IN
CUST_00524,1787,240.58,8.08,0,0,Ahmedabad,IN
CUST_00525,1265,385.78,3.04,0,0,Mumbai,IN
CUST_00526,481,379.73,5.26,1,0,Delhi,IN
CUST_00527,466,204.93,3.24,0,1,Pune,IN
CUST_00528,889,543.82,0.4,0,1,Delhi,IN
CUST_00529,1558,1015.44,2.14,0,0,Delhi,IN
CUST_00530,909,705.93,1.6,0,1,Delhi,IN
CUST_00531,1422,226.33,2.4,0,0,Bangalore,IN
CUST_00532,1851,483.35,7.74,0,0,Pune,IN
CUST_00533,95,925.31,4.33,0,0,Mumbai,IN
CUST_00534,1631,244.97,3.13,1,0,Hyderabad,IN
CUST_00535,601,631.08,2.74,0,1,Mumbai,IN
CUST_00536,768,459.39,2.13,0,1,Hyderabad,IN
CUST_00537,299,631.76,2.1,1,0,Kolkata,IN
CUST_00538,1088,934.03,1.24,0,1,Chennai,IN
CUST_00539,1160,340.95,2.47,0,1,Kolkata,IN
CUST_00540,349,90.29,4.63,1,0,Bangalore,IN
CUST_00541,162,585.79,2.67,0,1,Bangalore,IN
CUST_00542,1270,165.04,1.61,0,0,Kolkata,IN
CUST_00543,1020,226.49,3.77,0,0,Chennai,IN
CUST_00544,476,683.0,2.43,0,0,Bangalore,IN
CUST_00545,1307,279.81,1.94,0,0,Ahmedabad,IN
CUST_00546,942,294.65,1.24,0,0,Pune,IN
CUST_00547,1366,1004.51,12.02,0,0,Pune,IN
CUST_00548,1841,665.26,4.1,0,0,Mumbai,IN
CUST_00549,1846,642.67,7.9,3,1,Ahmedabad,IN
CUST_00550,1388,232.64,0.04,0,0,Pune,IN
CUST_00551,152,360.01,8.76,1,2,Bangalore,IN
CUST_00552,1936,760.07,8.98,0,0,Ahmedabad,IN
CUST_00553,1204,1310.36,2.61,0,0,Hyderabad,IN
CUST_00554,1309,313.51,1.25,0,1,Pune,IN
CUST_00555,1414,1111.38,1.29,0,0,Kolkata,IN
CUST_00556,936,617.79,2.04,0,1,Pune,IN
CUST_00557,408,382.86,3.63,0,2,Pune,IN
CUST_00558,1748,914.32,2.35,0,0,Kolkata,IN
CUST_00559,219,249.28,2.49,0,0,Ahmedabad,IN
CUST_00560,782,365.6,5.45,0,0,Chennai,IN
CUST_00561,1178,136.79,2.91,0,0,Hyderabad,IN
CUST_00562,1433,1828.6,5.23,0,0,Pune,IN
CUST_00563,45,841.99,2.15,0,1,Pune,IN
CUST_00564,563,691.81,1.19,0,0,Kolkata,IN
CUST_00565,1160,883.3,1.76,0,0,Mumbai,IN
CUST_00566,1865,389.81,1.8,0,1,Mumbai,IN
CUST_00567,1706,607.04,4.28,0,0,Ahmedabad,IN
CUST_00568,1589,2087.59,0.95,0,1,Pune,IN
CUST_00569,1244,563.44,3.0,0,0,Chennai,IN
CUST_00570,449,466.03,3.48,0,1,Hyderabad,IN
CUST_00571,1272,1101.15,6.43,0,0,Chennai,IN
CUST_00572,1389,432.25,4.94,0,1,Pune,IN
CUST_00573,1287,504.17,2.02,0,0,Bangalore,IN
CUST_00574,1851,739.33,3.19,0,0,Delhi,IN
CUST_00575,633,280.41,3.84,0,1,Mumbai,IN
CUST_00576,69,554.42,6.02,0,0,Ahmedabad,IN
CUST_00577,1500,398.39,0.3,0,0,Hyderabad,IN
CUST_00578,185,111.58,1.5,0,0,Bangalore,IN
CUST_00579,670,347.63,4.96,0,0,Pune,IN
CUST_00580,360,887.52,3.72,0,0,Kolkata,IN
CUST_00581,271,331.72,1.79,0,0,Chennai,IN
CUST_00582,1088,1526.55,1.93,0,1,Hyderabad,IN
CUST_00583,1701,170.22,5.77,0,0,Pune,IN
CUST_00584,527,653.68,2.45,0,0,Bangalore,IN
CUST_00585,1982,639.51,1.26,0,1,Ahmedabad,IN
CUST_00586,1529,355.94,2.91,1,3,Pune,IN
CUST_00587,1648,371.87,3.66,0,0,Hyderabad,IN
CUST_00588,960,906.79,0.69,0,2,Delhi,IN
CUST_00589,289,127.07,2.75,0,0,Delhi,IN
CUST_00590,1762,706.08,2.86,0,2,Chennai,IN
CUST_00591,1981,817.73,4.03,0,0,Kolkata,IN
CUST_00592,185,656.47,2.06,0,0,Hyderabad,IN
CUST_00593,29,250.53,2.8,2,0,Kolkata,IN
CUST_00594,1099,1069.51,2.27,1,0,Pune,IN
CUST_00595,932,588.19,2.38,0,0,Delhi,IN
CUST_00596,1378,338.75,2.33,0,0,Hyderabad,IN
CUST_00597,1198,421.87,3.41,0,0,Pune,IN
CUST_00598,1685,705.69,2.03,0,1,Kolkata,IN
CUST_00599,222,917.88,1.61,0,0,Hyderabad,IN
CUST_00600,966,637.21,8.02,0,1,Chennai,IN
CUST_00601,1269,131.68,1.97,0,2,Mumbai,IN
CUST_00602,1875,235.67,0.95,0,0,Hyderabad,IN
CUST_00603,1327,665.02,4.68,0,0,Chennai,IN
CUST_00604,1302,458.01,2.19,0,0,Delhi,IN
CUST_00605,1863,522.27,1.7,0,1,Ahmedabad,IN
CUST_00606,1330,517.51,5.49,0,0,Pune,IN
CUST_00607,239,628.46,5.5,0,0,Kolkata,IN
CUST_00608,93,975.2,3.6,0,0,Bangalore,IN
CUST_00609,624,778.44,12.15,0,0,Mumbai,IN
CUST_00610,238,311.73,0.37,0,0,Ahmedabad,IN
CUST_00611,481,916.04,2.97,0,1,Delhi,IN
CUST_00612,796,1523.24,6.01,0,0,Bangalore,IN
CUST_00613,760,242.23,4.34,0,1,Ahmedabad,IN
CUST_00614,1203,414.78,1.2,0,0,Kolkata,IN
CUST_00615,1814,663.13,2.79,0,0,Bangalore,IN
CUST_00616,1342,508.02,7.43,1,0,Kolkata,IN
CUST_00617,1708,457.66,2.16,0,0,Delhi,IN
CUST_00618,1261,321.1,2.43,0,0,Ahmedabad,IN
CUST_00619,1924,422.36,0.25,0,1,Kolkata,IN
CUST_00620,68,171.86,4.28,0,0,Pune,IN
CUST_00621,445,426.9,2.51,0,0,Hyderabad,IN
CUST_00622,911,396.85,1.31,0,0,Ahmedabad,IN
CUST_00623,1752,689.59,12.39,0,0,Chennai,IN
CUST_00624,204,440.5,4.04,0,0,Hyderabad,IN
CUST_00625,1116,264.98,3.06,0,0,Hyderabad,IN
CUST_00626,125,1046.5,2.54,3,2,Hyderabad,IN
CUST_00627,566,372.64,1.44,0,0,Kolkata,IN
CUST_00628,1983,139.46,0.52,0,0,Chennai,IN
CUST_00629,1944,845.91,6.79,3,2,Delhi,IN
CUST_00630,188,351.38,2.8,0,0,Ahmedabad,IN
CUST_00631,1315,545.34,1.49,1,1,Chennai,IN
CUST_00632,104,408.31,1.14,2,0,Mumbai,IN
CUST_00633,499,264.62,1.95,0,0,Hyderabad,IN
CUST_00634,1612,449.49,2.65,0,0,Bangalore,IN
CUST_00635,141,705.11,2.19,0,1,Chennai,IN
CUST_00636,1201,229.69,6.35,0,0,Chennai,IN
CUST_00637,1666,569.47,4.28,0,0,Chennai,IN
CUST_00638,673,320.95,3.27,0,0,Chennai,IN
CUST_00639,1616,513.29,1.32,0,0,Bangalore,IN
CUST_00640,568,481.42,2.12,0,0,Mumbai,IN
CUST_00641,267,3212.09,1.67,0,0,Bangalore,IN
CUST_00642,1636,551.09,0.99,0,1,Pune,IN
CUST_00643,226,896.79,5.91,0,0,Bangalore,IN
CUST_00644,270,313.45,7.75,3,0,Mumbai,IN
CUST_00645,734,254.5,0.92,0,0,Mumbai,IN
CUST_00646,1206,1306.0,2.05,0,0,Chennai,IN
CUST_00647,33,137.89,1.38,0,0,Hyderabad,IN
CUST_00648,544,1227.87,0.46,0,0,Bangalore,IN
CUST_00649,260,246.97,6.61,0,1,Mumbai,IN
CUST_00650,1078,227.24,2.11,0,3,Kolkata,IN
CUST_00651,1528,250.87,1.76,0,2,Delhi,IN
CUST_00652,976,1233.01,6.29,0,0,Delhi,IN
CUST_00653,1594,443.45,1.36,0,0,Ahmedabad,IN
CUST_00654,1052,968.16,7.12,0,1,Hyderabad,IN
CUST_00655,926,1851.91,1.71,0,0,Delhi,IN
CUST_00656,1937,353.65,2.47,0,0,Chennai,IN
CUST_00657,1490,458.75,3.38,0,0,Mumbai,IN
CUST_00658,939,463.19,1.85,0,0,Pune,IN
CUST_00659,125,139.4,1.87,0,0,Mumbai,IN
CUST_00660,1736,802.61,1.91,0,0,Ahmedabad,IN
CUST_00661,874,167.71,0.59,0,0,Kolkata,IN
CUST_00662,1005,213.63,2.79,2,0,Delhi,IN
CUST_00663,151,1481.74,3.02,0,1,Ahmedabad,IN
CUST_00664,660,139.67,1.59,0,0,Delhi,IN
CUST_00665,135,203.77,1.17,1,0,Bangalore,IN
CUST_00666,564,123.28,4.25,0,2,Bangalore,IN
CUST_00667,781,436.9,0.91,0,1,Hyderabad,IN
CUST_00668,930,83.83,1.99,0,1,Pune,IN
CUST_00669,204,604.44,4.68,0,0,Kolkata,IN
CUST_00670,1747,208.37,3.59,0,0,Delhi,IN
CUST_00671,881,482.46,1.55,0,0,Chennai,IN
CUST_00672,1819,588.52,3.52,0,1,Ahmedabad,IN
CUST_00673,848,382.51,3.08,0,0,Chennai,IN
CUST_00674,1695,761.36,1.85,0,0,Hyderabad,IN
CUST_00675,817,451.59,0.85,0,0,Ahmedabad,IN
CUST_00676,1495,1083.81,2.4,0,0,Kolkata,IN
CUST_00677,641,178.82,1.2,0,0,Delhi,IN
CUST_00678,641,324.74,6.22,0,0,Kolkata,IN
CUST_00679,767,3298.3,2.01,0,0,Pune,IN
CUST_00680,1407,474.17,3.09,0,0,Bangalore,IN
CUST_00681,138,658.71,6.64,0,0,Ahmedabad,IN
CUST_00682,1704,429.17,2.22,0,0,Delhi,IN
CUST_00683,191,1114.39,2.12,0,1,Delhi,IN
CUST_00684,198,746.57,8.53,0,0,Kolkata,IN
CUST_00685,1663,416.14,1.28,0,0,Hyderabad,IN
CUST_00686,1140,655.2,5.44,0,0,Bangalore,IN
CUST_00687,1202,339.65,4.84,0,1,Mumbai,IN
CUST_00688,1373,705.68,3.64,0,2,Hyderabad,IN
CUST_00689,842,813.19,4.39,0,0,Delhi,IN
CUST_00690,1790,835.48,3.81,0,0,Hyderabad,IN
CUST_00691,1778,675.03,2.45,1,1,Kolkata,IN
CUST_00692,1984,265.79,0.48,0,0,Mumbai,IN
CUST_00693,1230,157.15,1.26,0,0,Pune,IN
CUST_00694,721,397.19,2.56,0,0,Pune,IN
CUST_00695,1184,754.48,2.5,0,0,Delhi,IN
CUST_00696,317,278.12,2.17,0,0,Chennai,IN
CUST_00697,460,522.05,0.5,0,0,Ahmedabad,IN
CUST_00698,718,288.9,4.6,0,0,Delhi,IN
CUST_00699,236,317.05,4.47,1,1,Hyderabad,IN
CUST_00700,1176,430.23,0.55,0,0,Pune,IN
CUST_00701,1654,449.1,2.62,0,0,Chennai,IN
CUST_00702,1731,598.34,1.18,2,0,Kolkata,IN
CUST_00703,1248,622.99,2.87,0,1,Mumbai,IN
CUST_00704,60,570.64,1.66,0,0,Pune,IN
CUST_00705,560,889.23,3.75,0,0,Bangalore,IN
CUST_00706,1888,1034.99,12.56,0,0,Pune,IN
CUST_00707,719,293.78,4.65,0,1,Hyderabad,IN
CUST_00708,372,302.99,1.79,0,0,Mumbai,IN
CUST_00709,1160,317.88,2.53,4,0,Bangalore,IN
CUST_00710,143,391.69,2.81,0,0,Kolkata,IN
CUST_00711,1518,270.18,5.37,0,0,Bangalore,IN
CUST_00712,188,192.08,1.23,0,0,Mumbai,IN
CUST_00713,771,1011.51,1.42,0,1,Chennai,IN
CUST_00714,930,893.93,2.24,0,0,Kolkata,IN
CUST_00715,323,470.65,8.64,0,0,Hyderabad,IN
CUST_00716,639,1333.98,4.76,0,0,Hyderabad,IN
CUST_00717,1591,710.22,1.23,0,0,Hyderabad,IN
CUST_00718,1810,524.3,2.9,0,0,Delhi,IN
CUST_00719,319,568.11,1.99,0,1,Mumbai,IN
CUST_00720,1546,446.92,1.73,0,0,Bangalore,IN
CUST_00721,1381,67.85,2.53,0,0,Mumbai,IN
CUST_00722,558,335.17,0.8,0,0,Delhi,IN
CUST_00723,1356,1169.8,1.93,0,0,Ahmedabad,IN
CUST_00724,995,761.69,0.88,0,2,Kolkata,IN
CUST_00725,849,407.03,3.28,0,0,Ahmedabad,IN
CUST_00726,442,166.06,4.44,0,1,Pune,IN
CUST_00727,707,1202.57,4.42,0,0,Delhi,IN
CUST_00728,228,214.31,7.22,0,0,Kolkata,IN
CUST_00729,1389,563.75,2.22,0,0,Pune,IN
CUST_00730,1080,336.68,2.2,0,0,Ahmedabad,IN
CUST_00731,94,145.37,2.74,2,0,Pune,IN
CUST_00732,810,419.88,1.03,0,0,Chennai,IN
CUST_00733,16,850.04,0.13,0,0,Mumbai,IN
CUST_00734,618,486.15,2.02,1,0,Chennai,IN
CUST_00735,1572,2023.4,2.94,3,1,Chennai,IN
CUST_00736,1566,813.03,4.16,0,0,Bangalore,IN
CUST_00737,593,417.22,2.89,0,0,Pune,IN
CUST_00738,246,529.16,6.86,0,3,Hyderabad,IN
CUST_00739,1019,984.44,0.69,0,0,Mumbai,IN
CUST_00740,360,556.32,3.0,0,0,Kolkata,IN
CUST_00741,779,100.34,1.09,0,1,Bangalore,IN
CUST_00742,1025,458.39,0.48,0,1,Chennai,IN
CUST_00743,148,302.92,2.42,0,0,Hyderabad,IN
CUST_00744,1765,500.01,2.97,4,0,Kolkata,IN
CUST_00745,894,426.66,1.44,0,0,Mumbai,IN
CUST_00746,942,378.93,1.93,0,0,Mumbai,IN
CUST_00747,1766,648.91,6.36,0,0,Delhi,IN
CUST_00748,1180,698.37,5.42,0,0,Hyderabad,IN
CUST_00749,1175,217.24,4.53,0,1,Kolkata,IN
CUST_00750,1454,418.29,3.52,0,0,Kolkata,IN
CUST_00751,593,620.82,3.9,0,0,Kolkata,IN
CUST_00752,830,274.62,9.12,0,0,Delhi,IN
CUST_00753,1979,505.98,3.81,0,0,Mumbai,IN
CUST_00754,352,2031.49,2.51,0,0,Hyderabad,IN
CUST_00755,1704,888.09,1.48,0,0,Ahmedabad,IN
CUST_00756,181,104.76,6.8,0,1,Hyderabad,IN
CUST_00757,1730,428.15,0.79,0,0,Kolkata,IN
CUST_00758,499,364.87,3.82,0,0,Delhi,IN
CUST_00759,1207,509.57,3.2,0,0,Kolkata,IN
CUST_00760,1074,2032.49,0.68,0,0,Kolkata,IN
CUST_00761,811,552.21,2.58,0,0,Delhi,IN
CUST_00762,1528,663.89,2.54,0,2,Pune,IN
CUST_00763,454,464.32,0.78,0,0,Hyderabad,IN
CUST_00764,1596,815.52,0.74,0,0,Hyderabad,IN
CUST_00765,157,579.7,0.82,0,0,Bangalore,IN
CUST_00766,1087,395.78,2.5,0,0,Delhi,IN
CUST_00767,1856,759.71,2.12,0,0,Chennai,IN
CUST_00768,720,205.35,3.86,0,0,Hyderabad,IN
CUST_00769,484,684.51,4.15,0,0,Bangalore,IN
CUST_00770,300,362.96,2.37,0,0,Delhi,IN
CUST_00771,405,282.22,3.22,0,2,Pune,IN
CUST_00772,1234,829.59,2.17,0,0,Bangalore,IN
CUST_00773,1557,192.31,0.5,0,0,Bangalore,IN
CUST_00774,363,133.41,5.0,0,0,Delhi,IN
CUST_00775,951,654.93,0.52,0,0,Ahmedabad,IN
CUST_00776,1395,211.07,4.2,0,0,Ahmedabad,IN
CUST_00777,1770,169.29,2.56,0,1,Hyderabad,IN
CUST_00778,310,370.58,4.08,0,0,Hyderabad,IN
CUST_00779,140,167.64,8.64,0,1,Ahmedabad,IN
CUST_00780,906,1528.51,2.71,0,0,Ahmedabad,IN
CUST_00781,1631,850.22,1.98,0,0,Pune,IN
CUST_00782,1212,431.65,4.74,0,1,Pune,IN
CUST_00783,721,382.75,0.77,0,1,Mumbai,IN
CUST_00784,636,635.58,1.86,0,0,Delhi,IN
CUST_00785,926,672.31,2.91,1,0,Ahmedabad,IN
CUST_00786,117,1170.34,0.95,1,0,Mumbai,IN
CUST_00787,1704,253.02,3.41,0,1,Hyderabad,IN
CUST_00788,158,141.88,3.17,0,0,Pune,IN
CUST_00789,1260,798.84,0.1,0,0,Delhi,IN
CUST_00790,948,230.2,0.93,7,0,Kolkata,IN
CUST_00791,922,1155.35,4.45,0,0,Mumbai,IN
CUST_00792,659,147.22,1.4,0,0,Chennai,IN
CUST_00793,1027,901.91,3.8,0,1,Ahmedabad,IN
CUST_00794,1962,852.67,2.04,0,0,Bangalore,IN
CUST_00795,923,1368.97,0.43,0,0,Mumbai,IN
CUST_00796,1661,523.07,1.24,2,0,Delhi,IN
CUST_00797,1463,689.67,1.55,0,0,Hyderabad,IN
CUST_00798,1034,776.9,0.57,0,2,Delhi,IN
CUST_00799,81,971.92,4.4,0,0,Bangalore,IN
CUST_00800,1450,1992.15,14.65,0,0,Chennai,IN
CUST_00801,900,1050.86,4.97,0,0,Ahmedabad,IN
CUST_00802,746,578.85,3.59,4,0,Bangalore,IN
CUST_00803,1880,366.56,4.05,0,2,Hyderabad,IN
CUST_00804,794,333.35,0.92,3,1,Pune,IN
CUST_00805,1587,1033.54,4.79,0,1,Kolkata,IN
CUST_00806,1391,490.82,4.03,0,0,Hyderabad,IN
CUST_00807,1617,677.17,1.6,0,0,Mumbai,IN
CUST_00808,135,401.1,2.36,0,0,Hyderabad,IN
CUST_00809,194,472.39,3.49,0,1,Hyderabad,IN
CUST_00810,582,918.98,3.79,0,0,Kolkata,IN
CUST_00811,1483,1760.68,2.58,0,1,Pune,IN
CUST_00812,683,695.35,1.61,0,0,Bangalore,IN
CUST_00813,1194,245.31,2.0,0,0,Delhi,IN
CUST_00814,1878,352.42,1.17,0,0,Bangalore,IN
CUST_00815,636,641.37,4.42,4,0,Hyderabad,IN
CUST_00816,265,795.12,0.68,4,2,Kolkata,IN
CUST_00817,635,517.4,1.45,0,0,Delhi,IN
CUST_00818,1318,239.71,0.69,1,1,Kolkata,IN
CUST_00819,1666,1155.66,1.17,0,1,Hyderabad,IN
CUST_00820,1373,338.64,0.44,0,0,Bangalore,IN
CUST_00821,1324,364.1,2.2,0,0,Delhi,IN
CUST_00822,1042,551.15,3.6,0,1,Kolkata,IN
CUST_00823,38,214.9,3.65,0,0,Hyderabad,IN
CUST_00824,633,368.92,3.04,0,1,Hyderabad,IN
CUST_00825,1948,345.52,2.56,0,0,Bangalore,IN
CUST_00826,700,289.76,6.73,0,0,Chennai,IN
CUST_00827,394,320.75,0.36,0,0,Ahmedabad,IN
CUST_00828,282,257.07,1.21,0,0,Chennai,IN
CUST_00829,159,309.84,1.11,0,0,Bangalore,IN
CUST_00830,1730,244.02,2.67,0,0,Pune,IN
CUST_00831,1040,650.12,1.58,0,0,Delhi,IN
CUST_00832,1356,407.42,6.67,0,0,Mumbai,IN
CUST_00833,1795,1180.19,4.42,0,0,Hyderabad,IN
CUST_00834,1224,220.57,0.52,0,0,Bangalore,IN
CUST_00835,316,942.22,5.03,0,0,Kolkata,IN
CUST_00836,371,595.88,2.11,0,1,Bangalore,IN
CUST_00837,1477,598.1,5.13,0,1,Bangalore,IN
CUST_00838,90,1117.35,2.59,0,1,Ahmedabad,IN
CUST_00839,747,411.95,3.78,0,0,Kolkata,IN
CUST_00840,1986,471.76,1.83,0,0,Chennai,IN
CUST_00841,1251,661.37,2.45,0,1,Ahmedabad,IN
CUST_00842,1541,436.14,3.16,0,2,Pune,IN
CUST_00843,480,562.71,1.75,0,0,Ahmedabad,IN
CUST_00844,634,160.04,2.53,2,0,Chennai,IN
CUST_00845,1852,463.72,0.74,0,1,Ahmedabad,IN
CUST_00846,754,798.55,3.26,3,0,Chennai,IN
CUST_00847,946,733.3,1.27,0,1,Ahmedabad,IN
CUST_00848,1594,303.88,7.47,0,1,Pune,IN
CUST_00849,1030,399.19,1.54,0,0,Kolkata,IN
CUST_00850,1979,582.65,3.38,0,0,Kolkata,IN
CUST_00851,1673,676.39,2.65,0,1,Bangalore,IN
CUST_00852,1641,828.72,6.37,0,0,Chennai,IN
CUST_00853,1788,793.88,1.29,5,0,Bangalore,IN
CUST_00854,107,506.01,2.81,0,0,Pune,IN
CUST_00855,1791,842.63,1.27,0,0,Ahmedabad,IN
CUST_00856,1136,187.4,5.31,0,0,Hyderabad,IN
CUST_00857,1457,771.88,0.7,0,0,Delhi,IN
CUST_00858,584,800.35,0.5,0,0,Delhi,IN
CUST_00859,1563,118.53,1.58,1,2,Delhi,IN
CUST_00860,559,899.39,1.39,0,0,Bangalore,IN
CUST_00861,1855,494.16,1.66,0,0,Ahmedabad,IN
CUST_00862,1702,1353.63,1.38,3,0,Bangalore,IN
CUST_00863,188,349.1,4.36,0,0,Kolkata,IN
CUST_00864,1673,625.18,1.38,0,0,Chennai,IN
CUST_00865,1812,620.79,0.93,0,0,Ahmedabad,IN
CUST_00866,1906,276.5,0.22,0,0,Hyderabad,IN
CUST_00867,850,715.5,3.55,0,0,Mumbai,IN
CUST_00868,812,722.77,0.87,0,0,Mumbai,IN
CUST_00869,483,189.74,2.08,0,0,Hyderabad,IN
CUST_00870,168,271.51,0.65,0,2,Kolkata,IN
CUST_00871,460,497.72,4.74,3,0,Hyderabad,IN
CUST_00872,653,690.82,1.82,0,0,Mumbai,IN
CUST_00873,1719,1500.62,3.53,0,0,Delhi,IN
CUST_00874,1621,257.63,0.98,0,0,Hyderabad,IN
CUST_00875,282,829.37,4.91,0,0,Bangalore,IN
CUST_00876,588,937.22,1.99,0,1,Mumbai,IN
CUST_00877,1426,663.47,2.1,0,0,Ahmedabad,IN
CUST_00878,1555,397.05,0.64,0,0,Bangalore,IN
CUST_00879,919,749.87,0.67,0,0,Ahmedabad,IN
CUST_00880,1856,331.84,2.72,0,0,Mumbai,IN
CUST_00881,39,672.85,0.51,1,0,Delhi,IN
CUST_00882,442,132.17,5.25,0,0,Pune,IN
CUST_00883,1124,1031.38,2.51,0,0,Bangalore,IN
CUST_00884,228,242.32,2.67,0,1,Kolkata,IN
CUST_00885,487,389.55,1.26,0,0,Pune,IN
CUST_00886,250,245.41,3.98,0,0,Pune,IN
CUST_00887,489,449.23,2.86,0,0,Mumbai,IN
CUST_00888,1309,399.51,2.4,0,0,Kolkata,IN
CUST_00889,129,477.24,1.29,0,0,Ahmedabad,IN
CUST_00890,1714,1373.23,4.97,0,1,Delhi,IN
CUST_00891,1223,1177.5,2.76,3,0,Ahmedabad,IN
CUST_00892,1295,474.76,5.7,0,0,Mumbai,IN
CUST_00893,1472,416.86,6.42,0,2,Chennai,IN
CUST_00894,597,281.46,2.38,0,2,Bangalore,IN
CUST_00895,4,406.27,4.8,0,1,Kolkata,IN
CUST_00896,493,322.24,2.93,0,0,Hyderabad,IN
CUST_00897,384,400.88,0.34,0,0,Kolkata,IN
CUST_00898,1073,760.36,0.77,0,1,Delhi,IN
CUST_00899,139,175.98,1.5,0,0,Hyderabad,IN
CUST_00900,800,105.23,5.92,3,0,Mumbai,IN
CUST_00901,90,970.3,3.99,0,0,Ahmedabad,IN
CUST_00902,765,222.21,3.06,0,0,Kolkata,IN
CUST_00903,1531,1420.99,3.49,2,0,Pune,IN
CUST_00904,732,1365.23,4.25,0,0,Mumbai,IN
CUST_00905,707,762.69,3.38,0,0,Delhi,IN
CUST_00906,1502,269.68,1.35,0,0,Chennai,IN
CUST_00907,1581,713.5,3.12,0,0,Delhi,IN
CUST_00908,274,681.45,3.7,0,0,Hyderabad,IN
CUST_00909,722,1351.81,2.89,0,0,Mumbai,IN
CUST_00910,1667,952.34,2.33,0,1,Hyderabad,IN
CUST_00911,1701,210.19,1.19,0,1,Bangalore,IN
CUST_00912,1425,312.17,1.3,0,0,Ahmedabad,IN
CUST_00913,1294,304.55,2.53,0,0,Ahmedabad,IN
CUST_00914,1662,926.67,2.96,0,0,Bangalore,IN
CUST_00915,130,352.29,3.63,0,1,Bangalore,IN
CUST_00916,76,1013.74,4.76,0,0,Ahmedabad,IN
CUST_00917,413,228.38,2.85,0,1,Pune,IN
CUST_00918,1621,725.8,1.23,0,0,Mumbai,IN
CUST_00919,1815,321.6,3.51,0,0,Chennai,IN
CUST_00920,647,189.24,5.12,0,0,Mumbai,IN
CUST_00921,1056,717.68,1.38,3,0,Pune,IN
CUST_00922,1670,740.57,1.08,0,0,Kolkata,IN
CUST_00923,519,1345.22,3.24,0,0,Ahmedabad,IN
CUST_00924,1543,164.78,0.79,0,0,Mumbai,IN
CUST_00925,586,1113.5,1.91,0,0,Chennai,IN
CUST_00926,1766,822.47,1.7,0,0,Hyderabad,IN
CUST_00927,1774,773.74,4.27,0,2,Mumbai,IN
CUST_00928,560,756.52,2.32,0,0,Hyderabad,IN
CUST_00929,1638,346.31,2.42,0,0,Delhi,IN
CUST_00930,895,448.47,0.38,0,0,Hyderabad,IN
CUST_00931,1523,771.53,3.91,0,0,Kolkata,IN
CUST_00932,1833,1249.19,5.2,0,1,Ahmedabad,IN
CUST_00933,695,2026.44,3.01,0,0,Kolkata,IN
CUST_00934,1017,1024.09,7.73,0,0,Bangalore,IN
CUST_00935,753,349.15,3.6,0,1,Ahmedabad,IN
CUST_00936,1641,185.02,2.12,0,0,Pune,IN
CUST_00937,1490,729.48,3.92,0,0,Delhi,IN
CUST_00938,162,915.68,2.37,0,0,Kolkata,IN
CUST_00939,1234,311.95,0.96,0,0,Kolkata,IN
CUST_00940,1118,1390.15,2.5,0,0,Bangalore,IN
CUST_00941,658,201.59,5.01,0,1,Pune,IN
CUST_00942,164,1260.21,3.37,0,0,Delhi,IN
CUST_00943,1354,240.96,3.76,0,0,Hyderabad,IN
CUST_00944,628,266.17,4.84,0,0,Pune,IN
CUST_00945,1235,686.49,6.88,0,1,Ahmedabad,IN
CUST_00946,342,895.86,1.04,0,2,Kolkata,IN
CUST_00947,720,4202.2,3.0,0,0,Ahmedabad,IN
CUST_00948,87,220.15,2.8,0,0,Ahmedabad,IN
CUST_00949,1260,841.93,1.7,0,0,Hyderabad,IN
CUST_00950,563,443.37,1.24,0,0,Kolkata,IN
CUST_00951,154,443.94,0.89,0,0,Mumbai,IN
CUST_00952,745,761.96,2.19,0,0,Kolkata,IN
CUST_00953,1952,571.53,1.47,0,1,Bangalore,IN
CUST_00954,293,588.29,4.45,0,0,Mumbai,IN
CUST_00955,72,1135.41,2.27,0,0,Ahmedabad,IN
CUST_00956,138,343.26,2.14,0,1,Bangalore,IN
CUST_00957,1595,626.5,3.15,0,0,Chennai,IN
CUST_00958,742,426.62,1.32,0,0,Hyderabad,IN
CUST_00959,1945,310.53,1.37,0,1,Kolkata,IN
CUST_00960,1240,349.39,1.99,0,0,Mumbai,IN
CUST_00961,1391,149.67,1.71,0,2,Bangalore,IN
CUST_00962,1944,212.25,0.98,0,0,Ahmedabad,IN
CUST_00963,762,377.26,1.54,0,1,Hyderabad,IN
CUST_00964,1563,358.07,2.87,0,0,Ahmedabad,IN
CUST_00965,1176,377.82,3.2,0,1,Delhi,IN
CUST_00966,1085,482.02,1.19,0,0,Bangalore,IN
CUST_00967,816,1269.55,3.09,0,0,Hyderabad,IN
CUST_00968,1331,560.42,12.18,0,0,Hyderabad,IN
CUST_00969,512,181.55,4.34,0,1,Pune,IN
CUST_00970,54,465.72,1.21,0,0,Delhi,IN
CUST_00971,1023,214.84,0.16,0,1,Bangalore,IN
CUST_00972,1871,1777.19,4.43,0,2,Kolkata,IN
CUST_00973,537,368.75,4.41,0,1,Delhi,IN
CUST_00974,1442,405.36,4.52,0,2,Pune,IN
CUST_00975,440,1622.77,2.36,2,2,Ahmedabad,IN
CUST_00976,1422,1179.47,2.38,0,0,Pune,IN
CUST_00977,410,407.0,5.15,0,0,Ahmedabad,IN
CUST_00978,278,1471.48,2.01,0,0,Delhi,IN
CUST_00979,926,591.92,0.77,0,2,Delhi,IN
CUST_00980,1841,2328.89,2.2,0,0,Bangalore,IN
CUST_00981,180,113.56,4.57,0,0,Ahmedabad,IN
CUST_00982,1368,573.49,0.92,0,0,Hyderabad,IN
CUST_00983,1454,260.85,1.36,0,0,Hyderabad,IN
CUST_00984,1127,335.7,4.49,5,0,Delhi,IN
CUST_00985,1826,516.59,3.46,0,0,Pune,IN
CUST_00986,1744,1155.83,1.63,0,0,Pune,IN
CUST_00987,1458,534.49,1.19,0,0,Bangalore,IN
CUST_00988,1626,339.73,3.56,0,0,Bangalore,IN
CUST_00989,1042,305.62,1.41,0,0,Hyderabad,IN
CUST_00990,249,273.96,1.15,0,0,Chennai,IN
CUST_00991,1623,606.27,3.3,0,0,Chennai,IN
CUST_00992,485,315.41,3.5,0,0,Bangalore,IN
CUST_00993,54,298.81,2.03,0,0,Ahmedabad,IN
CUST_00994,1135,255.81,1.42,0,0,Hyderabad,IN
CUST_00995,958,469.32,4.65,0,0,Hyderabad,IN
CUST_00996,1254,322.21,3.5,0,1,Bangalore,IN
CUST_00997,135,1914.93,1.61,0,0,Delhi,IN
CUST_00998,816,1302.23,1.51,0,0,Pune,IN
CUST_00999,1077,226.56,4.3,0,0,Ahmedabad,IN
CUST_01000,1576,572.94,1.44,0,1,Kolkata,IN
CUST_01001,1687,493.39,7.55,0,0,Kolkata,IN
CUST_01002,257,477.3,1.77,1,0,Delhi,IN
CUST_01003,1316,586.65,1.14,2,0,Hyderabad,IN
CUST_01004,922,368.21,0.89,0,0,Delhi,IN
CUST_01005,1393,1339.94,1.49,0,0,Ahmedabad,IN
CUST_01006,263,295.4,4.27,2,1,Hyderabad,IN
CUST_01007,1573,828.82,2.73,0,0,Bangalore,IN
CUST_01008,887,527.76,5.94,4,0,Bangalore,IN
CUST_01009,1703,301.3,0.82,0,0,Mumbai,IN
CUST_01010,1062,525.44,3.02,0,0,Delhi,IN
CUST_01011,623,801.52,0.6,0,1,Bangalore,IN
CUST_01012,332,905.43,1.72,0,0,Bangalore,IN
CUST_01013,1915,621.38,3.68,2,0,Hyderabad,IN
CUST_01014,709,909.81,0.93,2,0,Chennai,IN
CUST_01015,1733,201.23,0.48,0,0,Pune,IN
CUST_01016,514,374.38,1.7,0,0,Delhi,IN
CUST_01017,1301,219.58,3.18,1,0,Chennai,IN
CUST_01018,257,220.66,2.39,0,0,Pune,IN
CUST_01019,1259,691.88,2.16,0,0,Pune,IN
CUST_01020,1030,157.38,4.46,0,0,Delhi,IN
CUST_01021,1213,872.36,1.08,0,1,Bangalore,IN
CUST_01022,351,1674.31,2.01,0,0,Bangalore,IN
CUST_01023,1726,746.76,1.22,0,1,Hyderabad,IN
CUST_01024,1691,321.82,1.21,0,0,Mumbai,IN
CUST_01025,167,131.72,3.25,0,0,Mumbai,IN
CUST_01026,1943,330.55,2.38,0,0,Mumbai,IN
CUST_01027,1334,134.9,0.68,0,0,Pune,IN
CUST_01028,1571,1980.48,2.75,0,2,Chennai,IN
CUST_01029,1266,243.21,5.83,1,0,Kolkata,IN
CUST_01030,1020,272.48,8.32,0,2,Mumbai,IN
CUST_01031,1315,868.63,0.47,0,0,Pune,IN
CUST_01032,990,251.63,3.52,0,0,Pune,IN
CUST_01033,1649,702.37,0.89,0,0,Chennai,IN
CUST_01034,610,2665.57,2.8,0,0,Kolkata,IN
CUST_01035,150,306.25,2.64,0,1,Ahmedabad,IN
CUST_01036,324,424.73,3.81,0,1,Mumbai,IN
CUST_01037,852,470.51,3.48,0,1,Ahmedabad,IN
CUST_01038,952,368.88,8.23,0,0,Ahmedabad,IN
CUST_01039,697,182.82,3.99,0,1,Chennai,IN
CUST_01040,641,1051.41,1.69,0,1,Bangalore,IN
CUST_01041,1504,108.31,1.92,0,0,Hyderabad,IN
CUST_01042,1998,327.5,5.1,7,1,Hyderabad,IN
CUST_01043,268,469.75,1.19,0,0,Kolkata,IN
CUST_01044,1055,359.31,3.73,1,0,Hyderabad,IN
CUST_01045,654,691.67,3.5,0,0,Delhi,IN
CUST_01046,956,133.11,1.82,0,0,Chennai,IN
CUST_01047,548,623.44,8.53,0,1,Delhi,IN
CUST_01048,508,86.33,1.43,2,0,Ahmedabad,IN
CUST_01049,199,551.37,2.6,0,0,Bangalore,IN
CUST_01050,595,387.69,2.84,1,1,Mumbai,IN
CUST_01051,1770,593.88,1.12,0,0,Kolkata,IN
CUST_01052,509,326.83,2.96,0,0,Kolkata,IN
CUST_01053,1667,106.73,5.43,0,0,Bangalore,IN
CUST_01054,1913,663.71,5.61,0,0,Hyderabad,IN
CUST_01055,389,355.79,1.98,1,1,Hyderabad,IN
CUST_01056,1021,1659.81,1.18,0,0,Bangalore,IN
CUST_01057,1022,438.84,1.4,0,0,Ahmedabad,IN
CUST_01058,1019,615.37,1.91,0,0,Pune,IN
CUST_01059,185,212.75,1.98,0,0,Mumbai,IN
CUST_01060,1036,170.69,3.18,1,1,Kolkata,IN
CUST_01061,1980,631.11,2.04,0,0,Ahmedabad,IN
CUST_01062,441,576.91,4.1,0,0,Chennai,IN
CUST_01063,100,1373.5,1.56,0,0,Hyderabad,IN
CUST_01064,577,294.97,7.93,7,2,Mumbai,IN
CUST_01065,1224,399.81,3.07,0,0,Ahmedabad,IN
CUST_01066,586,1141.81,2.78,0,1,Ahmedabad,IN
CUST_01067,1736,822.68,2.11,0,0,Mumbai,IN
CUST_01068,883,473.61,5.68,0,0,Delhi,IN
CUST_01069,1808,789.23,0.4,0,1,Bangalore,IN
CUST_01070,1490,461.22,3.4,0,0,Pune,IN
CUST_01071,1565,1231.03,0.84,0,0,Hyderabad,IN
CUST_01072,750,450.04,3.8,0,0,Kolkata,IN
CUST_01073,821,518.74,1.9,0,1,Mumbai,IN
CUST_01074,1168,295.68,3.27,0,0,Mumbai,IN
CUST_01075,743,672.13,0.87,6,1,Chennai,IN
CUST_01076,151,675.48,0.35,1,1,Pune,IN
CUST_01077,1033,391.71,1.9,3,0,Kolkata,IN
CUST_01078,1566,646.96,3.02,0,1,Ahmedabad,IN
CUST_01079,1691,273.6,2.09,0,0,Pune,IN
CUST_01080,264,1026.69,7.27,0,1,Delhi,IN
CUST_01081,807,379.34,1.64,2,1,Delhi,IN
CUST_01082,1628,446.94,4.22,0,0,Hyderabad,IN
CUST_01083,1143,522.4,1.62,1,0,Hyderabad,IN
CUST_01084,1547,518.47,1.78,0,0,Hyderabad,IN
CUST_01085,408,306.84,4.99,0,0,Bangalore,IN
CUST_01086,1025,146.67,6.66,0,0,Kolkata,IN
CUST_01087,93,146.4,3.22,0,0,Mumbai,IN
CUST_01088,281,686.38,2.02,0,1,Mumbai,IN
CUST_01089,1647,316.98,2.64,0,1,Hyderabad,IN
CUST_01090,1064,666.86,3.53,0,1,Ahmedabad,IN
CUST_01091,306,768.9,1.58,3,2,Ahmedabad,IN
CUST_01092,672,456.02,1.13,0,1,Bangalore,IN
CUST_01093,333,791.68,1.28,0,1,Hyderabad,IN
CUST_01094,1263,64.4,1.84,0,0,Kolkata,IN
CUST_01095,1216,789.34,0.15,0,1,Pune,IN
CUST_01096,1039,1248.94,3.16,0,0,Hyderabad,IN
CUST_01097,1452,436.87,2.19,0,1,Ahmedabad,IN
CUST_01098,973,219.63,0.41,0,0,Pune,IN
CUST_01099,755,1476.54,1.18,0,1,Mumbai,IN
CUST_01100,1380,195.98,4.32,0,0,Hyderabad,IN
CUST_01101,854,395.93,3.88,0,0,Delhi,IN
CUST_01102,1632,176.49,1.65,0,2,Pune,IN
CUST_01103,1223,707.38,4.9,0,0,Mumbai,IN
CUST_01104,544,227.56,1.91,0,0,Ahmedabad,IN
CUST_01105,1478,1314.22,0.88,0,0,Chennai,IN
CUST_01106,1196,920.64,7.98,0,0,Mumbai,IN
CUST_01107,350,404.97,0.37,0,1,Ahmedabad,IN
CUST_01108,303,168.25,0.34,0,0,Kolkata,IN
CUST_01109,65,1097.98,2.93,0,1,Chennai,IN
CUST_01110,391,560.95,3.42,0,0,Delhi,IN
CUST_01111,904,1378.44,3.12,0,0,Mumbai,IN
CUST_01112,858,253.0,1.4,2,0,Hyderabad,IN
CUST_01113,846,742.8,1.81,0,1,Bangalore,IN
CUST_01114,841,925.45,3.48,0,0,Chennai,IN
CUST_01115,1788,926.24,7.4,0,0,Ahmedabad,IN
CUST_01116,1446,824.63,7.78,0,1,Mumbai,IN
CUST_01117,1063,936.9,1.29,0,1,Bangalore,IN
CUST_01118,1149,236.25,4.27,1,0,Chennai,IN
CUST_01119,1357,279.85,4.14,6,0,Hyderabad,IN
CUST_01120,1077,601.02,1.03,0,0,Ahmedabad,IN
CUST_01121,643,403.3,1.77,0,0,Kolkata,IN
CUST_01122,942,119.33,2.16,0,0,Bangalore,IN
CUST_01123,1119,393.39,0.95,0,0,Hyderabad,IN
CUST_01124,1385,1878.06,1.58,0,2,Hyderabad,IN
CUST_01125,1250,267.96,2.88,0,0,Pune,IN
CUST_01126,394,950.07,1.28,0,0,Ahmedabad,IN
CUST_01127,572,492.92,0.46,0,0,Chennai,IN
CUST_01128,461,1033.92,0.95,0,0,Pune,IN
CUST_01129,1580,405.17,2.97,0,0,Pune,IN
CUST_01130,1444,134.22,2.72,0,1,Pune,IN
CUST_01131,1414,548.24,3.28,0,0,Chennai,IN
CUST_01132,650,546.57,3.99,0,0,Ahmedabad,IN
CUST_01133,715,222.21,2.07,0,0,Ahmedabad,IN
CUST_01134,590,508.87,5.5,0,0,Pune,IN
CUST_01135,1175,206.04,1.16,0,0,Delhi,IN
CUST_01136,1835,378.19,1.3,0,0,Kolkata,IN
CUST_01137,1677,602.44,4.62,0,1,Kolkata,IN
CUST_01138,1956,816.31,0.74,0,1,Hyderabad,IN
CUST_01139,595,289.89,5.52,0,0,Bangalore,IN
CUST_01140,590,541.32,3.87,0,0,Mumbai,IN
CUST_01141,710,3415.86,0.22,0,1,Delhi,IN
CUST_01142,1344,910.07,0.66,0,0,Ahmedabad,IN
CUST_01143,1531,324.87,1.47,0,0,Pune,IN
CUST_01144,439,402.77,2.44,7,0,Ahmedabad,IN
CUST_01145,1696,597.24,5.88,0,0,Chennai,IN
CUST_01146,1911,624.29,1.23,0,0,Pune,IN
CUST_01147,282,157.15,0.87,0,0,Pune,IN
CUST_01148,1261,1092.39,1.11,4,0,Delhi,IN
CUST_01149,497,619.33,5.3,0,0,Chennai,IN
CUST_01150,1372,1035.83,2.5,1,0,Mumbai,IN
CUST_01151,1307,1051.88,0.84,0,0,Chennai,IN
CUST_01152,108,674.95,1.71,0,1,Chennai,IN
CUST_01153,847,145.96,1.86,0,1,Delhi,IN
CUST_01154,1470,659.52,11.43,0,1,Hyderabad,IN
CUST_01155,206,314.34,2.9,0,0,Ahmedabad,IN
CUST_01156,11,261.69,4.0,0,0,Bangalore,IN
CUST_01157,834,202.49,2.5,0,0,Bangalore,IN
CUST_01158,978,326.2,1.2,0,0,Ahmedabad,IN
CUST_01159,1549,231.46,7.02,0,0,Chennai,IN
CUST_01160,658,736.46,1.62,0,1,Pune,IN
CUST_01161,1323,2241.29,3.61,2,1,Pune,IN
CUST_01162,1860,1732.73,1.84,0,0,Mumbai,IN
CUST_01163,1336,441.91,0.99,0,0,Delhi,IN
CUST_01164,1096,1165.61,6.4,0,2,Chennai,IN
CUST_01165,1871,328.54,4.06,0,1,Mumbai,IN
CUST_01166,856,447.69,2.95,3,0,Bangalore,IN
CUST_01167,1913,248.35,1.52,0,0,Bangalore,IN
CUST_01168,1713,438.81,0.78,0,0,Mumbai,IN
CUST_01169,1614,500.38,0.87,0,0,Kolkata,IN
CUST_01170,382,151.24,2.11,0,0,Ahmedabad,IN
CUST_01171,1796,964.85,1.36,0,0,Pune,IN
CUST_01172,19,1933.88,2.85,0,1,Mumbai,IN
CUST_01173,1164,704.58,2.35,0,0,Pune,IN
CUST_01174,1902,213.43,0.39,0,1,Delhi,IN
CUST_01175,583,1398.65,2.0,0,1,Hyderabad,IN
CUST_01176,1314,250.84,1.2,0,1,Ahmedabad,IN
CUST_01177,1822,791.17,9.47,0,0,Ahmedabad,IN
CUST_01178,1743,1133.86,0.36,0,0,Bangalore,IN
CUST_01179,559,938.04,1.23,0,0,Ahmedabad,IN
CUST_01180,1657,520.45,2.12,0,0,Chennai,IN
CUST_01181,678,865.01,2.36,0,1,Delhi,IN
CUST_01182,1498,467.33,1.3,2,1,Bangalore,IN
CUST_01183,1328,556.01,3.61,0,0,Ahmedabad,IN
CUST_01184,1472,1397.41,2.41,2,0,Pune,IN
CUST_01185,29,275.37,3.58,0,0,Bangalore,IN
CUST_01186,1620,734.24,3.75,0,0,Hyderabad,IN
CUST_01187,1163,278.81,3.44,0,0,Pune,IN
CUST_01188,360,83.72,2.88,0,1,Chennai,IN
CUST_01189,1694,685.99,1.41,0,0,Kolkata,IN
CUST_01190,1056,371.61,0.76,0,0,Kolkata,IN
CUST_01191,178,1437.28,4.51,7,2,Hyderabad,IN
CUST_01192,1371,569.9,1.97,0,0,Kolkata,IN
CUST_01193,379,178.65,3.42,0,1,Delhi,IN
CUST_01194,978,660.33,5.43,0,0,Bangalore,IN
CUST_01195,1917,333.11,3.46,0,0,Hyderabad,IN
CUST_01196,14,1065.21,7.64,0,0,Chennai,IN
CUST_01197,786,192.32,3.61,0,0,Pune,IN
CUST_01198,915,199.97,3.11,0,0,Chennai,IN
CUST_01199,1954,1313.28,3.73,0,0,Pune,IN
CUST_01200,619,801.74,0.88,0,0,Hyderabad,IN
CUST_01201,536,210.31,2.11,0,0,Mumbai,IN
CUST_01202,1419,352.71,0.77,1,0,Hyderabad,IN
CUST_01203,128,602.05,0.11,0,1,Chennai,IN
CUST_01204,954,1055.89,1.84,0,0,Delhi,IN
CUST_01205,328,296.08,2.52,0,0,Pune,IN
CUST_01206,1406,1614.86,8.27,0,0,Kolkata,IN
CUST_01207,1414,722.61,2.64,0,0,Pune,IN
CUST_01208,1309,557.08,0.7,0,0,Delhi,IN
CUST_01209,753,350.17,4.45,0,0,Pune,IN
CUST_01210,449,462.21,2.35,0,0,Chennai,IN
CUST_01211,980,156.6,2.74,0,0,Bangalore,IN
CUST_01212,932,976.98,0.24,0,1,Bangalore,IN
CUST_01213,852,226.0,7.73,0,1,Hyderabad,IN
CUST_01214,1552,382.64,2.38,0,0,Ahmedabad,IN
CUST_01215,1561,532.33,3.62,0,1,Chennai,IN
CUST_01216,1394,257.96,0.51,0,0,Chennai,IN
CUST_01217,1077,760.92,5.1,0,0,Delhi,IN
CUST_01218,1082,872.05,2.41,0,0,Ahmedabad,IN
CUST_01219,160,262.9,0.72,0,2,Hyderabad,IN
CUST_01220,127,508.6,2.6,0,0,Delhi,IN
CUST_01221,1173,169.17,3.6,0,0,Chennai,IN
CUST_01222,337,339.16,1.57,0,0,Bangalore,IN
CUST_01223,1750,1509.31,3.44,0,0,Hyderabad,IN
CUST_01224,239,687.32,2.82,0,0,Ahmedabad,IN
CUST_01225,1469,381.32,5.89,0,0,Chennai,IN
CUST_01226,187,104.4,2.82,0,0,Ahmedabad,IN
CUST_01227,1657,494.9,1.06,0,0,Ahmedabad,IN
CUST_01228,929,1541.35,6.2,0,0,Mumbai,IN
CUST_01229,1052,217.43,0.37,1,0,Bangalore,IN
CUST_01230,936,236.06,0.84,0,0,Kolkata,IN
CUST_01231,1145,592.58,9.15,0,0,Mumbai,IN
CUST_01232,1378,1504.34,5.63,0,1,Ahmedabad,IN
CUST_01233,1482,318.34,4.62,0,1,Pune,IN
CUST_01234,811,231.79,4.0,0,1,Mumbai,IN
CUST_01235,1673,879.76,0.91,0,0,Pune,IN
CUST_01236,1528,480.55,7.9,0,1,Mumbai,IN
CUST_01237,1185,175.57,0.36,0,0,Chennai,IN
CUST_01238,93,481.74,2.63,0,0,Delhi,IN
CUST_01239,706,382.96,2.29,0,1,Kolkata,IN
CUST_01240,1109,198.45,4.54,0,1,Delhi,IN
CUST_01241,1915,2174.16,4.85,0,0,Mumbai,IN
CUST_01242,1913,510.89,4.79,0,0,Delhi,IN
CUST_01243,65,560.8,1.97,0,1,Ahmedabad,IN
CUST_01244,838,1234.46,2.79,0,0,Pune,IN
CUST_01245,1575,878.88,1.21,0,0,Bangalore,IN
CUST_01246,1569,315.2,3.65,0,0,Bangalore,IN
CUST_01247,767,136.41,8.37,0,0,Kolkata,IN
CUST_01248,919,209.34,0.58,0,1,Kolkata,IN
CUST_01249,770,526.31,5.75,0,0,Kolkata,IN
CUST_01250,1399,373.4,6.09,0,0,Delhi,IN
CUST_01251,1339,1127.54,10.14,0,1,Bangalore,IN
CUST_01252,243,174.93,3.55,0,0,Hyderabad,IN
CUST_01253,1101,566.38,1.05,0,0,Bangalore,IN
CUST_01254,1084,997.24,2.0,0,0,Kolkata,IN
CUST_01255,1491,675.62,8.94,0,0,Bangalore,IN
CUST_01256,1710,492.98,4.37,0,2,Chennai,IN
CUST_01257,1549,854.12,1.78,5,0,Mumbai,IN
CUST_01258,612,434.69,3.35,0,0,Mumbai,IN
CUST_01259,1380,838.89,5.15,2,0,Ahmedabad,IN
CUST_01260,1090,247.14,1.99,0,0,Kolkata,IN
CUST_01261,1687,714.63,7.14,0,1,Kolkata,IN
CUST_01262,507,123.38,2.59,2,0,Chennai,IN
CUST_01263,709,1215.83,4.29,0,0,Ahmedabad,IN
CUST_01264,565,167.34,1.46,0,0,Bangalore,IN
CUST_01265,1920,531.97,2.65,0,0,Chennai,IN
CUST_01266,66,661.88,3.05,0,0,Delhi,IN
CUST_01267,1260,171.45,0.86,0,0,Kolkata,IN
CUST_01268,493,246.42,2.43,0,0,Mumbai,IN
CUST_01269,138,985.52,1.53,0,1,Chennai,IN
CUST_01270,1217,852.36,1.75,0,1,Delhi,IN
CUST_01271,915,331.79,3.41,1,0,Mumbai,IN
CUST_01272,502,547.06,3.27,0,0,Mumbai,IN
CUST_01273,824,2331.99,2.52,0,0,Mumbai,IN
CUST_01274,480,382.98,1.34,0,0,Ahmedabad,IN
CUST_01275,1545,450.24,3.22,0,1,Chennai,IN
CUST_01276,287,822.19,3.83,0,0,Mumbai,IN
CUST_01277,480,872.89,1.76,0,0,Pune,IN
CUST_01278,1183,1012.95,4.6,5,1,Hyderabad,IN
CUST_01279,486,725.86,1.85,0,0,Hyderabad,IN
CUST_01280,1795,518.65,2.22,0,0,Pune,IN
CUST_01281,1353,385.49,5.13,0,1,Bangalore,IN
CUST_01282,847,558.41,5.72,0,0,Chennai,IN
CUST_01283,564,525.2,7.88,0,0,Pune,IN
CUST_01284,1141,1203.24,2.22,0,0,Mumbai,IN
CUST_01285,1283,325.33,3.16,3,0,Bangalore,IN
CUST_01286,1139,1156.02,5.16,0,1,Kolkata,IN
CUST_01287,97,634.6,3.87,0,1,Ahmedabad,IN
CUST_01288,1929,946.9,2.09,0,1,Hyderabad,IN
CUST_01289,1610,518.48,2.88,0,0,Kolkata,IN
CUST_01290,1427,259.45,1.2,0,0,Hyderabad,IN
CUST_01291,837,989.86,1.34,3,0,Kolkata,IN
CUST_01292,615,663.05,2.58,0,0,Bangalore,IN
CUST_01293,377,189.09,0.77,3,0,Kolkata,IN
CUST_01294,494,1001.09,2.21,0,0,Ahmedabad,IN
CUST_01295,616,222.2,2.55,0,1,Chennai,IN
CUST_01296,1651,433.97,2.3,0,0,Bangalore,IN
CUST_01297,1874,166.1,7.63,0,0,Ahmedabad,IN
CUST_01298,1152,318.8,3.81,0,0,Mumbai,IN
CUST_01299,1983,245.48,7.97,0,0,Kolkata,IN
CUST_01300,1142,898.4,1.21,0,1,Kolkata,IN
CUST_01301,796,922.98,4.37,0,1,Bangalore,IN
CUST_01302,523,452.4,0.64,0,1,Chennai,IN
CUST_01303,677,370.17,1.36,0,1,Chennai,IN
CUST_01304,1889,709.74,2.8,0,1,Delhi,IN
CUST_01305,1735,402.67,1.03,0,0,Ahmedabad,IN
CUST_01306,190,433.96,0.79,0,0,Hyderabad,IN
CUST_01307,106,173.69,1.53,0,0,Chennai,IN
CUST_01308,773,620.41,2.3,0,1,Pune,IN
CUST_01309,1790,358.65,1.38,0,0,Mumbai,IN
CUST_01310,386,124.18,5.42,0,0,Delhi,IN
CUST_01311,982,502.51,3.08,0,1,Chennai,IN
CUST_01312,1781,485.12,3.01,0,0,Chennai,IN
CUST_01313,621,157.92,1.05,0,0,Hyderabad,IN
CUST_01314,434,1227.16,0.63,0,0,Mumbai,IN
CUST_01315,1971,343.09,4.99,1,2,Chennai,IN
CUST_01316,1530,347.83,0.95,0,0,Delhi,IN
CUST_01317,1873,283.47,0.4,0,1,Ahmedabad,IN
CUST_01318,1425,685.45,4.74,0,0,Chennai,IN
CUST_01319,813,399.03,0.25,0,0,Chennai,IN
CUST_01320,1131,463.94,0.96,0,0,Chennai,IN
CUST_01321,1589,234.87,3.51,0,0,Hyderabad,IN
CUST_01322,780,335.16,1.14,0,1,Pune,IN
CUST_01323,1093,616.31,2.87,0,0,Ahmedabad,IN
CUST_01324,632,1226.96,2.13,0,0,Hyderabad,IN
CUST_01325,737,574.93,2.52,1,2,Pune,IN
CUST_01326,955,392.32,1.46,0,1,Ahmedabad,IN
CUST_01327,1645,264.11,0.66,0,0,Delhi,IN
CUST_01328,1560,160.74,3.57,0,1,Ahmedabad,IN
CUST_01329,1873,268.37,2.57,2,0,Hyderabad,IN
CUST_01330,760,124.22,4.36,0,0,Chennai,IN
CUST_01331,848,1224.6,1.18,0,0,Hyderabad,IN
CUST_01332,1153,527.62,1.65,0,0,Mumbai,IN
CUST_01333,1519,461.17,1.83,1,0,Chennai,IN
CUST_01334,34,451.87,3.74,0,1,Bangalore,IN
CUST_01335,1134,448.59,1.8,0,0,Pune,IN
CUST_01336,605,594.97,6.01,0,0,Kolkata,IN
CUST_01337,402,331.67,0.84,1,0,Bangalore,IN
CUST_01338,472,693.18,3.08,0,0,Hyderabad,IN
CUST_01339,1167,900.79,2.13,0,0,Kolkata,IN
CUST_01340,1023,340.42,0.65,0,0,Chennai,IN
CUST_01341,528,1241.57,5.74,0,0,Hyderabad,IN
CUST_01342,1980,642.8,2.0,0,1,Ahmedabad,IN
CUST_01343,944,389.15,4.92,0,0,Ahmedabad,IN
CUST_01344,1501,188.63,1.04,0,0,Bangalore,IN
CUST_01345,347,1317.46,2.22,0,1,Hyderabad,IN
CUST_01346,1476,180.69,1.92,0,0,Bangalore,IN
CUST_01347,377,863.3,1.86,0,0,Ahmedabad,IN
CUST_01348,1074,443.23,1.5,0,2,Mumbai,IN
CUST_01349,1719,187.09,1.72,0,0,Mumbai,IN
CUST_01350,1936,283.57,0.96,0,0,Delhi,IN
CUST_01351,1566,477.31,3.17,0,0,Mumbai,IN
CUST_01352,845,1567.96,6.85,0,0,Mumbai,IN
CUST_01353,1726,2670.32,0.92,0,0,Bangalore,IN
CUST_01354,140,175.24,3.31,0,0,Chennai,IN
CUST_01355,19,448.03,4.83,0,0,Bangalore,IN
CUST_01356,1036,584.12,2.06,0,0,Chennai,IN
CUST_01357,765,153.1,3.13,0,0,Ahmedabad,IN
CUST_01358,1266,557.17,3.12,2,1,Mumbai,IN
CUST_01359,1351,458.88,2.2,0,0,Ahmedabad,IN
CUST_01360,33,800.31,3.81,0,1,Ahmedabad,IN
CUST_01361,1090,1103.0,2.1,0,2,Mumbai,IN
CUST_01362,25,1306.91,4.14,0,0,Kolkata,IN
CUST_01363,1085,390.39,5.27,0,0,Mumbai,IN
CUST_01364,1098,1585.01,1.08,0,0,Pune,IN
CUST_01365,36,293.13,5.93,0,2,Pune,IN
CUST_01366,1652,742.58,1.33,0,2,Kolkata,IN
CUST_01367,220,311.66,1.1,0,0,Bangalore,IN
CUST_01368,1074,172.55,2.33,0,0,Delhi,IN
CUST_01369,494,265.36,8.09,0,0,Bangalore,IN
CUST_01370,1270,576.49,0.98,0,0,Chennai,IN
CUST_01371,1670,444.7,4.86,0,0,Pune,IN
CUST_01372,548,681.12,3.53,0,0,Hyderabad,IN
CUST_01373,162,297.54,4.64,0,0,Kolkata,IN
CUST_01374,1965,839.32,0.35,0,0,Hyderabad,IN
CUST_01375,941,902.32,1.88,0,0,Kolkata,IN
CUST_01376,1428,286.92,0.48,0,0,Chennai,IN
CUST_01377,615,1413.58,1.78,0,0,Chennai,IN
CUST_01378,1339,933.96,2.69,0,0,Delhi,IN
CUST_01379,192,445.41,2.0,0,0,Mumbai,IN
CUST_01380,777,201.28,3.16,0,1,Kolkata,IN
CUST_01381,1132,1784.1,1.54,0,0,Kolkata,IN
CUST_01382,115,321.19,3.93,0,0,Ahmedabad,IN
CUST_01383,1440,132.46,1.33,0,0,Mumbai,IN
CUST_01384,170,1850.68,3.2,0,0,Bangalore,IN
CUST_01385,1732,554.96,1.5,0,0,Ahmedabad,IN
CUST_01386,1321,635.35,11.06,0,2,Kolkata,IN
CUST_01387,1159,1184.21,1.81,0,1,Hyderabad,IN
CUST_01388,1833,227.79,2.65,0,0,Delhi,IN
CUST_01389,471,537.46,3.77,1,0,Mumbai,IN
CUST_01390,1846,236.33,2.05,0,0,Chennai,IN
CUST_01391,556,2838.84,3.0,0,2,Ahmedabad,IN
CUST_01392,1893,114.72,1.62,3,1,Mumbai,IN
CUST_01393,1402,702.62,8.38,2,0,Delhi,IN
CUST_01394,1842,286.51,3.46,0,1,Pune,IN
CUST_01395,368,149.68,0.25,0,0,Mumbai,IN
CUST_01396,33,502.66,2.44,0,0,Hyderabad,IN
CUST_01397,1203,336.21,7.22,0,1,Chennai,IN
CUST_01398,1541,634.26,10.58,0,0,Bangalore,IN
CUST_01399,1903,641.6,0.07,0,0,Kolkata,IN
CUST_01400,613,317.06,1.36,0,1,Delhi,IN
CUST_01401,1155,321.52,1.04,0,1,Bangalore,IN
CUST_01402,1161,566.27,5.54,0,0,Chennai,IN
CUST_01403,1387,424.62,1.63,0,0,Kolkata,IN
CUST_01404,787,463.28,7.39,0,0,Hyderabad,IN
CUST_01405,1619,1791.36,1.4,4,0,Bangalore,IN
CUST_01406,1026,394.35,2.95,0,0,Delhi,IN
CUST_01407,110,392.04,7.05,0,0,Hyderabad,IN
CUST_01408,896,863.93,1.34,0,0,Delhi,IN
CUST_01409,1718,2217.06,1.24,0,1,Chennai,IN
CUST_01410,698,962.65,4.6,1,0,Delhi,IN
CUST_01411,1985,482.37,0.49,2,0,Kolkata,IN
CUST_01412,61,607.74,2.89,1,0,Hyderabad,IN
CUST_01413,1605,1098.09,2.3,0,2,Pune,IN
CUST_01414,1005,648.92,2.98,0,0,Ahmedabad,IN
CUST_01415,729,337.62,1.0,0,1,Chennai,IN
CUST_01416,885,569.33,1.65,0,0,Kolkata,IN
CUST_01417,1393,1337.58,4.25,0,0,Bangalore,IN
CUST_01418,176,599.14,1.81,0,1,Kolkata,IN
CUST_01419,1635,287.94,2.88,0,0,Pune,IN
CUST_01420,1461,606.72,1.11,0,1,Chennai,IN
CUST_01421,169,329.26,0.55,0,0,Delhi,IN
CUST_01422,316,445.22,2.32,0,0,Pune,IN
CUST_01423,1458,414.84,1.82,0,0,Kolkata,IN
CUST_01424,1515,397.85,1.79,0,0,Bangalore,IN
CUST_01425,649,1380.19,6.0,0,0,Kolkata,IN
CUST_01426,219,421.14,2.66,0,0,Hyderabad,IN
CUST_01427,11,270.03,5.42,0,0,Delhi,IN
CUST_01428,911,375.72,2.84,0,0,Pune,IN
CUST_01429,1560,659.96,2.29,0,1,Hyderabad,IN
CUST_01430,210,575.41,5.03,1,1,Pune,IN
CUST_01431,179,844.86,3.84,0,2,Bangalore,IN
CUST_01432,883,326.06,2.2,0,0,Bangalore,IN
CUST_01433,1141,318.17,6.14,0,0,Ahmedabad,IN
CUST_01434,212,916.29,5.66,0,1,Kolkata,IN
CUST_01435,184,348.9,2.13,0,1,Mumbai,IN
CUST_01436,1136,579.57,1.41,0,1,Hyderabad,IN
CUST_01437,1223,229.05,6.9,8,0,Delhi,IN
CUST_01438,1769,168.79,1.2,3,1,Hyderabad,IN
CUST_01439,26,832.94,2.06,1,0,Kolkata,IN
CUST_01440,848,131.24,0.86,0,1,Pune,IN
CUST_01441,1596,151.85,4.85,2,1,Kolkata,IN
CUST_01442,1485,569.82,7.39,0,0,Delhi,IN
CUST_01443,1172,992.29,1.33,0,1,Chennai,IN
CUST_01444,1404,1570.81,1.99,0,1,Bangalore,IN
CUST_01445,348,527.92,2.39,0,0,Kolkata,IN
CUST_01446,551,624.26,3.03,0,1,Bangalore,IN
CUST_01447,550,691.19,3.31,1,1,Pune,IN
CUST_01448,299,612.87,1.63,0,0,Ahmedabad,IN
CUST_01449,343,288.28,2.43,0,0,Delhi,IN
CUST_01450,566,985.47,2.1,0,0,Kolkata,IN
CUST_01451,614,576.03,5.83,0,0,Kolkata,IN
CUST_01452,1603,497.19,3.55,0,0,Ahmedabad,IN
CUST_01453,740,1099.19,2.32,0,0,Delhi,IN
CUST_01454,1934,400.15,2.05,0,0,Pune,IN
CUST_01455,1477,442.76,6.71,0,0,Chennai,IN
CUST_01456,1217,351.1,1.06,0,0,Ahmedabad,IN
CUST_01457,938,194.33,2.38,0,0,Chennai,IN
CUST_01458,278,1753.53,1.89,0,0,Delhi,IN
CUST_01459,14,249.51,4.93,0,0,Pune,IN
CUST_01460,681,352.44,3.26,0,1,Kolkata,IN
CUST_01461,1647,197.13,8.43,0,0,Kolkata,IN
CUST_01462,902,650.06,3.05,0,0,Hyderabad,IN
CUST_01463,882,149.06,11.88,0,1,Hyderabad,IN
CUST_01464,616,1062.21,0.53,0,1,Bangalore,IN
CUST_01465,1236,496.52,3.75,0,0,Hyderabad,IN
CUST_01466,982,584.39,0.93,0,0,Chennai,IN
CUST_01467,364,307.03,2.72,0,1,Hyderabad,IN
CUST_01468,1984,317.85,2.12,0,0,Kolkata,IN
CUST_01469,597,216.76,1.18,0,1,Hyderabad,IN
CUST_01470,1982,224.03,2.2,0,1,Ahmedabad,IN
CUST_01471,668,665.84,2.59,0,0,Chennai,IN
CUST_01472,575,728.39,1.9,0,0,Kolkata,IN
CUST_01473,748,156.06,3.18,0,0,Kolkata,IN
CUST_01474,1909,139.39,0.84,0,0,Delhi,IN
CUST_01475,1213,389.64,2.49,0,2,Chennai,IN
CUST_01476,1397,1124.35,3.0,0,0,Bangalore,IN
CUST_01477,1952,169.9,3.07,0,0,Mumbai,IN
CUST_01478,1932,495.71,5.91,0,0,Ahmedabad,IN
CUST_01479,898,321.5,0.53,0,1,Chennai,IN
CUST_01480,1703,215.81,2.34,0,1,Pune,IN
CUST_01481,1678,1418.11,0.36,0,0,Delhi,IN
CUST_01482,1379,920.07,1.3,0,0,Kolkata,IN
CUST_01483,286,297.43,2.83,0,1,Ahmedabad,IN
CUST_01484,496,2292.4,2.64,0,0,Pune,IN
CUST_01485,1349,685.4,2.93,0,0,Pune,IN
CUST_01486,1465,229.49,7.18,0,0,Bangalore,IN
CUST_01487,1617,761.55,2.33,0,0,Kolkata,IN
CUST_01488,152,264.69,1.83,0,0,Kolkata,IN
CUST_01489,1225,722.26,4.28,0,0,Ahmedabad,IN
CUST_01490,1193,401.73,0.34,0,0,Ahmedabad,IN
CUST_01491,1095,324.57,0.9,0,0,Kolkata,IN
CUST_01492,1114,944.44,0.52,2,0,Kolkata,IN
CUST_01493,1620,209.61,0.27,0,2,Mumbai,IN
CUST_01494,1437,459.02,0.72,0,1,Hyderabad,IN
CUST_01495,224,111.43,5.48,0,0,Delhi,IN
CUST_01496,1347,973.77,3.04,1,1,Chennai,IN
CUST_01497,341,321.52,6.71,0,2,Hyderabad,IN
CUST_01498,1154,752.89,2.24,0,0,Mumbai,IN
CUST_01499,1981,1145.47,5.64,0,1,Kolkata,IN
CUST_01500,1978,169.18,1.83,5,0,Hyderabad,IN
CUST_01501,217,306.02,1.77,0,0,Kolkata,IN
CUST_01502,202,189.44,1.53,0,0,Mumbai,IN
CUST_01503,455,206.8,1.47,0,0,Pune,IN
CUST_01504,913,822.52,0.88,0,1,Chennai,IN
CUST_01505,802,263.75,3.59,0,0,Hyderabad,IN
CUST_01506,1582,644.45,6.29,0,0,Ahmedabad,IN
CUST_01507,707,237.07,2.81,2,0,Bangalore,IN
CUST_01508,989,389.32,0.43,0,0,Mumbai,IN
CUST_01509,606,259.49,1.3,0,1,Delhi,IN
CUST_01510,1886,1017.81,1.7,0,1,Kolkata,IN
CUST_01511,238,140.94,4.07,0,1,Delhi,IN
CUST_01512,714,219.73,3.41,0,0,Bangalore,IN
CUST_01513,703,1465.3,0.25,0,0,Pune,IN
CUST_01514,1607,394.59,2.84,0,1,Ahmedabad,IN
CUST_01515,1068,961.72,1.44,0,0,Chennai,IN
CUST_01516,714,502.26,0.3,0,0,Ahmedabad,IN
CUST_01517,200,464.98,0.27,0,2,Ahmedabad,IN
CUST_01518,1479,509.41,0.92,0,1,Ahmedabad,IN
CUST_01519,654,456.87,3.37,0,1,Ahmedabad,IN
CUST_01520,615,813.31,3.98,3,0,Delhi,IN
CUST_01521,1660,740.44,3.14,0,0,Mumbai,IN
CUST_01522,47,276.66,8.1,0,0,Delhi,IN
CUST_01523,1328,979.97,1.61,0,1,Hyderabad,IN
CUST_01524,1387,504.05,2.27,2,1,Delhi,IN
CUST_01525,1905,280.49,0.93,0,0,Bangalore,IN
CUST_01526,1057,541.71,1.65,0,0,Chennai,IN
CUST_01527,1131,669.78,0.15,0,1,Bangalore,IN
CUST_01528,678,2057.92,4.65,0,0,Bangalore,IN
CUST_01529,1963,634.5,1.42,1,0,Kolkata,IN
CUST_01530,475,565.97,1.79,0,0,Ahmedabad,IN
CUST_01531,1290,319.97,2.79,0,0,Kolkata,IN
CUST_01532,382,742.27,1.48,3,0,Bangalore,IN
CUST_01533,811,624.45,4.5,0,2,Kolkata,IN
CUST_01534,1511,190.52,3.17,0,0,Mumbai,IN
CUST_01535,921,439.14,5.23,0,0,Chennai,IN
CUST_01536,797,953.32,6.06,0,1,Kolkata,IN
CUST_01537,1444,1242.33,2.27,0,0,Mumbai,IN
CUST_01538,422,891.42,5.23,0,0,Chennai,IN
CUST_01539,1541,358.0,1.42,0,0,Pune,IN
CUST_01540,1183,472.13,4.33,0,0,Delhi,IN
CUST_01541,1638,473.76,3.04,0,1,Delhi,IN
CUST_01542,750,125.88,2.37,3,0,Bangalore,IN
CUST_01543,404,578.87,6.2,0,0,Hyderabad,IN
CUST_01544,234,230.39,1.03,0,0,Ahmedabad,IN
CUST_01545,1374,938.63,3.24,0,1,Pune,IN
CUST_01546,1081,272.86,4.98,0,0,Ahmedabad,IN
CUST_01547,1223,593.01,0.39,0,0,Hyderabad,IN
CUST_01548,1252,103.41,4.97,0,1,Kolkata,IN
CUST_01549,1203,713.74,5.53,0,0,Kolkata,IN
CUST_01550,713,407.17,3.15,0,0,Delhi,IN
CUST_01551,1732,163.19,3.73,0,0,Hyderabad,IN
CUST_01552,1265,793.27,2.11,0,0,Ahmedabad,IN
CUST_01553,1667,1124.69,1.16,1,0,Bangalore,IN
CUST_01554,1882,528.44,0.76,0,0,Pune,IN
CUST_01555,1377,622.98,5.45,0,1,Delhi,IN
CUST_01556,642,606.44,2.69,0,0,Bangalore,IN
CUST_01557,489,325.28,0.86,0,1,Delhi,IN
CUST_01558,240,193.8,4.24,0,1,Pune,IN
CUST_01559,765,1311.61,4.51,0,0,Bangalore,IN
CUST_01560,1047,1112.08,1.17,0,0,Bangalore,IN
CUST_01561,857,387.58,4.53,0,0,Kolkata,IN
CUST_01562,1178,660.09,0.87,0,0,Bangalore,IN
CUST_01563,867,682.69,3.18,0,0,Kolkata,IN
CUST_01564,997,1210.36,4.13,0,0,Bangalore,IN
CUST_01565,1137,977.92,1.71,0,0,Bangalore,IN
CUST_01566,1003,836.81,2.91,0,0,Bangalore,IN
CUST_01567,288,465.6,0.83,0,0,Pune,IN
CUST_01568,645,601.88,1.6,0,0,Bangalore,IN
CUST_01569,1269,311.78,3.41,0,0,Ahmedabad,IN
CUST_01570,1773,328.8,0.79,0,0,Mumbai,IN
CUST_01571,1950,790.65,4.55,0,1,Hyderabad,IN
CUST_01572,993,1594.26,1.64,2,1,Mumbai,IN
CUST_01573,400,134.08,1.07,0,0,Bangalore,IN
CUST_01574,1974,191.19,3.16,0,0,Kolkata,IN
CUST_01575,838,432.16,4.09,0,1,Ahmedabad,IN
CUST_01576,852,593.44,2.41,0,1,Ahmedabad,IN
CUST_01577,1001,693.92,0.83,0,1,Ahmedabad,IN
CUST_01578,170,1033.26,1.55,0,1,Bangalore,IN
CUST_01579,1630,406.04,2.17,0,0,Mumbai,IN
CUST_01580,599,260.09,0.88,0,0,Chennai,IN
CUST_01581,563,719.93,1.67,0,0,Mumbai,IN
CUST_01582,1102,1045.27,8.6,0,0,Chennai,IN
CUST_01583,345,658.93,0.66,0,1,Pune,IN
CUST_01584,1159,841.09,4.9,0,1,Ahmedabad,IN
CUST_01585,1126,456.06,3.6,0,0,Ahmedabad,IN
CUST_01586,1173,266.42,0.93,1,1,Delhi,IN
CUST_01587,549,859.21,2.94,0,2,Delhi,IN
CUST_01588,1111,398.48,6.76,0,0,Hyderabad,IN
CUST_01589,1557,189.33,0.37,0,0,Mumbai,IN
CUST_01590,1119,324.29,2.76,0,0,Ahmedabad,IN
CUST_01591,871,454.73,2.31,0,1,Chennai,IN
CUST_01592,1508,473.35,2.98,0,0,Delhi,IN
CUST_01593,610,816.1,4.6,0,0,Chennai,IN
CUST_01594,922,250.56,6.49,0,0,Mumbai,IN
CUST_01595,714,181.58,1.6,0,0,Pune,IN
CUST_01596,900,779.6,7.17,0,1,Delhi,IN
CUST_01597,1589,159.89,1.55,0,1,Delhi,IN
CUST_01598,430,894.91,0.8,0,1,Chennai,IN
CUST_01599,1764,494.8,4.56,0,1,Hyderabad,IN
CUST_01600,340,324.57,1.96,0,0,Kolkata,IN
CUST_01601,1608,359.9,5.5,1,0,Bangalore,IN
CUST_01602,1667,216.18,7.94,0,0,Chennai,IN
CUST_01603,1650,388.74,2.18,0,0,Chennai,IN
CUST_01604,1168,570.57,1.04,0,0,Mumbai,IN
CUST_01605,1091,1163.93,2.48,0,1,Hyderabad,IN
CUST_01606,1223,1007.33,4.74,0,1,Pune,IN
CUST_01607,663,1280.31,0.67,0,0,Bangalore,IN
CUST_01608,593,722.02,6.12,0,0,Pune,IN
CUST_01609,1951,456.74,3.41,0,0,Pune,IN
CUST_01610,278,1232.91,7.57,2,0,Delhi,IN
CUST_01611,1882,175.23,0.93,0,0,Kolkata,IN
CUST_01612,568,412.58,1.33,0,0,Mumbai,IN
CUST_01613,1437,308.32,2.63,0,1,Bangalore,IN
CUST_01614,512,119.83,2.02,0,0,Bangalore,IN
CUST_01615,1457,1017.97,2.61,0,0,Bangalore,IN
CUST_01616,1697,396.73,2.06,0,1,Hyderabad,IN
CUST_01617,1560,495.78,1.72,0,0,Chennai,IN
CUST_01618,1003,1649.72,4.04,5,0,Kolkata,IN
CUST_01619,1183,330.01,1.42,1,0,Bangalore,IN
CUST_01620,1286,294.98,1.95,0,0,Pune,IN
CUST_01621,769,1141.99,3.33,0,0,Kolkata,IN
CUST_01622,155,885.75,0.61,0,0,Ahmedabad,IN
CUST_01623,826,472.75,0.27,0,0,Delhi,IN
CUST_01624,1423,67.85,7.64,0,0,Pune,IN
CUST_01625,932,374.84,0.66,0,0,Hyderabad,IN
CUST_01626,671,480.97,3.09,0,1,Ahmedabad,IN
CUST_01627,1780,436.63,2.59,0,0,Mumbai,IN
CUST_01628,1497,762.33,0.94,4,0,Delhi,IN
CUST_01629,1301,537.64,3.01,0,0,Ahmedabad,IN
CUST_01630,1742,281.01,1.39,0,0,Hyderabad,IN
CUST_01631,1630,797.35,4.17,0,0,Delhi,IN
CUST_01632,447,441.23,3.75,0,0,Kolkata,IN
CUST_01633,1690,78.61,3.99,0,0,Kolkata,IN
CUST_01634,1014,157.29,0.77,0,2,Chennai,IN
CUST_01635,662,822.31,4.1,0,0,Pune,IN
CUST_01636,692,1068.58,1.26,0,1,Pune,IN
CUST_01637,1160,923.6,5.39,0,0,Bangalore,IN
CUST_01638,1615,282.22,1.07,0,0,Ahmedabad,IN
CUST_01639,1832,202.35,0.78,0,0,Hyderabad,IN
CUST_01640,95,959.02,3.67,0,0,Mumbai,IN
CUST_01641,1283,667.43,1.64,0,0,Delhi,IN
CUST_01642,34,538.3,1.7,0,0,Ahmedabad,IN
CUST_01643,1904,1211.69,1.47,0,0,Delhi,IN
CUST_01644,904,738.16,2.26,0,1,Bangalore,IN
CUST_01645,2,461.92,6.89,0,1,Ahmedabad,IN
CUST_01646,415,321.87,3.83,0,0,Kolkata,IN
CUST_01647,1807,356.29,4.31,0,0,Bangalore,IN
CUST_01648,326,2622.44,5.57,0,0,Pune,IN
CUST_01649,192,505.9,2.01,0,0,Pune,IN
CUST_01650,513,997.26,3.64,0,0,Hyderabad,IN
CUST_01651,762,118.74,9.23,0,0,Delhi,IN
CUST_01652,107,571.02,1.67,0,1,Bangalore,IN
CUST_01653,1282,463.27,7.01,0,0,Kolkata,IN
CUST_01654,1487,236.92,3.53,0,0,Pune,IN
CUST_01655,880,230.71,3.26,0,0,Chennai,IN
CUST_01656,1442,283.26,2.57,0,0,Delhi,IN
CUST_01657,3,843.73,1.48,0,1,Delhi,IN
CUST_01658,977,493.31,3.39,0,0,Chennai,IN
CUST_01659,272,334.34,3.32,0,0,Delhi,IN
CUST_01660,1064,268.33,2.69,0,0,Chennai,IN
CUST_01661,20,741.95,1.85,0,0,Ahmedabad,IN
CUST_01662,1425,338.89,3.12,1,0,Mumbai,IN
CUST_01663,1674,1128.88,1.52,0,2,Hyderabad,IN
CUST_01664,1762,202.55,4.03,0,0,Delhi,IN
CUST_01665,1422,591.6,5.05,0,0,Kolkata,IN
CUST_01666,979,215.26,2.04,0,0,Bangalore,IN
CUST_01667,469,371.31,3.05,0,0,Delhi,IN
CUST_01668,183,774.26,2.54,0,0,Kolkata,IN
CUST_01669,212,1048.35,1.92,0,1,Delhi,IN
CUST_01670,753,228.91,1.9,0,0,Hyderabad,IN
CUST_01671,281,1115.16,12.53,0,0,Pune,IN
CUST_01672,1585,397.85,2.37,3,3,Kolkata,IN
CUST_01673,1314,1364.11,2.02,1,0,Bangalore,IN
CUST_01674,141,372.44,1.15,0,1,Bangalore,IN
CUST_01675,1250,342.26,3.56,0,0,Mumbai,IN
CUST_01676,902,125.89,1.31,0,0,Bangalore,IN
CUST_01677,1480,117.83,0.65,2,0,Hyderabad,IN
CUST_01678,1287,300.2,6.99,0,1,Chennai,IN
CUST_01679,1884,411.46,6.41,2,1,Bangalore,IN
CUST_01680,1262,367.38,0.66,0,0,Kolkata,IN
CUST_01681,1762,607.92,3.14,0,0,Ahmedabad,IN
CUST_01682,178,414.29,1.09,0,0,Chennai,IN
CUST_01683,287,1107.97,2.21,0,0,Delhi,IN
CUST_01684,1208,433.24,4.06,0,1,Delhi,IN
CUST_01685,720,428.72,4.75,0,1,Kolkata,IN
CUST_01686,645,236.17,1.84,0,1,Kolkata,IN
CUST_01687,508,545.51,3.82,1,0,Bangalore,IN
CUST_01688,1321,760.38,1.24,0,1,Pune,IN
CUST_01689,509,355.93,6.13,0,1,Delhi,IN
CUST_01690,1596,311.82,2.13,0,0,Pune,IN
CUST_01691,1737,265.78,5.51,0,0,Mumbai,IN
CUST_01692,421,714.57,1.23,0,0,Pune,IN
CUST_01693,1532,403.07,1.56,2,0,Chennai,IN
CUST_01694,606,689.21,2.07,0,1,Kolkata,IN
CUST_01695,1606,315.59,2.61,0,0,Mumbai,IN
CUST_01696,1014,906.44,4.82,0,0,Chennai,IN
CUST_01697,231,406.18,3.06,0,0,Kolkata,IN
CUST_01698,1024,304.63,0.69,0,0,Chennai,IN
CUST_01699,1082,81.33,1.95,0,0,Delhi,IN
CUST_01700,740,546.13,1.62,0,2,Mumbai,IN
CUST_01701,271,508.38,5.81,0,0,Hyderabad,IN
CUST_01702,1763,206.19,2.98,0,0,Kolkata,IN
CUST_01703,749,905.12,0.45,1,0,Kolkata,IN
CUST_01704,1563,305.83,4.88,0,0,Bangalore,IN
CUST_01705,1955,672.88,1.25,0,0,Ahmedabad,IN
CUST_01706,35,271.33,3.54,0,0,Delhi,IN
CUST_01707,29,366.02,3.6,0,0,Delhi,IN
CUST_01708,442,287.08,7.09,0,0,Pune,IN
CUST_01709,1890,303.29,3.03,0,0,Mumbai,IN
CUST_01710,1943,277.15,0.8,0,0,Mumbai,IN
CUST_01711,1038,490.99,1.43,0,1,Kolkata,IN
CUST_01712,1288,151.12,0.9,0,0,Pune,IN
CUST_01713,868,364.16,3.31,0,2,Kolkata,IN
CUST_01714,169,240.04,1.84,0,0,Kolkata,IN
CUST_01715,569,262.16,3.86,0,0,Bangalore,IN
CUST_01716,635,594.36,1.22,0,1,Delhi,IN
CUST_01717,1048,1251.94,0.76,0,1,Delhi,IN
CUST_01718,1996,571.34,3.41,0,0,Chennai,IN
CUST_01719,1099,993.42,7.3,0,0,Bangalore,IN
CUST_01720,801,610.13,0.88,0,0,Hyderabad,IN
CUST_01721,636,635.96,1.73,0,0,Delhi,IN
CUST_01722,1495,582.3,1.65,0,0,Kolkata,IN
CUST_01723,119,243.45,5.28,0,1,Chennai,IN
CUST_01724,177,106.28,4.89,0,1,Chennai,IN
CUST_01725,238,685.36,2.51,1,1,Kolkata,IN
CUST_01726,1254,1165.6,1.98,0,0,Ahmedabad,IN
CUST_01727,634,325.1,3.82,0,0,Mumbai,IN
CUST_01728,245,426.69,9.66,0,1,Bangalore,IN
CUST_01729,1450,1140.86,1.32,0,1,Mumbai,IN
CUST_01730,1437,193.6,3.57,0,0,Bangalore,IN
CUST_01731,336,358.02,4.36,2,0,Mumbai,IN
CUST_01732,1952,971.36,5.16,0,0,Ahmedabad,IN
CUST_01733,1072,566.06,2.4,0,0,Hyderabad,IN
CUST_01734,342,700.76,3.66,0,1,Pune,IN
CUST_01735,260,450.51,1.43,0,1,Hyderabad,IN
CUST_01736,1502,417.8,5.08,2,0,Pune,IN
CUST_01737,1580,304.26,6.78,0,0,Delhi,IN
CUST_01738,687,465.57,0.25,0,0,Mumbai,IN
CUST_01739,558,253.07,6.23,0,0,Kolkata,IN
CUST_01740,539,534.36,8.91,0,0,Delhi,IN
CUST_01741,1017,603.76,3.1,0,0,Delhi,IN
CUST_01742,1047,444.5,8.1,0,0,Ahmedabad,IN
CUST_01743,114,972.2,2.89,0,0,Hyderabad,IN
CUST_01744,1760,2629.31,1.42,0,0,Ahmedabad,IN
CUST_01745,754,421.06,2.28,0,0,Bangalore,IN
CUST_01746,523,732.7,3.16,0,0,Bangalore,IN
CUST_01747,1832,1715.94,4.41,0,1,Delhi,IN
CUST_01748,468,272.15,2.18,0,0,Delhi,IN
CUST_01749,91,190.18,4.2,0,0,Mumbai,IN
CUST_01750,501,201.95,1.94,2,0,Mumbai,IN
CUST_01751,967,1163.82,7.05,0,0,Mumbai,IN
CUST_01752,785,823.43,1.57,0,1,Hyderabad,IN
CUST_01753,367,500.35,8.91,0,0,Bangalore,IN
CUST_01754,1133,473.17,1.33,0,0,Mumbai,IN
CUST_01755,460,87.35,0.46,0,0,Kolkata,IN
CUST_01756,509,239.28,1.74,0,0,Hyderabad,IN
CUST_01757,1876,694.88,4.94,1,1,Kolkata,IN
CUST_01758,556,821.97,3.69,0,0,Hyderabad,IN
CUST_01759,1171,579.83,4.68,0,1,Delhi,IN
CUST_01760,245,2274.62,1.39,0,1,Hyderabad,IN
CUST_01761,368,267.29,4.87,0,0,Mumbai,IN
CUST_01762,1648,437.35,1.23,0,0,Chennai,IN
CUST_01763,1954,487.71,0.38,0,0,Mumbai,IN
CUST_01764,142,1080.63,2.16,1,0,Kolkata,IN
CUST_01765,1774,421.94,3.1,0,0,Ahmedabad,IN
CUST_01766,1585,210.27,0.9,4,2,Pune,IN
CUST_01767,671,951.45,1.82,0,0,Pune,IN
CUST_01768,1133,389.68,0.7,3,0,Delhi,IN
CUST_01769,17,544.61,2.97,0,0,Ahmedabad,IN
CUST_01770,411,485.71,3.1,0,0,Hyderabad,IN
CUST_01771,1155,362.84,0.49,2,0,Pune,IN
CUST_01772,1515,754.96,0.54,0,0,Pune,IN
CUST_01773,951,1451.84,2.67,1,0,Chennai,IN
CUST_01774,1212,245.79,2.77,2,0,Hyderabad,IN
CUST_01775,1583,146.43,2.95,0,0,Ahmedabad,IN
CUST_01776,1501,962.38,1.33,0,0,Chennai,IN
CUST_01777,309,483.66,1.37,0,0,Chennai,IN
CUST_01778,1910,185.98,7.46,0,0,Mumbai,IN
CUST_01779,49,201.66,1.21,0,0,Kolkata,IN
CUST_01780,1110,288.07,2.63,0,2,Chennai,IN
CUST_01781,1303,807.78,5.59,0,0,Hyderabad,IN
CUST_01782,1948,586.3,2.65,0,1,Mumbai,IN
CUST_01783,3,504.09,4.41,0,0,Hyderabad,IN
CUST_01784,1739,232.39,2.66,0,1,Kolkata,IN
CUST_01785,213,2533.58,1.91,0,0,Pune,IN
CUST_01786,1086,479.18,0.65,0,0,Chennai,IN
CUST_01787,860,207.78,0.33,0,2,Chennai,IN
CUST_01788,1969,162.76,4.44,0,1,Ahmedabad,IN
CUST_01789,1992,392.44,1.09,0,0,Mumbai,IN
CUST_01790,1458,798.24,1.4,0,0,Bangalore,IN
CUST_01791,191,475.65,1.21,0,1,Pune,IN
CUST_01792,1887,547.15,2.69,0,1,Mumbai,IN
CUST_01793,1838,389.19,2.78,0,0,Chennai,IN
CUST_01794,1436,648.62,3.49,0,0,Kolkata,IN
CUST_01795,939,740.91,1.72,0,0,Hyderabad,IN
CUST_01796,1190,303.49,1.43,3,0,Delhi,IN
CUST_01797,1036,365.98,5.16,1,1,Delhi,IN
CUST_01798,1306,930.36,2.75,0,0,Bangalore,IN
CUST_01799,154,861.47,0.84,0,0,Kolkata,IN
CUST_01800,891,2423.77,1.19,0,0,Mumbai,IN
CUST_01801,485,479.4,0.41,0,0,Bangalore,IN
CUST_01802,535,542.48,13.48,0,0,Pune,IN
CUST_01803,1897,127.54,1.41,0,0,Hyderabad,IN
CUST_01804,1436,462.03,2.53,0,0,Kolkata,IN
CUST_01805,652,265.87,6.32,0,0,Hyderabad,IN
CUST_01806,557,288.22,0.89,1,0,Ahmedabad,IN
CUST_01807,153,220.48,3.03,0,1,Chennai,IN
CUST_01808,279,723.99,7.86,0,1,Chennai,IN
CUST_01809,319,1462.15,0.28,0,0,Delhi,IN
CUST_01810,337,574.25,1.73,0,0,Delhi,IN
CUST_01811,955,283.94,0.66,0,1,Ahmedabad,IN
CUST_01812,833,380.6,2.94,0,0,Hyderabad,IN
CUST_01813,1098,281.09,0.12,0,1,Delhi,IN
CUST_01814,1976,727.21,1.52,0,0,Hyderabad,IN
CUST_01815,926,264.23,0.56,0,0,Chennai,IN
CUST_01816,949,272.46,4.76,0,0,Pune,IN
CUST_01817,1746,592.73,2.21,1,0,Pune,IN
CUST_01818,186,2610.25,4.47,0,0,Delhi,IN
CUST_01819,1654,530.43,6.27,0,0,Bangalore,IN
CUST_01820,1693,531.14,0.94,0,1,Pune,IN
CUST_01821,441,838.84,1.81,0,1,Mumbai,IN
CUST_01822,304,604.06,1.64,0,0,Hyderabad,IN
CUST_01823,1457,503.47,2.09,0,0,Delhi,IN
CUST_01824,1984,257.2,6.03,0,1,Chennai,IN
CUST_01825,812,554.77,3.85,0,1,Hyderabad,IN
CUST_01826,1387,963.48,1.33,0,0,Mumbai,IN
CUST_01827,533,1582.73,3.14,0,0,Pune,IN
CUST_01828,64,2095.94,4.05,2,0,Bangalore,IN
CUST_01829,1751,408.08,2.31,0,0,Kolkata,IN
CUST_01830,1139,273.23,2.45,0,1,Ahmedabad,IN
CUST_01831,194,1365.71,1.51,0,0,Chennai,IN
CUST_01832,209,165.48,3.15,0,0,Ahmedabad,IN
CUST_01833,249,782.72,1.06,0,1,Bangalore,IN
CUST_01834,127,337.98,0.56,0,1,Mumbai,IN
CUST_01835,268,346.39,1.78,0,1,Chennai,IN
CUST_01836,1687,293.8,0.29,0,0,Chennai,IN
CUST_01837,763,291.68,3.07,0,2,Kolkata,IN
CUST_01838,1193,659.99,1.43,0,0,Delhi,IN
CUST_01839,1879,681.11,5.27,0,0,Pune,IN
CUST_01840,45,335.78,3.27,0,0,Delhi,IN
CUST_01841,405,970.36,5.93,0,0,Delhi,IN
CUST_01842,1658,3015.55,3.63,0,0,Ahmedabad,IN
CUST_01843,189,378.5,0.6,0,1,Bangalore,IN
CUST_01844,251,203.58,4.05,0,1,Hyderabad,IN
CUST_01845,1930,231.44,7.13,0,0,Mumbai,IN
CUST_01846,104,659.23,5.36,0,0,Ahmedabad,IN
CUST_01847,1893,341.38,6.95,0,0,Bangalore,IN
CUST_01848,1683,678.36,1.83,5,0,Kolkata,IN
CUST_01849,1017,133.27,2.66,0,0,Kolkata,IN
CUST_01850,784,838.13,4.29,1,1,Mumbai,IN
CUST_01851,354,248.06,2.03,0,0,Kolkata,IN
CUST_01852,440,1050.98,0.57,0,0,Hyderabad,IN
CUST_01853,564,386.57,2.01,0,0,Bangalore,IN
CUST_01854,914,1168.65,2.03,0,0,Pune,IN
CUST_01855,71,311.22,0.57,0,0,Bangalore,IN
CUST_01856,1326,422.26,1.04,0,0,Chennai,IN
CUST_01857,1022,359.28,5.24,0,1,Pune,IN
CUST_01858,1808,570.9,0.5,0,1,Kolkata,IN
CUST_01859,125,302.44,1.6,2,0,Ahmedabad,IN
CUST_01860,573,412.21,5.7,0,0,Delhi,IN
CUST_01861,282,433.38,1.28,0,1,Kolkata,IN
CUST_01862,409,347.73,4.71,0,1,Kolkata,IN
CUST_01863,1292,308.52,1.89,0,0,Chennai,IN
CUST_01864,784,845.19,3.21,0,0,Mumbai,IN
CUST_01865,983,934.91,0.44,0,0,Hyderabad,IN
CUST_01866,705,332.64,3.04,0,1,Ahmedabad,IN
CUST_01867,796,484.26,2.0,0,1,Hyderabad,IN
CUST_01868,369,105.54,5.41,3,0,Pune,IN
CUST_01869,654,260.15,2.84,0,0,Mumbai,IN
CUST_01870,61,1111.63,1.21,0,0,Chennai,IN
CUST_01871,120,160.24,2.0,0,0,Pune,IN
CUST_01872,1085,514.56,1.1,0,0,Ahmedabad,IN
CUST_01873,1571,417.68,1.92,0,0,Hyderabad,IN
CUST_01874,1995,1279.55,1.96,2,1,Chennai,IN
CUST_01875,206,136.03,1.23,0,0,Bangalore,IN
CUST_01876,1346,228.75,2.37,4,0,Chennai,IN
CUST_01877,546,441.45,8.08,0,1,Chennai,IN
CUST_01878,1565,754.54,1.57,0,0,Mumbai,IN
CUST_01879,1180,781.95,0.94,0,0,Chennai,IN
CUST_01880,727,888.57,2.55,0,1,Kolkata,IN
CUST_01881,361,372.42,0.99,0,3,Bangalore,IN
CUST_01882,1214,194.13,0.21,0,0,Chennai,IN
CUST_01883,1652,1058.36,0.59,0,2,Hyderabad,IN
CUST_01884,1872,582.74,4.21,0,0,Hyderabad,IN
CUST_01885,1441,514.7,1.23,0,1,Mumbai,IN
CUST_01886,1941,214.55,1.81,1,1,Hyderabad,IN
CUST_01887,1154,494.12,3.83,0,0,Bangalore,IN
CUST_01888,1714,168.67,5.45,0,0,Chennai,IN
CUST_01889,1111,193.66,1.99,0,0,Ahmedabad,IN
CUST_01890,360,288.61,4.61,3,0,Pune,IN
CUST_01891,78,316.1,0.97,0,0,Ahmedabad,IN
CUST_01892,116,330.56,0.84,4,0,Delhi,IN
CUST_01893,1233,57.41,4.33,0,1,Chennai,IN
CUST_01894,41,435.15,4.0,0,0,Chennai,IN
CUST_01895,2,177.74,1.77,0,2,Ahmedabad,IN
CUST_01896,1880,531.09,1.89,0,2,Hyderabad,IN
CUST_01897,1652,660.5,3.26,0,1,Chennai,IN
CUST_01898,698,625.95,2.39,1,1,Bangalore,IN
CUST_01899,1882,302.38,1.07,0,1,Bangalore,IN
CUST_01900,122,836.28,2.09,3,2,Hyderabad,IN
CUST_01901,303,793.35,2.24,0,1,Mumbai,IN
CUST_01902,1586,616.45,0.65,0,1,Bangalore,IN
CUST_01903,1734,458.94,1.68,3,0,Delhi,IN
CUST_01904,1968,975.77,6.31,0,2,Hyderabad,IN
CUST_01905,766,442.28,1.18,0,2,Delhi,IN
CUST_01906,1201,480.29,4.01,0,1,Kolkata,IN
CUST_01907,690,488.55,7.01,0,0,Delhi,IN
CUST_01908,661,605.15,3.01,0,1,Pune,IN
CUST_01909,1999,523.31,1.53,0,0,Bangalore,IN
CUST_01910,1500,379.42,1.65,5,2,Bangalore,IN
CUST_01911,1622,78.77,0.74,0,0,Kolkata,IN
CUST_01912,1330,351.56,5.29,0,0,Ahmedabad,IN
CUST_01913,357,1128.82,5.09,1,1,Hyderabad,IN
CUST_01914,458,92.85,4.24,1,2,Hyderabad,IN
CUST_01915,775,188.35,4.88,0,0,Bangalore,IN
CUST_01916,1504,369.55,5.05,1,0,Pune,IN
CUST_01917,261,183.48,2.24,0,0,Pune,IN
CUST_01918,1493,450.35,1.44,0,2,Bangalore,IN
CUST_01919,1944,1490.53,1.79,0,0,Mumbai,IN
CUST_01920,1743,553.23,0.67,0,1,Kolkata,IN
CUST_01921,373,606.01,3.1,0,0,Mumbai,IN
CUST_01922,1887,236.07,0.1,0,0,Hyderabad,IN
CUST_01923,1310,284.07,1.27,0,0,Chennai,IN
CUST_01924,1919,541.8,4.19,1,0,Delhi,IN
CUST_01925,289,413.04,4.04,0,0,Ahmedabad,IN
CUST_01926,1527,701.49,3.92,0,2,Hyderabad,IN
CUST_01927,488,757.39,0.18,0,0,Delhi,IN
CUST_01928,655,292.32,1.43,0,0,Hyderabad,IN
CUST_01929,1303,319.0,4.57,0,0,Bangalore,IN
CUST_01930,1683,1078.19,2.53,0,0,Delhi,IN
CUST_01931,915,422.52,1.45,0,0,Hyderabad,IN
CUST_01932,544,1237.51,2.93,1,1,Mumbai,IN
CUST_01933,512,680.62,5.96,0,0,Chennai,IN
CUST_01934,718,235.34,1.88,4,0,Delhi,IN
CUST_01935,1612,775.21,0.49,0,1,Pune,IN
CUST_01936,1476,1160.68,2.14,0,0,Delhi,IN
CUST_01937,99,1617.77,0.16,0,0,Mumbai,IN
CUST_01938,898,349.19,6.05,2,0,Kolkata,IN
CUST_01939,1985,1360.87,1.32,0,1,Kolkata,IN
CUST_01940,1812,471.3,0.61,0,1,Bangalore,IN
CUST_01941,1010,845.17,2.6,0,1,Kolkata,IN
CUST_01942,720,237.02,2.45,0,0,Kolkata,IN
CUST_01943,208,651.16,2.04,2,0,Kolkata,IN
CUST_01944,1616,503.73,4.09,0,1,Ahmedabad,IN
CUST_01945,334,360.37,3.21,1,1,Chennai,IN
CUST_01946,151,491.79,1.6,0,0,Ahmedabad,IN
CUST_01947,604,352.66,0.9,0,1,Mumbai,IN
CUST_01948,653,308.68,2.89,0,0,Mumbai,IN
CUST_01949,1950,606.64,0.76,0,0,Pune,IN
CUST_01950,152,1556.94,3.34,0,1,Delhi,IN
CUST_01951,349,377.17,6.7,0,0,Hyderabad,IN
CUST_01952,330,1130.37,6.83,0,1,Kolkata,IN
CUST_01953,1121,576.57,3.6,0,0,Delhi,IN
CUST_01954,693,1082.96,0.42,0,0,Delhi,IN
CUST_01955,1443,179.38,4.08,0,1,Ahmedabad,IN
CUST_01956,884,424.23,4.89,2,0,Mumbai,IN
CUST_01957,1244,437.78,4.3,0,1,Bangalore,IN
CUST_01958,322,924.33,2.57,0,0,Kolkata,IN
CUST_01959,208,560.4,1.78,0,0,Mumbai,IN
CUST_01960,421,1019.46,2.68,3,0,Hyderabad,IN
CUST_01961,839,286.12,2.44,0,0,Chennai,IN
CUST_01962,1353,647.59,2.21,0,0,Pune,IN
CUST_01963,610,1989.63,1.72,0,0,Pune,IN
CUST_01964,197,1637.84,2.32,0,1,Chennai,IN
CUST_01965,805,1396.71,5.33,0,0,Mumbai,IN
CUST_01966,315,293.44,4.58,0,0,Ahmedabad,IN
CUST_01967,739,960.43,4.47,0,0,Mumbai,IN
CUST_01968,876,2120.27,1.01,0,1,Mumbai,IN
CUST_01969,604,394.0,3.71,0,1,Delhi,IN
CUST_01970,409,67.82,6.16,0,0,Ahmedabad,IN
CUST_01971,53,1509.2,3.76,0,1,Delhi,IN
CUST_01972,350,1357.58,4.79,0,0,Chennai,IN
CUST_01973,168,151.83,1.97,0,0,Pune,IN
CUST_01974,1729,999.44,2.42,0,0,Ahmedabad,IN
CUST_01975,632,374.79,3.0,0,0,Delhi,IN
CUST_01976,965,495.3,0.59,0,1,Kolkata,IN
CUST_01977,1833,1299.64,1.73,1,2,Ahmedabad,IN
CUST_01978,187,146.76,6.07,0,1,Pune,IN
CUST_01979,379,1125.45,9.03,0,2,Kolkata,IN
CUST_01980,1814,195.73,2.54,0,1,Hyderabad,IN
CUST_01981,757,230.68,2.75,0,0,Kolkata,IN
CUST_01982,913,253.2,1.89,0,0,Bangalore,IN
CUST_01983,540,329.11,1.33,0,0,Mumbai,IN
CUST_01984,953,1186.31,1.65,0,0,Ahmedabad,IN
CUST_01985,464,338.7,1.3,0,0,Pune,IN
CUST_01986,1156,621.51,0.97,0,1,Pune,IN
CUST_01987,310,601.71,2.78,0,0,Mumbai,IN
CUST_01988,176,372.44,1.32,0,1,Delhi,IN
CUST_01989,1656,439.84,2.45,2,1,Hyderabad,IN
CUST_01990,1989,513.3,1.5,0,0,Kolkata,IN
CUST_01991,1134,2556.11,1.58,0,0,Chennai,IN
CUST_01992,1722,286.74,8.27,0,0,Mumbai,IN
CUST_01993,1677,139.45,3.05,0,0,Kolkata,IN
CUST_01994,1978,897.59,3.35,4,1,Kolkata,IN
CUST_01995,1173,634.75,3.17,0,1,Ahmedabad,IN
CUST_01996,976,675.43,2.03,0,1,Chennai,IN
CUST_01997,162,317.6,2.64,0,0,Pune,IN
CUST_01998,1849,363.69,7.54,0,1,Kolkata,IN
CUST_01999,1029,733.07,0.98,0,0,Mumbai,IN
CUST_02000,247,360.12,0.81,0,0,Bangalore,IN
CUST_02001,355,189.11,0.91,0,0,Ahmedabad,IN
CUST_02002,1991,445.23,2.58,0,0,Bangalore,IN
CUST_02003,1656,377.9,4.16,4,1,Chennai,IN
CUST_02004,259,739.18,6.35,0,0,Chennai,IN
CUST_02005,868,206.02,3.65,0,1,Mumbai,IN
CUST_02006,1400,142.83,3.28,0,0,Delhi,IN
CUST_02007,414,694.45,4.27,0,0,Kolkata,IN
CUST_02008,1709,486.62,1.05,0,1,Bangalore,IN
CUST_02009,655,100.62,2.12,0,0,Pune,IN
CUST_02010,179,429.64,0.98,0,1,Delhi,IN
CUST_02011,1140,969.31,1.41,0,0,Kolkata,IN
CUST_02012,1131,503.01,3.64,0,0,Kolkata,IN
CUST_02013,1755,326.83,2.16,0,0,Hyderabad,IN
CUST_02014,1065,531.15,1.93,0,0,Pune,IN
CUST_02015,1879,165.56,12.98,0,0,Ahmedabad,IN
CUST_02016,1611,802.96,1.21,0,1,Mumbai,IN
CUST_02017,231,183.54,3.27,0,0,Kolkata,IN
CUST_02018,307,502.92,4.11,0,0,Kolkata,IN
CUST_02019,1161,892.83,0.76,0,0,Bangalore,IN
CUST_02020,1895,447.35,3.83,0,0,Delhi,IN
CUST_02021,1153,3537.55,0.14,0,0,Delhi,IN
CUST_02022,1610,157.92,2.18,0,1,Delhi,IN
CUST_02023,1777,672.01,14.58,0,0,Pune,IN
CUST_02024,1798,411.28,3.31,0,0,Hyderabad,IN
CUST_02025,541,801.72,5.54,0,1,Kolkata,IN
CUST_02026,1342,542.25,2.27,1,0,Kolkata,IN
CUST_02027,1172,95.9,5.3,0,0,Ahmedabad,IN
CUST_02028,77,1352.03,1.08,0,1,Ahmedabad,IN
CUST_02029,565,591.09,0.13,0,0,Bangalore,IN
CUST_02030,295,795.45,2.24,6,0,Kolkata,IN
CUST_02031,80,273.13,2.57,0,0,Kolkata,IN
CUST_02032,1822,594.68,1.44,0,0,Kolkata,IN
CUST_02033,1415,405.13,1.51,0,0,Hyderabad,IN
CUST_02034,101,152.61,0.4,0,0,Chennai,IN
CUST_02035,1886,604.08,0.91,0,0,Ahmedabad,IN
CUST_02036,1838,875.14,4.04,0,1,Pune,IN
CUST_02037,42,1701.89,0.8,0,0,Hyderabad,IN
CUST_02038,1675,325.74,0.61,0,2,Hyderabad,IN
CUST_02039,637,1819.09,4.17,0,0,Pune,IN
CUST_02040,1727,336.42,0.35,0,0,Pune,IN
CUST_02041,1758,659.07,3.0,0,0,Ahmedabad,IN
CUST_02042,1992,354.55,1.12,0,0,Delhi,IN
CUST_02043,276,1481.21,0.19,0,0,Chennai,IN
CUST_02044,1996,342.87,5.24,0,0,Pune,IN
CUST_02045,1586,204.2,1.91,0,1,Ahmedabad,IN
CUST_02046,552,140.37,2.21,0,1,Hyderabad,IN
CUST_02047,1239,573.81,1.44,0,2,Kolkata,IN
CUST_02048,385,375.94,0.68,0,0,Delhi,IN
CUST_02049,433,1163.82,0.49,0,0,Ahmedabad,IN
CUST_02050,1518,643.26,2.69,0,0,Kolkata,IN
CUST_02051,1556,242.03,4.04,0,1,Ahmedabad,IN
CUST_02052,1682,172.37,0.66,0,0,Hyderabad,IN
CUST_02053,1056,351.55,1.88,0,0,Mumbai,IN
CUST_02054,135,185.05,0.56,0,1,Bangalore,IN
CUST_02055,1454,1133.71,6.95,0,0,Pune,IN
CUST_02056,278,505.87,5.27,0,2,Kolkata,IN
CUST_02057,356,2130.48,2.43,0,0,Mumbai,IN
CUST_02058,1793,443.02,5.17,0,0,Chennai,IN
CUST_02059,1715,433.28,0.92,0,0,Chennai,IN
CUST_02060,511,1587.54,1.13,0,3,Mumbai,IN
CUST_02061,935,528.86,3.52,0,1,Mumbai,IN
CUST_02062,1881,418.03,1.14,0,0,Mumbai,IN
CUST_02063,1444,1055.77,2.93,0,1,Hyderabad,IN
CUST_02064,562,774.43,0.92,0,0,Chennai,IN
CUST_02065,1687,552.33,0.96,0,0,Hyderabad,IN
CUST_02066,1035,144.51,1.18,0,0,Ahmedabad,IN
CUST_02067,1302,588.51,1.13,0,0,Kolkata,IN
CUST_02068,1396,250.46,1.25,0,0,Delhi,IN
CUST_02069,496,441.21,1.6,0,0,Mumbai,IN
CUST_02070,1002,1589.87,3.46,0,0,Hyderabad,IN
CUST_02071,364,1274.39,7.82,0,0,Ahmedabad,IN
CUST_02072,1202,195.47,4.31,0,0,Ahmedabad,IN
CUST_02073,706,401.64,1.8,0,1,Hyderabad,IN
CUST_02074,1716,695.77,4.49,0,0,Bangalore,IN
CUST_02075,1534,228.36,0.43,0,0,Pune,IN
CUST_02076,584,542.19,2.55,0,0,Delhi,IN
CUST_02077,792,806.05,1.61,0,0,Mumbai,IN
CUST_02078,334,452.06,3.86,0,0,Mumbai,IN
CUST_02079,1756,2312.06,1.52,0,0,Chennai,IN
CUST_02080,1326,504.93,0.67,0,0,Chennai,IN
CUST_02081,1388,751.5,4.38,0,0,Chennai,IN
CUST_02082,552,624.26,1.52,0,0,Chennai,IN
CUST_02083,1052,456.65,1.84,0,0,Kolkata,IN
CUST_02084,1771,673.77,1.46,0,0,Mumbai,IN
CUST_02085,971,604.9,0.82,0,0,Mumbai,IN
CUST_02086,1326,582.83,3.56,0,0,Bangalore,IN
CUST_02087,1232,526.37,0.98,0,0,Bangalore,IN
CUST_02088,459,1500.09,1.55,0,0,Mumbai,IN
CUST_02089,1246,698.56,4.26,0,1,Pune,IN
CUST_02090,1460,244.98,3.65,0,0,Pune,IN
CUST_02091,868,403.66,3.96,0,1,Pune,IN
CUST_02092,1745,683.73,0.85,2,2,Kolkata,IN
CUST_02093,941,309.48,0.99,0,0,Hyderabad,IN
CUST_02094,447,424.15,4.5,0,0,Pune,IN
CUST_02095,619,129.63,1.58,0,0,Ahmedabad,IN
CUST_02096,1198,472.91,3.47,0,0,Kolkata,IN
CUST_02097,16,216.1,2.96,0,1,Delhi,IN
CUST_02098,1150,2264.24,2.9,0,1,Hyderabad,IN
CUST_02099,612,928.48,2.25,0,1,Pune,IN
CUST_02100,987,2820.1,2.0,0,0,Delhi,IN
CUST_02101,689,455.98,1.98,0,0,Delhi,IN
CUST_02102,1312,124.48,1.53,0,1,Pune,IN
CUST_02103,1765,296.88,1.63,0,0,Hyderabad,IN
CUST_02104,535,181.49,2.64,0,0,Pune,IN
CUST_02105,386,298.82,2.81,0,0,Pune,IN
CUST_02106,1060,874.95,4.44,0,0,Bangalore,IN
CUST_02107,1843,405.36,8.96,0,0,Chennai,IN
CUST_02108,1650,532.03,1.78,0,0,Mumbai,IN
CUST_02109,1353,102.66,2.51,0,1,Kolkata,IN
CUST_02110,1395,1292.1,5.04,0,0,Hyderabad,IN
CUST_02111,1478,1128.61,1.39,0,0,Bangalore,IN
CUST_02112,1343,519.13,5.06,0,0,Mumbai,IN
CUST_02113,606,1446.4,3.55,0,0,Ahmedabad,IN
CUST_02114,1858,510.06,4.18,0,0,Pune,IN
CUST_02115,829,260.98,2.42,0,1,Kolkata,IN
CUST_02116,1509,274.52,5.28,0,0,Kolkata,IN
CUST_02117,1195,388.03,3.68,0,0,Mumbai,IN
CUST_02118,703,560.86,3.48,0,1,Chennai,IN
CUST_02119,1406,232.66,5.97,0,0,Chennai,IN
CUST_02120,1857,193.33,6.08,0,0,Ahmedabad,IN
CUST_02121,1039,512.11,1.69,0,0,Hyderabad,IN
CUST_02122,1732,1158.53,2.77,0,1,Pune,IN
CUST_02123,1722,198.78,1.43,0,0,Bangalore,IN
CUST_02124,602,592.87,2.42,0,0,Bangalore,IN
CUST_02125,965,651.26,3.01,0,0,Delhi,IN
CUST_02126,1518,439.71,1.16,0,0,Bangalore,IN
CUST_02127,1486,1560.03,11.36,0,0,Pune,IN
CUST_02128,1940,580.06,1.35,0,0,Bangalore,IN
CUST_02129,1341,762.96,0.92,0,0,Hyderabad,IN
CUST_02130,456,222.87,3.24,3,1,Delhi,IN
CUST_02131,458,387.09,0.34,0,0,Hyderabad,IN
CUST_02132,862,716.19,1.34,0,0,Pune,IN
CUST_02133,762,252.72,3.48,0,0,Hyderabad,IN
CUST_02134,1200,426.29,0.99,7,1,Pune,IN
CUST_02135,950,272.5,4.63,0,0,Pune,IN
CUST_02136,964,454.81,2.8,0,0,Delhi,IN
CUST_02137,1775,427.42,1.28,5,0,Mumbai,IN
CUST_02138,968,1119.09,6.67,0,0,Delhi,IN
CUST_02139,1025,276.91,2.04,0,1,Chennai,IN
CUST_02140,1777,1822.61,2.57,0,0,Delhi,IN
CUST_02141,1086,217.01,0.78,0,0,Kolkata,IN
CUST_02142,847,1056.73,1.55,0,0,Pune,IN
CUST_02143,1784,67.86,5.48,0,0,Mumbai,IN
CUST_02144,282,487.07,4.07,0,1,Bangalore,IN
CUST_02145,702,1248.04,9.68,4,0,Chennai,IN
CUST_02146,1167,1852.95,1.15,0,0,Kolkata,IN
CUST_02147,294,349.92,1.49,1,0,Ahmedabad,IN
CUST_02148,1767,818.29,3.47,0,0,Hyderabad,IN
CUST_02149,1596,174.57,1.84,1,1,Bangalore,IN
CUST_02150,999,544.79,4.6,0,0,Delhi,IN
CUST_02151,1293,196.32,0.4,0,1,Hyderabad,IN
CUST_02152,642,1091.34,2.21,0,0,Bangalore,IN
CUST_02153,10,810.65,0.32,0,0,Mumbai,IN
CUST_02154,561,377.27,0.72,0,0,Ahmedabad,IN
CUST_02155,1559,2361.02,1.09,0,0,Chennai,IN
CUST_02156,1181,967.69,1.95,1,0,Bangalore,IN
CUST_02157,1003,296.2,2.31,0,1,Bangalore,IN
CUST_02158,266,659.68,5.51,0,0,Delhi,IN
CUST_02159,1298,238.0,2.47,0,0,Kolkata,IN
CUST_02160,827,1051.63,0.94,0,0,Kolkata,IN
CUST_02161,1977,479.06,0.33,0,1,Kolkata,IN
CUST_02162,786,180.99,1.69,4,0,Ahmedabad,IN
CUST_02163,78,175.43,5.05,0,0,Mumbai,IN
CUST_02164,1497,334.76,0.92,0,0,Chennai,IN
CUST_02165,1946,524.14,4.9,1,1,Hyderabad,IN
CUST_02166,1827,218.45,6.99,0,0,Mumbai,IN
CUST_02167,1551,2234.6,0.35,0,0,Hyderabad,IN
CUST_02168,37,352.98,0.73,3,1,Chennai,IN
CUST_02169,1284,230.41,1.95,0,0,Mumbai,IN
CUST_02170,464,409.16,6.2,0,0,Chennai,IN
CUST_02171,640,683.16,4.36,1,0,Hyderabad,IN
CUST_02172,211,709.48,1.92,0,0,Bangalore,IN
CUST_02173,1031,296.68,1.16,0,0,Kolkata,IN
CUST_02174,343,604.16,1.86,0,0,Pune,IN
CUST_02175,1688,1023.2,2.46,5,0,Delhi,IN
CUST_02176,611,316.72,2.6,0,1,Mumbai,IN
CUST_02177,934,857.62,0.9,2,1,Pune,IN
CUST_02178,889,423.45,1.09,0,1,Hyderabad,IN
CUST_02179,702,271.26,3.75,0,0,Bangalore,IN
CUST_02180,736,322.65,3.59,0,1,Ahmedabad,IN
CUST_02181,338,701.8,6.33,0,0,Chennai,IN
CUST_02182,40,330.7,1.87,0,1,Kolkata,IN
CUST_02183,460,139.44,5.27,0,0,Chennai,IN
CUST_02184,433,1303.53,0.7,0,0,Bangalore,IN
CUST_02185,1208,375.75,0.92,3,0,Mumbai,IN
CUST_02186,253,1328.08,4.32,0,0,Bangalore,IN
CUST_02187,1457,547.7,1.45,0,0,Hyderabad,IN
CUST_02188,769,518.71,4.88,0,0,Mumbai,IN
CUST_02189,1580,405.41,3.05,0,0,Pune,IN
CUST_02190,1217,382.36,4.23,0,0,Mumbai,IN
CUST_02191,1356,2628.96,1.29,1,0,Mumbai,IN
CUST_02192,1339,931.83,2.16,1,0,Delhi,IN
CUST_02193,99,238.0,3.41,0,0,Mumbai,IN
CUST_02194,854,211.36,2.61,0,0,Delhi,IN
CUST_02195,779,869.05,4.68,3,0,Ahmedabad,IN
CUST_02196,1121,325.07,1.49,0,0,Delhi,IN
CUST_02197,972,394.24,0.61,0,1,Pune,IN
CUST_02198,421,416.13,6.55,0,1,Bangalore,IN
CUST_02199,617,675.89,4.94,1,0,Mumbai,IN
CUST_02200,1356,257.14,0.88,0,0,Kolkata,IN
CUST_02201,1357,267.9,1.4,0,0,Delhi,IN
CUST_02202,1276,964.08,5.38,0,2,Pune,IN
CUST_02203,858,538.21,4.33,0,0,Bangalore,IN
CUST_02204,1048,279.4,4.55,0,1,Delhi,IN
CUST_02205,579,2104.1,1.27,0,0,Delhi,IN
CUST_02206,1608,1065.21,4.16,1,0,Delhi,IN
CUST_02207,1020,278.0,9.66,0,0,Delhi,IN
CUST_02208,1248,1168.39,2.49,0,0,Chennai,IN
CUST_02209,1594,181.58,1.69,0,0,Chennai,IN
CUST_02210,1703,343.16,3.9,0,1,Pune,IN
CUST_02211,734,338.22,5.37,0,1,Chennai,IN
CUST_02212,605,361.3,1.98,0,0,Kolkata,IN
CUST_02213,81,405.07,1.66,0,1,Bangalore,IN
CUST_02214,1865,543.11,2.41,0,0,Ahmedabad,IN
CUST_02215,1410,364.15,7.89,0,1,Chennai,IN
CUST_02216,678,445.61,2.19,0,1,Ahmedabad,IN
CUST_02217,6,973.95,3.91,0,1,Chennai,IN
CUST_02218,1376,217.32,1.35,0,0,Mumbai,IN
CUST_02219,1858,2128.92,4.45,0,0,Delhi,IN
CUST_02220,1711,115.12,2.07,0,1,Delhi,IN
CUST_02221,306,146.49,8.28,0,0,Ahmedabad,IN
CUST_02222,1597,924.13,5.37,0,0,Delhi,IN
CUST_02223,1482,762.8,0.63,0,0,Delhi,IN
CUST_02224,1853,414.7,0.17,0,0,Delhi,IN
CUST_02225,1320,380.93,1.71,0,0,Pune,IN
CUST_02226,936,1078.39,5.87,0,0,Chennai,IN
CUST_02227,541,2141.18,4.7,0,1,Pune,IN
CUST_02228,103,518.31,2.04,0,2,Ahmedabad,IN
CUST_02229,1666,193.26,1.63,0,0,Delhi,IN
CUST_02230,1791,450.99,0.76,0,0,Bangalore,IN
CUST_02231,1746,669.86,4.51,0,0,Mumbai,IN
CUST_02232,738,835.87,1.05,0,0,Pune,IN
CUST_02233,873,1651.25,1.13,0,1,Hyderabad,IN
CUST_02234,195,868.25,0.37,0,0,Delhi,IN
CUST_02235,20,591.3,3.2,0,0,Mumbai,IN
CUST_02236,1359,278.72,4.22,0,0,Bangalore,IN
CUST_02237,674,300.63,2.34,0,0,Bangalore,IN
CUST_02238,1832,610.64,2.22,0,0,Hyderabad,IN
CUST_02239,1957,314.67,0.38,0,1,Ahmedabad,IN
CUST_02240,1800,621.43,4.88,3,0,Pune,IN
CUST_02241,764,1274.27,3.58,1,0,Delhi,IN
CUST_02242,375,419.74,2.97,0,0,Hyderabad,IN
CUST_02243,821,155.36,1.58,0,1,Delhi,IN
CUST_02244,1971,704.0,0.64,0,1,Kolkata,IN
CUST_02245,557,153.26,1.47,0,1,Ahmedabad,IN
CUST_02246,1413,78.83,1.67,0,0,Kolkata,IN
CUST_02247,1639,443.66,0.69,0,0,Ahmedabad,IN
CUST_02248,1329,404.72,2.38,0,0,Kolkata,IN
CUST_02249,232,1326.43,0.66,0,0,Bangalore,IN
CUST_02250,1426,926.31,1.74,0,1,Bangalore,IN
CUST_02251,1931,324.8,3.21,0,1,Mumbai,IN
CUST_02252,213,228.4,1.48,0,0,Bangalore,IN
CUST_02253,1867,1095.1,0.84,0,1,Kolkata,IN
CUST_02254,1644,302.24,2.75,0,0,Ahmedabad,IN
CUST_02255,372,780.58,2.24,0,0,Ahmedabad,IN
CUST_02256,1596,211.57,4.42,0,0,Kolkata,IN
CUST_02257,1253,442.86,1.89,0,0,Hyderabad,IN
CUST_02258,1767,714.43,1.42,0,0,Mumbai,IN
CUST_02259,990,115.6,4.96,4,0,Bangalore,IN
CUST_02260,232,136.9,3.89,0,0,Ahmedabad,IN
CUST_02261,903,756.89,3.32,0,1,Kolkata,IN
CUST_02262,130,800.51,0.27,0,0,Mumbai,IN
CUST_02263,1342,581.98,1.02,0,1,Pune,IN
CUST_02264,26,420.06,0.65,0,0,Hyderabad,IN
CUST_02265,1958,271.27,2.89,0,0,Chennai,IN
CUST_02266,1064,963.52,4.02,0,0,Hyderabad,IN
CUST_02267,887,685.94,1.27,0,0,Delhi,IN
CUST_02268,987,470.35,1.87,0,0,Chennai,IN
CUST_02269,1360,227.4,4.01,0,0,Hyderabad,IN
CUST_02270,305,1038.74,2.03,0,0,Kolkata,IN
CUST_02271,24,510.06,2.93,0,0,Mumbai,IN
CUST_02272,1036,209.3,6.4,0,1,Bangalore,IN
CUST_02273,1745,238.18,5.93,0,1,Ahmedabad,IN
CUST_02274,1781,545.55,1.37,0,1,Ahmedabad,IN
CUST_02275,154,516.9,7.45,0,0,Bangalore,IN
CUST_02276,657,386.17,2.36,0,0,Ahmedabad,IN
CUST_02277,678,922.3,0.42,0,1,Chennai,IN
CUST_02278,104,388.57,2.42,0,1,Pune,IN
CUST_02279,1128,699.82,2.52,0,0,Chennai,IN
CUST_02280,826,738.96,3.5,0,0,Kolkata,IN
CUST_02281,162,421.69,2.63,0,0,Chennai,IN
CUST_02282,910,304.91,4.45,0,2,Ahmedabad,IN
CUST_02283,181,340.28,1.66,0,1,Ahmedabad,IN
CUST_02284,916,599.46,0.07,0,0,Ahmedabad,IN
CUST_02285,244,166.05,6.93,0,1,Hyderabad,IN
CUST_02286,1527,647.97,3.8,0,0,Ahmedabad,IN
CUST_02287,211,227.87,2.47,0,0,Mumbai,IN
CUST_02288,845,404.9,0.65,0,0,Kolkata,IN
CUST_02289,1142,446.81,2.74,0,0,Mumbai,IN
CUST_02290,1692,456.83,5.33,0,2,Mumbai,IN
CUST_02291,1622,1155.8,3.55,0,1,Delhi,IN
CUST_02292,1823,430.39,6.57,0,1,Pune,IN
CUST_02293,1341,60.79,0.93,0,0,Chennai,IN
CUST_02294,1947,574.14,5.92,1,0,Ahmedabad,IN
CUST_02295,745,700.84,2.43,0,0,Hyderabad,IN
CUST_02296,1673,2208.58,1.7,0,0,Mumbai,IN
CUST_02297,1730,187.35,2.95,0,0,Chennai,IN
CUST_02298,680,588.52,0.39,0,1,Ahmedabad,IN
CUST_02299,1468,640.43,1.79,0,0,Ahmedabad,IN
CUST_02300,1467,407.9,0.54,0,0,Hyderabad,IN
CUST_02301,234,397.0,6.84,0,0,Ahmedabad,IN
CUST_02302,1556,266.13,3.06,0,0,Delhi,IN
CUST_02303,5,118.63,0.78,0,1,Chennai,IN
CUST_02304,728,135.89,6.05,1,0,Hyderabad,IN
CUST_02305,1122,652.64,0.61,1,1,Pune,IN
CUST_02306,1438,199.81,2.61,0,0,Hyderabad,IN
CUST_02307,94,360.21,3.99,0,0,Delhi,IN
CUST_02308,1009,279.55,2.88,0,0,Bangalore,IN
CUST_02309,1684,936.94,4.08,0,0,Bangalore,IN
CUST_02310,220,208.86,9.62,0,2,Kolkata,IN
CUST_02311,1252,492.31,3.85,0,1,Pune,IN
CUST_02312,385,1056.46,10.45,0,0,Chennai,IN
CUST_02313,1906,514.26,0.49,0,0,Delhi,IN
CUST_02314,442,636.37,2.42,0,0,Kolkata,IN
CUST_02315,1689,229.71,2.23,0,0,Ahmedabad,IN
CUST_02316,1468,640.0,6.51,0,1,Chennai,IN
CUST_02317,221,579.99,0.88,0,1,Hyderabad,IN
CUST_02318,96,374.14,1.3,0,1,Kolkata,IN
CUST_02319,1582,406.18,1.9,0,0,Delhi,IN
CUST_02320,937,373.16,2.42,0,1,Ahmedabad,IN
CUST_02321,1974,163.08,1.52,0,0,Bangalore,IN
CUST_02322,9,248.44,7.85,0,0,Ahmedabad,IN
CUST_02323,1134,762.08,7.9,3,0,Mumbai,IN
CUST_02324,1718,589.97,1.89,4,0,Kolkata,IN
CUST_02325,1894,628.09,1.39,0,0,Ahmedabad,IN
CUST_02326,1417,202.65,6.81,0,1,Bangalore,IN
CUST_02327,1497,579.33,2.34,2,0,Bangalore,IN
CUST_02328,213,882.9,1.47,0,0,Bangalore,IN
CUST_02329,1347,370.83,0.51,0,0,Kolkata,IN
CUST_02330,1033,297.68,1.1,2,1,Hyderabad,IN
CUST_02331,858,530.9,2.32,0,0,Kolkata,IN
CUST_02332,561,583.25,1.42,0,0,Chennai,IN
CUST_02333,1974,544.92,2.34,0,0,Kolkata,IN
CUST_02334,1988,948.84,4.33,0,1,Hyderabad,IN
CUST_02335,928,163.77,2.66,0,1,Pune,IN
CUST_02336,283,395.17,3.06,0,0,Bangalore,IN
CUST_02337,1234,205.36,2.93,0,0,Kolkata,IN
CUST_02338,1727,144.2,1.38,0,0,Pune,IN
CUST_02339,1458,847.43,2.86,1,0,Hyderabad,IN
CUST_02340,412,709.44,0.94,0,2,Chennai,IN
CUST_02341,1279,225.28,5.5,0,0,Chennai,IN
CUST_02342,1407,1134.29,2.23,0,0,Pune,IN
CUST_02343,1887,218.82,2.04,0,0,Hyderabad,IN
CUST_02344,1455,368.93,2.56,0,0,Bangalore,IN
CUST_02345,1032,795.73,5.2,0,0,Bangalore,IN
CUST_02346,1455,1344.82,3.09,0,2,Hyderabad,IN
CUST_02347,1559,275.51,1.8,0,0,Delhi,IN
CUST_02348,1152,1026.47,2.35,0,3,Hyderabad,IN
CUST_02349,1194,1016.25,3.83,0,0,Ahmedabad,IN
CUST_02350,1381,622.26,0.67,1,1,Kolkata,IN
CUST_02351,1798,165.28,0.97,0,0,Pune,IN
CUST_02352,1656,1717.71,1.7,0,0,Kolkata,IN
CUST_02353,1071,564.79,3.89,0,0,Mumbai,IN
CUST_02354,52,704.0,3.11,0,2,Delhi,IN
CUST_02355,298,826.9,0.99,0,0,Kolkata,IN
CUST_02356,1373,148.8,1.81,1,0,Mumbai,IN
CUST_02357,410,170.95,1.25,0,0,Mumbai,IN
CUST_02358,1537,252.59,3.64,0,0,Pune,IN
CUST_02359,587,462.05,2.18,0,1,Bangalore,IN
CUST_02360,300,409.45,3.28,0,0,Pune,IN
CUST_02361,1415,1042.53,2.34,0,0,Mumbai,IN
CUST_02362,418,2090.07,2.82,0,1,Pune,IN
CUST_02363,735,491.95,2.48,0,0,Mumbai,IN
CUST_02364,210,606.71,7.32,0,0,Ahmedabad,IN
CUST_02365,1521,603.76,0.22,0,0,Chennai,IN
CUST_02366,487,1564.62,1.47,0,1,Kolkata,IN
CUST_02367,1420,438.44,0.83,0,0,Pune,IN
CUST_02368,1898,228.65,4.45,0,0,Mumbai,IN
CUST_02369,794,423.8,4.96,0,0,Kolkata,IN
CUST_02370,1960,1142.93,2.52,0,0,Kolkata,IN
CUST_02371,1979,169.54,4.15,0,0,Hyderabad,IN
CUST_02372,27,976.04,0.89,0,1,Mumbai,IN
CUST_02373,416,158.43,1.38,0,0,Pune,IN
CUST_02374,1700,428.32,6.31,0,0,Ahmedabad,IN
CUST_02375,1867,1116.24,3.29,0,0,Chennai,IN
CUST_02376,1547,253.59,1.12,0,0,Hyderabad,IN
CUST_02377,1590,115.38,0.41,0,0,Chennai,IN
CUST_02378,603,260.54,4.1,1,0,Chennai,IN
CUST_02379,364,181.84,1.72,0,0,Ahmedabad,IN
CUST_02380,383,274.19,0.24,0,0,Delhi,IN
CUST_02381,1506,354.82,1.8,0,0,Bangalore,IN
CUST_02382,773,124.56,0.59,0,0,Delhi,IN
CUST_02383,878,3965.31,2.29,0,0,Mumbai,IN
CUST_02384,1140,268.39,3.74,0,0,Pune,IN
CUST_02385,267,490.25,0.89,0,2,Pune,IN
CUST_02386,1197,436.6,1.75,0,0,Bangalore,IN
CUST_02387,12,605.07,7.97,0,0,Pune,IN
CUST_02388,956,645.6,0.84,0,0,Hyderabad,IN
CUST_02389,82,147.65,4.39,0,0,Bangalore,IN
CUST_02390,1902,315.65,1.56,0,0,Bangalore,IN
CUST_02391,1223,205.66,4.49,1,0,Hyderabad,IN
CUST_02392,1585,2721.27,3.45,0,1,Mumbai,IN
CUST_02393,1005,282.86,10.94,0,1,Pune,IN
CUST_02394,150,224.91,1.3,0,0,Hyderabad,IN
CUST_02395,1077,1612.16,2.56,0,0,Hyderabad,IN
CUST_02396,1960,547.84,1.97,0,0,Chennai,IN
CUST_02397,1067,974.56,0.78,0,1,Bangalore,IN
CUST_02398,1611,1907.12,3.03,0,0,Delhi,IN
CUST_02399,852,122.88,2.41,0,0,Bangalore,IN
CUST_02400,189,340.84,0.71,0,0,Kolkata,IN
CUST_02401,454,308.92,6.89,0,1,Hyderabad,IN
CUST_02402,1359,191.89,1.13,0,0,Chennai,IN
CUST_02403,679,269.63,4.52,0,0,Hyderabad,IN
CUST_02404,602,561.66,2.42,1,2,Hyderabad,IN
CUST_02405,1947,1610.47,6.84,0,0,Chennai,IN
CUST_02406,1150,316.31,2.32,0,1,Ahmedabad,IN
CUST_02407,235,213.92,2.53,0,2,Mumbai,IN
CUST_02408,913,206.2,3.48,0,0,Hyderabad,IN
CUST_02409,1853,369.43,3.7,0,0,Chennai,IN
CUST_02410,1964,478.71,0.59,0,1,Chennai,IN
CUST_02411,1398,597.76,8.91,0,1,Mumbai,IN
CUST_02412,782,662.29,1.7,0,0,Hyderabad,IN
CUST_02413,791,408.86,1.04,0,0,Delhi,IN
CUST_02414,1107,269.96,1.14,0,0,Pune,IN
CUST_02415,51,746.04,2.28,0,1,Pune,IN
CUST_02416,1054,304.73,5.5,0,0,Hyderabad,IN
CUST_02417,997,364.51,4.41,0,0,Ahmedabad,IN
CUST_02418,608,230.01,11.46,0,0,Mumbai,IN
CUST_02419,657,369.96,2.97,0,0,Chennai,IN
CUST_02420,1942,666.9,1.35,3,2,Delhi,IN
CUST_02421,343,238.98,2.0,2,0,Delhi,IN
CUST_02422,1284,470.08,0.94,0,0,Mumbai,IN
CUST_02423,432,448.38,4.62,0,0,Delhi,IN
CUST_02424,1772,689.82,2.05,0,0,Chennai,IN
CUST_02425,1712,394.47,1.76,0,0,Kolkata,IN
CUST_02426,422,968.1,4.06,0,0,Delhi,IN
CUST_02427,1325,1559.98,0.36,0,1,Kolkata,IN
CUST_02428,1530,923.97,5.01,0,1,Delhi,IN
CUST_02429,49,194.0,0.6,0,0,Bangalore,IN
CUST_02430,1469,308.61,7.05,0,0,Ahmedabad,IN
CUST_02431,78,313.2,2.69,0,0,Hyderabad,IN
CUST_02432,151,1076.72,2.98,0,0,Delhi,IN
CUST_02433,365,578.85,2.75,0,0,Mumbai,IN
CUST_02434,1143,328.68,2.35,0,0,Pune,IN
CUST_02435,1178,352.2,2.44,0,0,Delhi,IN
CUST_02436,1866,233.64,2.4,0,0,Chennai,IN
CUST_02437,835,535.29,1.38,0,1,Pune,IN
CUST_02438,924,1267.02,2.55,0,0,Kolkata,IN
CUST_02439,887,298.11,7.49,0,0,Kolkata,IN
CUST_02440,35,196.21,5.99,0,1,Hyderabad,IN
CUST_02441,1379,648.03,1.21,0,0,Kolkata,IN
CUST_02442,1096,405.93,1.41,0,1,Delhi,IN
CUST_02443,1314,656.86,0.67,0,1,Mumbai,IN
CUST_02444,1549,485.07,2.39,0,0,Delhi,IN
CUST_02445,1436,1074.16,4.8,0,1,Mumbai,IN
CUST_02446,733,316.84,1.97,0,0,Delhi,IN
CUST_02447,594,405.23,2.49,0,1,Delhi,IN
CUST_02448,1243,853.74,0.4,0,0,Pune,IN
CUST_02449,577,440.4,3.67,0,0,Delhi,IN
CUST_02450,782,808.53,4.33,0,0,Ahmedabad,IN
CUST_02451,1684,1368.29,6.1,0,1,Kolkata,IN
CUST_02452,971,604.24,2.56,0,0,Mumbai,IN
CUST_02453,1093,669.46,3.18,0,2,Bangalore,IN
CUST_02454,280,480.79,1.18,0,0,Chennai,IN
CUST_02455,1632,424.23,5.79,0,0,Kolkata,IN
CUST_02456,1967,333.7,2.56,0,1,Pune,IN
CUST_02457,611,390.54,3.17,0,0,Bangalore,IN
CUST_02458,1961,219.23,3.18,0,0,Hyderabad,IN
CUST_02459,1134,473.8,3.02,0,1,Mumbai,IN
CUST_02460,253,699.69,1.04,0,0,Bangalore,IN
CUST_02461,11,302.45,3.0,0,0,Mumbai,IN
CUST_02462,1101,164.02,1.09,0,0,Kolkata,IN
CUST_02463,625,994.84,1.96,0,0,Delhi,IN
CUST_02464,1533,842.58,1.78,0,1,Chennai,IN
CUST_02465,434,157.46,3.74,0,1,Hyderabad,IN
CUST_02466,1855,496.96,2.32,0,1,Kolkata,IN
CUST_02467,330,1078.0,0.68,0,1,Bangalore,IN
CUST_02468,453,1027.65,3.18,0,0,Bangalore,IN
CUST_02469,398,70.12,5.29,0,0,Pune,IN
CUST_02470,372,1933.67,4.08,0,0,Delhi,IN
CUST_02471,1744,692.29,7.09,0,0,Mumbai,IN
CUST_02472,1321,581.35,1.09,0,0,Ahmedabad,IN
CUST_02473,596,449.26,1.26,0,1,Delhi,IN
CUST_02474,514,1146.05,1.09,1,1,Delhi,IN
CUST_02475,405,1122.76,1.28,0,1,Delhi,IN
CUST_02476,1949,863.07,8.99,0,0,Ahmedabad,IN
CUST_02477,732,256.23,6.6,0,0,Hyderabad,IN
CUST_02478,1375,626.44,5.76,0,0,Bangalore,IN
CUST_02479,205,324.48,0.91,0,0,Chennai,IN
CUST_02480,1269,542.75,0.34,0,0,Pune,IN
CUST_02481,1844,1700.26,2.91,0,0,Delhi,IN
CUST_02482,651,177.27,5.59,1,1,Chennai,IN
CUST_02483,923,470.8,12.35,0,0,Ahmedabad,IN
CUST_02484,1263,266.6,0.65,0,1,Hyderabad,IN
CUST_02485,1421,204.26,4.62,0,0,Pune,IN
CUST_02486,1159,127.17,2.22,0,1,Bangalore,IN
CUST_02487,1655,1061.65,0.28,0,1,Hyderabad,IN
CUST_02488,1964,1236.27,1.08,0,0,Hyderabad,IN
CUST_02489,346,437.11,5.78,0,0,Kolkata,IN
CUST_02490,642,273.6,4.08,0,0,Mumbai,IN
CUST_02491,1610,399.94,0.47,0,0,Chennai,IN
CUST_02492,1459,1260.83,6.08,0,0,Chennai,IN
CUST_02493,567,517.53,2.36,1,0,Kolkata,IN
CUST_02494,276,433.03,1.35,0,2,Hyderabad,IN
CUST_02495,1798,303.1,1.61,0,0,Hyderabad,IN
CUST_02496,948,1270.48,0.47,0,0,Ahmedabad,IN
CUST_02497,735,416.86,3.15,3,0,Ahmedabad,IN
CUST_02498,998,687.48,3.13,0,0,Pune,IN
CUST_02499,360,854.99,4.77,0,0,Delhi,IN
CUST_02500,1724,376.21,0.25,0,0,Delhi,IN
CUST_02501,1759,285.92,5.49,0,2,Pune,IN
CUST_02502,1826,596.19,2.39,0,0,Bangalore,IN
CUST_02503,540,214.44,8.67,0,0,Chennai,IN
CUST_02504,1490,1860.35,2.29,0,0,Delhi,IN
CUST_02505,1828,375.11,4.08,0,0,Delhi,IN
CUST_02506,1740,437.95,3.86,0,1,Mumbai,IN
CUST_02507,1665,315.17,5.17,0,1,Mumbai,IN
CUST_02508,1576,368.62,1.34,0,0,Kolkata,IN
CUST_02509,1857,331.24,3.95,0,2,Chennai,IN
CUST_02510,1130,507.82,4.08,0,0,Mumbai,IN
CUST_02511,1114,123.12,1.74,0,0,Pune,IN
CUST_02512,1340,550.41,2.57,0,1,Ahmedabad,IN
CUST_02513,750,2124.78,1.76,0,0,Bangalore,IN
CUST_02514,458,675.27,2.3,0,1,Kolkata,IN
CUST_02515,275,1483.95,4.28,0,1,Pune,IN
CUST_02516,1027,870.7,1.2,0,1,Ahmedabad,IN
CUST_02517,813,910.22,1.33,0,1,Delhi,IN
CUST_02518,1029,202.5,5.47,0,1,Hyderabad,IN
CUST_02519,1358,187.86,7.45,0,0,Mumbai,IN
CUST_02520,1737,497.6,3.76,0,2,Chennai,IN
CUST_02521,1551,142.71,0.93,0,0,Bangalore,IN
CUST_02522,914,1069.23,0.18,0,0,Bangalore,IN
CUST_02523,367,224.84,2.48,0,0,Bangalore,IN
CUST_02524,1508,473.34,2.4,0,0,Bangalore,IN
CUST_02525,1924,1552.33,5.22,0,0,Ahmedabad,IN
CUST_02526,83,584.98,4.19,0,0,Hyderabad,IN
CUST_02527,1560,653.76,2.28,0,0,Chennai,IN
CUST_02528,475,411.6,3.08,0,0,Ahmedabad,IN
CUST_02529,542,245.22,1.09,2,0,Delhi,IN
CUST_02530,480,271.06,1.45,0,1,Hyderabad,IN
CUST_02531,1370,604.45,6.23,0,0,Mumbai,IN
CUST_02532,1061,128.75,0.6,0,0,Chennai,IN
CUST_02533,795,1133.69,5.1,0,0,Hyderabad,IN
CUST_02534,1880,815.19,7.94,0,3,Ahmedabad,IN
CUST_02535,1806,2150.84,0.81,0,0,Ahmedabad,IN
CUST_02536,82,1975.43,2.52,0,0,Mumbai,IN
CUST_02537,212,883.2,2.84,0,0,Hyderabad,IN
CUST_02538,1710,444.52,1.43,0,0,Pune,IN
CUST_02539,1186,667.42,2.87,0,0,Pune,IN
CUST_02540,772,274.79,3.55,0,0,Bangalore,IN
CUST_02541,749,404.78,4.69,0,0,Kolkata,IN
CUST_02542,1059,420.71,2.18,0,1,Delhi,IN
CUST_02543,771,1635.87,2.34,0,0,Pune,IN
CUST_02544,1058,844.7,2.35,0,1,Chennai,IN
CUST_02545,723,485.09,8.57,0,0,Kolkata,IN
CUST_02546,998,479.43,5.26,0,0,Hyderabad,IN
CUST_02547,1817,1043.95,4.57,0,1,Ahmedabad,IN
CUST_02548,1028,487.41,0.66,0,0,Mumbai,IN
CUST_02549,901,419.55,2.74,0,0,Bangalore,IN
CUST_02550,472,367.5,5.07,0,1,Bangalore,IN
CUST_02551,1054,292.74,1.43,0,0,Delhi,IN
CUST_02552,434,343.62,2.25,1,0,Pune,IN
CUST_02553,383,232.43,5.05,0,0,Bangalore,IN
CUST_02554,742,1346.76,2.42,0,0,Bangalore,IN
CUST_02555,1354,461.48,1.73,0,0,Delhi,IN
CUST_02556,850,290.27,9.11,0,0,Chennai,IN
CUST_02557,1476,598.99,1.1,0,1,Hyderabad,IN
CUST_02558,987,1176.62,1.77,0,2,Delhi,IN
CUST_02559,982,505.5,3.94,0,0,Ahmedabad,IN
CUST_02560,1210,453.79,4.12,0,0,Chennai,IN
CUST_02561,1326,1379.26,0.67,0,1,Bangalore,IN
CUST_02562,46,353.7,7.79,0,0,Kolkata,IN
CUST_02563,89,2418.19,3.0,0,0,Chennai,IN
CUST_02564,1175,608.49,2.01,0,1,Bangalore,IN
CUST_02565,276,356.11,2.54,0,0,Bangalore,IN
CUST_02566,1825,1149.95,1.78,1,1,Mumbai,IN
CUST_02567,115,323.46,1.72,0,0,Bangalore,IN
CUST_02568,529,241.64,6.04,6,1,Bangalore,IN
CUST_02569,1059,252.6,1.11,0,0,Bangalore,IN
CUST_02570,1228,538.36,6.49,0,0,Kolkata,IN
CUST_02571,1800,202.52,3.14,1,0,Mumbai,IN
CUST_02572,1940,419.16,0.75,0,0,Pune,IN
CUST_02573,444,403.12,1.3,0,0,Delhi,IN
CUST_02574,1243,784.11,3.84,0,0,Ahmedabad,IN
CUST_02575,1777,953.5,7.56,0,0,Ahmedabad,IN
CUST_02576,350,354.77,3.75,0,0,Ahmedabad,IN
CUST_02577,1701,209.24,1.81,0,0,Chennai,IN
CUST_02578,1231,129.48,5.64,0,0,Kolkata,IN
CUST_02579,1628,545.64,3.78,0,0,Bangalore,IN
CUST_02580,1277,650.62,4.52,0,0,Bangalore,IN
CUST_02581,344,387.8,1.94,0,1,Pune,IN
CUST_02582,1889,614.03,2.93,0,0,Hyderabad,IN
CUST_02583,1222,1953.31,0.73,0,1,Ahmedabad,IN
CUST_02584,471,387.0,3.7,0,1,Delhi,IN
CUST_02585,790,1319.63,3.38,1,2,Kolkata,IN
CUST_02586,223,456.27,2.16,0,0,Bangalore,IN
CUST_02587,415,981.17,2.07,2,2,Mumbai,IN
CUST_02588,1693,132.62,5.55,0,1,Kolkata,IN
CUST_02589,1241,406.21,0.44,0,1,Bangalore,IN
CUST_02590,364,851.86,1.12,1,1,Delhi,IN
CUST_02591,1847,263.05,0.03,0,0,Ahmedabad,IN
CUST_02592,1798,222.76,5.07,0,0,Mumbai,IN
CUST_02593,191,268.94,1.63,1,0,Delhi,IN
CUST_02594,1351,567.74,0.53,0,0,Ahmedabad,IN
CUST_02595,1848,208.49,2.56,1,0,Bangalore,IN
CUST_02596,1837,359.35,3.11,0,0,Mumbai,IN
CUST_02597,1070,550.83,1.38,0,0,Kolkata,IN
CUST_02598,759,1695.0,9.68,0,0,Kolkata,IN
CUST_02599,1429,1229.35,4.32,0,0,Mumbai,IN
CUST_02600,470,351.16,3.36,0,1,Kolkata,IN
CUST_02601,1618,655.63,0.95,0,0,Ahmedabad,IN
CUST_02602,718,1007.41,5.13,0,0,Kolkata,IN
CUST_02603,872,254.17,1.49,0,1,Delhi,IN
CUST_02604,522,191.79,1.06,0,0,Bangalore,IN
CUST_02605,1569,1126.75,9.22,0,0,Ahmedabad,IN
CUST_02606,1864,269.78,3.22,0,0,Chennai,IN
CUST_02607,581,401.02,4.82,0,0,Delhi,IN
CUST_02608,528,397.75,5.92,0,0,Kolkata,IN
CUST_02609,12,226.46,2.32,0,0,Chennai,IN
CUST_02610,1184,1654.45,2.55,0,0,Mumbai,IN
CUST_02611,1065,921.05,8.36,0,0,Delhi,IN
CUST_02612,769,384.8,1.87,0,0,Mumbai,IN
CUST_02613,1409,761.87,1.9,0,1,Chennai,IN
CUST_02614,838,317.6,2.54,1,1,Hyderabad,IN
CUST_02615,219,100.05,0.96,1,0,Hyderabad,IN
CUST_02616,873,347.17,1.77,0,0,Bangalore,IN
CUST_02617,536,51.87,7.55,0,0,Pune,IN
CUST_02618,1157,536.62,2.16,4,0,Kolkata,IN
CUST_02619,1254,776.71,2.92,0,0,Hyderabad,IN
CUST_02620,1394,286.31,2.82,0,0,Pune,IN
CUST_02621,1547,209.87,2.94,0,0,Kolkata,IN
CUST_02622,847,355.9,2.25,0,0,Chennai,IN
CUST_02623,367,189.57,0.14,0,0,Ahmedabad,IN
CUST_02624,1146,787.63,3.88,0,1,Hyderabad,IN
CUST_02625,520,548.68,2.36,0,0,Ahmedabad,IN
CUST_02626,1184,283.29,2.16,1,1,Pune,IN
CUST_02627,1586,744.21,0.59,0,0,Hyderabad,IN
CUST_02628,1507,117.37,0.78,3,0,Kolkata,IN
CUST_02629,1752,639.19,1.75,0,0,Bangalore,IN
CUST_02630,1532,111.71,2.44,0,0,Delhi,IN
CUST_02631,915,343.04,4.38,0,0,Chennai,IN
CUST_02632,206,1266.98,8.4,0,0,Bangalore,IN
CUST_02633,1042,509.06,3.22,0,2,Chennai,IN
CUST_02634,1610,1885.75,5.47,0,0,Kolkata,IN
CUST_02635,1641,169.37,6.0,0,0,Hyderabad,IN
CUST_02636,330,487.44,2.24,0,0,Mumbai,IN
CUST_02637,1976,341.17,4.9,0,0,Kolkata,IN
CUST_02638,1648,907.73,1.34,0,1,Mumbai,IN
CUST_02639,1687,263.25,1.87,0,0,Delhi,IN
CUST_02640,966,209.03,2.6,0,0,Bangalore,IN
CUST_02641,181,1378.53,1.45,0,0,Kolkata,IN
CUST_02642,539,1392.17,2.42,0,0,Delhi,IN
CUST_02643,760,94.6,1.56,1,0,Chennai,IN
CUST_02644,1248,181.23,1.49,0,0,Delhi,IN
CUST_02645,1484,702.12,5.58,0,1,Mumbai,IN
CUST_02646,1907,786.09,0.61,0,0,Kolkata,IN
CUST_02647,1258,481.82,0.98,0,0,Kolkata,IN
CUST_02648,1458,873.57,3.41,0,1,Pune,IN
CUST_02649,1937,867.35,1.19,0,1,Mumbai,IN
CUST_02650,1312,754.13,2.18,0,0,Bangalore,IN
CUST_02651,900,306.75,0.52,0,0,Ahmedabad,IN
CUST_02652,414,235.85,0.93,0,1,Mumbai,IN
CUST_02653,399,382.03,3.14,0,0,Pune,IN
CUST_02654,1606,295.34,2.42,0,0,Mumbai,IN
CUST_02655,1260,388.25,2.98,0,0,Chennai,IN
CUST_02656,1381,37.27,1.93,0,0,Bangalore,IN
CUST_02657,737,252.62,2.83,0,0,Mumbai,IN
CUST_02658,1342,1403.21,1.45,0,0,Chennai,IN
CUST_02659,1999,261.37,1.24,0,1,Mumbai,IN
CUST_02660,178,295.21,3.97,0,0,Bangalore,IN
CUST_02661,1597,525.23,5.3,0,0,Pune,IN
CUST_02662,724,695.34,1.18,0,0,Kolkata,IN
CUST_02663,831,264.67,5.21,0,0,Kolkata,IN
CUST_02664,1061,271.14,4.15,0,0,Chennai,IN
CUST_02665,1510,250.05,8.07,1,0,Mumbai,IN
CUST_02666,1883,367.8,1.9,0,0,Delhi,IN
CUST_02667,1126,224.79,0.25,0,0,Delhi,IN
CUST_02668,1488,524.57,2.95,0,1,Pune,IN
CUST_02669,712,1221.79,1.02,4,0,Hyderabad,IN
CUST_02670,464,234.79,0.84,0,0,Pune,IN
CUST_02671,932,169.71,3.11,0,0,Chennai,IN
CUST_02672,1178,1287.67,2.79,0,0,Kolkata,IN
CUST_02673,535,803.93,1.1,2,0,Mumbai,IN
CUST_02674,834,239.66,1.67,0,0,Bangalore,IN
CUST_02675,1145,117.27,1.4,0,0,Delhi,IN
CUST_02676,1031,622.68,1.98,0,0,Delhi,IN
CUST_02677,697,456.55,0.54,0,0,Pune,IN
CUST_02678,1645,301.6,1.16,0,1,Delhi,IN
CUST_02679,1795,950.41,4.28,0,0,Pune,IN
CUST_02680,1422,988.36,4.69,0,0,Pune,IN
CUST_02681,1979,332.77,1.61,0,0,Ahmedabad,IN
CUST_02682,1154,656.41,1.51,0,1,Kolkata,IN
CUST_02683,1577,806.56,4.42,0,0,Ahmedabad,IN
CUST_02684,1552,1014.51,0.64,0,1,Chennai,IN
CUST_02685,1969,223.19,4.64,0,0,Hyderabad,IN
CUST_02686,1396,311.09,4.96,1,1,Ahmedabad,IN
CUST_02687,1837,429.74,3.71,3,1,Ahmedabad,IN
CUST_02688,988,1484.92,2.41,0,0,Mumbai,IN
CUST_02689,529,261.37,1.23,4,1,Delhi,IN
CUST_02690,784,621.98,0.71,0,0,Delhi,IN
CUST_02691,1387,738.07,0.8,0,1,Chennai,IN
CUST_02692,1639,298.91,5.55,0,1,Chennai,IN
CUST_02693,845,1278.5,1.86,1,0,Hyderabad,IN
CUST_02694,1058,553.17,2.52,0,1,Hyderabad,IN
CUST_02695,1436,166.94,6.04,0,0,Mumbai,IN
CUST_02696,509,639.61,2.84,0,0,Pune,IN
CUST_02697,191,419.66,2.8,0,0,Pune,IN
CUST_02698,1380,371.33,2.5,0,0,Kolkata,IN
CUST_02699,156,387.12,2.52,0,2,Hyderabad,IN
CUST_02700,976,3285.36,3.65,0,0,Bangalore,IN
CUST_02701,725,235.39,7.85,0,0,Hyderabad,IN
CUST_02702,1832,316.76,3.85,0,2,Chennai,IN
CUST_02703,375,772.16,8.21,0,0,Pune,IN
CUST_02704,1022,821.29,1.02,0,2,Chennai,IN
CUST_02705,481,523.68,4.42,0,0,Chennai,IN
CUST_02706,1788,296.66,4.38,0,1,Chennai,IN
CUST_02707,424,1545.74,0.65,0,0,Pune,IN
CUST_02708,416,198.61,4.41,4,1,Chennai,IN
CUST_02709,1713,1089.86,6.56,4,3,Chennai,IN
CUST_02710,320,482.42,6.82,1,1,Hyderabad,IN
CUST_02711,246,569.93,4.65,0,0,Delhi,IN
CUST_02712,1385,427.07,4.45,0,0,Delhi,IN
CUST_02713,1258,260.33,5.1,0,1,Ahmedabad,IN
CUST_02714,1566,241.48,5.31,0,0,Mumbai,IN
CUST_02715,1737,400.46,2.71,0,0,Mumbai,IN
CUST_02716,761,3055.81,5.21,0,1,Ahmedabad,IN
CUST_02717,1009,574.23,2.73,0,0,Hyderabad,IN
CUST_02718,1006,282.75,2.89,0,0,Pune,IN
CUST_02719,1566,430.91,0.7,1,0,Bangalore,IN
CUST_02720,815,393.91,1.58,0,0,Pune,IN
CUST_02721,1537,274.57,1.21,0,0,Chennai,IN
CUST_02722,111,306.15,6.38,0,1,Bangalore,IN
CUST_02723,980,277.1,7.21,4,1,Kolkata,IN
CUST_02724,1030,128.26,4.17,0,0,Mumbai,IN
CUST_02725,807,616.27,1.54,0,2,Hyderabad,IN
CUST_02726,937,263.1,4.91,0,0,Bangalore,IN
CUST_02727,1431,945.4,4.87,0,1,Delhi,IN
CUST_02728,647,1114.23,1.0,0,1,Ahmedabad,IN
CUST_02729,25,381.02,2.14,0,0,Mumbai,IN
CUST_02730,778,829.82,1.02,0,0,Chennai,IN
CUST_02731,667,2288.2,2.0,0,1,Delhi,IN
CUST_02732,1255,382.52,0.45,0,0,Hyderabad,IN
CUST_02733,384,347.27,7.03,1,0,Pune,IN
CUST_02734,486,1374.23,2.28,0,0,Pune,IN
CUST_02735,966,267.44,1.44,0,0,Pune,IN
CUST_02736,750,392.03,4.35,2,0,Hyderabad,IN
CUST_02737,1022,638.79,1.02,0,1,Bangalore,IN
CUST_02738,432,270.81,2.67,0,0,Kolkata,IN
CUST_02739,1436,143.96,8.96,0,0,Kolkata,IN
CUST_02740,748,546.47,1.39,0,0,Hyderabad,IN
CUST_02741,573,344.43,4.56,0,0,Kolkata,IN
CUST_02742,369,868.86,3.55,0,0,Ahmedabad,IN
CUST_02743,1180,179.21,13.17,2,1,Bangalore,IN
CUST_02744,1668,262.07,7.48,0,0,Chennai,IN
CUST_02745,1477,708.64,1.53,2,0,Delhi,IN
CUST_02746,1647,651.53,2.33,0,0,Pune,IN
CUST_02747,1138,304.26,5.91,0,0,Chennai,IN
CUST_02748,1754,473.46,0.64,0,0,Kolkata,IN
CUST_02749,402,1225.02,3.81,0,1,Kolkata,IN
CUST_02750,1639,408.42,0.33,0,2,Bangalore,IN
CUST_02751,969,765.67,0.31,2,0,Bangalore,IN
CUST_02752,362,335.49,2.15,3,0,Mumbai,IN
CUST_02753,1024,551.02,0.7,0,0,Kolkata,IN
CUST_02754,1830,350.73,1.02,0,0,Bangalore,IN
CUST_02755,1609,343.42,5.33,0,0,Hyderabad,IN
CUST_02756,615,468.82,5.8,0,0,Ahmedabad,IN
CUST_02757,1152,796.87,3.21,1,1,Pune,IN
CUST_02758,816,731.69,2.58,0,0,Mumbai,IN
CUST_02759,1415,113.94,2.0,0,0,Delhi,IN
CUST_02760,123,357.79,3.13,0,0,Bangalore,IN
CUST_02761,1667,843.29,0.77,0,0,Chennai,IN
CUST_02762,976,1214.93,3.66,0,0,Pune,IN
CUST_02763,922,145.12,3.16,0,0,Delhi,IN
CUST_02764,533,174.3,0.7,0,0,Hyderabad,IN
CUST_02765,738,747.11,2.18,0,0,Hyderabad,IN
CUST_02766,705,1276.81,4.09,0,0,Pune,IN
CUST_02767,844,85.88,6.66,0,0,Mumbai,IN
CUST_02768,720,403.74,0.89,0,2,Delhi,IN
CUST_02769,1182,271.08,0.62,0,1,Chennai,IN
CUST_02770,1599,672.77,6.01,0,0,Bangalore,IN
CUST_02771,728,1076.31,4.91,0,0,Pune,IN
CUST_02772,1379,495.81,3.62,0,0,Hyderabad,IN
CUST_02773,1587,1105.14,2.01,0,0,Ahmedabad,IN
CUST_02774,1822,186.26,2.62,0,0,Ahmedabad,IN
CUST_02775,781,618.27,2.42,0,0,Delhi,IN
CUST_02776,950,2233.63,6.69,0,0,Pune,IN
CUST_02777,1779,851.77,1.27,0,0,Bangalore,IN
CUST_02778,1312,824.43,1.8,0,1,Bangalore,IN
CUST_02779,864,234.09,1.8,3,1,Hyderabad,IN
CUST_02780,1739,1088.94,1.08,0,0,Kolkata,IN
CUST_02781,163,866.02,2.66,0,0,Delhi,IN
CUST_02782,704,616.87,5.83,1,1,Bangalore,IN
CUST_02783,643,242.99,2.67,0,2,Chennai,IN
CUST_02784,1338,148.27,1.62,0,0,Hyderabad,IN
CUST_02785,1455,295.0,2.36,0,0,Pune,IN
CUST_02786,1240,1849.18,1.25,0,0,Pune,IN
CUST_02787,556,575.42,3.18,0,0,Kolkata,IN
CUST_02788,1600,739.81,2.44,0,3,Ahmedabad,IN
CUST_02789,1532,1250.27,4.7,0,0,Hyderabad,IN
CUST_02790,848,300.3,9.69,0,0,Ahmedabad,IN
CUST_02791,377,904.98,8.4,0,0,Bangalore,IN
CUST_02792,257,481.49,1.65,0,0,Mumbai,IN
CUST_02793,1356,1557.55,0.69,0,0,Chennai,IN
CUST_02794,1927,529.12,6.67,0,0,Pune,IN
CUST_02795,432,919.72,2.05,0,1,Delhi,IN
CUST_02796,814,455.1,2.39,0,0,Bangalore,IN
CUST_02797,196,179.65,1.74,0,0,Delhi,IN
CUST_02798,1919,2174.81,4.91,0,0,Delhi,IN
CUST_02799,1124,836.03,2.14,0,0,Ahmedabad,IN
CUST_02800,54,138.6,1.07,0,0,Mumbai,IN
CUST_02801,1074,1186.82,0.05,0,0,Kolkata,IN
CUST_02802,213,157.97,2.66,0,0,Delhi,IN
CUST_02803,1266,1896.83,0.91,3,0,Pune,IN
CUST_02804,173,392.04,8.65,0,0,Bangalore,IN
CUST_02805,634,1392.87,0.72,0,0,Kolkata,IN
CUST_02806,507,427.67,2.16,0,0,Chennai,IN
CUST_02807,908,410.64,3.29,0,1,Pune,IN
CUST_02808,269,960.28,4.36,0,0,Bangalore,IN
CUST_02809,59,538.36,0.52,0,0,Bangalore,IN
CUST_02810,1359,231.3,0.84,0,0,Mumbai,IN
CUST_02811,1763,757.05,1.47,0,1,Hyderabad,IN
CUST_02812,1770,520.78,1.98,0,0,Hyderabad,IN
CUST_02813,957,285.62,1.89,0,0,Ahmedabad,IN
CUST_02814,1124,530.43,2.8,0,1,Pune,IN
CUST_02815,277,668.11,0.32,0,0,Ahmedabad,IN
CUST_02816,1211,1113.3,4.76,0,0,Bangalore,IN
CUST_02817,1293,1749.72,3.36,0,0,Ahmedabad,IN
CUST_02818,1073,319.62,1.26,0,1,Kolkata,IN
CUST_02819,1862,901.57,1.79,0,0,Pune,IN
CUST_02820,987,633.55,6.08,2,1,Hyderabad,IN
CUST_02821,1649,974.46,1.66,0,1,Chennai,IN
CUST_02822,905,177.48,2.98,0,0,Delhi,IN
CUST_02823,750,221.39,1.14,0,1,Pune,IN
CUST_02824,533,670.65,1.62,0,0,Kolkata,IN
CUST_02825,622,782.34,2.23,0,1,Bangalore,IN
CUST_02826,1,507.41,3.01,0,0,Mumbai,IN
CUST_02827,705,330.57,3.44,0,0,Bangalore,IN
CUST_02828,961,553.65,2.43,0,1,Pune,IN
CUST_02829,1409,327.34,1.68,0,1,Mumbai,IN
CUST_02830,1940,132.63,3.26,0,0,Ahmedabad,IN
CUST_02831,614,475.67,2.43,0,0,Ahmedabad,IN
CUST_02832,1569,874.05,1.73,0,0,Mumbai,IN
CUST_02833,1635,1036.85,0.76,0,1,Kolkata,IN
CUST_02834,1223,264.49,2.2,0,0,Pune,IN
CUST_02835,1632,518.49,0.86,0,0,Chennai,IN
CUST_02836,1123,1094.63,0.84,0,0,Mumbai,IN
CUST_02837,387,365.97,2.25,0,0,Hyderabad,IN
CUST_02838,1807,911.7,1.08,0,1,Kolkata,IN
CUST_02839,809,599.16,2.17,0,1,Kolkata,IN
CUST_02840,335,599.94,7.99,0,0,Chennai,IN
CUST_02841,1697,820.34,1.04,0,1,Kolkata,IN
CUST_02842,452,158.85,3.23,0,2,Kolkata,IN
CUST_02843,163,348.65,0.59,0,0,Pune,IN
CUST_02844,1281,1052.74,2.45,0,0,Kolkata,IN
CUST_02845,1059,276.2,2.82,0,0,Chennai,IN
CUST_02846,584,683.4,1.59,0,0,Pune,IN
CUST_02847,846,138.64,1.02,0,0,Pune,IN
CUST_02848,1748,559.74,0.98,0,0,Chennai,IN
CUST_02849,374,726.74,3.08,0,0,Delhi,IN
CUST_02850,594,857.08,2.46,0,1,Bangalore,IN
CUST_02851,1305,3217.49,1.76,0,0,Delhi,IN
CUST_02852,1266,290.84,2.29,1,0,Ahmedabad,IN
CUST_02853,558,279.85,2.05,0,1,Ahmedabad,IN
CUST_02854,385,354.42,5.36,0,0,Ahmedabad,IN
CUST_02855,40,158.12,5.88,0,0,Hyderabad,IN
CUST_02856,102,50.95,3.12,0,1,Bangalore,IN
CUST_02857,381,194.49,2.45,0,0,Mumbai,IN
CUST_02858,578,727.92,3.94,0,0,Delhi,IN
CUST_02859,257,242.52,4.55,0,0,Pune,IN
CUST_02860,1490,468.91,2.68,0,0,Ahmedabad,IN
CUST_02861,477,2139.63,3.84,0,0,Mumbai,IN
CUST_02862,309,2308.9,2.66,0,0,Delhi,IN
CUST_02863,1011,198.8,2.44,0,0,Mumbai,IN
CUST_02864,701,372.82,1.73,0,1,Chennai,IN
CUST_02865,639,353.83,1.36,0,0,Kolkata,IN
CUST_02866,761,231.74,3.23,0,0,Ahmedabad,IN
CUST_02867,1428,305.43,4.23,0,0,Ahmedabad,IN
CUST_02868,677,345.63,2.99,0,0,Mumbai,IN
CUST_02869,1728,195.43,3.02,0,0,Delhi,IN
CUST_02870,115,155.0,4.88,0,1,Bangalore,IN
CUST_02871,1589,353.6,4.72,0,0,Pune,IN
CUST_02872,147,364.0,9.57,0,1,Kolkata,IN
CUST_02873,372,186.43,1.14,0,3,Ahmedabad,IN
CUST_02874,1835,117.77,1.54,1,0,Chennai,IN
CUST_02875,1674,742.39,3.43,0,1,Pune,IN
CUST_02876,1697,934.35,1.03,0,1,Kolkata,IN
CUST_02877,250,407.13,2.18,0,0,Mumbai,IN
CUST_02878,789,1257.67,2.22,0,0,Chennai,IN
CUST_02879,507,478.94,4.05,0,1,Ahmedabad,IN
CUST_02880,408,369.98,0.96,0,1,Mumbai,IN
CUST_02881,1506,1117.87,1.58,0,0,Ahmedabad,IN
CUST_02882,1068,1080.5,2.97,0,0,Delhi,IN
CUST_02883,969,653.79,1.38,0,1,Chennai,IN
CUST_02884,1396,431.63,2.34,0,0,Kolkata,IN
CUST_02885,1918,200.29,1.31,0,0,Pune,IN
CUST_02886,325,291.34,4.37,0,0,Hyderabad,IN
CUST_02887,1526,555.57,3.82,4,0,Mumbai,IN
CUST_02888,519,339.51,1.82,0,2,Delhi,IN
CUST_02889,1308,531.59,0.77,0,0,Ahmedabad,IN
CUST_02890,407,269.08,5.41,0,0,Pune,IN
CUST_02891,1818,169.98,0.2,0,0,Hyderabad,IN
CUST_02892,1769,243.99,4.81,0,0,Mumbai,IN
CUST_02893,1994,129.11,3.9,0,0,Chennai,IN
CUST_02894,484,463.19,9.69,0,1,Delhi,IN
CUST_02895,665,1582.45,3.14,0,0,Kolkata,IN
CUST_02896,343,1962.27,3.3,0,0,Mumbai,IN
CUST_02897,1198,126.6,0.57,0,0,Pune,IN
CUST_02898,811,297.35,2.78,0,1,Delhi,IN
CUST_02899,19,539.11,1.52,0,0,Chennai,IN
CUST_02900,1191,314.56,2.02,0,0,Mumbai,IN
CUST_02901,1410,250.86,2.4,1,0,Ahmedabad,IN
CUST_02902,761,902.12,4.3,0,0,Bangalore,IN
CUST_02903,510,724.75,2.29,0,0,Delhi,IN
CUST_02904,1024,276.52,1.66,0,0,Bangalore,IN
CUST_02905,1405,1353.31,0.35,2,0,Delhi,IN
CUST_02906,1907,515.97,7.3,0,0,Hyderabad,IN
CUST_02907,123,364.96,4.41,0,1,Mumbai,IN
CUST_02908,1321,440.52,2.06,0,1,Hyderabad,IN
CUST_02909,1437,855.39,3.5,0,1,Bangalore,IN
CUST_02910,258,547.35,4.15,0,0,Delhi,IN
CUST_02911,477,352.87,4.42,0,2,Ahmedabad,IN
CUST_02912,1144,546.83,2.18,0,0,Hyderabad,IN
CUST_02913,1650,487.71,3.04,0,0,Hyderabad,IN
CUST_02914,1502,122.37,3.2,0,0,Ahmedabad,IN
CUST_02915,44,518.95,2.69,0,1,Chennai,IN
CUST_02916,734,741.53,5.9,0,0,Kolkata,IN
CUST_02917,514,756.31,1.77,0,0,Bangalore,IN
CUST_02918,994,2287.96,4.84,0,0,Mumbai,IN
CUST_02919,1145,186.25,2.28,0,1,Ahmedabad,IN
CUST_02920,1112,779.51,3.03,0,0,Pune,IN
CUST_02921,389,744.3,0.86,3,1,Ahmedabad,IN
CUST_02922,1114,733.66,3.32,0,0,Bangalore,IN
CUST_02923,663,326.16,3.39,0,1,Hyderabad,IN
CUST_02924,564,586.82,1.71,0,0,Ahmedabad,IN
CUST_02925,142,233.78,4.42,0,0,Bangalore,IN
CUST_02926,921,579.11,4.96,1,1,Bangalore,IN
CUST_02927,1679,675.67,2.75,0,1,Pune,IN
CUST_02928,1110,177.55,1.21,0,0,Pune,IN
CUST_02929,930,813.78,3.35,0,0,Hyderabad,IN
CUST_02930,1590,453.95,4.42,0,0,Mumbai,IN
CUST_02931,1503,877.98,4.75,0,1,Kolkata,IN
CUST_02932,1809,554.49,3.46,1,0,Bangalore,IN
CUST_02933,1270,559.74,2.98,0,1,Mumbai,IN
CUST_02934,1590,1113.76,2.29,0,0,Hyderabad,IN
CUST_02935,657,808.6,8.95,1,0,Chennai,IN
CUST_02936,1349,149.28,9.26,0,0,Delhi,IN
CUST_02937,389,194.91,1.54,3,1,Kolkata,IN
CUST_02938,1569,605.83,1.45,0,1,Ahmedabad,IN
CUST_02939,1256,319.97,3.1,0,0,Bangalore,IN
CUST_02940,661,953.94,2.13,0,0,Pune,IN
CUST_02941,1313,137.77,4.48,0,0,Kolkata,IN
CUST_02942,227,261.37,1.8,0,1,Hyderabad,IN
CUST_02943,1072,136.34,1.46,0,0,Delhi,IN
CUST_02944,90,827.75,2.94,0,1,Delhi,IN
CUST_02945,366,436.86,2.45,0,0,Bangalore,IN
CUST_02946,414,704.45,0.87,0,1,Mumbai,IN
CUST_02947,995,354.89,2.88,0,0,Delhi,IN
CUST_02948,203,271.56,8.9,0,0,Chennai,IN
CUST_02949,1170,689.16,3.49,0,0,Mumbai,IN
CUST_02950,1348,265.07,1.47,0,0,Kolkata,IN
CUST_02951,1077,849.83,0.9,0,0,Ahmedabad,IN
CUST_02952,101,997.36,2.55,0,0,Pune,IN
CUST_02953,453,158.37,0.7,0,0,Hyderabad,IN
CUST_02954,27,679.17,0.91,0,0,Delhi,IN
CUST_02955,1343,668.68,3.85,0,1,Chennai,IN
CUST_02956,1902,211.41,1.56,0,2,Ahmedabad,IN
CUST_02957,959,167.46,2.36,0,0,Delhi,IN
CUST_02958,740,688.63,1.54,0,0,Mumbai,IN
CUST_02959,1684,79.81,6.42,0,0,Kolkata,IN
CUST_02960,1627,393.38,2.44,0,0,Hyderabad,IN
CUST_02961,1687,1093.46,9.14,0,1,Mumbai,IN
CUST_02962,1084,659.82,1.04,0,0,Pune,IN
CUST_02963,1504,285.79,5.66,0,1,Mumbai,IN
CUST_02964,1709,455.22,1.57,0,0,Delhi,IN
CUST_02965,160,795.83,1.46,0,0,Pune,IN
CUST_02966,1968,141.75,5.18,0,0,Chennai,IN
CUST_02967,208,304.39,10.79,0,0,Delhi,IN
CUST_02968,1089,188.54,1.95,4,3,Chennai,IN
CUST_02969,389,850.17,4.01,0,0,Kolkata,IN
CUST_02970,1078,493.81,3.81,0,0,Chennai,IN
CUST_02971,1168,1016.43,4.86,0,0,Chennai,IN
CUST_02972,1144,257.45,5.92,0,0,Bangalore,IN
CUST_02973,1529,1015.91,1.62,0,0,Kolkata,IN
CUST_02974,1570,348.46,1.0,0,2,Delhi,IN
CUST_02975,1382,1160.5,1.37,0,1,Hyderabad,IN
CUST_02976,1439,999.51,1.73,0,1,Ahmedabad,IN
CUST_02977,1809,411.72,1.64,0,1,Kolkata,IN
CUST_02978,342,689.55,6.25,0,1,Delhi,IN
CUST_02979,1127,353.5,3.17,0,0,Bangalore,IN
CUST_02980,1034,770.45,7.44,0,0,Kolkata,IN
CUST_02981,1347,252.62,3.96,0,0,Hyderabad,IN
CUST_02982,1094,305.3,2.48,0,0,Bangalore,IN
CUST_02983,1912,647.55,1.33,0,1,Ahmedabad,IN
CUST_02984,1849,521.6,5.55,0,0,Hyderabad,IN
CUST_02985,1127,394.77,1.16,0,0,Hyderabad,IN
CUST_02986,1731,712.58,2.51,0,0,Hyderabad,IN
CUST_02987,845,610.13,4.36,0,0,Hyderabad,IN
CUST_02988,1692,461.4,5.5,0,2,Kolkata,IN
CUST_02989,1247,301.99,1.81,0,0,Hyderabad,IN
CUST_02990,1154,943.51,2.93,0,0,Chennai,IN
CUST_02991,769,493.25,1.41,0,0,Chennai,IN
CUST_02992,738,1165.99,3.67,0,2,Pune,IN
CUST_02993,917,1696.84,3.55,0,0,Ahmedabad,IN
CUST_02994,1,656.73,5.67,0,0,Kolkata,IN
CUST_02995,583,290.57,1.95,0,0,Mumbai,IN
CUST_02996,1061,101.59,3.43,0,1,Mumbai,IN
CUST_02997,1824,1189.66,7.88,0,0,Bangalore,IN
CUST_02998,14,409.06,3.74,0,0,Pune,IN
CUST_02999,455,257.38,2.7,0,0,Pune,IN
CUST_03000,1753,301.96,2.12,0,0,Chennai,IN
CUST_03001,45,625.74,11.17,3,0,Hyderabad,IN
CUST_03002,1883,460.72,2.14,0,1,Pune,IN
CUST_03003,194,1201.02,0.52,0,0,Bangalore,IN
CUST_03004,943,376.56,1.3,0,0,Mumbai,IN
CUST_03005,320,1270.19,3.39,0,1,Hyderabad,IN
CUST_03006,543,182.19,7.66,0,0,Bangalore,IN
CUST_03007,1822,1099.33,1.99,0,0,Hyderabad,IN
CUST_03008,478,574.27,2.19,0,0,Chennai,IN
CUST_03009,1662,2764.15,2.29,0,0,Pune,IN
CUST_03010,189,800.79,6.99,0,0,Pune,IN
CUST_03011,1166,722.16,1.7,0,1,Kolkata,IN
CUST_03012,1504,1007.65,2.93,2,2,Chennai,IN
CUST_03013,1482,208.3,1.59,0,0,Delhi,IN
CUST_03014,1624,194.52,1.98,0,0,Hyderabad,IN
CUST_03015,355,510.01,2.14,0,0,Ahmedabad,IN
CUST_03016,1692,226.19,0.85,0,0,Ahmedabad,IN
CUST_03017,1220,372.34,2.83,0,0,Delhi,IN
CUST_03018,77,703.81,1.49,1,0,Pune,IN
CUST_03019,161,404.2,5.14,0,0,Kolkata,IN
CUST_03020,1888,1097.02,2.88,0,1,Mumbai,IN
CUST_03021,713,141.07,13.32,0,2,Hyderabad,IN
CUST_03022,854,585.72,0.89,0,1,Kolkata,IN
CUST_03023,1782,361.29,0.79,0,0,Delhi,IN
CUST_03024,1532,850.77,0.85,0,0,Chennai,IN
CUST_03025,1299,807.92,2.34,1,1,Mumbai,IN
CUST_03026,111,2475.41,0.65,3,1,Kolkata,IN
CUST_03027,1074,971.55,2.99,0,1,Pune,IN
CUST_03028,654,247.79,1.39,0,1,Mumbai,IN
CUST_03029,670,1099.19,5.87,0,0,Bangalore,IN
CUST_03030,314,470.03,5.6,0,0,Chennai,IN
CUST_03031,1380,761.26,2.12,0,1,Mumbai,IN
CUST_03032,1989,662.79,0.5,0,0,Kolkata,IN
CUST_03033,1542,592.78,0.97,0,0,Ahmedabad,IN
CUST_03034,455,906.95,3.19,0,0,Delhi,IN
CUST_03035,594,565.77,0.19,2,0,Kolkata,IN
CUST_03036,304,704.42,2.91,0,2,Kolkata,IN
CUST_03037,689,517.54,2.82,0,0,Bangalore,IN
CUST_03038,975,480.97,4.7,1,1,Delhi,IN
CUST_03039,1123,221.67,2.94,0,1,Mumbai,IN
CUST_03040,538,1501.8,1.53,0,0,Kolkata,IN
CUST_03041,817,543.44,3.78,0,1,Delhi,IN
CUST_03042,1585,1670.73,4.02,2,2,Kolkata,IN
CUST_03043,1561,266.61,6.37,0,0,Bangalore,IN
CUST_03044,985,455.64,1.72,0,0,Bangalore,IN
CUST_03045,1000,639.08,1.15,0,1,Chennai,IN
CUST_03046,1336,773.57,2.79,0,0,Kolkata,IN
CUST_03047,1150,966.1,4.45,0,2,Chennai,IN
CUST_03048,497,598.4,3.17,0,0,Chennai,IN
CUST_03049,546,535.18,0.24,0,0,Delhi,IN
CUST_03050,663,658.0,2.08,0,0,Kolkata,IN
CUST_03051,231,469.77,2.21,3,1,Delhi,IN
CUST_03052,868,164.26,1.46,0,1,Kolkata,IN
CUST_03053,714,233.03,0.55,0,0,Hyderabad,IN
CUST_03054,657,291.21,6.75,0,0,Chennai,IN
CUST_03055,1217,145.98,9.18,0,0,Hyderabad,IN
CUST_03056,1577,459.66,2.01,0,1,Mumbai,IN
CUST_03057,347,1095.64,0.96,0,0,Pune,IN
CUST_03058,1263,760.03,1.84,0,1,Hyderabad,IN
CUST_03059,1277,1264.31,1.26,0,0,Ahmedabad,IN
CUST_03060,903,552.43,6.53,0,1,Bangalore,IN
CUST_03061,1893,1183.08,6.22,0,0,Mumbai,IN
CUST_03062,409,471.05,1.72,0,0,Chennai,IN
CUST_03063,320,1540.77,2.88,0,0,Hyderabad,IN
CUST_03064,231,283.83,4.0,0,0,Delhi,IN
CUST_03065,498,848.26,3.63,0,0,Mumbai,IN
CUST_03066,1780,1107.73,2.18,0,0,Bangalore,IN
CUST_03067,29,246.94,0.83,0,0,Pune,IN
CUST_03068,1421,212.14,2.96,0,0,Hyderabad,IN
CUST_03069,625,607.41,3.94,0,0,Delhi,IN
CUST_03070,965,792.75,1.36,0,0,Ahmedabad,IN
CUST_03071,680,381.84,8.83,0,0,Mumbai,IN
CUST_03072,1516,515.05,2.0,0,0,Chennai,IN
CUST_03073,418,1134.96,1.96,0,0,Chennai,IN
CUST_03074,1124,1187.18,5.58,0,1,Pune,IN
CUST_03075,1276,949.87,1.66,0,0,Ahmedabad,IN
CUST_03076,1424,652.05,0.28,0,0,Bangalore,IN
CUST_03077,772,468.72,0.6,0,0,Mumbai,IN
CUST_03078,524,693.02,4.3,0,2,Mumbai,IN
CUST_03079,124,634.05,2.82,0,0,Bangalore,IN
CUST_03080,412,613.39,2.63,0,0,Pune,IN
CUST_03081,109,1693.47,4.57,0,0,Pune,IN
CUST_03082,1341,593.25,1.44,0,0,Ahmedabad,IN
CUST_03083,137,1176.1,7.12,0,3,Mumbai,IN
CUST_03084,1353,707.32,0.78,0,1,Kolkata,IN
CUST_03085,1358,823.04,1.63,0,1,Pune,IN
CUST_03086,1771,807.99,2.46,0,0,Hyderabad,IN
CUST_03087,40,1417.45,0.53,0,0,Delhi,IN
CUST_03088,1777,300.47,4.17,0,2,Pune,IN
CUST_03089,474,242.68,1.92,0,1,Kolkata,IN
CUST_03090,1042,387.37,2.74,0,1,Kolkata,IN
CUST_03091,1852,367.0,0.53,0,0,Delhi,IN
CUST_03092,993,153.61,0.28,0,1,Hyderabad,IN
CUST_03093,382,1327.61,1.61,0,2,Delhi,IN
CUST_03094,1026,160.41,0.38,0,1,Chennai,IN
CUST_03095,1149,1305.66,1.99,0,1,Ahmedabad,IN
CUST_03096,82,598.6,1.19,0,2,Mumbai,IN
CUST_03097,1889,4468.26,5.31,0,1,Chennai,IN
CUST_03098,684,142.92,1.96,0,0,Pune,IN
CUST_03099,806,466.84,2.67,0,0,Ahmedabad,IN
CUST_03100,38,732.58,1.44,0,0,Bangalore,IN
CUST_03101,1402,199.27,0.66,0,1,Hyderabad,IN
CUST_03102,728,1663.35,3.43,0,1,Hyderabad,IN
CUST_03103,484,402.61,4.05,0,0,Pune,IN
CUST_03104,1663,469.75,2.02,0,0,Pune,IN
CUST_03105,1282,253.65,1.08,0,0,Mumbai,IN
CUST_03106,1800,224.47,8.92,0,1,Pune,IN
CUST_03107,1824,611.96,4.12,0,0,Kolkata,IN
CUST_03108,1934,454.14,2.94,0,0,Mumbai,IN
CUST_03109,462,540.44,1.18,0,1,Pune,IN
CUST_03110,700,366.25,1.29,0,0,Bangalore,IN
CUST_03111,1346,1148.72,3.35,0,0,Kolkata,IN
CUST_03112,180,266.2,1.22,0,0,Bangalore,IN
CUST_03113,1067,294.0,0.31,0,0,Kolkata,IN
CUST_03114,855,148.32,4.46,0,0,Chennai,IN
CUST_03115,1174,484.69,2.01,0,1,Chennai,IN
CUST_03116,874,225.21,3.96,0,0,Bangalore,IN
CUST_03117,1864,575.5,0.66,0,0,Pune,IN
CUST_03118,920,381.29,2.86,0,0,Hyderabad,IN
CUST_03119,424,54.65,4.37,0,0,Bangalore,IN
CUST_03120,1190,246.66,9.83,0,1,Bangalore,IN
CUST_03121,1767,540.29,3.78,0,0,Chennai,IN
CUST_03122,633,445.08,3.23,1,1,Bangalore,IN
CUST_03123,881,291.35,3.63,0,0,Bangalore,IN
CUST_03124,1344,255.46,1.58,0,1,Bangalore,IN
CUST_03125,651,156.86,0.54,0,0,Bangalore,IN
CUST_03126,1142,960.17,1.96,2,0,Delhi,IN
CUST_03127,378,407.03,1.96,0,1,Delhi,IN
CUST_03128,1720,785.99,0.54,0,0,Hyderabad,IN
CUST_03129,1490,542.19,2.97,0,1,Bangalore,IN
CUST_03130,1568,374.76,6.6,0,1,Mumbai,IN
CUST_03131,1803,193.47,1.42,0,1,Hyderabad,IN
CUST_03132,1969,610.9,2.4,0,0,Kolkata,IN
CUST_03133,622,825.09,1.46,0,1,Kolkata,IN
CUST_03134,1528,459.85,4.47,0,1,Ahmedabad,IN
CUST_03135,312,167.8,2.16,1,1,Pune,IN
CUST_03136,219,1432.48,1.73,0,1,Chennai,IN
CUST_03137,379,224.59,4.9,0,0,Bangalore,IN
CUST_03138,1562,486.13,2.7,0,0,Mumbai,IN
CUST_03139,1241,686.19,0.99,0,0,Pune,IN
CUST_03140,1222,305.06,4.39,0,0,Chennai,IN
CUST_03141,473,225.8,5.56,0,0,Chennai,IN
CUST_03142,736,441.95,0.86,0,0,Mumbai,IN
CUST_03143,1410,1117.73,2.01,0,0,Delhi,IN
CUST_03144,275,625.92,0.73,0,1,Ahmedabad,IN
CUST_03145,1459,254.28,2.04,0,0,Ahmedabad,IN
CUST_03146,377,149.84,1.33,0,1,Hyderabad,IN
CUST_03147,1007,1263.75,1.44,0,0,Kolkata,IN
CUST_03148,282,238.67,4.62,0,0,Ahmedabad,IN
CUST_03149,396,1199.83,2.73,1,0,Bangalore,IN
CUST_03150,67,605.87,1.4,0,1,Chennai,IN
CUST_03151,1566,186.66,2.29,0,2,Kolkata,IN
CUST_03152,1896,482.73,3.35,0,0,Mumbai,IN
CUST_03153,1947,130.87,2.94,0,1,Pune,IN
CUST_03154,456,606.05,0.57,0,1,Kolkata,IN
CUST_03155,1552,585.02,5.88,0,0,Chennai,IN
CUST_03156,136,472.2,1.99,0,0,Chennai,IN
CUST_03157,1899,475.78,3.41,0,0,Bangalore,IN
CUST_03158,1776,223.62,2.84,0,0,Ahmedabad,IN
CUST_03159,1409,480.76,0.41,0,1,Ahmedabad,IN
CUST_03160,1776,303.93,1.86,0,1,Hyderabad,IN
CUST_03161,1818,705.29,0.59,0,0,Ahmedabad,IN
CUST_03162,876,1103.42,0.99,0,0,Chennai,IN
CUST_03163,1590,786.7,1.13,0,1,Kolkata,IN
CUST_03164,1246,736.13,1.1,0,0,Mumbai,IN
CUST_03165,1475,1088.48,0.51,0,1,Kolkata,IN
CUST_03166,808,1398.42,0.83,0,0,Hyderabad,IN
CUST_03167,1067,597.13,0.95,0,1,Mumbai,IN
CUST_03168,925,151.62,4.14,0,1,Delhi,IN
CUST_03169,1694,483.13,6.22,0,0,Ahmedabad,IN
CUST_03170,1798,371.35,1.44,0,0,Mumbai,IN
CUST_03171,1063,516.99,4.11,0,1,Chennai,IN
CUST_03172,1506,386.35,3.74,0,1,Kolkata,IN
CUST_03173,1143,118.86,0.77,2,2,Mumbai,IN
CUST_03174,1058,208.37,5.19,4,1,Kolkata,IN
CUST_03175,389,605.87,4.21,0,0,Mumbai,IN
CUST_03176,901,1292.97,3.44,0,1,Pune,IN
CUST_03177,1812,292.86,6.8,1,3,Kolkata,IN
CUST_03178,1585,661.41,2.91,0,0,Pune,IN
CUST_03179,945,1151.23,5.17,0,1,Pune,IN
CUST_03180,866,392.89,11.55,0,0,Bangalore,IN
CUST_03181,1256,556.76,2.34,0,2,Pune,IN
CUST_03182,1414,1292.24,3.19,0,0,Mumbai,IN
CUST_03183,950,73.46,3.87,0,1,Bangalore,IN
CUST_03184,186,515.47,4.49,0,0,Ahmedabad,IN
CUST_03185,369,748.98,5.69,0,0,Delhi,IN
CUST_03186,806,2017.25,2.25,0,1,Bangalore,IN
CUST_03187,663,533.92,0.56,2,1,Kolkata,IN
CUST_03188,52,339.68,6.04,0,0,Ahmedabad,IN
CUST_03189,930,401.69,2.5,5,1,Bangalore,IN
CUST_03190,1808,435.28,1.22,0,2,Chennai,IN
CUST_03191,185,948.94,2.05,0,2,Ahmedabad,IN
CUST_03192,664,352.14,3.38,1,2,Pune,IN
CUST_03193,1472,249.29,4.97,0,1,Bangalore,IN
CUST_03194,187,737.23,3.46,0,0,Delhi,IN
CUST_03195,1447,404.9,6.3,0,0,Delhi,IN
CUST_03196,1299,1134.36,1.96,0,1,Ahmedabad,IN
CUST_03197,175,1990.3,0.77,0,0,Hyderabad,IN
CUST_03198,1489,244.87,2.64,0,1,Kolkata,IN
CUST_03199,776,1350.1,3.93,0,0,Bangalore,IN
CUST_03200,90,220.11,1.68,0,0,Kolkata,IN
CUST_03201,1869,1141.37,0.99,0,1,Bangalore,IN
CUST_03202,1159,357.56,4.41,0,2,Hyderabad,IN
CUST_03203,333,419.93,2.18,0,0,Bangalore,IN
CUST_03204,367,470.46,2.82,0,1,Bangalore,IN
CUST_03205,860,225.75,2.33,0,0,Mumbai,IN
CUST_03206,634,1521.12,4.18,0,1,Pune,IN
CUST_03207,592,447.49,3.9,0,0,Ahmedabad,IN
CUST_03208,241,628.02,6.52,0,0,Bangalore,IN
CUST_03209,1967,169.58,1.71,0,1,Bangalore,IN
CUST_03210,8,1579.61,1.69,0,0,Chennai,IN
CUST_03211,26,405.97,1.31,0,0,Pune,IN
CUST_03212,1020,1029.45,0.36,0,1,Ahmedabad,IN
CUST_03213,1114,717.81,2.76,0,0,Ahmedabad,IN
CUST_03214,1246,178.42,1.1,0,0,Mumbai,IN
CUST_03215,488,761.92,3.99,0,2,Ahmedabad,IN
CUST_03216,1206,1146.62,3.06,0,0,Chennai,IN
CUST_03217,930,369.44,1.58,0,1,Ahmedabad,IN
CUST_03218,905,950.77,0.55,0,3,Kolkata,IN
CUST_03219,1232,333.88,1.7,0,0,Delhi,IN
CUST_03220,502,142.93,2.54,2,1,Mumbai,IN
CUST_03221,1270,302.81,2.39,0,0,Pune,IN
CUST_03222,101,1123.16,0.72,0,0,Chennai,IN
CUST_03223,304,1377.4,3.31,0,1,Bangalore,IN
CUST_03224,1338,274.01,0.81,0,0,Mumbai,IN
CUST_03225,76,248.27,2.48,1,1,Hyderabad,IN
CUST_03226,1749,644.46,1.03,0,0,Bangalore,IN
CUST_03227,1367,1033.73,3.11,0,3,Mumbai,IN
CUST_03228,679,280.18,7.36,0,0,Pune,IN
CUST_03229,101,296.18,2.19,0,0,Delhi,IN
CUST_03230,854,274.48,0.92,0,0,Delhi,IN
CUST_03231,331,485.83,5.37,0,1,Bangalore,IN
CUST_03232,1252,128.01,6.65,7,0,Pune,IN
CUST_03233,1979,332.16,3.29,0,1,Bangalore,IN
CUST_03234,1535,256.42,4.04,0,0,Ahmedabad,IN
CUST_03235,1908,76.87,0.73,0,0,Hyderabad,IN
CUST_03236,191,1403.75,5.88,0,2,Mumbai,IN
CUST_03237,662,242.65,0.84,0,0,Pune,IN
CUST_03238,1839,366.05,3.35,0,1,Hyderabad,IN
CUST_03239,1680,523.73,1.01,0,1,Kolkata,IN
CUST_03240,1554,273.06,4.12,0,0,Delhi,IN
CUST_03241,1728,1295.5,2.57,0,0,Kolkata,IN
CUST_03242,600,499.74,4.65,0,0,Delhi,IN
CUST_03243,276,552.0,1.06,0,0,Ahmedabad,IN
CUST_03244,1423,1933.61,1.03,0,0,Delhi,IN
CUST_03245,675,404.31,1.77,0,0,Pune,IN
CUST_03246,1075,539.69,0.95,0,0,Kolkata,IN
CUST_03247,1426,215.72,5.07,0,0,Chennai,IN
CUST_03248,1254,988.92,4.79,0,0,Chennai,IN
CUST_03249,224,154.53,8.13,0,2,Mumbai,IN
CUST_03250,991,1048.05,2.34,0,1,Delhi,IN
CUST_03251,875,227.45,2.37,0,2,Pune,IN
CUST_03252,532,356.13,0.92,0,0,Hyderabad,IN
CUST_03253,1899,625.19,1.54,0,0,Hyderabad,IN
CUST_03254,1259,359.88,1.79,4,0,Bangalore,IN
CUST_03255,1065,3314.9,3.87,0,0,Ahmedabad,IN
CUST_03256,1009,281.97,5.21,0,1,Ahmedabad,IN
CUST_03257,1810,284.74,8.41,0,0,Bangalore,IN
CUST_03258,1452,329.59,4.6,0,1,Chennai,IN
CUST_03259,397,473.29,1.55,0,0,Pune,IN
CUST_03260,243,504.18,2.54,0,1,Mumbai,IN
CUST_03261,953,564.15,1.16,0,0,Mumbai,IN
CUST_03262,1511,503.58,2.2,0,0,Delhi,IN
CUST_03263,1638,330.29,4.88,0,0,Chennai,IN
CUST_03264,848,754.81,1.91,0,0,Kolkata,IN
CUST_03265,684,643.25,6.85,0,0,Mumbai,IN
CUST_03266,1148,108.54,3.56,0,0,Hyderabad,IN
CUST_03267,24,605.95,2.88,0,0,Chennai,IN
CUST_03268,1414,373.71,3.15,0,0,Chennai,IN
CUST_03269,522,508.74,2.19,1,0,Pune,IN
CUST_03270,631,482.79,2.78,0,0,Delhi,IN
CUST_03271,1038,1080.84,3.43,1,0,Pune,IN
CUST_03272,1571,393.01,6.08,0,0,Hyderabad,IN
CUST_03273,234,482.29,5.5,0,0,Mumbai,IN
CUST_03274,700,326.05,3.2,0,0,Hyderabad,IN
CUST_03275,1484,714.98,0.39,0,0,Kolkata,IN
CUST_03276,1705,372.47,2.82,0,1,Mumbai,IN
CUST_03277,398,111.94,2.48,2,1,Bangalore,IN
CUST_03278,1708,297.01,3.28,0,0,Hyderabad,IN
CUST_03279,1889,1604.64,1.39,0,0,Hyderabad,IN
CUST_03280,1877,453.16,6.73,0,0,Ahmedabad,IN
CUST_03281,1633,200.16,3.47,0,0,Ahmedabad,IN
CUST_03282,1323,769.57,1.69,1,0,Mumbai,IN
CUST_03283,987,397.85,2.12,1,1,Bangalore,IN
CUST_03284,1285,812.95,1.81,0,0,Bangalore,IN
CUST_03285,1827,482.99,1.8,0,1,Ahmedabad,IN
CUST_03286,948,762.4,7.88,0,0,Hyderabad,IN
CUST_03287,1901,380.87,0.91,0,1,Kolkata,IN
CUST_03288,1711,375.18,6.15,0,0,Mumbai,IN
CUST_03289,1158,263.68,2.43,0,0,Pune,IN
CUST_03290,1138,728.57,1.8,1,1,Hyderabad,IN
CUST_03291,427,345.7,4.97,0,0,Mumbai,IN
CUST_03292,1638,1658.77,3.32,0,0,Hyderabad,IN
CUST_03293,136,914.24,3.64,0,1,Hyderabad,IN
CUST_03294,575,604.57,2.73,0,0,Bangalore,IN
CUST_03295,695,355.98,4.53,0,0,Mumbai,IN
CUST_03296,1284,123.31,8.84,0,0,Kolkata,IN
CUST_03297,1170,408.43,1.74,0,1,Bangalore,IN
CUST_03298,384,404.52,1.46,0,0,Kolkata,IN
CUST_03299,1771,233.9,3.31,0,0,Delhi,IN
CUST_03300,1445,879.0,2.3,0,0,Pune,IN
CUST_03301,1454,303.39,1.75,0,0,Hyderabad,IN
CUST_03302,557,249.51,2.66,0,0,Mumbai,IN
CUST_03303,178,162.41,3.93,0,1,Kolkata,IN
CUST_03304,1797,377.23,4.22,0,0,Ahmedabad,IN
CUST_03305,762,1068.83,0.72,0,0,Chennai,IN
CUST_03306,1699,849.34,1.33,4,0,Ahmedabad,IN
CUST_03307,443,451.87,4.23,0,0,Pune,IN
CUST_03308,359,643.47,2.42,0,0,Pune,IN
CUST_03309,767,834.63,1.91,0,0,Delhi,IN
CUST_03310,1593,717.49,0.78,0,1,Mumbai,IN
CUST_03311,1871,384.12,3.28,0,0,Chennai,IN
CUST_03312,909,1344.19,0.35,0,0,Delhi,IN
CUST_03313,1637,474.61,3.4,4,0,Mumbai,IN
CUST_03314,1854,657.63,6.96,0,0,Ahmedabad,IN
CUST_03315,390,501.34,0.3,0,0,Bangalore,IN
CUST_03316,1892,595.96,7.02,0,0,Hyderabad,IN
CUST_03317,1501,164.14,3.04,0,1,Ahmedabad,IN
CUST_03318,1589,183.78,3.07,0,0,Pune,IN
CUST_03319,294,993.85,1.78,0,0,Hyderabad,IN
CUST_03320,1684,352.08,3.06,0,0,Delhi,IN
CUST_03321,421,347.58,1.29,0,0,Bangalore,IN
CUST_03322,941,1176.12,4.19,0,0,Mumbai,IN
CUST_03323,1462,1292.43,2.59,0,1,Kolkata,IN
CUST_03324,9,557.19,0.99,0,1,Delhi,IN
CUST_03325,1910,636.96,6.19,0,0,Pune,IN
CUST_03326,1408,452.73,4.19,0,1,Mumbai,IN
CUST_03327,683,371.19,0.29,0,3,Delhi,IN
CUST_03328,1822,977.97,2.05,0,0,Ahmedabad,IN
CUST_03329,212,367.8,2.58,0,2,Mumbai,IN
CUST_03330,47,1796.34,5.59,0,0,Pune,IN
CUST_03331,1309,905.41,0.62,0,0,Pune,IN
CUST_03332,658,960.67,9.5,0,1,Chennai,IN
CUST_03333,395,331.92,1.81,0,0,Chennai,IN
CUST_03334,567,214.38,3.46,0,1,Pune,IN
CUST_03335,1583,639.39,3.78,0,0,Hyderabad,IN
CUST_03336,1375,169.36,1.51,1,1,Ahmedabad,IN
CUST_03337,559,314.09,4.87,0,0,Delhi,IN
CUST_03338,323,281.82,5.04,0,0,Bangalore,IN
CUST_03339,235,485.42,2.47,0,0,Pune,IN
CUST_03340,1963,852.53,1.55,0,0,Mumbai,IN
CUST_03341,424,475.29,1.24,0,0,Delhi,IN
CUST_03342,1126,788.31,4.24,1,1,Hyderabad,IN
CUST_03343,556,2369.11,0.93,0,0,Hyderabad,IN
CUST_03344,1932,727.11,2.09,0,0,Bangalore,IN
CUST_03345,1176,2431.3,1.33,0,0,Pune,IN
CUST_03346,351,329.57,1.9,1,0,Chennai,IN
CUST_03347,638,1158.63,1.36,0,0,Delhi,IN
CUST_03348,1108,684.72,2.71,0,0,Hyderabad,IN
CUST_03349,104,457.74,0.73,0,0,Ahmedabad,IN
CUST_03350,60,378.73,1.56,0,1,Bangalore,IN
CUST_03351,1850,222.63,2.42,0,0,Ahmedabad,IN
CUST_03352,217,159.62,4.26,0,0,Mumbai,IN
CUST_03353,111,433.25,1.35,0,0,Kolkata,IN
CUST_03354,874,1375.41,0.64,0,0,Delhi,IN
CUST_03355,367,303.45,0.83,0,0,Kolkata,IN
CUST_03356,1263,655.49,3.8,0,0,Ahmedabad,IN
CUST_03357,640,189.32,0.66,0,0,Hyderabad,IN
CUST_03358,1675,1183.99,5.41,0,1,Hyderabad,IN
CUST_03359,1461,384.34,10.93,0,0,Chennai,IN
CUST_03360,1995,734.24,1.92,0,2,Delhi,IN
CUST_03361,1163,296.55,2.23,0,0,Ahmedabad,IN
CUST_03362,191,897.86,6.77,0,0,Bangalore,IN
CUST_03363,200,1971.31,0.65,0,0,Ahmedabad,IN
CUST_03364,636,538.91,3.94,0,1,Ahmedabad,IN
CUST_03365,964,1281.46,2.09,0,0,Ahmedabad,IN
CUST_03366,1941,1003.02,0.85,0,1,Chennai,IN
CUST_03367,295,377.32,3.13,0,0,Chennai,IN
CUST_03368,1870,559.77,4.66,0,1,Pune,IN
CUST_03369,803,743.56,0.7,0,1,Hyderabad,IN
CUST_03370,1433,269.28,8.9,0,0,Bangalore,IN
CUST_03371,1616,310.37,3.13,0,0,Hyderabad,IN
CUST_03372,929,469.78,0.65,0,0,Hyderabad,IN
CUST_03373,62,113.55,2.16,4,0,Ahmedabad,IN
CUST_03374,974,149.79,3.3,0,0,Delhi,IN
CUST_03375,720,447.46,3.16,0,0,Delhi,IN
CUST_03376,945,572.77,2.2,0,0,Ahmedabad,IN
CUST_03377,579,422.4,5.37,0,0,Bangalore,IN
CUST_03378,1238,791.47,6.39,0,1,Hyderabad,IN
CUST_03379,1041,554.09,3.87,0,0,Bangalore,IN
CUST_03380,831,135.73,6.5,0,0,Delhi,IN
CUST_03381,668,349.6,1.52,0,0,Delhi,IN
CUST_03382,1623,1202.3,5.91,0,0,Delhi,IN
CUST_03383,1092,162.0,2.88,0,0,Pune,IN
CUST_03384,821,646.71,6.5,0,1,Ahmedabad,IN
CUST_03385,489,310.55,0.99,1,0,Kolkata,IN
CUST_03386,1123,1499.08,0.46,0,0,Chennai,IN
CUST_03387,1995,310.84,1.27,0,0,Bangalore,IN
CUST_03388,787,986.68,2.44,0,1,Ahmedabad,IN
CUST_03389,698,422.79,2.47,0,0,Delhi,IN
CUST_03390,1667,605.04,2.46,0,0,Chennai,IN
CUST_03391,1607,985.21,2.08,0,0,Kolkata,IN
CUST_03392,1162,282.06,0.41,0,0,Kolkata,IN
CUST_03393,1116,999.29,2.05,0,0,Hyderabad,IN
CUST_03394,355,673.64,4.32,6,1,Chennai,IN
CUST_03395,1515,1394.76,0.7,0,0,Delhi,IN
CUST_03396,235,232.16,1.81,0,0,Ahmedabad,IN
CUST_03397,667,185.53,3.49,0,1,Ahmedabad,IN
CUST_03398,1684,470.45,0.72,0,0,Delhi,IN
CUST_03399,361,645.52,1.92,0,0,Ahmedabad,IN
CUST_03400,1958,581.97,3.49,0,1,Pune,IN
CUST_03401,143,208.52,1.31,0,0,Kolkata,IN
CUST_03402,1404,399.54,6.53,0,0,Delhi,IN
CUST_03403,671,493.6,0.75,0,0,Kolkata,IN
CUST_03404,1321,1107.22,1.77,0,0,Ahmedabad,IN
CUST_03405,186,2086.9,3.4,0,2,Mumbai,IN
CUST_03406,1674,348.05,3.74,3,1,Chennai,IN
CUST_03407,1818,229.51,1.23,0,1,Bangalore,IN
CUST_03408,1551,217.97,3.84,0,0,Mumbai,IN
CUST_03409,1354,335.06,2.28,0,0,Bangalore,IN
CUST_03410,928,219.23,5.55,0,1,Bangalore,IN
CUST_03411,799,179.71,0.94,0,1,Pune,IN
CUST_03412,401,623.66,0.7,0,0,Ahmedabad,IN
CUST_03413,1396,264.76,2.26,1,0,Chennai,IN
CUST_03414,614,335.03,3.55,0,1,Hyderabad,IN
CUST_03415,1882,413.34,2.8,0,2,Pune,IN
CUST_03416,1471,398.93,1.97,0,0,Kolkata,IN
CUST_03417,183,768.16,3.09,0,0,Hyderabad,IN
CUST_03418,1253,778.85,1.31,0,0,Mumbai,IN
CUST_03419,1736,651.97,2.84,0,0,Kolkata,IN
CUST_03420,1746,540.37,2.8,0,0,Bangalore,IN
CUST_03421,128,226.6,3.18,0,1,Pune,IN
CUST_03422,1846,837.42,1.2,0,1,Hyderabad,IN
CUST_03423,2,164.76,1.51,0,0,Mumbai,IN
CUST_03424,225,408.36,3.26,0,0,Hyderabad,IN
CUST_03425,1773,559.04,1.07,0,0,Pune,IN
CUST_03426,482,554.8,2.41,0,1,Mumbai,IN
CUST_03427,1439,454.58,0.84,2,0,Kolkata,IN
CUST_03428,1281,441.77,5.81,0,0,Kolkata,IN
CUST_03429,1458,876.38,3.36,0,1,Hyderabad,IN
CUST_03430,832,242.56,1.6,0,0,Kolkata,IN
CUST_03431,892,645.26,5.36,0,0,Kolkata,IN
CUST_03432,1357,360.67,1.94,0,0,Chennai,IN
CUST_03433,973,533.8,2.5,0,0,Bangalore,IN
CUST_03434,386,821.54,1.85,0,2,Bangalore,IN
CUST_03435,1728,280.18,1.71,0,0,Kolkata,IN
CUST_03436,1721,86.49,0.98,0,0,Hyderabad,IN
CUST_03437,316,710.35,1.44,0,0,Kolkata,IN
CUST_03438,1788,297.23,4.93,0,1,Pune,IN
CUST_03439,276,358.26,1.88,0,0,Bangalore,IN
CUST_03440,147,1472.61,4.4,0,1,Mumbai,IN
CUST_03441,295,244.89,0.8,0,0,Mumbai,IN
CUST_03442,1348,217.98,1.49,0,1,Ahmedabad,IN
CUST_03443,1997,364.42,2.07,0,0,Kolkata,IN
CUST_03444,174,372.38,3.61,0,1,Bangalore,IN
CUST_03445,1316,275.96,4.08,3,1,Bangalore,IN
CUST_03446,1762,745.61,3.77,0,0,Kolkata,IN
CUST_03447,1831,270.31,1.83,0,0,Ahmedabad,IN
CUST_03448,1277,1464.51,3.01,0,0,Kolkata,IN
CUST_03449,931,714.48,0.94,0,0,Bangalore,IN
CUST_03450,1131,371.5,4.45,2,0,Kolkata,IN
CUST_03451,788,513.39,0.8,0,0,Ahmedabad,IN
CUST_03452,463,215.5,8.26,0,0,Hyderabad,IN
CUST_03453,870,190.07,3.43,0,0,Bangalore,IN
CUST_03454,1184,988.07,2.59,5,1,Mumbai,IN
CUST_03455,1735,415.79,1.63,0,0,Ahmedabad,IN
CUST_03456,1459,342.89,2.24,0,0,Chennai,IN
CUST_03457,842,389.61,7.89,2,2,Pune,IN
CUST_03458,69,922.86,1.86,0,1,Hyderabad,IN
CUST_03459,1164,423.48,3.92,0,0,Mumbai,IN
CUST_03460,1444,458.18,1.74,0,0,Ahmedabad,IN
CUST_03461,232,407.81,5.28,0,1,Hyderabad,IN
CUST_03462,1970,1295.39,0.9,0,0,Ahmedabad,IN
CUST_03463,291,478.64,5.29,0,0,Delhi,IN
CUST_03464,953,1489.07,5.17,0,0,Pune,IN
CUST_03465,1072,1325.87,6.32,0,0,Delhi,IN
CUST_03466,503,667.34,3.99,0,1,Delhi,IN
CUST_03467,1292,603.62,4.18,0,0,Ahmedabad,IN
CUST_03468,1401,924.48,0.99,0,0,Delhi,IN
CUST_03469,1256,577.58,2.39,4,1,Pune,IN
CUST_03470,1851,509.24,0.43,0,0,Mumbai,IN
CUST_03471,1096,1025.43,0.19,0,1,Hyderabad,IN
CUST_03472,961,882.5,4.08,0,0,Mumbai,IN
CUST_03473,1050,723.01,1.21,0,0,Ahmedabad,IN
CUST_03474,1176,307.24,2.62,0,2,Ahmedabad,IN
CUST_03475,863,537.34,0.75,0,0,Hyderabad,IN
CUST_03476,1968,1486.47,1.55,0,0,Hyderabad,IN
CUST_03477,593,1739.01,0.44,1,0,Pune,IN
CUST_03478,73,671.39,1.49,0,0,Bangalore,IN
CUST_03479,1489,904.57,2.97,0,1,Pune,IN
CUST_03480,126,394.28,3.7,0,0,Pune,IN
CUST_03481,1185,264.31,1.06,0,0,Ahmedabad,IN
CUST_03482,1174,312.96,2.98,0,0,Bangalore,IN
CUST_03483,1345,648.28,0.98,0,0,Mumbai,IN
CUST_03484,1657,316.48,1.03,0,0,Pune,IN
CUST_03485,588,797.87,2.07,0,1,Mumbai,IN
CUST_03486,169,468.75,7.53,0,0,Ahmedabad,IN
CUST_03487,1036,515.1,1.34,0,0,Bangalore,IN
CUST_03488,1744,805.41,1.13,4,1,Delhi,IN
CUST_03489,517,1423.28,1.59,0,0,Pune,IN
CUST_03490,1262,1073.62,4.26,0,0,Bangalore,IN
CUST_03491,564,242.53,0.41,0,0,Pune,IN
CUST_03492,30,773.52,1.04,0,0,Pune,IN
CUST_03493,1237,213.77,1.81,0,0,Delhi,IN
CUST_03494,1864,139.69,1.82,3,0,Bangalore,IN
CUST_03495,1350,1344.18,2.89,0,0,Bangalore,IN
CUST_03496,758,1555.56,4.99,0,0,Ahmedabad,IN
CUST_03497,536,121.65,1.37,0,0,Bangalore,IN
CUST_03498,994,286.37,5.36,0,0,Chennai,IN
CUST_03499,1638,324.35,2.72,0,1,Bangalore,IN
CUST_03500,703,276.76,5.02,0,1,Mumbai,IN
CUST_03501,1982,272.23,4.44,2,0,Delhi,IN
CUST_03502,1220,322.92,6.52,0,1,Bangalore,IN
CUST_03503,1716,876.64,2.58,0,0,Bangalore,IN
CUST_03504,1542,711.11,1.09,0,0,Ahmedabad,IN
CUST_03505,1578,1453.0,3.86,0,0,Kolkata,IN
CUST_03506,488,745.58,4.49,0,0,Kolkata,IN
CUST_03507,1487,585.14,2.04,0,0,Ahmedabad,IN
CUST_03508,432,480.28,0.89,0,0,Bangalore,IN
CUST_03509,112,876.9,4.81,0,0,Hyderabad,IN
CUST_03510,1548,445.74,2.84,0,1,Pune,IN
CUST_03511,108,123.5,1.66,3,1,Delhi,IN
CUST_03512,951,690.09,1.03,0,1,Bangalore,IN
CUST_03513,976,537.25,2.1,0,0,Kolkata,IN
CUST_03514,976,525.43,1.41,0,2,Pune,IN
CUST_03515,778,675.58,2.93,0,0,Chennai,IN
CUST_03516,972,591.88,5.73,0,0,Kolkata,IN
CUST_03517,298,308.06,0.92,0,0,Pune,IN
CUST_03518,25,337.79,1.33,0,1,Kolkata,IN
CUST_03519,1899,688.58,0.62,0,1,Pune,IN
CUST_03520,783,862.4,5.59,2,1,Ahmedabad,IN
CUST_03521,1970,189.56,2.4,3,1,Hyderabad,IN
CUST_03522,200,386.92,2.11,0,0,Mumbai,IN
CUST_03523,1959,361.9,0.9,3,0,Hyderabad,IN
CUST_03524,1251,426.82,2.08,0,1,Kolkata,IN
CUST_03525,687,983.88,3.5,0,0,Pune,IN
CUST_03526,547,401.23,3.32,0,1,Pune,IN
CUST_03527,523,633.49,0.98,0,0,Delhi,IN
CUST_03528,945,1290.55,3.84,0,0,Kolkata,IN
CUST_03529,1504,749.47,2.86,0,0,Chennai,IN
CUST_03530,1065,1277.36,1.15,0,0,Chennai,IN
CUST_03531,1388,362.42,0.88,1,0,Hyderabad,IN
CUST_03532,642,206.43,1.94,0,0,Bangalore,IN
CUST_03533,1378,455.06,7.05,0,3,Mumbai,IN
CUST_03534,1704,598.66,0.49,0,0,Mumbai,IN
CUST_03535,25,113.09,1.41,0,0,Delhi,IN
CUST_03536,201,693.96,1.58,0,0,Kolkata,IN
CUST_03537,1404,730.73,2.3,0,0,Delhi,IN
CUST_03538,720,2050.44,2.09,0,0,Ahmedabad,IN
CUST_03539,1486,308.0,2.68,0,0,Chennai,IN
CUST_03540,516,339.43,4.0,0,0,Pune,IN
CUST_03541,70,2841.88,1.68,0,0,Chennai,IN
CUST_03542,1269,156.64,4.25,0,1,Mumbai,IN
CUST_03543,117,686.06,0.07,0,1,Delhi,IN
CUST_03544,1947,221.93,2.83,0,0,Chennai,IN
CUST_03545,1451,270.74,2.01,0,1,Delhi,IN
CUST_03546,177,364.21,0.91,0,0,Delhi,IN
CUST_03547,770,1004.83,0.74,0,0,Bangalore,IN
CUST_03548,1836,204.46,1.79,0,0,Bangalore,IN
CUST_03549,1425,577.3,5.35,0,0,Delhi,IN
CUST_03550,519,438.4,0.86,0,0,Bangalore,IN
CUST_03551,957,504.69,1.18,0,0,Pune,IN
CUST_03552,1309,981.04,2.08,0,1,Delhi,IN
CUST_03553,1890,228.61,1.48,0,0,Ahmedabad,IN
CUST_03554,1576,328.54,9.92,0,0,Pune,IN
CUST_03555,1418,600.76,2.31,0,0,Kolkata,IN
CUST_03556,528,715.3,0.99,0,0,Hyderabad,IN
CUST_03557,1599,344.06,5.76,0,0,Bangalore,IN
CUST_03558,568,968.19,1.43,1,0,Delhi,IN
CUST_03559,784,428.2,8.72,0,0,Mumbai,IN
CUST_03560,682,235.55,0.64,0,0,Kolkata,IN
CUST_03561,529,576.4,2.99,0,0,Mumbai,IN
CUST_03562,365,1285.52,0.75,0,0,Pune,IN
CUST_03563,143,230.85,3.96,0,0,Ahmedabad,IN
CUST_03564,1902,1095.19,1.21,0,0,Ahmedabad,IN
CUST_03565,1250,409.08,6.51,0,0,Chennai,IN
CUST_03566,366,1838.18,3.11,0,0,Kolkata,IN
CUST_03567,223,572.42,0.13,0,0,Ahmedabad,IN
CUST_03568,1108,491.42,2.52,0,0,Bangalore,IN
CUST_03569,448,304.27,1.86,0,1,Kolkata,IN
CUST_03570,1870,184.51,0.32,0,0,Delhi,IN
CUST_03571,1466,250.75,10.0,4,1,Ahmedabad,IN
CUST_03572,212,623.05,6.01,0,1,Pune,IN
CUST_03573,150,428.8,5.77,0,1,Mumbai,IN
CUST_03574,1171,201.91,1.42,0,0,Delhi,IN
CUST_03575,1592,523.6,1.02,0,0,Pune,IN
CUST_03576,39,247.04,1.14,0,0,Ahmedabad,IN
CUST_03577,305,227.51,3.22,0,0,Ahmedabad,IN
CUST_03578,1911,413.09,5.49,0,0,Mumbai,IN
CUST_03579,1362,432.93,1.45,0,0,Mumbai,IN
CUST_03580,546,151.76,1.68,0,1,Kolkata,IN
CUST_03581,1434,706.95,1.77,0,1,Bangalore,IN
CUST_03582,1853,172.73,0.71,0,1,Hyderabad,IN
CUST_03583,1177,766.62,1.93,0,1,Kolkata,IN
CUST_03584,1056,547.89,3.67,0,0,Mumbai,IN
CUST_03585,980,287.75,1.12,0,1,Ahmedabad,IN
CUST_03586,828,501.67,4.08,0,0,Kolkata,IN
CUST_03587,1107,410.11,2.47,0,0,Delhi,IN
CUST_03588,7,429.43,2.58,0,0,Chennai,IN
CUST_03589,1955,921.91,2.03,0,1,Kolkata,IN
CUST_03590,249,267.9,4.29,0,1,Ahmedabad,IN
CUST_03591,683,652.31,3.05,0,0,Hyderabad,IN
CUST_03592,821,200.6,1.3,0,0,Pune,IN
CUST_03593,1295,734.84,4.99,0,0,Mumbai,IN
CUST_03594,749,652.2,3.23,0,0,Delhi,IN
CUST_03595,165,471.79,3.7,0,0,Hyderabad,IN
CUST_03596,1558,1911.02,1.53,0,0,Ahmedabad,IN
CUST_03597,1327,291.25,0.97,0,0,Pune,IN
CUST_03598,362,134.8,2.71,2,0,Chennai,IN
CUST_03599,1982,407.52,8.95,0,0,Mumbai,IN
CUST_03600,1354,271.33,1.04,0,0,Kolkata,IN
CUST_03601,613,1847.04,1.06,0,1,Chennai,IN
CUST_03602,1836,627.32,2.58,1,0,Kolkata,IN
CUST_03603,1292,442.18,1.6,0,1,Delhi,IN
CUST_03604,997,525.71,1.56,0,1,Hyderabad,IN
CUST_03605,1813,869.26,1.14,0,1,Delhi,IN
CUST_03606,1506,319.31,5.69,0,0,Ahmedabad,IN
CUST_03607,287,153.22,4.48,5,1,Chennai,IN
CUST_03608,396,536.4,5.09,0,0,Mumbai,IN
CUST_03609,1475,406.33,3.92,0,1,Mumbai,IN
CUST_03610,1002,514.46,3.64,0,0,Chennai,IN
CUST_03611,130,1038.77,2.43,0,0,Kolkata,IN
CUST_03612,1024,519.01,8.26,0,0,Pune,IN
CUST_03613,1980,443.53,0.77,0,0,Ahmedabad,IN
CUST_03614,76,371.31,1.72,0,1,Mumbai,IN
CUST_03615,115,121.37,1.06,0,0,Hyderabad,IN
CUST_03616,1614,315.58,4.64,0,0,Hyderabad,IN
CUST_03617,831,1311.52,1.64,0,1,Mumbai,IN
CUST_03618,434,323.53,2.25,1,0,Delhi,IN
CUST_03619,1926,269.8,0.26,0,0,Ahmedabad,IN
CUST_03620,1518,594.64,1.86,0,0,Bangalore,IN
CUST_03621,1895,536.86,1.08,0,0,Chennai,IN
CUST_03622,76,537.41,3.01,0,0,Delhi,IN
CUST_03623,1002,206.49,3.87,2,1,Bangalore,IN
CUST_03624,966,232.39,0.68,0,0,Mumbai,IN
CUST_03625,498,1694.9,1.25,0,0,Mumbai,IN
CUST_03626,30,175.71,3.2,0,0,Bangalore,IN
CUST_03627,1296,331.71,6.72,0,1,Bangalore,IN
CUST_03628,1853,848.52,2.18,0,1,Mumbai,IN
CUST_03629,1681,444.68,2.74,0,0,Pune,IN
CUST_03630,935,223.11,1.11,0,1,Delhi,IN
CUST_03631,1711,528.47,2.26,0,0,Bangalore,IN
CUST_03632,1675,333.57,7.9,0,1,Delhi,IN
CUST_03633,234,739.04,0.28,0,1,Delhi,IN
CUST_03634,1219,217.45,4.16,0,1,Ahmedabad,IN
CUST_03635,130,270.0,0.45,1,0,Chennai,IN
CUST_03636,873,307.34,2.38,0,0,Chennai,IN
CUST_03637,1662,466.37,1.74,0,0,Hyderabad,IN
CUST_03638,665,739.79,1.77,0,1,Kolkata,IN
CUST_03639,1999,1024.07,7.44,0,1,Delhi,IN
CUST_03640,659,1984.3,2.51,0,1,Bangalore,IN
CUST_03641,1566,558.1,3.55,0,1,Chennai,IN
CUST_03642,1215,574.02,4.14,0,0,Mumbai,IN
CUST_03643,688,497.4,2.47,0,0,Bangalore,IN
CUST_03644,248,364.23,1.71,0,1,Delhi,IN
CUST_03645,290,479.07,1.65,0,1,Pune,IN
CUST_03646,345,960.18,3.51,0,0,Kolkata,IN
CUST_03647,1134,614.54,2.41,0,0,Hyderabad,IN
CUST_03648,899,445.99,4.75,0,0,Bangalore,IN
CUST_03649,1896,1527.77,1.43,0,3,Chennai,IN
CUST_03650,274,1175.8,2.04,0,1,Mumbai,IN
CUST_03651,1621,692.78,2.9,0,0,Delhi,IN
CUST_03652,1593,1031.14,4.81,0,0,Kolkata,IN
CUST_03653,33,246.61,1.66,0,1,Bangalore,IN
CUST_03654,166,1690.17,2.26,0,0,Ahmedabad,IN
CUST_03655,15,203.03,1.03,3,0,Mumbai,IN
CUST_03656,1897,360.82,2.03,0,1,Bangalore,IN
CUST_03657,1448,277.68,5.48,0,0,Delhi,IN
CUST_03658,853,757.92,7.22,0,1,Pune,IN
CUST_03659,1418,347.96,1.07,0,0,Ahmedabad,IN
CUST_03660,423,1476.42,4.25,0,1,Bangalore,IN
CUST_03661,1311,1863.95,3.34,3,0,Bangalore,IN
CUST_03662,1072,656.93,3.69,0,0,Pune,IN
CUST_03663,844,193.18,3.88,0,0,Ahmedabad,IN
CUST_03664,1922,160.16,1.33,1,2,Chennai,IN
CUST_03665,1251,243.31,2.67,5,1,Bangalore,IN
CUST_03666,1222,269.92,5.96,0,1,Mumbai,IN
CUST_03667,1469,173.96,2.67,0,0,Bangalore,IN
CUST_03668,1254,643.96,5.32,0,0,Ahmedabad,IN
CUST_03669,1285,849.3,2.65,0,1,Delhi,IN
CUST_03670,713,126.87,2.75,0,0,Pune,IN
CUST_03671,10,695.34,0.89,0,0,Kolkata,IN
CUST_03672,394,472.56,2.35,0,0,Chennai,IN
CUST_03673,1086,553.27,4.88,0,0,Delhi,IN
CUST_03674,1268,880.03,0.35,0,0,Delhi,IN
CUST_03675,1767,369.49,2.79,0,0,Hyderabad,IN
CUST_03676,951,240.57,0.82,2,0,Chennai,IN
CUST_03677,567,332.24,1.08,0,0,Chennai,IN
CUST_03678,397,415.73,5.16,0,0,Mumbai,IN
CUST_03679,1632,363.45,4.44,0,1,Delhi,IN
CUST_03680,1404,1021.73,1.73,0,1,Bangalore,IN
CUST_03681,1019,1062.35,0.85,0,0,Ahmedabad,IN
CUST_03682,328,1371.5,0.16,1,0,Bangalore,IN
CUST_03683,111,517.16,3.87,0,0,Mumbai,IN
CUST_03684,584,373.95,1.82,0,0,Hyderabad,IN
CUST_03685,891,811.39,0.55,0,1,Chennai,IN
CUST_03686,685,203.46,5.01,0,0,Pune,IN
CUST_03687,89,170.68,3.25,1,0,Ahmedabad,IN
CUST_03688,1517,648.79,1.74,0,0,Delhi,IN
CUST_03689,1895,756.06,1.27,3,1,Mumbai,IN
CUST_03690,324,2316.89,5.92,0,0,Bangalore,IN
CUST_03691,994,780.15,3.6,0,1,Mumbai,IN
CUST_03692,146,296.32,0.36,0,0,Delhi,IN
CUST_03693,1478,341.98,3.51,0,0,Chennai,IN
CUST_03694,1214,219.63,2.16,1,0,Ahmedabad,IN
CUST_03695,859,352.29,2.9,0,1,Hyderabad,IN
CUST_03696,1531,199.93,1.67,0,0,Chennai,IN
CUST_03697,472,104.34,5.86,0,1,Hyderabad,IN
CUST_03698,668,194.98,3.35,0,0,Delhi,IN
CUST_03699,201,380.31,1.24,0,0,Chennai,IN
CUST_03700,1511,466.74,3.21,0,1,Chennai,IN
CUST_03701,1782,699.3,3.75,0,0,Kolkata,IN
CUST_03702,770,355.31,3.1,0,0,Chennai,IN
CUST_03703,151,633.46,1.32,0,1,Chennai,IN
CUST_03704,1199,897.06,2.87,0,0,Ahmedabad,IN
CUST_03705,112,134.61,2.31,0,0,Ahmedabad,IN
CUST_03706,297,601.86,2.13,0,0,Kolkata,IN
CUST_03707,1901,1080.89,3.2,0,0,Chennai,IN
CUST_03708,365,566.68,3.3,0,0,Ahmedabad,IN
CUST_03709,765,410.02,5.65,1,0,Kolkata,IN
CUST_03710,938,598.73,3.49,0,0,Bangalore,IN
CUST_03711,1295,1270.2,1.97,0,1,Chennai,IN
CUST_03712,1998,209.94,5.96,0,0,Hyderabad,IN
CUST_03713,415,298.92,4.73,0,1,Pune,IN
CUST_03714,261,2807.96,1.91,0,1,Hyderabad,IN
CUST_03715,1418,169.01,0.59,0,0,Mumbai,IN
CUST_03716,575,733.43,1.71,0,1,Mumbai,IN
CUST_03717,228,483.2,1.39,0,0,Bangalore,IN
CUST_03718,940,1728.8,1.26,0,0,Ahmedabad,IN
CUST_03719,351,577.32,2.53,0,1,Kolkata,IN
CUST_03720,451,585.11,1.86,0,0,Hyderabad,IN
CUST_03721,1237,169.15,1.62,0,0,Pune,IN
CUST_03722,1617,293.14,1.19,0,0,Bangalore,IN
CUST_03723,1184,1364.0,2.06,0,1,Bangalore,IN
CUST_03724,178,288.49,4.04,0,0,Chennai,IN
CUST_03725,1756,215.94,2.68,0,0,Kolkata,IN
CUST_03726,1766,834.51,4.83,0,0,Ahmedabad,IN
CUST_03727,1212,148.33,0.5,0,1,Chennai,IN
CUST_03728,1715,2697.97,1.16,0,0,Ahmedabad,IN
CUST_03729,572,258.76,1.61,0,1,Ahmedabad,IN
CUST_03730,1496,381.47,5.3,0,2,Mumbai,IN
CUST_03731,1508,558.07,3.32,0,0,Kolkata,IN
CUST_03732,508,144.25,2.17,0,0,Chennai,IN
CUST_03733,890,850.13,1.84,0,1,Hyderabad,IN
CUST_03734,1827,132.93,5.66,0,0,Chennai,IN
CUST_03735,1872,345.91,1.96,0,0,Bangalore,IN
CUST_03736,856,130.32,4.07,3,1,Mumbai,IN
CUST_03737,83,231.86,5.35,0,0,Mumbai,IN
CUST_03738,1503,552.99,3.65,0,0,Ahmedabad,IN
CUST_03739,872,114.55,3.93,0,0,Mumbai,IN
CUST_03740,982,325.98,3.82,0,1,Kolkata,IN
CUST_03741,927,300.51,1.33,0,0,Delhi,IN
CUST_03742,493,501.44,5.53,0,0,Ahmedabad,IN
CUST_03743,1144,2167.24,0.6,0,1,Delhi,IN
CUST_03744,1420,377.64,2.59,0,0,Mumbai,IN
CUST_03745,1946,832.35,1.38,0,0,Kolkata,IN
CUST_03746,272,1028.26,2.55,0,0,Chennai,IN
CUST_03747,606,517.96,1.95,0,0,Hyderabad,IN
CUST_03748,1327,377.78,1.75,0,0,Chennai,IN
CUST_03749,33,175.11,2.28,0,0,Delhi,IN
CUST_03750,1371,1015.39,0.53,0,0,Ahmedabad,IN
CUST_03751,332,623.72,2.26,0,0,Pune,IN
CUST_03752,1758,183.61,6.71,0,0,Ahmedabad,IN
CUST_03753,2000,244.65,6.81,0,1,Mumbai,IN
CUST_03754,950,116.47,1.22,0,1,Ahmedabad,IN
CUST_03755,1791,374.44,1.68,0,1,Bangalore,IN
CUST_03756,379,608.81,0.33,0,0,Kolkata,IN
CUST_03757,1284,440.53,1.01,0,0,Hyderabad,IN
CUST_03758,1442,2346.66,1.54,0,1,Ahmedabad,IN
CUST_03759,1763,491.55,5.8,0,1,Mumbai,IN
CUST_03760,789,1183.31,1.93,0,0,Delhi,IN
CUST_03761,1088,1511.16,2.77,0,1,Hyderabad,IN
CUST_03762,608,1956.26,4.38,0,1,Mumbai,IN
CUST_03763,1542,2007.18,6.66,0,0,Kolkata,IN
CUST_03764,1430,844.61,8.69,0,0,Pune,IN
CUST_03765,1614,573.4,6.18,7,0,Chennai,IN
CUST_03766,1271,201.87,1.72,0,0,Delhi,IN
CUST_03767,1507,293.3,4.41,0,0,Hyderabad,IN
CUST_03768,1055,400.0,8.47,0,0,Mumbai,IN
CUST_03769,1819,145.55,1.72,0,1,Hyderabad,IN
CUST_03770,228,442.07,2.84,1,0,Mumbai,IN
CUST_03771,749,411.11,1.66,0,0,Kolkata,IN
CUST_03772,1268,117.25,4.82,0,1,Ahmedabad,IN
CUST_03773,749,129.98,1.68,0,0,Mumbai,IN
CUST_03774,359,565.82,2.91,0,1,Hyderabad,IN
CUST_03775,1149,331.14,3.63,0,0,Delhi,IN
CUST_03776,284,476.79,6.51,0,0,Chennai,IN
CUST_03777,489,314.79,3.62,0,1,Hyderabad,IN
CUST_03778,1330,249.22,1.32,0,0,Delhi,IN
CUST_03779,1511,527.0,2.91,0,0,Ahmedabad,IN
CUST_03780,1543,43.9,2.35,0,0,Chennai,IN
CUST_03781,657,163.77,3.29,2,1,Chennai,IN
CUST_03782,1839,374.9,6.06,0,0,Hyderabad,IN
CUST_03783,1032,379.77,3.08,0,0,Pune,IN
CUST_03784,568,600.26,0.63,0,1,Kolkata,IN
CUST_03785,130,332.71,2.05,0,0,Mumbai,IN
CUST_03786,708,279.76,4.17,0,0,Hyderabad,IN
CUST_03787,996,335.5,1.52,0,0,Ahmedabad,IN
CUST_03788,963,584.71,2.32,0,1,Delhi,IN
CUST_03789,926,275.74,3.83,0,0,Pune,IN
CUST_03790,1639,383.53,3.24,0,1,Hyderabad,IN
CUST_03791,386,377.34,2.12,0,1,Delhi,IN
CUST_03792,179,300.27,3.06,0,0,Ahmedabad,IN
CUST_03793,801,269.05,4.1,0,0,Delhi,IN
CUST_03794,591,254.65,1.2,0,0,Bangalore,IN
CUST_03795,224,616.49,0.72,0,0,Delhi,IN
CUST_03796,566,358.12,3.51,0,0,Bangalore,IN
CUST_03797,1428,488.5,1.92,0,0,Delhi,IN
CUST_03798,1017,267.77,2.46,0,1,Bangalore,IN
CUST_03799,1792,299.49,3.84,0,1,Bangalore,IN
CUST_03800,1067,732.95,4.02,0,0,Chennai,IN
CUST_03801,601,1330.55,0.31,0,0,Mumbai,IN
CUST_03802,1986,249.58,1.14,0,0,Kolkata,IN
CUST_03803,971,351.71,3.0,0,0,Bangalore,IN
CUST_03804,861,232.63,4.48,1,0,Hyderabad,IN
CUST_03805,1511,1237.78,3.97,0,1,Ahmedabad,IN
CUST_03806,598,885.56,2.84,0,1,Mumbai,IN
CUST_03807,129,482.58,3.66,0,1,Chennai,IN
CUST_03808,1786,407.29,1.05,0,0,Mumbai,IN
CUST_03809,1710,306.77,1.84,0,0,Chennai,IN
CUST_03810,844,621.1,0.81,0,3,Hyderabad,IN
CUST_03811,1343,465.09,0.44,0,0,Hyderabad,IN
CUST_03812,996,470.38,2.35,0,0,Hyderabad,IN
CUST_03813,938,467.68,3.23,0,1,Ahmedabad,IN
CUST_03814,1162,472.52,0.49,0,1,Pune,IN
CUST_03815,1840,480.68,1.61,0,0,Bangalore,IN
CUST_03816,352,657.55,1.25,0,1,Pune,IN
CUST_03817,465,1537.22,0.68,0,0,Pune,IN
CUST_03818,762,447.04,5.84,0,0,Ahmedabad,IN
CUST_03819,1577,505.1,0.93,0,2,Pune,IN
CUST_03820,304,411.56,0.84,0,0,Mumbai,IN
CUST_03821,583,370.59,8.07,0,0,Hyderabad,IN
CUST_03822,1959,586.27,2.58,0,1,Ahmedabad,IN
CUST_03823,1267,796.94,1.81,0,0,Bangalore,IN
CUST_03824,1458,517.0,5.17,0,0,Bangalore,IN
CUST_03825,374,225.46,0.97,0,1,Pune,IN
CUST_03826,1719,626.36,3.82,0,0,Bangalore,IN
CUST_03827,331,313.74,4.37,0,0,Bangalore,IN
CUST_03828,240,1392.0,2.12,0,0,Chennai,IN
CUST_03829,649,889.49,3.16,0,1,Mumbai,IN
CUST_03830,903,502.48,1.31,0,1,Bangalore,IN
CUST_03831,758,629.38,2.77,0,0,Pune,IN
CUST_03832,421,2136.63,1.71,0,2,Bangalore,IN
CUST_03833,1364,603.37,2.18,0,0,Mumbai,IN
CUST_03834,705,1059.25,4.27,0,0,Hyderabad,IN
CUST_03835,764,641.81,2.16,0,0,Bangalore,IN
CUST_03836,1106,864.07,7.17,0,0,Ahmedabad,IN
CUST_03837,1093,834.42,1.53,0,0,Bangalore,IN
CUST_03838,249,513.19,5.78,0,0,Pune,IN
CUST_03839,829,370.84,3.69,0,0,Mumbai,IN
CUST_03840,1574,582.32,0.94,0,0,Ahmedabad,IN
CUST_03841,1942,1580.78,2.17,0,0,Bangalore,IN
CUST_03842,1901,602.59,2.82,0,0,Ahmedabad,IN
CUST_03843,320,324.97,1.77,0,0,Hyderabad,IN
CUST_03844,1987,144.57,5.39,2,0,Mumbai,IN
CUST_03845,1326,216.0,3.44,0,0,Hyderabad,IN
CUST_03846,971,371.5,6.69,0,0,Pune,IN
CUST_03847,1986,355.44,1.33,0,0,Pune,IN
CUST_03848,1638,308.39,1.32,2,1,Bangalore,IN
CUST_03849,694,448.75,1.28,0,0,Ahmedabad,IN
CUST_03850,1499,357.84,2.96,0,1,Delhi,IN
CUST_03851,1844,193.96,5.98,5,1,Ahmedabad,IN
CUST_03852,286,805.28,2.75,0,0,Mumbai,IN
CUST_03853,631,840.67,4.75,0,0,Delhi,IN
CUST_03854,823,179.5,2.7,0,0,Mumbai,IN
CUST_03855,914,636.27,3.0,0,0,Chennai,IN
CUST_03856,190,658.62,0.76,0,0,Hyderabad,IN
CUST_03857,113,266.48,1.04,0,1,Hyderabad,IN
CUST_03858,1195,316.15,1.87,0,0,Chennai,IN
CUST_03859,1601,552.66,1.32,0,0,Chennai,IN
CUST_03860,401,952.73,1.86,0,3,Pune,IN
CUST_03861,172,491.28,4.56,0,1,Mumbai,IN
CUST_03862,1387,435.76,2.7,0,0,Ahmedabad,IN
CUST_03863,1999,432.42,9.5,0,0,Delhi,IN
CUST_03864,399,428.48,4.24,0,0,Kolkata,IN
CUST_03865,651,646.13,2.5,0,0,Ahmedabad,IN
CUST_03866,1861,425.41,3.25,0,0,Mumbai,IN
CUST_03867,815,273.77,1.41,0,0,Hyderabad,IN
CUST_03868,1467,611.61,1.9,0,0,Bangalore,IN
CUST_03869,758,215.54,1.48,0,1,Kolkata,IN
CUST_03870,764,1231.43,0.77,0,0,Kolkata,IN
CUST_03871,583,1199.57,1.92,0,1,Mumbai,IN
CUST_03872,720,672.74,0.56,0,1,Hyderabad,IN
CUST_03873,913,302.39,0.49,0,0,Pune,IN
CUST_03874,442,641.66,0.99,0,0,Delhi,IN
CUST_03875,1519,334.61,0.96,0,0,Ahmedabad,IN
CUST_03876,1646,1465.82,0.98,0,0,Kolkata,IN
CUST_03877,592,719.07,1.76,1,0,Ahmedabad,IN
CUST_03878,1651,384.91,5.65,0,0,Bangalore,IN
CUST_03879,1493,62.63,7.07,0,1,Kolkata,IN
CUST_03880,286,1023.79,1.49,0,1,Kolkata,IN
CUST_03881,295,197.36,2.88,0,1,Delhi,IN
CUST_03882,622,1158.09,7.61,0,1,Chennai,IN
CUST_03883,1777,792.34,0.34,0,0,Ahmedabad,IN
CUST_03884,136,323.24,1.58,0,0,Hyderabad,IN
CUST_03885,182,271.47,4.88,0,0,Kolkata,IN
CUST_03886,839,742.97,2.6,0,0,Mumbai,IN
CUST_03887,849,670.72,2.36,0,0,Pune,IN
CUST_03888,1139,693.16,4.0,0,0,Bangalore,IN
CUST_03889,1455,614.0,1.13,0,0,Ahmedabad,IN
CUST_03890,409,1002.67,1.37,0,0,Bangalore,IN
CUST_03891,1705,975.84,4.18,0,0,Bangalore,IN
CUST_03892,593,330.07,3.27,0,0,Kolkata,IN
CUST_03893,87,1111.93,0.4,0,0,Ahmedabad,IN
CUST_03894,1710,626.21,1.6,0,0,Pune,IN
CUST_03895,1012,433.53,2.62,0,0,Pune,IN
CUST_03896,460,436.69,0.71,0,0,Ahmedabad,IN
CUST_03897,1621,1264.3,4.74,0,0,Mumbai,IN
CUST_03898,316,1068.77,0.75,0,0,Mumbai,IN
CUST_03899,615,932.28,0.56,0,0,Pune,IN
CUST_03900,255,125.68,0.98,0,0,Ahmedabad,IN
CUST_03901,855,1073.8,2.84,0,0,Pune,IN
CUST_03902,1008,373.76,6.04,0,0,Bangalore,IN
CUST_03903,59,249.48,5.42,0,0,Chennai,IN
CUST_03904,1567,56.33,0.76,0,1,Delhi,IN
CUST_03905,1010,967.06,3.39,0,1,Pune,IN
CUST_03906,1227,242.27,0.84,0,0,Delhi,IN
CUST_03907,1191,392.56,5.05,0,0,Hyderabad,IN
CUST_03908,1159,609.13,1.86,0,0,Ahmedabad,IN
CUST_03909,1779,558.4,0.31,0,0,Kolkata,IN
CUST_03910,1287,405.1,1.7,0,1,Pune,IN
CUST_03911,1996,237.69,1.85,0,2,Ahmedabad,IN
CUST_03912,765,842.46,2.2,0,1,Delhi,IN
CUST_03913,1732,405.01,4.27,0,0,Mumbai,IN
CUST_03914,334,379.4,0.32,0,1,Pune,IN
CUST_03915,300,1709.76,0.85,0,0,Mumbai,IN
CUST_03916,945,1807.66,6.19,3,0,Hyderabad,IN
CUST_03917,732,476.97,4.34,0,0,Bangalore,IN
CUST_03918,109,940.87,4.97,0,1,Bangalore,IN
CUST_03919,740,465.44,3.59,0,1,Pune,IN
CUST_03920,1304,696.87,5.31,0,2,Kolkata,IN
CUST_03921,100,450.78,1.99,0,0,Hyderabad,IN
CUST_03922,598,963.2,2.36,0,1,Pune,IN
CUST_03923,1053,153.99,2.43,0,2,Delhi,IN
CUST_03924,1570,600.96,12.3,0,0,Chennai,IN
CUST_03925,1567,1409.96,1.08,0,1,Bangalore,IN
CUST_03926,1227,779.86,2.32,0,0,Delhi,IN
CUST_03927,1114,559.49,3.51,0,0,Bangalore,IN
CUST_03928,1787,349.47,2.1,0,0,Hyderabad,IN
CUST_03929,1694,1092.8,1.72,0,0,Hyderabad,IN
CUST_03930,556,1441.08,5.95,3,0,Pune,IN
CUST_03931,197,466.12,2.06,0,0,Hyderabad,IN
CUST_03932,1687,700.33,5.74,0,1,Hyderabad,IN
CUST_03933,27,411.41,3.69,0,0,Bangalore,IN
CUST_03934,1062,843.79,1.96,0,0,Bangalore,IN
CUST_03935,764,760.78,0.8,0,0,Pune,IN
CUST_03936,844,402.5,1.57,0,0,Ahmedabad,IN
CUST_03937,1887,329.77,6.44,0,2,Hyderabad,IN
CUST_03938,210,474.81,3.08,0,0,Bangalore,IN
CUST_03939,317,868.09,1.52,0,0,Chennai,IN
CUST_03940,1704,1945.24,1.35,0,0,Chennai,IN
CUST_03941,1629,852.72,4.15,0,1,Chennai,IN
CUST_03942,855,740.11,8.23,0,0,Delhi,IN
CUST_03943,1877,496.69,1.43,0,1,Ahmedabad,IN
CUST_03944,239,582.03,9.33,0,1,Delhi,IN
CUST_03945,1892,389.33,1.62,0,0,Bangalore,IN
CUST_03946,983,333.32,1.62,0,0,Mumbai,IN
CUST_03947,639,189.42,6.57,0,0,Hyderabad,IN
CUST_03948,285,390.91,5.54,0,0,Hyderabad,IN
CUST_03949,1823,1779.16,2.11,3,2,Ahmedabad,IN
CUST_03950,353,948.59,1.24,0,0,Hyderabad,IN
CUST_03951,59,354.67,1.26,0,0,Pune,IN
CUST_03952,456,234.97,2.95,0,0,Delhi,IN
CUST_03953,1755,505.07,0.3,0,0,Bangalore,IN
CUST_03954,1410,353.6,2.05,0,0,Bangalore,IN
CUST_03955,630,223.46,1.12,0,0,Chennai,IN
CUST_03956,430,389.92,1.19,0,0,Bangalore,IN
CUST_03957,161,197.14,3.13,1,1,Bangalore,IN
CUST_03958,1415,477.56,4.7,0,0,Kolkata,IN
CUST_03959,160,654.65,3.07,0,0,Delhi,IN
CUST_03960,1587,485.63,3.31,4,1,Mumbai,IN
CUST_03961,1552,799.1,4.41,0,0,Ahmedabad,IN
CUST_03962,88,508.17,3.5,0,0,Kolkata,IN
CUST_03963,221,934.05,0.46,0,1,Chennai,IN
CUST_03964,1625,811.21,3.24,0,1,Mumbai,IN
CUST_03965,961,626.07,0.73,0,1,Mumbai,IN
CUST_03966,1861,1327.81,2.97,6,0,Delhi,IN
CUST_03967,89,296.77,4.36,0,1,Pune,IN
CUST_03968,618,510.09,2.35,0,0,Delhi,IN
CUST_03969,1546,343.49,2.8,0,0,Mumbai,IN
CUST_03970,1603,1374.44,2.72,0,0,Delhi,IN
CUST_03971,1885,357.92,7.73,0,0,Delhi,IN
CUST_03972,1204,120.14,0.7,0,1,Chennai,IN
CUST_03973,379,718.35,6.27,0,1,Chennai,IN
CUST_03974,60,839.62,2.6,0,0,Hyderabad,IN
CUST_03975,299,764.84,2.06,0,1,Delhi,IN
CUST_03976,1944,279.23,1.18,0,2,Pune,IN
CUST_03977,722,527.55,6.06,1,0,Hyderabad,IN
CUST_03978,1752,264.76,0.74,0,1,Bangalore,IN
CUST_03979,1035,1185.14,0.91,0,0,Chennai,IN
CUST_03980,203,417.54,0.91,0,0,Delhi,IN
CUST_03981,1084,151.87,2.07,0,1,Mumbai,IN
CUST_03982,1466,458.31,0.75,0,0,Chennai,IN
CUST_03983,1975,181.13,0.63,0,1,Chennai,IN
CUST_03984,352,619.5,1.62,0,0,Pune,IN
CUST_03985,1994,752.64,2.0,0,0,Mumbai,IN
CUST_03986,1893,610.25,2.09,0,0,Delhi,IN
CUST_03987,1886,711.67,2.0,0,0,Chennai,IN
CUST_03988,751,505.07,2.2,0,0,Ahmedabad,IN
CUST_03989,901,298.43,1.72,0,0,Bangalore,IN
CUST_03990,371,711.07,3.31,0,0,Delhi,IN
CUST_03991,778,734.93,2.88,0,1,Hyderabad,IN
CUST_03992,439,381.18,1.94,0,0,Kolkata,IN
CUST_03993,835,1438.17,7.13,0,1,Chennai,IN
CUST_03994,1560,394.5,2.57,0,0,Delhi,IN
CUST_03995,254,314.33,5.01,0,1,Hyderabad,IN
CUST_03996,226,464.97,2.87,0,0,Ahmedabad,IN
CUST_03997,1016,755.19,1.81,0,0,Bangalore,IN
CUST_03998,1444,590.32,0.87,3,1,Hyderabad,IN
CUST_03999,1142,380.31,3.84,0,0,Pune,IN
CUST_04000,169,479.99,2.01,0,0,Mumbai,IN
CUST_04001,1012,628.52,0.91,0,0,Hyderabad,IN
CUST_04002,789,152.15,2.15,0,0,Delhi,IN
CUST_04003,936,1203.98,6.86,0,2,Pune,IN
CUST_04004,1408,469.84,0.66,0,1,Pune,IN
CUST_04005,463,746.31,0.83,0,0,Ahmedabad,IN
CUST_04006,596,211.59,1.53,0,1,Kolkata,IN
CUST_04007,387,270.73,3.29,0,0,Kolkata,IN
CUST_04008,1833,107.67,8.35,0,0,Delhi,IN
CUST_04009,1924,880.39,3.24,0,1,Ahmedabad,IN
CUST_04010,368,347.22,1.54,0,0,Hyderabad,IN
CUST_04011,1381,171.23,9.05,0,1,Mumbai,IN
CUST_04012,1377,667.29,2.06,0,1,Ahmedabad,IN
CUST_04013,812,536.95,2.15,0,0,Delhi,IN
CUST_04014,1071,1198.03,1.7,0,1,Ahmedabad,IN
CUST_04015,245,1335.06,2.6,0,0,Delhi,IN
CUST_04016,809,802.39,0.8,0,0,Bangalore,IN
CUST_04017,1424,379.09,1.68,0,0,Kolkata,IN
CUST_04018,1519,476.57,1.53,0,1,Delhi,IN
CUST_04019,133,317.69,5.64,0,0,Bangalore,IN
CUST_04020,1998,629.93,0.79,0,0,Hyderabad,IN
CUST_04021,694,577.43,5.95,0,0,Chennai,IN
CUST_04022,1219,384.75,2.11,0,0,Chennai,IN
CUST_04023,252,725.99,3.41,0,0,Kolkata,IN
CUST_04024,1717,584.81,10.1,0,0,Chennai,IN
CUST_04025,1486,1063.82,1.88,0,0,Kolkata,IN
CUST_04026,571,625.7,8.19,0,1,Ahmedabad,IN
CUST_04027,1549,308.63,0.66,0,0,Pune,IN
CUST_04028,730,992.58,2.46,0,0,Kolkata,IN
CUST_04029,1366,889.59,1.99,0,0,Ahmedabad,IN
CUST_04030,993,114.98,2.91,0,0,Kolkata,IN
CUST_04031,302,277.61,3.21,1,0,Pune,IN
CUST_04032,222,316.15,3.78,0,0,Ahmedabad,IN
CUST_04033,514,210.04,3.35,0,0,Delhi,IN
CUST_04034,1019,1566.94,1.3,0,0,Ahmedabad,IN
CUST_04035,1287,1465.59,2.88,0,0,Chennai,IN
CUST_04036,61,1205.5,3.66,0,0,Bangalore,IN
CUST_04037,1512,597.51,4.72,0,0,Delhi,IN
CUST_04038,1701,175.1,3.0,0,0,Mumbai,IN
CUST_04039,1021,1361.51,1.08,0,0,Delhi,IN
CUST_04040,1991,694.19,4.75,0,0,Mumbai,IN
CUST_04041,784,665.87,3.62,0,0,Bangalore,IN
CUST_04042,313,225.24,2.72,0,0,Hyderabad,IN
CUST_04043,1274,555.48,0.88,0,0,Pune,IN
CUST_04044,1557,481.62,2.88,0,0,Delhi,IN
CUST_04045,1354,414.25,1.64,0,0,Delhi,IN
CUST_04046,1624,1338.1,1.77,7,0,Ahmedabad,IN
CUST_04047,414,500.3,2.92,0,0,Ahmedabad,IN
CUST_04048,1356,406.19,5.67,0,0,Pune,IN
CUST_04049,1005,297.82,5.28,1,1,Ahmedabad,IN
CUST_04050,1111,365.18,3.74,2,1,Pune,IN
CUST_04051,1658,1051.83,1.31,0,1,Hyderabad,IN
CUST_04052,1951,372.28,3.76,0,0,Mumbai,IN
CUST_04053,882,218.5,2.55,0,0,Mumbai,IN
CUST_04054,786,402.93,2.52,0,1,Delhi,IN
CUST_04055,645,904.31,0.42,0,0,Ahmedabad,IN
CUST_04056,907,424.53,1.52,0,1,Kolkata,IN
CUST_04057,74,452.89,3.2,0,0,Ahmedabad,IN
CUST_04058,363,129.53,1.59,0,0,Mumbai,IN
CUST_04059,1812,231.73,2.02,0,0,Pune,IN
CUST_04060,1007,295.04,4.02,0,0,Bangalore,IN
CUST_04061,276,3046.46,3.5,0,0,Kolkata,IN
CUST_04062,1466,1943.03,1.88,0,1,Pune,IN
CUST_04063,999,927.17,5.88,0,0,Kolkata,IN
CUST_04064,1166,648.02,2.19,0,0,Delhi,IN
CUST_04065,1352,249.68,1.08,0,2,Ahmedabad,IN
CUST_04066,975,536.9,1.32,0,0,Ahmedabad,IN
CUST_04067,1038,317.69,6.57,0,0,Bangalore,IN
CUST_04068,802,1406.72,4.21,0,0,Mumbai,IN
CUST_04069,1014,976.61,2.86,0,0,Pune,IN
CUST_04070,1264,814.86,2.2,0,0,Kolkata,IN
CUST_04071,1570,637.17,2.44,0,0,Hyderabad,IN
CUST_04072,657,464.9,5.28,0,0,Pune,IN
CUST_04073,58,704.1,4.16,0,0,Mumbai,IN
CUST_04074,263,487.48,1.86,0,0,Mumbai,IN
CUST_04075,715,569.95,4.94,0,0,Hyderabad,IN
CUST_04076,1568,826.23,4.52,0,1,Mumbai,IN
CUST_04077,780,111.41,1.39,0,0,Hyderabad,IN
CUST_04078,877,232.23,3.97,0,0,Delhi,IN
CUST_04079,732,265.8,1.52,0,1,Hyderabad,IN
CUST_04080,720,143.8,3.56,0,0,Kolkata,IN
CUST_04081,1355,460.21,0.45,5,0,Mumbai,IN
CUST_04082,508,700.93,0.61,0,0,Chennai,IN
CUST_04083,1328,116.39,1.25,0,1,Chennai,IN
CUST_04084,1214,114.88,3.08,0,0,Pune,IN
CUST_04085,1865,227.49,1.07,0,0,Delhi,IN
CUST_04086,1780,500.78,0.91,0,0,Delhi,IN
CUST_04087,235,1127.81,3.62,3,1,Pune,IN
CUST_04088,348,1290.67,2.67,0,1,Hyderabad,IN
CUST_04089,1103,330.23,7.7,0,1,Mumbai,IN
CUST_04090,77,308.78,3.68,0,0,Hyderabad,IN
CUST_04091,1348,317.12,0.79,0,0,Ahmedabad,IN
CUST_04092,1164,1261.3,3.26,0,0,Kolkata,IN
CUST_04093,547,154.03,6.86,0,0,Kolkata,IN
CUST_04094,1426,935.77,4.52,0,0,Mumbai,IN
CUST_04095,1205,1084.07,2.31,0,1,Ahmedabad,IN
CUST_04096,649,874.66,7.49,0,3,Mumbai,IN
CUST_04097,1169,742.38,0.46,0,0,Kolkata,IN
CUST_04098,661,1068.26,4.7,0,0,Kolkata,IN
CUST_04099,1656,272.47,7.63,0,0,Delhi,IN
CUST_04100,205,196.93,1.89,0,0,Ahmedabad,IN
CUST_04101,689,1344.42,1.38,0,0,Chennai,IN
CUST_04102,1030,402.54,2.63,0,1,Ahmedabad,IN
CUST_04103,342,347.2,3.68,0,0,Hyderabad,IN
CUST_04104,745,89.11,1.0,0,0,Pune,IN
CUST_04105,414,286.87,2.29,0,0,Kolkata,IN
CUST_04106,1302,580.59,3.68,0,1,Ahmedabad,IN
CUST_04107,1722,208.96,2.77,0,1,Delhi,IN
CUST_04108,589,233.06,2.09,0,2,Chennai,IN
CUST_04109,98,907.91,3.87,0,2,Pune,IN
CUST_04110,1175,342.56,2.51,3,0,Pune,IN
CUST_04111,1648,607.81,0.47,0,1,Kolkata,IN
CUST_04112,1280,164.17,6.78,0,0,Chennai,IN
CUST_04113,1470,323.91,5.74,6,2,Delhi,IN
CUST_04114,1213,1637.6,2.69,0,0,Delhi,IN
CUST_04115,560,516.85,4.44,0,0,Hyderabad,IN
CUST_04116,1161,558.95,2.32,6,1,Delhi,IN
CUST_04117,875,432.08,0.98,0,0,Ahmedabad,IN
CUST_04118,712,3737.9,2.74,3,2,Chennai,IN
CUST_04119,1335,739.03,3.52,1,2,Delhi,IN
CUST_04120,1034,462.59,7.09,0,0,Pune,IN
CUST_04121,887,386.35,1.2,0,0,Pune,IN
CUST_04122,410,146.42,0.23,0,1,Hyderabad,IN
CUST_04123,824,222.41,2.98,0,1,Kolkata,IN
CUST_04124,1280,951.15,0.43,1,0,Pune,IN
CUST_04125,1376,166.38,6.69,0,0,Ahmedabad,IN
CUST_04126,1805,674.77,3.17,0,1,Bangalore,IN
CUST_04127,1286,1243.95,1.58,0,0,Mumbai,IN
CUST_04128,1182,258.8,0.42,0,1,Bangalore,IN
CUST_04129,437,492.58,2.57,2,1,Ahmedabad,IN
CUST_04130,549,1586.99,9.66,0,1,Ahmedabad,IN
CUST_04131,1915,1044.57,4.59,0,0,Kolkata,IN
CUST_04132,1070,1251.56,1.45,0,0,Mumbai,IN
CUST_04133,747,774.27,4.13,0,0,Chennai,IN
CUST_04134,303,174.65,3.48,0,0,Ahmedabad,IN
CUST_04135,309,817.37,5.74,0,1,Chennai,IN
CUST_04136,1729,541.0,1.92,0,0,Pune,IN
CUST_04137,841,1598.04,2.5,0,0,Kolkata,IN
CUST_04138,1762,298.79,1.21,0,0,Hyderabad,IN
CUST_04139,1299,179.33,2.54,0,1,Delhi,IN
CUST_04140,1733,1064.14,2.32,0,0,Chennai,IN
CUST_04141,547,1831.07,2.71,0,0,Kolkata,IN
CUST_04142,1324,225.38,4.75,0,0,Pune,IN
CUST_04143,526,518.01,2.3,0,1,Bangalore,IN
CUST_04144,832,383.29,4.11,0,0,Chennai,IN
CUST_04145,233,99.66,2.11,0,1,Chennai,IN
CUST_04146,394,563.42,4.21,0,0,Bangalore,IN
CUST_04147,503,332.06,4.92,0,1,Mumbai,IN
CUST_04148,951,91.15,3.41,0,1,Pune,IN
CUST_04149,1147,242.09,0.93,0,0,Ahmedabad,IN
CUST_04150,865,587.76,2.37,0,0,Kolkata,IN
CUST_04151,414,103.85,2.37,0,0,Mumbai,IN
CUST_04152,559,508.6,7.35,0,1,Bangalore,IN
CUST_04153,60,430.18,0.87,0,0,Bangalore,IN
CUST_04154,1618,827.8,2.14,0,0,Pune,IN
CUST_04155,1349,397.93,1.02,5,0,Pune,IN
CUST_04156,1320,620.47,1.91,0,1,Bangalore,IN
CUST_04157,1974,521.26,1.51,0,0,Mumbai,IN
CUST_04158,1603,503.21,2.17,0,0,Ahmedabad,IN
CUST_04159,114,298.79,0.16,0,0,Mumbai,IN
CUST_04160,643,324.04,1.82,0,0,Delhi,IN
CUST_04161,1776,414.46,3.06,0,0,Pune,IN
CUST_04162,1845,239.93,3.94,0,0,Delhi,IN
CUST_04163,1837,206.44,6.87,0,0,Kolkata,IN
CUST_04164,1376,153.14,3.71,0,0,Hyderabad,IN
CUST_04165,813,139.03,2.44,0,0,Delhi,IN
CUST_04166,484,358.08,3.02,0,0,Bangalore,IN
CUST_04167,1170,196.31,7.58,0,0,Delhi,IN
CUST_04168,1069,151.2,4.32,0,0,Delhi,IN
CUST_04169,1017,887.78,3.62,0,0,Pune,IN
CUST_04170,488,976.82,2.77,0,0,Delhi,IN
CUST_04171,1584,321.12,2.53,0,1,Delhi,IN
CUST_04172,675,337.09,1.49,0,1,Hyderabad,IN
CUST_04173,1651,275.15,5.44,0,0,Kolkata,IN
CUST_04174,1916,459.0,1.84,0,0,Chennai,IN
CUST_04175,447,591.6,1.08,0,0,Kolkata,IN
CUST_04176,219,257.8,1.45,0,1,Bangalore,IN
CUST_04177,439,1573.74,3.22,0,0,Bangalore,IN
CUST_04178,901,313.28,8.8,0,0,Pune,IN
CUST_04179,521,508.13,0.59,0,0,Kolkata,IN
CUST_04180,1005,757.77,5.87,0,0,Mumbai,IN
CUST_04181,1433,82.53,0.33,0,0,Hyderabad,IN
CUST_04182,649,471.04,6.26,0,0,Delhi,IN
CUST_04183,973,650.43,3.11,0,0,Kolkata,IN
CUST_04184,1973,356.95,2.53,0,0,Chennai,IN
CUST_04185,1802,505.88,2.92,0,0,Pune,IN
CUST_04186,744,135.72,2.65,0,0,Bangalore,IN
CUST_04187,1466,1452.24,1.26,0,0,Ahmedabad,IN
CUST_04188,1683,1740.85,3.04,0,0,Hyderabad,IN
CUST_04189,44,178.57,2.15,0,0,Pune,IN
CUST_04190,1724,378.45,1.42,0,1,Mumbai,IN
CUST_04191,1415,188.18,9.32,0,0,Mumbai,IN
CUST_04192,519,787.02,0.71,0,0,Chennai,IN
CUST_04193,634,403.77,5.97,0,2,Kolkata,IN
CUST_04194,1850,363.17,2.65,0,1,Hyderabad,IN
CUST_04195,1096,918.26,2.58,0,0,Delhi,IN
CUST_04196,1757,302.53,1.62,1,0,Chennai,IN
CUST_04197,796,178.44,5.07,0,1,Ahmedabad,IN
CUST_04198,1864,354.21,3.48,0,0,Mumbai,IN
CUST_04199,1900,215.54,1.07,0,0,Kolkata,IN
CUST_04200,617,463.64,5.53,0,0,Pune,IN
CUST_04201,1918,132.25,11.59,3,1,Delhi,IN
CUST_04202,610,706.27,1.62,0,1,Chennai,IN
CUST_04203,1761,313.38,4.52,0,0,Chennai,IN
CUST_04204,1876,183.7,2.66,0,0,Bangalore,IN
CUST_04205,1294,770.26,2.93,0,0,Ahmedabad,IN
CUST_04206,1802,698.13,1.61,0,0,Hyderabad,IN
CUST_04207,1617,969.04,3.58,0,0,Kolkata,IN
CUST_04208,562,2274.16,1.59,0,0,Mumbai,IN
CUST_04209,1686,666.41,0.85,0,1,Delhi,IN
CUST_04210,965,159.66,5.84,0,0,Ahmedabad,IN
CUST_04211,1898,410.2,0.16,1,0,Kolkata,IN
CUST_04212,1470,199.32,6.14,0,0,Hyderabad,IN
CUST_04213,1796,460.08,4.42,0,1,Kolkata,IN
CUST_04214,1689,903.34,5.19,1,1,Delhi,IN
CUST_04215,1431,1004.53,1.71,0,0,Bangalore,IN
CUST_04216,1037,229.36,5.62,0,0,Pune,IN
CUST_04217,721,437.98,2.99,2,1,Delhi,IN
CUST_04218,1234,166.1,2.27,0,0,Kolkata,IN
CUST_04219,929,322.85,2.95,0,0,Hyderabad,IN
CUST_04220,1561,271.6,3.6,0,0,Mumbai,IN
CUST_04221,1314,628.1,1.9,0,0,Mumbai,IN
CUST_04222,1291,838.46,1.26,0,0,Bangalore,IN
CUST_04223,1621,807.02,4.42,0,0,Ahmedabad,IN
CUST_04224,7,416.06,3.24,3,1,Bangalore,IN
CUST_04225,410,237.16,3.49,0,0,Kolkata,IN
CUST_04226,643,302.15,2.46,0,0,Pune,IN
CUST_04227,227,1593.19,4.19,0,1,Delhi,IN
CUST_04228,512,420.45,0.42,0,0,Bangalore,IN
CUST_04229,1735,280.53,6.89,0,1,Bangalore,IN
CUST_04230,1624,383.42,5.42,0,0,Kolkata,IN
CUST_04231,925,743.74,0.72,0,0,Hyderabad,IN
CUST_04232,1789,2331.66,2.18,0,0,Ahmedabad,IN
CUST_04233,534,1263.43,1.51,0,1,Bangalore,IN
CUST_04234,1408,438.35,4.12,0,0,Bangalore,IN
CUST_04235,1638,443.67,5.33,0,1,Hyderabad,IN
CUST_04236,407,207.18,1.82,0,2,Pune,IN
CUST_04237,849,446.65,8.8,0,1,Delhi,IN
CUST_04238,373,972.6,3.46,2,2,Hyderabad,IN
CUST_04239,1795,358.05,3.6,1,1,Kolkata,IN
CUST_04240,1935,213.45,4.09,0,1,Kolkata,IN
CUST_04241,43,955.13,2.35,0,0,Chennai,IN
CUST_04242,1891,336.31,4.54,0,0,Mumbai,IN
CUST_04243,1858,448.13,4.35,0,1,Chennai,IN
CUST_04244,1996,542.39,6.33,0,0,Delhi,IN
CUST_04245,407,237.45,3.28,3,1,Ahmedabad,IN
CUST_04246,1437,889.19,1.13,0,0,Pune,IN
CUST_04247,102,219.36,0.91,0,0,Bangalore,IN
CUST_04248,1266,992.69,2.8,0,0,Kolkata,IN
CUST_04249,1230,1044.55,4.43,0,0,Kolkata,IN
CUST_04250,306,364.43,0.11,0,1,Pune,IN
CUST_04251,1963,1124.01,0.89,0,0,Delhi,IN
CUST_04252,349,623.87,2.83,0,0,Hyderabad,IN
CUST_04253,29,310.55,2.84,0,0,Delhi,IN
CUST_04254,1584,863.74,6.89,0,0,Kolkata,IN
CUST_04255,1695,783.38,2.6,5,1,Ahmedabad,IN
CUST_04256,243,208.55,0.27,0,0,Ahmedabad,IN
CUST_04257,1462,336.99,1.51,0,0,Chennai,IN
CUST_04258,391,137.19,3.32,0,0,Chennai,IN
CUST_04259,590,457.97,0.66,0,0,Pune,IN
CUST_04260,783,204.31,2.87,0,0,Ahmedabad,IN
CUST_04261,884,181.34,1.12,0,0,Bangalore,IN
CUST_04262,1229,850.51,3.06,0,0,Chennai,IN
CUST_04263,1688,808.66,3.61,0,1,Chennai,IN
CUST_04264,1489,722.63,6.05,0,0,Pune,IN
CUST_04265,857,272.09,2.53,0,2,Chennai,IN
CUST_04266,837,752.15,2.62,0,0,Bangalore,IN
CUST_04267,59,197.0,3.55,0,1,Bangalore,IN
CUST_04268,2000,966.07,4.87,0,2,Pune,IN
CUST_04269,483,1222.72,0.93,0,0,Pune,IN
CUST_04270,1859,578.55,0.69,0,1,Ahmedabad,IN
CUST_04271,758,1158.06,1.75,0,0,Chennai,IN
CUST_04272,176,240.7,6.39,0,1,Ahmedabad,IN
CUST_04273,961,953.59,3.47,0,0,Mumbai,IN
CUST_04274,1785,369.46,0.16,0,0,Bangalore,IN
CUST_04275,1996,969.56,1.34,0,0,Hyderabad,IN
CUST_04276,1407,407.21,7.67,0,0,Kolkata,IN
CUST_04277,1461,441.62,1.58,0,0,Chennai,IN
CUST_04278,1451,535.72,5.58,0,1,Kolkata,IN
CUST_04279,1508,776.17,4.74,0,0,Kolkata,IN
CUST_04280,150,267.04,2.56,0,0,Pune,IN
CUST_04281,1141,676.55,2.02,0,0,Delhi,IN
CUST_04282,107,686.52,9.15,0,0,Mumbai,IN
CUST_04283,1907,151.59,1.36,0,1,Hyderabad,IN
CUST_04284,965,898.85,4.54,0,0,Chennai,IN
CUST_04285,1242,202.24,4.15,0,0,Hyderabad,IN
CUST_04286,11,479.2,6.26,0,0,Mumbai,IN
CUST_04287,1034,1073.24,1.58,0,0,Pune,IN
CUST_04288,620,513.83,4.67,0,0,Kolkata,IN
CUST_04289,1375,322.69,3.93,0,0,Kolkata,IN
CUST_04290,271,524.35,0.52,0,1,Hyderabad,IN
CUST_04291,1189,440.26,0.83,0,1,Mumbai,IN
CUST_04292,534,996.35,2.88,0,2,Bangalore,IN
CUST_04293,1032,596.64,0.82,0,0,Bangalore,IN
CUST_04294,1906,1072.08,3.86,0,0,Ahmedabad,IN
CUST_04295,1798,446.88,3.87,4,0,Hyderabad,IN
CUST_04296,271,248.95,2.76,0,1,Ahmedabad,IN
CUST_04297,650,356.66,0.73,0,0,Delhi,IN
CUST_04298,291,518.01,2.11,0,0,Kolkata,IN
CUST_04299,240,977.11,5.86,0,1,Pune,IN
CUST_04300,91,301.73,1.81,0,1,Hyderabad,IN
CUST_04301,1023,285.71,3.97,0,1,Bangalore,IN
CUST_04302,1532,523.95,3.44,0,0,Pune,IN
CUST_04303,1897,273.95,1.4,0,1,Hyderabad,IN
CUST_04304,580,1086.93,5.49,0,2,Kolkata,IN
CUST_04305,1256,1547.67,3.46,0,1,Pune,IN
CUST_04306,1059,912.09,1.88,0,0,Pune,IN
CUST_04307,893,1769.86,0.33,0,0,Hyderabad,IN
CUST_04308,647,148.38,3.91,0,0,Bangalore,IN
CUST_04309,1565,876.86,4.94,0,0,Ahmedabad,IN
CUST_04310,1139,160.96,0.83,0,0,Bangalore,IN
CUST_04311,109,89.92,1.15,0,0,Ahmedabad,IN
CUST_04312,305,1613.45,1.15,0,2,Chennai,IN
CUST_04313,471,544.66,2.04,0,0,Mumbai,IN
CUST_04314,74,1530.07,1.96,0,1,Bangalore,IN
CUST_04315,533,735.48,1.68,0,1,Ahmedabad,IN
CUST_04316,1446,702.76,1.34,0,2,Bangalore,IN
CUST_04317,894,843.65,1.49,0,0,Ahmedabad,IN
CUST_04318,1834,178.63,1.43,0,1,Delhi,IN
CUST_04319,84,190.78,2.45,0,0,Ahmedabad,IN
CUST_04320,731,245.73,4.75,0,1,Ahmedabad,IN
CUST_04321,938,732.93,2.68,0,0,Ahmedabad,IN
CUST_04322,231,381.94,6.83,0,0,Ahmedabad,IN
CUST_04323,254,970.63,1.53,0,0,Bangalore,IN
CUST_04324,192,949.3,2.04,0,0,Hyderabad,IN
CUST_04325,1779,741.44,4.35,0,0,Chennai,IN
CUST_04326,370,849.8,3.12,0,0,Pune,IN
CUST_04327,1536,429.66,3.19,0,0,Bangalore,IN
CUST_04328,1154,1954.27,2.85,0,1,Pune,IN
CUST_04329,1196,137.29,4.58,0,1,Chennai,IN
CUST_04330,1078,1383.32,1.4,0,1,Mumbai,IN
CUST_04331,853,382.7,0.32,0,0,Bangalore,IN
CUST_04332,505,161.73,5.71,0,0,Delhi,IN
CUST_04333,1387,2302.08,1.38,0,0,Ahmedabad,IN
CUST_04334,1818,1215.76,1.38,0,0,Delhi,IN
CUST_04335,54,440.75,2.44,0,0,Hyderabad,IN
CUST_04336,1396,312.21,0.71,0,0,Pune,IN
CUST_04337,808,346.95,2.74,0,0,Delhi,IN
CUST_04338,1210,94.53,4.56,0,3,Hyderabad,IN
CUST_04339,1715,275.06,0.32,0,0,Delhi,IN
CUST_04340,315,181.37,3.0,0,0,Hyderabad,IN
CUST_04341,167,752.0,3.9,0,0,Mumbai,IN
CUST_04342,1702,1159.77,5.9,0,1,Ahmedabad,IN
CUST_04343,930,437.41,4.31,0,0,Ahmedabad,IN
CUST_04344,1217,422.83,0.8,0,0,Pune,IN
CUST_04345,675,902.41,3.47,0,1,Mumbai,IN
CUST_04346,1344,140.88,2.06,0,0,Mumbai,IN
CUST_04347,666,407.0,4.8,0,1,Ahmedabad,IN
CUST_04348,433,2215.98,1.28,0,1,Bangalore,IN
CUST_04349,1642,414.15,4.01,0,0,Mumbai,IN
CUST_04350,662,580.47,3.11,0,0,Pune,IN
CUST_04351,1524,313.32,7.12,0,0,Mumbai,IN
CUST_04352,1121,213.08,1.26,0,0,Delhi,IN
CUST_04353,190,213.71,0.65,0,0,Kolkata,IN
CUST_04354,523,430.3,1.76,0,1,Kolkata,IN
CUST_04355,492,346.61,2.47,0,0,Bangalore,IN
CUST_04356,183,234.86,0.55,0,0,Kolkata,IN
CUST_04357,1746,2273.24,1.77,0,0,Mumbai,IN
CUST_04358,334,403.03,6.77,0,0,Chennai,IN
CUST_04359,1597,843.24,5.52,0,0,Kolkata,IN
CUST_04360,584,982.74,3.24,0,2,Kolkata,IN
CUST_04361,247,1291.25,1.09,0,1,Bangalore,IN
CUST_04362,1006,235.74,2.07,0,2,Pune,IN
CUST_04363,1508,448.57,1.75,0,0,Kolkata,IN
CUST_04364,1851,136.86,3.11,0,0,Pune,IN
CUST_04365,736,1270.82,4.13,0,1,Bangalore,IN
CUST_04366,1705,490.26,4.12,1,1,Delhi,IN
CUST_04367,1050,537.23,1.74,0,0,Hyderabad,IN
CUST_04368,1003,449.54,4.74,0,0,Chennai,IN
CUST_04369,1814,830.56,0.75,0,0,Ahmedabad,IN
CUST_04370,976,422.07,1.3,0,0,Kolkata,IN
CUST_04371,1154,248.24,1.76,0,1,Pune,IN
CUST_04372,185,480.14,0.56,0,1,Kolkata,IN
CUST_04373,1661,725.23,0.75,0,0,Kolkata,IN
CUST_04374,1258,217.67,3.56,0,0,Hyderabad,IN
CUST_04375,890,2153.52,0.29,1,0,Bangalore,IN
CUST_04376,191,503.36,1.28,1,0,Kolkata,IN
CUST_04377,1052,778.49,2.85,0,0,Mumbai,IN
CUST_04378,1994,107.08,2.5,0,1,Hyderabad,IN
CUST_04379,1386,333.59,0.51,0,0,Ahmedabad,IN
CUST_04380,1327,765.19,4.12,0,0,Chennai,IN
CUST_04381,1907,618.35,2.11,0,1,Bangalore,IN
CUST_04382,1080,343.65,1.18,1,0,Ahmedabad,IN
CUST_04383,596,296.73,1.87,0,2,Delhi,IN
CUST_04384,896,364.91,2.08,0,0,Ahmedabad,IN
CUST_04385,1858,554.12,0.55,0,1,Delhi,IN
CUST_04386,616,325.22,3.66,0,0,Ahmedabad,IN
CUST_04387,262,752.86,2.03,0,0,Bangalore,IN
CUST_04388,1724,478.79,2.52,0,0,Pune,IN
CUST_04389,1072,490.1,1.81,0,1,Chennai,IN
CUST_04390,606,455.29,1.78,0,0,Kolkata,IN
CUST_04391,1129,464.8,1.6,0,0,Mumbai,IN
CUST_04392,1879,300.2,0.46,0,0,Delhi,IN
CUST_04393,1052,353.94,1.76,0,1,Mumbai,IN
CUST_04394,1046,315.19,4.28,0,0,Delhi,IN
CUST_04395,846,226.21,1.91,0,0,Kolkata,IN
CUST_04396,952,286.2,3.24,4,0,Delhi,IN
CUST_04397,728,374.69,13.53,0,0,Pune,IN
CUST_04398,1200,211.75,6.38,0,0,Pune,IN
CUST_04399,1575,595.48,4.57,0,1,Delhi,IN
CUST_04400,234,211.6,1.22,1,0,Mumbai,IN
CUST_04401,368,3938.9,3.88,0,0,Ahmedabad,IN
CUST_04402,1727,628.75,2.54,0,1,Bangalore,IN
CUST_04403,93,835.1,2.3,0,0,Kolkata,IN
CUST_04404,853,1106.14,1.85,0,1,Delhi,IN
CUST_04405,643,386.52,3.33,0,0,Pune,IN
CUST_04406,1552,2274.51,2.95,0,1,Ahmedabad,IN
CUST_04407,1278,1584.72,3.41,0,0,Ahmedabad,IN
CUST_04408,700,460.33,7.35,0,1,Pune,IN
CUST_04409,433,729.63,2.22,0,0,Bangalore,IN
CUST_04410,161,170.16,0.16,0,0,Bangalore,IN
CUST_04411,1786,665.36,0.96,0,1,Pune,IN
CUST_04412,889,159.62,2.95,0,0,Delhi,IN
CUST_04413,12,180.64,2.48,0,0,Mumbai,IN
CUST_04414,239,704.53,2.23,0,0,Kolkata,IN
CUST_04415,352,250.69,8.28,0,0,Mumbai,IN
CUST_04416,943,510.3,3.71,0,0,Ahmedabad,IN
CUST_04417,1780,383.38,3.39,0,0,Kolkata,IN
CUST_04418,621,391.71,3.15,0,0,Ahmedabad,IN
CUST_04419,1415,1523.28,3.24,0,0,Hyderabad,IN
CUST_04420,1648,1210.28,6.16,0,0,Kolkata,IN
CUST_04421,180,189.36,2.95,0,0,Pune,IN
CUST_04422,277,220.15,2.82,0,0,Bangalore,IN
CUST_04423,391,1525.91,3.94,0,1,Mumbai,IN
CUST_04424,1672,688.37,1.8,0,0,Delhi,IN
CUST_04425,1426,474.11,2.25,0,0,Mumbai,IN
CUST_04426,1760,470.52,3.6,0,0,Chennai,IN
CUST_04427,429,158.28,1.57,0,0,Mumbai,IN
CUST_04428,1329,288.74,0.52,0,0,Ahmedabad,IN
CUST_04429,1331,632.41,3.03,0,0,Bangalore,IN
CUST_04430,893,1136.24,3.55,0,0,Chennai,IN
CUST_04431,177,549.64,7.26,0,0,Chennai,IN
CUST_04432,1577,880.15,0.12,0,0,Pune,IN
CUST_04433,304,446.69,3.35,0,0,Ahmedabad,IN
CUST_04434,865,965.8,1.88,2,0,Ahmedabad,IN
CUST_04435,239,503.51,1.91,0,0,Mumbai,IN
CUST_04436,1849,119.13,0.66,0,0,Bangalore,IN
CUST_04437,1514,341.49,0.75,0,0,Bangalore,IN
CUST_04438,1974,243.99,3.63,0,0,Ahmedabad,IN
CUST_04439,966,950.74,2.76,0,0,Ahmedabad,IN
CUST_04440,1761,94.2,2.02,0,0,Mumbai,IN
CUST_04441,1199,905.35,7.07,0,0,Ahmedabad,IN
CUST_04442,413,377.16,2.29,0,1,Chennai,IN
CUST_04443,1167,178.9,3.6,0,0,Pune,IN
CUST_04444,105,550.79,0.68,0,0,Kolkata,IN
CUST_04445,17,424.54,2.45,0,1,Hyderabad,IN
CUST_04446,1292,717.93,4.08,0,0,Delhi,IN
CUST_04447,852,989.02,8.64,0,1,Kolkata,IN
CUST_04448,1510,1670.61,0.61,0,1,Ahmedabad,IN
CUST_04449,76,2055.43,2.4,0,1,Pune,IN
CUST_04450,819,460.78,10.0,4,0,Ahmedabad,IN
CUST_04451,1052,951.71,0.72,0,0,Ahmedabad,IN
CUST_04452,475,133.88,3.14,0,0,Ahmedabad,IN
CUST_04453,1082,487.62,1.74,0,0,Mumbai,IN
CUST_04454,865,545.88,0.63,1,1,Mumbai,IN
CUST_04455,1134,2285.06,2.82,0,0,Hyderabad,IN
CUST_04456,549,443.5,0.42,0,0,Delhi,IN
CUST_04457,1821,372.65,0.87,0,1,Kolkata,IN
CUST_04458,240,1080.86,5.49,2,0,Ahmedabad,IN
CUST_04459,1276,1278.23,7.93,0,0,Ahmedabad,IN
CUST_04460,919,617.78,5.95,0,0,Hyderabad,IN
CUST_04461,43,774.53,1.34,0,2,Kolkata,IN
CUST_04462,590,815.54,2.21,0,1,Bangalore,IN
CUST_04463,962,615.96,2.89,0,0,Chennai,IN
CUST_04464,898,470.59,0.06,0,0,Hyderabad,IN
CUST_04465,1040,463.59,1.14,0,1,Chennai,IN
CUST_04466,1204,630.97,1.85,0,1,Chennai,IN
CUST_04467,1888,955.43,1.49,0,0,Hyderabad,IN
CUST_04468,269,500.8,1.05,0,0,Ahmedabad,IN
CUST_04469,1481,975.29,1.06,0,1,Pune,IN
CUST_04470,1966,541.72,7.38,0,0,Kolkata,IN
CUST_04471,1707,387.78,0.51,0,0,Kolkata,IN
CUST_04472,1631,887.27,0.18,0,1,Hyderabad,IN
CUST_04473,1638,1517.64,5.65,0,0,Ahmedabad,IN
CUST_04474,1274,1060.68,1.06,0,0,Bangalore,IN
CUST_04475,579,144.23,1.69,0,1,Chennai,IN
CUST_04476,1367,1631.02,2.84,0,0,Delhi,IN
CUST_04477,265,819.59,7.68,0,0,Ahmedabad,IN
CUST_04478,409,847.43,6.42,0,0,Bangalore,IN
CUST_04479,1241,297.1,5.73,2,2,Bangalore,IN
CUST_04480,207,723.36,2.83,0,0,Ahmedabad,IN
CUST_04481,1932,176.35,0.65,2,1,Kolkata,IN
CUST_04482,622,931.68,2.2,0,0,Ahmedabad,IN
CUST_04483,429,1287.68,1.82,0,0,Chennai,IN
CUST_04484,38,529.52,1.0,0,0,Mumbai,IN
CUST_04485,1805,323.92,1.69,0,0,Hyderabad,IN
CUST_04486,732,793.1,3.09,0,0,Pune,IN
CUST_04487,358,433.85,1.05,0,0,Bangalore,IN
CUST_04488,1653,1724.67,0.52,0,0,Mumbai,IN
CUST_04489,692,224.96,0.48,0,0,Delhi,IN
CUST_04490,234,815.58,0.85,0,0,Kolkata,IN
CUST_04491,248,138.64,1.34,0,0,Chennai,IN
CUST_04492,997,321.86,7.21,0,1,Chennai,IN
CUST_04493,697,346.42,4.8,4,0,Pune,IN
CUST_04494,1576,579.52,2.15,0,0,Hyderabad,IN
CUST_04495,1578,604.23,6.04,3,1,Mumbai,IN
CUST_04496,1836,824.41,2.98,0,0,Pune,IN
CUST_04497,1748,518.35,3.84,0,0,Bangalore,IN
CUST_04498,1447,115.35,4.47,1,0,Delhi,IN
CUST_04499,1898,889.34,0.2,0,0,Mumbai,IN
CUST_04500,1637,630.85,0.99,0,0,Ahmedabad,IN
CUST_04501,1972,555.18,2.54,0,1,Ahmedabad,IN
CUST_04502,1997,740.93,2.74,5,3,Delhi,IN
CUST_04503,1601,315.03,1.79,6,1,Delhi,IN
CUST_04504,1687,1003.07,1.88,0,0,Delhi,IN
CUST_04505,1039,988.12,7.08,0,0,Mumbai,IN
CUST_04506,343,221.78,1.44,0,0,Delhi,IN
CUST_04507,1784,459.43,1.65,0,1,Delhi,IN
CUST_04508,1866,1393.1,2.38,0,0,Chennai,IN
CUST_04509,322,210.84,3.97,0,0,Hyderabad,IN
CUST_04510,1451,2695.02,2.0,0,0,Pune,IN
CUST_04511,1561,630.89,0.85,0,0,Ahmedabad,IN
CUST_04512,1501,1228.25,1.21,0,0,Ahmedabad,IN
CUST_04513,316,230.56,1.93,0,1,Delhi,IN
CUST_04514,686,211.82,3.46,0,1,Hyderabad,IN
CUST_04515,252,479.73,2.71,0,0,Bangalore,IN
CUST_04516,900,739.68,0.59,0,0,Chennai,IN
CUST_04517,1576,103.46,2.04,0,0,Kolkata,IN
CUST_04518,503,644.14,4.81,0,0,Mumbai,IN
CUST_04519,700,489.7,6.01,0,0,Ahmedabad,IN
CUST_04520,1035,964.99,6.04,0,1,Pune,IN
CUST_04521,175,268.96,5.87,0,1,Bangalore,IN
CUST_04522,763,269.84,1.23,0,1,Pune,IN
CUST_04523,739,1975.07,2.98,0,0,Kolkata,IN
CUST_04524,311,212.34,9.25,0,0,Chennai,IN
CUST_04525,1613,1009.71,1.03,0,0,Kolkata,IN
CUST_04526,283,266.65,0.96,0,0,Chennai,IN
CUST_04527,847,1057.15,5.12,0,0,Kolkata,IN
CUST_04528,1840,168.13,0.53,0,1,Kolkata,IN
CUST_04529,1950,689.04,1.18,0,0,Ahmedabad,IN
CUST_04530,1933,1075.64,1.97,4,0,Hyderabad,IN
CUST_04531,907,1099.41,4.37,0,0,Mumbai,IN
CUST_04532,1578,404.49,2.71,0,0,Bangalore,IN
CUST_04533,1470,711.49,1.16,0,1,Mumbai,IN
CUST_04534,174,481.57,1.29,0,0,Delhi,IN
CUST_04535,645,261.65,4.36,0,0,Hyderabad,IN
CUST_04536,1582,149.53,3.68,0,0,Kolkata,IN
CUST_04537,889,356.44,3.49,0,1,Bangalore,IN
CUST_04538,806,281.76,0.38,0,0,Mumbai,IN
CUST_04539,1353,1171.23,1.59,0,0,Mumbai,IN
CUST_04540,1849,123.74,0.87,2,0,Bangalore,IN
CUST_04541,1294,496.81,3.67,0,1,Mumbai,IN
CUST_04542,859,383.81,0.88,1,1,Pune,IN
CUST_04543,1815,444.2,1.15,0,0,Kolkata,IN
CUST_04544,1478,379.72,1.39,0,0,Pune,IN
CUST_04545,1863,1048.27,1.02,0,0,Hyderabad,IN
CUST_04546,17,171.48,1.77,1,0,Hyderabad,IN
CUST_04547,1844,145.56,5.21,0,0,Pune,IN
CUST_04548,1435,2061.17,1.05,0,0,Bangalore,IN
CUST_04549,914,541.12,5.17,0,0,Kolkata,IN
CUST_04550,1818,564.68,3.3,0,0,Chennai,IN
CUST_04551,1429,704.2,1.55,0,1,Ahmedabad,IN
CUST_04552,1818,2222.64,7.8,2,1,Hyderabad,IN
CUST_04553,1589,1815.17,1.47,0,0,Kolkata,IN
CUST_04554,1805,178.38,5.09,0,1,Chennai,IN
CUST_04555,173,1663.26,1.05,0,1,Pune,IN
CUST_04556,1101,1378.94,0.56,6,2,Mumbai,IN
CUST_04557,799,477.23,1.74,0,1,Hyderabad,IN
CUST_04558,1066,2071.55,3.92,0,1,Bangalore,IN
CUST_04559,438,262.81,2.46,0,1,Pune,IN
CUST_04560,1048,233.31,1.86,0,1,Delhi,IN
CUST_04561,1068,442.68,3.4,0,0,Pune,IN
CUST_04562,1551,1259.5,2.79,0,0,Hyderabad,IN
CUST_04563,48,516.08,7.36,0,0,Bangalore,IN
CUST_04564,1824,511.14,4.66,2,3,Mumbai,IN
CUST_04565,495,245.95,1.58,0,1,Pune,IN
CUST_04566,1488,355.92,3.1,0,0,Pune,IN
CUST_04567,1035,803.44,3.5,0,0,Kolkata,IN
CUST_04568,1500,1890.52,2.59,0,0,Delhi,IN
CUST_04569,1724,1006.21,3.68,0,0,Mumbai,IN
CUST_04570,532,415.71,3.02,0,0,Hyderabad,IN
CUST_04571,254,451.38,1.77,0,1,Hyderabad,IN
CUST_04572,1550,726.01,5.3,0,1,Mumbai,IN
CUST_04573,920,359.26,2.81,0,0,Delhi,IN
CUST_04574,1173,1372.82,6.01,0,0,Pune,IN
CUST_04575,929,1466.84,1.4,0,0,Mumbai,IN
CUST_04576,484,2246.55,2.72,0,0,Hyderabad,IN
CUST_04577,718,181.54,0.53,0,1,Chennai,IN
CUST_04578,583,547.86,0.36,0,1,Pune,IN
CUST_04579,1463,873.92,1.9,0,1,Bangalore,IN
CUST_04580,1065,449.35,5.86,0,0,Kolkata,IN
CUST_04581,216,619.76,2.43,0,0,Chennai,IN
CUST_04582,1058,941.19,7.63,0,0,Hyderabad,IN
CUST_04583,1686,472.03,1.38,0,0,Chennai,IN
CUST_04584,931,360.32,1.11,0,2,Hyderabad,IN
CUST_04585,301,484.3,5.96,0,0,Delhi,IN
CUST_04586,1697,513.46,5.14,0,1,Kolkata,IN
CUST_04587,168,348.57,4.36,0,0,Kolkata,IN
CUST_04588,128,352.29,3.45,0,0,Delhi,IN
CUST_04589,1820,492.23,1.08,0,0,Kolkata,IN
CUST_04590,976,379.75,3.88,0,0,Bangalore,IN
CUST_04591,914,445.35,12.79,0,0,Chennai,IN
CUST_04592,757,695.03,1.51,0,1,Delhi,IN
CUST_04593,1205,666.15,0.79,0,1,Kolkata,IN
CUST_04594,1786,779.69,4.37,0,0,Kolkata,IN
CUST_04595,1197,587.9,5.06,0,0,Pune,IN
CUST_04596,1304,142.17,0.76,0,0,Ahmedabad,IN
CUST_04597,902,1844.66,2.23,0,0,Kolkata,IN
CUST_04598,1499,476.11,2.88,0,0,Ahmedabad,IN
CUST_04599,1688,766.88,1.9,0,2,Kolkata,IN
CUST_04600,296,730.36,3.98,0,0,Bangalore,IN
CUST_04601,993,149.14,7.95,0,1,Bangalore,IN
CUST_04602,265,468.55,1.53,0,1,Ahmedabad,IN
CUST_04603,1423,703.69,5.81,0,0,Delhi,IN
CUST_04604,933,1081.85,1.52,0,1,Chennai,IN
CUST_04605,67,580.54,6.97,0,0,Ahmedabad,IN
CUST_04606,1934,702.42,1.75,0,0,Bangalore,IN
CUST_04607,1888,2720.71,2.35,0,0,Hyderabad,IN
CUST_04608,1233,116.05,1.17,0,1,Delhi,IN
CUST_04609,226,287.79,0.36,0,1,Kolkata,IN
CUST_04610,757,327.26,6.12,0,0,Delhi,IN
CUST_04611,83,759.7,10.89,0,1,Pune,IN
CUST_04612,242,1019.28,4.24,0,0,Bangalore,IN
CUST_04613,625,195.42,2.5,0,2,Hyderabad,IN
CUST_04614,622,894.75,2.79,0,0,Hyderabad,IN
CUST_04615,996,1187.75,2.64,0,1,Pune,IN
CUST_04616,1621,528.11,2.76,0,0,Mumbai,IN
CUST_04617,292,171.93,2.88,0,0,Bangalore,IN
CUST_04618,100,413.74,3.46,0,0,Kolkata,IN
CUST_04619,1821,1158.42,8.63,0,1,Pune,IN
CUST_04620,442,402.24,4.67,0,1,Pune,IN
CUST_04621,1678,439.42,1.34,0,0,Bangalore,IN
CUST_04622,5,496.13,2.73,0,0,Ahmedabad,IN
CUST_04623,1122,196.72,2.79,2,0,Delhi,IN
CUST_04624,139,173.81,3.31,0,0,Hyderabad,IN
CUST_04625,856,1443.15,3.11,1,0,Mumbai,IN
CUST_04626,1174,846.22,0.22,0,0,Ahmedabad,IN
CUST_04627,1159,938.93,2.18,0,0,Pune,IN
CUST_04628,1844,884.99,0.85,0,2,Ahmedabad,IN
CUST_04629,1601,120.24,0.9,0,0,Hyderabad,IN
CUST_04630,974,1218.81,0.53,0,1,Kolkata,IN
CUST_04631,1561,528.48,3.71,0,1,Bangalore,IN
CUST_04632,1034,260.94,1.77,0,1,Bangalore,IN
CUST_04633,1560,525.9,4.73,0,2,Ahmedabad,IN
CUST_04634,1367,689.29,3.7,0,0,Ahmedabad,IN
CUST_04635,306,471.5,3.56,0,0,Ahmedabad,IN
CUST_04636,183,393.66,2.84,4,0,Hyderabad,IN
CUST_04637,794,755.06,3.08,4,0,Kolkata,IN
CUST_04638,1844,430.0,2.57,0,0,Chennai,IN
CUST_04639,695,505.4,1.34,0,0,Kolkata,IN
CUST_04640,1963,541.69,0.61,0,1,Mumbai,IN
CUST_04641,1508,503.36,0.97,0,0,Ahmedabad,IN
CUST_04642,1323,364.88,2.66,0,2,Pune,IN
CUST_04643,1774,2294.43,5.62,0,0,Delhi,IN
CUST_04644,1449,1128.91,3.03,0,0,Bangalore,IN
CUST_04645,1172,588.85,1.0,0,0,Mumbai,IN
CUST_04646,1150,722.9,4.18,0,0,Pune,IN
CUST_04647,1319,1001.04,3.83,0,0,Delhi,IN
CUST_04648,395,231.1,0.57,0,0,Delhi,IN
CUST_04649,1961,503.11,2.63,0,0,Mumbai,IN
CUST_04650,1538,336.72,4.46,2,0,Chennai,IN
CUST_04651,1030,225.52,1.12,0,0,Ahmedabad,IN
CUST_04652,247,1402.92,0.68,0,0,Mumbai,IN
CUST_04653,1971,249.71,1.39,0,0,Bangalore,IN
CUST_04654,564,794.52,3.1,0,0,Mumbai,IN
CUST_04655,503,517.45,5.53,0,2,Chennai,IN
CUST_04656,174,446.36,1.18,0,0,Ahmedabad,IN
CUST_04657,823,502.53,0.45,0,0,Hyderabad,IN
CUST_04658,1007,731.92,6.73,0,1,Mumbai,IN
CUST_04659,697,659.64,2.38,0,0,Mumbai,IN
CUST_04660,370,275.92,1.3,0,0,Kolkata,IN
CUST_04661,50,416.52,2.52,1,1,Kolkata,IN
CUST_04662,783,994.58,5.84,0,0,Hyderabad,IN
CUST_04663,187,736.28,2.16,0,0,Pune,IN
CUST_04664,204,285.27,1.67,0,0,Delhi,IN
CUST_04665,585,1288.37,0.93,0,0,Bangalore,IN
CUST_04666,375,332.87,2.18,0,0,Bangalore,IN
CUST_04667,1574,677.66,2.84,2,3,Pune,IN
CUST_04668,316,487.63,1.53,0,0,Delhi,IN
CUST_04669,1951,606.32,2.29,0,2,Pune,IN
CUST_04670,1390,249.46,3.52,0,0,Kolkata,IN
CUST_04671,121,338.0,7.18,3,2,Bangalore,IN
CUST_04672,372,341.94,1.31,0,0,Hyderabad,IN
CUST_04673,1461,704.09,5.74,0,0,Mumbai,IN
CUST_04674,611,436.03,0.78,0,1,Mumbai,IN
CUST_04675,203,733.12,1.86,0,0,Kolkata,IN
CUST_04676,292,386.22,0.18,1,1,Hyderabad,IN
CUST_04677,1829,633.25,2.28,1,0,Kolkata,IN
CUST_04678,529,573.76,2.63,1,2,Hyderabad,IN
CUST_04679,1929,206.17,2.3,0,0,Kolkata,IN
CUST_04680,107,1294.77,3.75,0,0,Delhi,IN
CUST_04681,491,995.98,3.59,0,1,Chennai,IN
CUST_04682,1010,163.12,2.92,0,0,Chennai,IN
CUST_04683,1945,133.74,2.06,0,0,Kolkata,IN
CUST_04684,552,639.67,2.84,0,0,Delhi,IN
CUST_04685,652,205.34,4.2,0,1,Mumbai,IN
CUST_04686,1133,600.47,1.34,0,0,Ahmedabad,IN
CUST_04687,135,659.19,2.25,0,0,Kolkata,IN
CUST_04688,60,236.02,1.04,0,0,Ahmedabad,IN
CUST_04689,1298,2920.4,0.57,0,2,Kolkata,IN
CUST_04690,1872,171.82,1.01,0,0,Chennai,IN
CUST_04691,552,1198.09,5.0,0,0,Mumbai,IN
CUST_04692,505,732.99,4.96,1,0,Delhi,IN
CUST_04693,624,959.5,2.27,0,0,Bangalore,IN
CUST_04694,914,118.28,0.96,0,1,Kolkata,IN
CUST_04695,1734,637.46,2.88,0,0,Delhi,IN
CUST_04696,1604,260.28,3.04,0,1,Chennai,IN
CUST_04697,765,596.84,1.6,0,1,Bangalore,IN
CUST_04698,1602,245.2,0.96,5,0,Bangalore,IN
CUST_04699,1101,891.75,1.74,0,1,Chennai,IN
CUST_04700,1969,203.04,5.51,0,0,Kolkata,IN
CUST_04701,86,124.64,1.41,0,1,Ahmedabad,IN
CUST_04702,1665,1201.15,2.38,0,0,Mumbai,IN
CUST_04703,1969,604.22,11.76,0,0,Ahmedabad,IN
CUST_04704,1338,804.96,1.12,0,1,Pune,IN
CUST_04705,2,1679.37,7.92,0,0,Bangalore,IN
CUST_04706,1912,224.27,2.66,2,1,Mumbai,IN
CUST_04707,560,497.71,1.64,0,1,Ahmedabad,IN
CUST_04708,1720,833.25,2.4,4,0,Pune,IN
CUST_04709,720,806.72,3.15,0,1,Kolkata,IN
CUST_04710,1199,591.38,6.02,0,0,Chennai,IN
CUST_04711,94,371.23,4.89,0,0,Pune,IN
CUST_04712,1514,166.1,4.99,0,1,Bangalore,IN
CUST_04713,616,333.4,1.78,0,0,Delhi,IN
CUST_04714,810,629.39,2.91,0,1,Delhi,IN
CUST_04715,1701,286.29,3.08,0,1,Delhi,IN
CUST_04716,1485,1350.29,3.25,4,0,Bangalore,IN
CUST_04717,1799,567.11,3.05,2,0,Pune,IN
CUST_04718,432,324.44,4.3,0,0,Kolkata,IN
CUST_04719,1811,366.48,1.22,5,0,Hyderabad,IN
CUST_04720,1301,838.5,3.32,0,0,Hyderabad,IN
CUST_04721,1542,997.68,2.74,0,0,Pune,IN
CUST_04722,560,427.58,2.98,0,1,Ahmedabad,IN
CUST_04723,1357,658.48,4.16,0,0,Chennai,IN
CUST_04724,700,1268.63,3.07,0,0,Hyderabad,IN
CUST_04725,942,821.3,2.07,0,0,Chennai,IN
CUST_04726,33,353.83,1.13,1,0,Hyderabad,IN
CUST_04727,1324,296.58,3.48,0,0,Bangalore,IN
CUST_04728,1247,347.67,0.9,0,1,Mumbai,IN
CUST_04729,9,580.75,5.88,0,1,Ahmedabad,IN
CUST_04730,1378,379.58,3.73,0,2,Mumbai,IN
CUST_04731,847,196.07,7.78,1,0,Bangalore,IN
CUST_04732,1562,732.62,4.87,0,1,Ahmedabad,IN
CUST_04733,1103,1040.2,7.49,4,1,Kolkata,IN
CUST_04734,1613,1149.32,5.61,0,0,Delhi,IN
CUST_04735,1104,908.82,1.01,0,0,Delhi,IN
CUST_04736,1828,381.11,2.66,0,0,Mumbai,IN
CUST_04737,1377,490.2,1.45,0,0,Ahmedabad,IN
CUST_04738,723,1072.56,6.79,0,1,Delhi,IN
CUST_04739,1695,921.09,9.2,0,0,Kolkata,IN
CUST_04740,793,841.27,2.52,0,0,Hyderabad,IN
CUST_04741,1719,503.82,1.62,0,0,Bangalore,IN
CUST_04742,256,839.52,1.56,1,1,Mumbai,IN
CUST_04743,759,1574.34,3.96,0,1,Ahmedabad,IN
CUST_04744,911,701.89,1.54,0,1,Chennai,IN
CUST_04745,454,2196.36,1.4,0,0,Mumbai,IN
CUST_04746,1554,310.65,1.6,0,0,Mumbai,IN
CUST_04747,1394,341.85,1.5,0,0,Pune,IN
CUST_04748,393,114.33,1.16,0,0,Hyderabad,IN
CUST_04749,1672,425.4,2.71,0,0,Delhi,IN
CUST_04750,1656,445.29,1.52,0,0,Pune,IN
CUST_04751,480,1529.17,2.61,0,1,Chennai,IN
CUST_04752,1982,257.01,7.39,0,1,Ahmedabad,IN
CUST_04753,76,421.36,1.5,0,0,Hyderabad,IN
CUST_04754,1010,664.73,2.98,0,1,Pune,IN
CUST_04755,15,345.82,0.53,1,1,Chennai,IN
CUST_04756,1682,1167.48,4.4,0,0,Chennai,IN
CUST_04757,228,517.81,6.19,0,0,Kolkata,IN
CUST_04758,1166,613.51,2.84,5,2,Pune,IN
CUST_04759,350,274.89,4.71,0,0,Ahmedabad,IN
CUST_04760,1352,860.04,0.89,0,0,Chennai,IN
CUST_04761,134,775.47,2.64,0,1,Bangalore,IN
CUST_04762,1528,278.02,2.56,0,0,Bangalore,IN
CUST_04763,261,166.78,3.27,0,0,Delhi,IN
CUST_04764,1912,209.42,4.25,1,0,Pune,IN
CUST_04765,1805,131.21,3.85,0,0,Chennai,IN
CUST_04766,393,826.33,6.36,0,1,Pune,IN
CUST_04767,1987,318.39,3.46,0,2,Mumbai,IN
CUST_04768,1395,140.85,2.01,0,0,Pune,IN
CUST_04769,5,72.89,0.19,0,0,Ahmedabad,IN
CUST_04770,1313,641.0,3.45,0,0,Kolkata,IN
CUST_04771,1749,82.17,1.97,0,0,Mumbai,IN
CUST_04772,886,372.56,0.78,0,0,Hyderabad,IN
CUST_04773,562,159.42,2.54,0,0,Kolkata,IN
CUST_04774,1393,117.8,4.3,0,0,Delhi,IN
CUST_04775,1015,255.04,6.11,0,0,Ahmedabad,IN
CUST_04776,1060,419.26,2.82,0,0,Hyderabad,IN
CUST_04777,1811,988.52,2.84,0,0,Mumbai,IN
CUST_04778,97,566.95,1.79,0,0,Chennai,IN
CUST_04779,1881,1464.0,3.5,0,0,Pune,IN
CUST_04780,1091,343.5,3.93,0,0,Kolkata,IN
CUST_04781,648,157.53,2.56,0,0,Ahmedabad,IN
CUST_04782,803,1443.67,2.48,0,0,Mumbai,IN
CUST_04783,686,1719.71,2.11,4,0,Chennai,IN
CUST_04784,1803,903.35,2.51,0,0,Delhi,IN
CUST_04785,1511,348.36,0.44,0,0,Mumbai,IN
CUST_04786,1413,637.23,4.75,0,0,Chennai,IN
CUST_04787,1962,259.87,4.7,0,0,Kolkata,IN
CUST_04788,1879,1056.98,1.85,0,0,Delhi,IN
CUST_04789,404,157.97,7.86,0,0,Chennai,IN
CUST_04790,675,335.44,3.03,0,1,Bangalore,IN
CUST_04791,129,385.39,1.06,1,0,Pune,IN
CUST_04792,58,667.93,0.56,0,0,Delhi,IN
CUST_04793,885,293.86,3.65,0,0,Ahmedabad,IN
CUST_04794,1214,1103.84,2.55,0,0,Mumbai,IN
CUST_04795,1722,487.17,0.84,0,0,Hyderabad,IN
CUST_04796,507,765.37,0.87,6,2,Pune,IN
CUST_04797,970,925.05,1.94,0,1,Delhi,IN
CUST_04798,1964,104.17,4.42,0,1,Chennai,IN
CUST_04799,1705,254.57,2.51,0,0,Hyderabad,IN
CUST_04800,1683,169.13,3.83,0,1,Mumbai,IN
CUST_04801,1065,1233.51,1.37,0,0,Hyderabad,IN
CUST_04802,1933,828.44,1.74,0,0,Chennai,IN
CUST_04803,1589,1283.52,6.72,0,0,Delhi,IN
CUST_04804,1565,196.59,4.26,0,0,Ahmedabad,IN
CUST_04805,1281,817.39,2.32,0,1,Delhi,IN
CUST_04806,1186,133.18,0.49,0,0,Ahmedabad,IN
CUST_04807,176,434.58,1.68,0,1,Delhi,IN
CUST_04808,1878,324.53,2.62,0,0,Mumbai,IN
CUST_04809,773,879.24,3.87,0,1,Mumbai,IN
CUST_04810,1823,427.5,2.4,0,0,Hyderabad,IN
CUST_04811,1603,641.95,2.14,0,0,Delhi,IN
CUST_04812,127,366.98,2.68,0,0,Bangalore,IN
CUST_04813,113,84.19,1.66,0,0,Ahmedabad,IN
CUST_04814,1251,814.71,2.31,1,0,Pune,IN
CUST_04815,135,768.61,3.15,0,0,Kolkata,IN
CUST_04816,1388,383.01,2.05,0,2,Delhi,IN
CUST_04817,1146,119.77,2.79,0,0,Mumbai,IN
CUST_04818,604,258.25,2.69,0,0,Mumbai,IN
CUST_04819,823,784.86,2.58,0,0,Kolkata,IN
CUST_04820,1265,439.64,1.46,0,1,Delhi,IN
CUST_04821,478,740.91,0.71,0,0,Kolkata,IN
CUST_04822,929,2478.43,1.32,0,0,Mumbai,IN
CUST_04823,951,1185.17,1.51,0,1,Kolkata,IN
CUST_04824,1803,93.73,1.61,2,0,Kolkata,IN
CUST_04825,696,481.3,2.28,0,0,Delhi,IN
CUST_04826,930,277.39,3.45,0,1,Mumbai,IN
CUST_04827,1204,618.2,3.94,0,0,Hyderabad,IN
CUST_04828,222,371.88,4.24,0,1,Chennai,IN
CUST_04829,26,1128.73,2.67,0,1,Delhi,IN
CUST_04830,1215,532.59,0.42,0,1,Delhi,IN
CUST_04831,1853,352.44,1.25,0,0,Chennai,IN
CUST_04832,1306,258.41,2.87,0,0,Bangalore,IN
CUST_04833,728,299.92,8.47,0,0,Pune,IN
CUST_04834,986,512.25,1.35,0,1,Kolkata,IN
CUST_04835,381,438.05,3.46,0,0,Ahmedabad,IN
CUST_04836,282,555.02,4.24,0,0,Chennai,IN
CUST_04837,124,517.8,8.95,0,0,Mumbai,IN
CUST_04838,639,1229.83,1.83,0,0,Bangalore,IN
CUST_04839,1051,656.67,3.6,1,2,Kolkata,IN
CUST_04840,638,597.12,9.79,0,1,Hyderabad,IN
CUST_04841,302,542.04,4.68,0,1,Bangalore,IN
CUST_04842,633,468.98,3.13,0,0,Ahmedabad,IN
CUST_04843,597,102.98,2.79,0,0,Hyderabad,IN
CUST_04844,1988,499.04,4.73,0,0,Hyderabad,IN
CUST_04845,1061,787.35,2.8,0,0,Mumbai,IN
CUST_04846,118,1092.19,2.07,0,1,Bangalore,IN
CUST_04847,1039,266.39,2.22,1,0,Chennai,IN
CUST_04848,865,589.74,3.52,0,0,Mumbai,IN
CUST_04849,401,271.81,5.89,1,0,Hyderabad,IN
CUST_04850,1312,1449.57,2.99,7,0,Chennai,IN
CUST_04851,1609,365.86,4.17,0,0,Chennai,IN
CUST_04852,700,604.04,2.55,0,0,Delhi,IN
CUST_04853,1368,552.0,6.52,0,0,Chennai,IN
CUST_04854,1423,426.18,2.52,0,0,Ahmedabad,IN
CUST_04855,1229,1685.96,3.13,6,0,Ahmedabad,IN
CUST_04856,1745,344.21,4.48,0,0,Hyderabad,IN
CUST_04857,1262,201.38,6.25,0,0,Hyderabad,IN
CUST_04858,858,192.28,1.46,0,0,Pune,IN
CUST_04859,333,801.51,4.13,0,1,Hyderabad,IN
CUST_04860,931,964.37,1.38,0,0,Delhi,IN
CUST_04861,1016,1070.93,2.54,0,0,Mumbai,IN
CUST_04862,1885,233.31,1.37,0,0,Chennai,IN
CUST_04863,1309,434.84,0.58,0,0,Mumbai,IN
CUST_04864,1420,113.74,5.93,2,0,Chennai,IN
CUST_04865,956,302.35,1.18,0,1,Chennai,IN
CUST_04866,490,1328.47,3.87,0,0,Chennai,IN
CUST_04867,1505,523.33,2.68,0,1,Ahmedabad,IN
CUST_04868,1654,372.49,2.48,0,0,Hyderabad,IN
CUST_04869,421,601.3,4.32,0,2,Kolkata,IN
CUST_04870,378,2025.23,3.28,0,0,Kolkata,IN
CUST_04871,744,726.45,9.39,0,2,Mumbai,IN
CUST_04872,152,326.75,1.9,0,0,Mumbai,IN
CUST_04873,62,482.58,6.03,0,0,Hyderabad,IN
CUST_04874,292,476.78,0.23,0,0,Delhi,IN
CUST_04875,902,612.74,2.92,0,1,Pune,IN
CUST_04876,1293,372.78,3.35,0,0,Chennai,IN
CUST_04877,90,170.06,3.88,0,1,Hyderabad,IN
CUST_04878,408,262.64,2.46,0,0,Mumbai,IN
CUST_04879,582,903.95,1.17,0,0,Chennai,IN
CUST_04880,449,629.11,6.55,0,0,Bangalore,IN
CUST_04881,1473,3918.84,1.47,0,0,Pune,IN
CUST_04882,696,628.63,7.93,0,0,Bangalore,IN
CUST_04883,366,793.83,0.63,0,1,Chennai,IN
CUST_04884,45,877.67,4.23,0,0,Chennai,IN
CUST_04885,1727,981.73,3.4,5,0,Bangalore,IN
CUST_04886,1866,521.55,3.48,0,1,Pune,IN
CUST_04887,43,855.04,1.04,0,0,Delhi,IN
CUST_04888,777,242.88,1.57,0,0,Bangalore,IN
CUST_04889,694,434.76,3.04,1,2,Delhi,IN
CUST_04890,625,390.89,3.12,0,2,Chennai,IN
CUST_04891,492,648.02,6.01,0,1,Ahmedabad,IN
CUST_04892,1658,330.72,3.94,0,1,Hyderabad,IN
CUST_04893,1354,655.36,1.09,0,1,Hyderabad,IN
CUST_04894,1928,194.3,0.87,2,2,Bangalore,IN
CUST_04895,1799,286.87,1.97,0,0,Kolkata,IN
CUST_04896,243,759.61,3.59,0,1,Delhi,IN
CUST_04897,1808,803.09,2.09,0,1,Bangalore,IN
CUST_04898,1628,425.14,1.78,0,0,Bangalore,IN
CUST_04899,393,2608.93,2.34,0,0,Chennai,IN
CUST_04900,1423,193.93,8.0,0,0,Kolkata,IN
CUST_04901,652,304.48,0.78,0,0,Hyderabad,IN
CUST_04902,1303,235.7,1.78,0,1,Kolkata,IN
CUST_04903,1887,986.04,1.93,0,0,Chennai,IN
CUST_04904,1563,259.76,3.9,0,1,Mumbai,IN
CUST_04905,1750,149.13,1.89,0,0,Chennai,IN
CUST_04906,1618,286.93,1.1,0,1,Pune,IN
CUST_04907,672,596.24,5.35,4,2,Bangalore,IN
CUST_04908,110,700.15,0.84,0,0,Chennai,IN
CUST_04909,1788,625.8,5.7,0,0,Pune,IN
CUST_04910,1744,376.74,1.6,1,0,Bangalore,IN
CUST_04911,429,877.57,5.94,0,0,Ahmedabad,IN
CUST_04912,1607,286.33,0.35,0,0,Delhi,IN
CUST_04913,1620,1688.01,1.27,0,0,Ahmedabad,IN
CUST_04914,343,251.56,0.72,0,0,Delhi,IN
CUST_04915,1539,789.21,2.35,0,0,Kolkata,IN
CUST_04916,1022,953.93,3.5,0,0,Hyderabad,IN
CUST_04917,367,587.57,9.4,0,2,Ahmedabad,IN
CUST_04918,1460,243.89,0.62,0,0,Hyderabad,IN
CUST_04919,1077,427.1,1.03,0,1,Hyderabad,IN
CUST_04920,1466,259.4,4.09,0,0,Ahmedabad,IN
CUST_04921,971,173.43,9.94,0,0,Ahmedabad,IN
CUST_04922,1191,346.09,3.98,0,0,Pune,IN
CUST_04923,1307,334.53,1.35,0,0,Kolkata,IN
CUST_04924,425,1776.65,1.09,0,1,Mumbai,IN
CUST_04925,1833,809.75,6.21,0,0,Chennai,IN
CUST_04926,926,202.73,0.1,2,0,Chennai,IN
CUST_04927,811,242.81,2.31,0,0,Chennai,IN
CUST_04928,627,317.45,4.16,0,1,Chennai,IN
CUST_04929,1821,664.64,2.35,0,0,Kolkata,IN
CUST_04930,1171,579.04,2.15,0,0,Kolkata,IN
CUST_04931,1916,154.28,4.99,0,0,Bangalore,IN
CUST_04932,522,366.35,2.35,0,0,Hyderabad,IN
CUST_04933,276,289.05,7.2,0,0,Delhi,IN
CUST_04934,605,283.93,1.7,0,0,Delhi,IN
CUST_04935,1063,541.1,0.33,0,1,Ahmedabad,IN
CUST_04936,472,720.94,7.06,0,1,Hyderabad,IN
CUST_04937,953,471.14,0.43,0,0,Mumbai,IN
CUST_04938,873,925.91,1.49,2,0,Hyderabad,IN
CUST_04939,958,231.18,3.7,0,0,Ahmedabad,IN
CUST_04940,838,602.48,0.29,0,0,Kolkata,IN
CUST_04941,1648,308.67,5.73,0,0,Hyderabad,IN
CUST_04942,650,551.36,3.76,0,1,Ahmedabad,IN
CUST_04943,784,305.12,3.15,0,1,Pune,IN
CUST_04944,368,92.35,3.23,0,0,Mumbai,IN
CUST_04945,479,861.62,2.07,0,0,Ahmedabad,IN
CUST_04946,1322,841.14,2.41,0,1,Pune,IN
CUST_04947,736,1781.37,0.45,0,1,Delhi,IN
CUST_04948,604,817.25,2.88,0,0,Delhi,IN
CUST_04949,1610,334.52,0.79,0,0,Delhi,IN
CUST_04950,1898,737.93,1.88,0,0,Pune,IN
CUST_04951,202,525.92,4.05,0,0,Chennai,IN
CUST_04952,147,1178.37,1.53,0,0,Delhi,IN
CUST_04953,79,451.44,1.59,0,0,Hyderabad,IN
CUST_04954,684,532.2,7.19,0,1,Chennai,IN
CUST_04955,1383,762.79,5.44,0,0,Chennai,IN
CUST_04956,513,199.05,6.52,0,1,Hyderabad,IN
CUST_04957,1527,131.21,6.13,0,1,Pune,IN
CUST_04958,391,1400.19,0.34,0,0,Pune,IN
CUST_04959,1752,910.81,1.25,0,0,Bangalore,IN
CUST_04960,18,432.82,1.5,0,1,Pune,IN
CUST_04961,578,284.23,5.41,0,1,Pune,IN
CUST_04962,1604,125.39,1.11,0,0,Hyderabad,IN
CUST_04963,1938,686.7,3.38,0,2,Kolkata,IN
CUST_04964,1684,223.39,2.09,6,1,Kolkata,IN
CUST_04965,967,331.94,2.87,0,0,Mumbai,IN
CUST_04966,1773,185.02,2.87,0,1,Bangalore,IN
CUST_04967,467,413.36,0.73,0,0,Kolkata,IN
CUST_04968,1482,217.01,2.26,0,0,Chennai,IN
CUST_04969,972,745.94,1.28,0,0,Chennai,IN
CUST_04970,1057,1112.2,2.22,0,0,Chennai,IN
CUST_04971,1480,1639.84,3.22,0,0,Ahmedabad,IN
CUST_04972,698,861.83,4.74,0,0,Ahmedabad,IN
CUST_04973,642,692.92,5.21,0,0,Delhi,IN
CUST_04974,879,1742.52,2.07,0,1,Chennai,IN
CUST_04975,430,267.02,0.77,2,1,Kolkata,IN
CUST_04976,922,205.4,3.14,0,1,Ahmedabad,IN
CUST_04977,768,282.37,4.03,0,1,Mumbai,IN
CUST_04978,1183,988.12,2.63,0,0,Bangalore,IN
CUST_04979,626,479.26,1.35,0,0,Bangalore,IN
CUST_04980,1024,797.84,3.22,0,1,Mumbai,IN
CUST_04981,696,735.71,3.48,0,1,Hyderabad,IN
CUST_04982,859,2540.2,2.79,0,1,Chennai,IN
CUST_04983,1405,835.95,1.51,0,0,Kolkata,IN
CUST_04984,1563,1818.94,1.93,0,1,Kolkata,IN
CUST_04985,668,740.02,8.72,0,1,Pune,IN
CUST_04986,1163,302.19,2.35,1,0,Mumbai,IN
CUST_04987,1889,919.66,3.46,0,0,Mumbai,IN
CUST_04988,315,622.51,1.83,0,2,Bangalore,IN
CUST_04989,1164,300.14,3.36,0,1,Hyderabad,IN
CUST_04990,781,433.99,4.82,0,0,Kolkata,IN
CUST_04991,1943,277.89,2.29,0,0,Chennai,IN
CUST_04992,131,1416.09,3.63,0,1,Kolkata,IN
CUST_04993,386,1135.01,6.07,1,0,Kolkata,IN
CUST_04994,223,162.55,6.4,2,0,Ahmedabad,IN
CUST_04995,1167,217.7,5.64,0,0,Hyderabad,IN
CUST_04996,1309,746.46,3.04,0,0,Ahmedabad,IN
CUST_04997,191,107.87,1.07,0,2,Pune,IN
CUST_04998,214,271.78,2.0,0,0,Bangalore,IN
CUST_04999,66,239.56,2.92,0,0,Bangalore,IN
CUST_05000,55,1603.92,10.68,0,1,Ahmedabad,IN
CUST_05001,408,233.52,2.99,4,0,Bangalore,IN
CUST_05002,1867,1384.12,0.61,0,0,Delhi,IN
CUST_05003,582,288.75,0.42,0,0,Kolkata,IN
CUST_05004,478,269.1,2.52,0,0,Chennai,IN
CUST_05005,1351,155.66,2.76,4,0,Pune,IN
CUST_05006,932,868.61,2.22,0,0,Delhi,IN
CUST_05007,755,582.82,2.92,0,0,Mumbai,IN
CUST_05008,352,735.15,6.27,0,0,Mumbai,IN
CUST_05009,1761,727.95,7.71,0,0,Hyderabad,IN
CUST_05010,801,411.53,0.31,0,0,Kolkata,IN
CUST_05011,227,175.33,6.07,0,1,Bangalore,IN
CUST_05012,1099,298.99,1.98,0,0,Bangalore,IN
CUST_05013,980,654.96,0.74,0,0,Kolkata,IN
CUST_05014,797,232.91,1.98,0,0,Delhi,IN
CUST_05015,267,451.26,1.09,0,0,Chennai,IN
CUST_05016,635,1138.32,5.76,0,0,Chennai,IN
CUST_05017,1676,894.55,0.81,0,1,Kolkata,IN
CUST_05018,326,414.85,7.47,0,0,Ahmedabad,IN
CUST_05019,1204,337.37,5.16,0,0,Pune,IN
CUST_05020,1030,302.75,4.41,0,0,Chennai,IN
CUST_05021,565,749.56,1.49,0,0,Ahmedabad,IN
CUST_05022,16,1808.94,0.68,0,0,Chennai,IN
CUST_05023,913,615.66,3.54,0,0,Bangalore,IN
CUST_05024,1689,573.79,2.08,0,0,Delhi,IN
CUST_05025,1239,663.65,0.76,0,0,Kolkata,IN
CUST_05026,1077,1138.3,1.41,1,0,Chennai,IN
CUST_05027,1865,259.15,6.49,0,0,Hyderabad,IN
CUST_05028,943,224.64,3.44,1,2,Ahmedabad,IN
CUST_05029,1180,171.49,4.26,0,2,Ahmedabad,IN
CUST_05030,1510,852.67,4.88,0,1,Mumbai,IN
CUST_05031,590,451.12,2.3,0,0,Delhi,IN
CUST_05032,711,408.45,3.34,0,0,Ahmedabad,IN
CUST_05033,801,1656.96,1.19,0,0,Pune,IN
CUST_05034,851,327.56,7.74,0,2,Bangalore,IN
CUST_05035,368,798.27,1.59,0,0,Chennai,IN
CUST_05036,938,542.8,1.09,0,1,Kolkata,IN
CUST_05037,1866,1340.52,3.04,0,0,Kolkata,IN
CUST_05038,1431,585.39,7.6,1,0,Bangalore,IN
CUST_05039,806,458.82,1.41,1,0,Delhi,IN
CUST_05040,491,808.55,6.78,1,1,Mumbai,IN
CUST_05041,561,734.43,3.15,2,0,Bangalore,IN
CUST_05042,1366,331.95,2.04,0,1,Pune,IN
CUST_05043,1430,417.0,0.42,3,0,Delhi,IN
CUST_05044,1862,1094.45,1.99,0,0,Chennai,IN
CUST_05045,843,335.4,2.77,0,1,Ahmedabad,IN
CUST_05046,756,262.02,1.57,0,0,Delhi,IN
CUST_05047,1548,350.55,1.76,0,0,Delhi,IN
CUST_05048,1034,2002.32,5.12,5,0,Delhi,IN
CUST_05049,840,289.06,0.47,1,2,Hyderabad,IN
CUST_05050,338,288.92,2.65,0,1,Ahmedabad,IN
CUST_05051,425,802.83,2.89,0,0,Pune,IN
CUST_05052,947,2191.85,1.02,0,0,Mumbai,IN
CUST_05053,150,658.5,5.81,1,1,Mumbai,IN
CUST_05054,781,736.71,1.14,0,0,Ahmedabad,IN
CUST_05055,1528,668.76,2.4,0,0,Hyderabad,IN
CUST_05056,1753,267.49,1.51,0,0,Kolkata,IN
CUST_05057,813,517.13,2.19,0,0,Chennai,IN
CUST_05058,22,547.3,0.23,2,2,Mumbai,IN
CUST_05059,235,278.15,3.53,0,1,Pune,IN
CUST_05060,670,983.86,4.21,0,0,Bangalore,IN
CUST_05061,993,1249.03,2.78,0,0,Ahmedabad,IN
CUST_05062,140,451.22,2.61,0,1,Ahmedabad,IN
CUST_05063,1124,2244.23,0.36,0,0,Delhi,IN
CUST_05064,1462,434.66,2.31,0,0,Chennai,IN
CUST_05065,288,1093.97,1.18,0,0,Ahmedabad,IN
CUST_05066,1681,695.25,5.06,0,0,Ahmedabad,IN
CUST_05067,1724,807.2,1.18,0,0,Pune,IN
CUST_05068,350,231.02,5.23,0,0,Bangalore,IN
CUST_05069,1244,799.73,1.05,1,0,Mumbai,IN
CUST_05070,363,125.69,1.65,0,0,Delhi,IN
CUST_05071,255,202.87,1.44,0,0,Pune,IN
CUST_05072,345,2495.54,2.56,0,0,Kolkata,IN
CUST_05073,1376,1489.97,4.38,0,0,Delhi,IN
CUST_05074,1388,814.56,1.12,0,1,Mumbai,IN
CUST_05075,315,259.55,2.85,0,0,Pune,IN
CUST_05076,734,326.41,0.8,0,0,Ahmedabad,IN
CUST_05077,444,497.54,1.26,0,0,Bangalore,IN
CUST_05078,1829,404.39,0.87,0,0,Mumbai,IN
CUST_05079,906,206.56,6.08,0,0,Chennai,IN
CUST_05080,1714,950.54,7.64,0,0,Mumbai,IN
CUST_05081,800,963.48,2.58,0,0,Delhi,IN
CUST_05082,910,726.67,2.8,0,0,Pune,IN
CUST_05083,1226,1505.17,4.68,0,0,Mumbai,IN
CUST_05084,100,935.07,1.02,1,0,Mumbai,IN
CUST_05085,1572,456.22,0.58,0,0,Kolkata,IN
CUST_05086,1903,203.42,3.04,0,0,Chennai,IN
CUST_05087,768,506.2,5.56,0,0,Chennai,IN
CUST_05088,410,167.15,2.35,0,0,Chennai,IN
CUST_05089,33,533.22,1.23,6,0,Delhi,IN
CUST_05090,58,543.68,0.97,0,0,Kolkata,IN
CUST_05091,691,803.9,0.45,0,2,Mumbai,IN
CUST_05092,1393,1238.02,4.32,0,0,Chennai,IN
CUST_05093,452,898.77,6.03,0,0,Delhi,IN
CUST_05094,1633,159.22,1.83,0,0,Delhi,IN
CUST_05095,1483,1346.08,1.35,0,0,Bangalore,IN
CUST_05096,91,670.87,0.7,4,0,Bangalore,IN
CUST_05097,1050,412.71,2.92,0,0,Kolkata,IN
CUST_05098,1671,214.65,1.57,0,1,Delhi,IN
CUST_05099,661,315.1,2.38,0,1,Hyderabad,IN
CUST_05100,1280,47.91,3.51,0,1,Chennai,IN
CUST_05101,1914,1153.83,5.53,0,1,Chennai,IN
CUST_05102,1923,353.11,2.01,0,0,Kolkata,IN
CUST_05103,248,273.8,5.69,0,1,Kolkata,IN
CUST_05104,438,514.67,4.61,0,0,Chennai,IN
CUST_05105,731,445.54,0.49,0,0,Delhi,IN
CUST_05106,356,675.06,6.25,0,0,Hyderabad,IN
CUST_05107,824,584.82,7.19,0,0,Mumbai,IN
CUST_05108,25,329.36,1.09,0,0,Hyderabad,IN
CUST_05109,436,1002.6,2.27,0,0,Kolkata,IN
CUST_05110,451,2311.45,2.75,0,0,Ahmedabad,IN
CUST_05111,1348,646.53,1.26,6,2,Delhi,IN
CUST_05112,1332,318.78,6.81,0,0,Pune,IN
CUST_05113,90,596.39,6.77,0,0,Hyderabad,IN
CUST_05114,1814,435.86,1.24,0,0,Delhi,IN
CUST_05115,842,942.77,2.33,0,1,Chennai,IN
CUST_05116,1572,362.21,5.41,0,0,Pune,IN
CUST_05117,209,186.65,1.59,0,0,Ahmedabad,IN
CUST_05118,516,425.83,1.61,0,1,Bangalore,IN
CUST_05119,1229,461.06,2.98,0,1,Delhi,IN
CUST_05120,1293,309.34,1.53,0,0,Hyderabad,IN
CUST_05121,1389,399.18,2.73,0,0,Kolkata,IN
CUST_05122,681,122.9,1.62,0,0,Bangalore,IN
CUST_05123,1302,206.53,2.58,3,0,Bangalore,IN
CUST_05124,1744,1012.41,1.11,2,1,Hyderabad,IN
CUST_05125,139,492.13,3.73,0,0,Ahmedabad,IN
CUST_05126,37,1179.01,0.86,0,0,Hyderabad,IN
CUST_05127,784,1082.86,2.14,0,0,Ahmedabad,IN
CUST_05128,1032,50.64,9.23,0,0,Chennai,IN
CUST_05129,477,1621.32,4.52,0,0,Mumbai,IN
CUST_05130,1263,761.02,5.65,0,0,Mumbai,IN
CUST_05131,633,248.72,1.9,1,0,Delhi,IN
CUST_05132,1512,879.58,4.4,2,0,Chennai,IN
CUST_05133,1551,213.66,2.55,0,0,Kolkata,IN
CUST_05134,1270,660.28,1.41,0,0,Chennai,IN
CUST_05135,123,1029.79,5.31,3,0,Delhi,IN
CUST_05136,768,370.96,1.25,0,2,Bangalore,IN
CUST_05137,608,310.07,3.23,0,1,Ahmedabad,IN
CUST_05138,311,303.37,3.79,0,0,Chennai,IN
CUST_05139,419,1127.7,4.4,1,1,Kolkata,IN
CUST_05140,488,355.57,1.5,0,1,Mumbai,IN
CUST_05141,1514,785.42,4.45,0,0,Ahmedabad,IN
CUST_05142,275,232.87,4.88,0,0,Hyderabad,IN
CUST_05143,651,255.81,2.72,0,0,Pune,IN
CUST_05144,1067,1062.05,0.62,0,1,Mumbai,IN
CUST_05145,1328,868.54,2.62,0,1,Kolkata,IN
CUST_05146,1538,170.22,7.26,0,0,Pune,IN
CUST_05147,470,450.27,0.75,0,0,Mumbai,IN
CUST_05148,702,332.13,1.02,0,0,Hyderabad,IN
CUST_05149,422,2049.03,2.11,0,1,Chennai,IN
CUST_05150,1857,402.87,3.39,0,0,Mumbai,IN
CUST_05151,1642,577.42,4.61,1,1,Chennai,IN
CUST_05152,1246,985.56,9.23,0,0,Chennai,IN
CUST_05153,1068,888.75,3.3,0,1,Kolkata,IN
CUST_05154,376,637.45,2.39,0,1,Hyderabad,IN
CUST_05155,1290,1323.33,2.43,0,0,Ahmedabad,IN
CUST_05156,133,1208.39,0.86,0,0,Mumbai,IN
CUST_05157,144,500.98,0.81,0,0,Ahmedabad,IN
CUST_05158,107,274.81,4.07,0,0,Chennai,IN
CUST_05159,1922,782.19,3.56,0,0,Bangalore,IN
CUST_05160,258,766.95,2.25,0,1,Chennai,IN
CUST_05161,356,752.64,2.72,0,0,Delhi,IN
CUST_05162,484,237.12,2.34,0,0,Chennai,IN
CUST_05163,873,592.99,5.5,0,0,Delhi,IN
CUST_05164,638,444.52,3.67,0,1,Ahmedabad,IN
CUST_05165,1478,495.04,5.03,0,0,Bangalore,IN
CUST_05166,502,764.43,4.34,0,0,Chennai,IN
CUST_05167,362,1373.9,1.38,0,0,Kolkata,IN
CUST_05168,621,668.09,4.19,0,0,Chennai,IN
CUST_05169,1181,116.54,2.84,0,0,Pune,IN
CUST_05170,1982,1977.64,5.06,0,1,Ahmedabad,IN
CUST_05171,557,402.21,4.61,0,0,Chennai,IN
CUST_05172,164,268.75,1.73,0,0,Ahmedabad,IN
CUST_05173,816,928.64,2.27,0,0,Hyderabad,IN
CUST_05174,344,349.63,5.93,0,0,Kolkata,IN
CUST_05175,904,441.86,2.93,1,1,Ahmedabad,IN
CUST_05176,1035,367.68,2.26,0,0,Kolkata,IN
CUST_05177,1558,433.13,4.03,0,0,Kolkata,IN
CUST_05178,1679,559.35,2.28,0,0,Bangalore,IN
CUST_05179,41,979.26,2.13,0,0,Ahmedabad,IN
CUST_05180,876,828.84,0.77,0,0,Kolkata,IN
CUST_05181,1555,233.13,1.74,0,0,Delhi,IN
CUST_05182,1219,519.17,1.47,0,2,Pune,IN
CUST_05183,1133,634.42,1.67,0,0,Bangalore,IN
CUST_05184,527,294.58,1.13,1,0,Bangalore,IN
CUST_05185,950,370.07,0.55,0,0,Kolkata,IN
CUST_05186,929,583.9,3.18,6,0,Pune,IN
CUST_05187,769,1195.71,1.0,0,1,Pune,IN
CUST_05188,148,1273.74,3.48,0,1,Ahmedabad,IN
CUST_05189,280,141.41,4.06,0,0,Hyderabad,IN
CUST_05190,401,767.58,1.42,0,0,Ahmedabad,IN
CUST_05191,1877,456.02,6.01,0,2,Bangalore,IN
CUST_05192,9,593.29,1.75,0,0,Chennai,IN
CUST_05193,1765,256.19,3.35,0,1,Mumbai,IN
CUST_05194,1007,482.31,2.96,4,0,Hyderabad,IN
CUST_05195,1896,821.45,4.55,0,0,Kolkata,IN
CUST_05196,1926,567.12,1.07,0,1,Kolkata,IN
CUST_05197,1988,496.45,3.41,0,0,Kolkata,IN
CUST_05198,787,138.19,0.44,0,0,Hyderabad,IN
CUST_05199,631,673.38,5.52,0,0,Ahmedabad,IN
CUST_05200,838,438.44,2.32,0,1,Delhi,IN
CUST_05201,1888,425.13,1.85,0,0,Mumbai,IN
CUST_05202,789,392.86,2.09,0,0,Delhi,IN
CUST_05203,398,363.46,0.43,0,0,Bangalore,IN
CUST_05204,1961,1008.88,6.82,0,0,Kolkata,IN
CUST_05205,1580,868.31,3.12,0,0,Pune,IN
CUST_05206,1044,757.39,1.87,0,0,Hyderabad,IN
CUST_05207,1301,733.07,2.26,0,0,Ahmedabad,IN
CUST_05208,1427,553.47,4.97,0,0,Hyderabad,IN
CUST_05209,1334,625.1,3.49,0,0,Mumbai,IN
CUST_05210,1898,443.64,0.9,0,0,Kolkata,IN
CUST_05211,1507,337.43,3.48,0,0,Kolkata,IN
CUST_05212,497,303.92,0.39,1,0,Chennai,IN
CUST_05213,71,312.77,2.73,0,1,Ahmedabad,IN
CUST_05214,1293,291.44,3.82,0,0,Hyderabad,IN
CUST_05215,1429,374.99,2.4,1,1,Mumbai,IN
CUST_05216,536,335.67,3.05,1,0,Bangalore,IN
CUST_05217,1934,1678.39,0.79,0,0,Ahmedabad,IN
CUST_05218,521,704.19,4.37,1,0,Bangalore,IN
CUST_05219,1234,521.77,2.59,0,1,Chennai,IN
CUST_05220,26,383.42,0.33,0,0,Bangalore,IN
CUST_05221,1579,134.61,3.34,0,1,Delhi,IN
CUST_05222,1320,989.77,8.1,0,1,Delhi,IN
CUST_05223,815,106.12,1.88,0,0,Kolkata,IN
CUST_05224,1062,479.85,4.45,0,1,Delhi,IN
CUST_05225,1795,1209.54,2.06,0,1,Chennai,IN
CUST_05226,340,154.17,2.68,0,1,Kolkata,IN
CUST_05227,518,1284.19,5.03,0,0,Kolkata,IN
CUST_05228,1026,1067.34,1.63,1,0,Pune,IN
CUST_05229,1201,487.81,2.84,0,0,Kolkata,IN
CUST_05230,1504,405.06,2.72,0,0,Pune,IN
CUST_05231,1542,1221.78,1.26,0,0,Kolkata,IN
CUST_05232,224,521.93,1.91,0,0,Delhi,IN
CUST_05233,1668,492.45,4.46,0,0,Hyderabad,IN
CUST_05234,551,804.6,1.3,0,0,Bangalore,IN
CUST_05235,1905,1869.64,1.57,0,0,Chennai,IN
CUST_05236,1432,765.29,2.26,0,3,Kolkata,IN
CUST_05237,14,755.34,7.21,0,0,Pune,IN
CUST_05238,1672,612.86,3.97,2,1,Bangalore,IN
CUST_05239,4,441.62,4.65,6,0,Ahmedabad,IN
CUST_05240,144,1031.26,1.91,0,1,Delhi,IN
CUST_05241,1076,645.53,1.1,0,1,Kolkata,IN
CUST_05242,1341,213.6,1.93,0,0,Kolkata,IN
CUST_05243,1502,560.74,0.6,0,0,Pune,IN
CUST_05244,350,154.81,2.52,0,0,Kolkata,IN
CUST_05245,768,252.71,6.21,0,1,Bangalore,IN
CUST_05246,1442,1268.72,4.72,0,1,Bangalore,IN
CUST_05247,406,447.54,2.73,0,1,Bangalore,IN
CUST_05248,373,1171.46,6.0,0,0,Ahmedabad,IN
CUST_05249,923,424.47,0.92,0,2,Delhi,IN
CUST_05250,381,445.68,2.44,0,1,Chennai,IN
CUST_05251,121,1130.93,2.68,0,1,Chennai,IN
CUST_05252,1658,292.06,1.19,0,2,Bangalore,IN
CUST_05253,532,356.33,5.74,0,0,Chennai,IN
CUST_05254,903,391.1,6.88,0,0,Kolkata,IN
CUST_05255,1779,279.83,3.37,0,1,Delhi,IN
CUST_05256,164,874.79,4.82,0,1,Bangalore,IN
CUST_05257,176,363.91,0.61,0,0,Pune,IN
CUST_05258,256,795.42,2.77,2,1,Kolkata,IN
CUST_05259,132,236.72,3.92,0,0,Pune,IN
CUST_05260,61,526.33,4.23,0,1,Hyderabad,IN
CUST_05261,979,207.51,0.83,0,1,Chennai,IN
CUST_05262,1378,727.72,7.63,0,0,Ahmedabad,IN
CUST_05263,20,244.0,1.6,0,0,Delhi,IN
CUST_05264,545,223.17,2.53,0,1,Mumbai,IN
CUST_05265,1363,156.52,0.47,0,0,Mumbai,IN
CUST_05266,199,564.35,2.49,0,0,Mumbai,IN
CUST_05267,1070,575.14,4.13,0,0,Chennai,IN
CUST_05268,770,452.63,4.76,0,1,Mumbai,IN
CUST_05269,1909,381.89,0.76,0,0,Pune,IN
CUST_05270,970,428.05,0.79,0,1,Ahmedabad,IN
CUST_05271,1238,86.77,0.89,0,0,Hyderabad,IN
CUST_05272,690,1495.6,2.57,0,1,Kolkata,IN
CUST_05273,1397,280.06,3.08,0,0,Hyderabad,IN
CUST_05274,646,784.61,4.32,0,0,Hyderabad,IN
CUST_05275,1928,375.89,3.17,0,0,Chennai,IN
CUST_05276,1363,161.43,3.66,0,0,Hyderabad,IN
CUST_05277,776,266.63,3.0,0,0,Kolkata,IN
CUST_05278,1998,150.21,5.11,0,0,Mumbai,IN
CUST_05279,1789,259.01,0.7,0,0,Hyderabad,IN
CUST_05280,1652,505.25,2.78,0,0,Hyderabad,IN
CUST_05281,7,838.89,0.19,0,2,Delhi,IN
CUST_05282,1783,334.09,0.22,0,0,Ahmedabad,IN
CUST_05283,1486,578.32,0.74,0,0,Kolkata,IN
CUST_05284,53,627.1,5.56,0,0,Bangalore,IN
CUST_05285,1780,620.97,2.43,0,1,Delhi,IN
CUST_05286,1948,795.29,0.74,0,1,Pune,IN
CUST_05287,755,176.18,4.83,0,0,Chennai,IN
CUST_05288,1267,750.59,8.12,0,0,Ahmedabad,IN
CUST_05289,1055,323.61,1.15,0,0,Ahmedabad,IN
CUST_05290,1353,1759.52,2.89,0,0,Kolkata,IN
CUST_05291,7,261.01,0.98,1,0,Chennai,IN
CUST_05292,35,385.5,1.67,0,0,Hyderabad,IN
CUST_05293,1789,2232.87,0.39,0,0,Hyderabad,IN
CUST_05294,1986,746.03,3.93,0,0,Mumbai,IN
CUST_05295,1389,312.99,2.18,0,2,Hyderabad,IN
CUST_05296,479,675.93,3.05,0,1,Ahmedabad,IN
CUST_05297,820,194.18,2.16,0,0,Ahmedabad,IN
CUST_05298,714,308.89,2.56,0,1,Delhi,IN
CUST_05299,1924,1198.55,2.84,0,1,Kolkata,IN
CUST_05300,1349,610.44,5.94,0,0,Ahmedabad,IN
CUST_05301,1504,1127.29,4.93,3,2,Delhi,IN
CUST_05302,602,147.51,3.15,0,0,Kolkata,IN
CUST_05303,1459,686.82,0.3,5,1,Chennai,IN
CUST_05304,1782,1415.72,1.79,0,0,Bangalore,IN
CUST_05305,262,478.79,3.03,0,0,Mumbai,IN
CUST_05306,1632,199.82,4.21,0,0,Ahmedabad,IN
CUST_05307,618,1229.0,0.6,0,0,Delhi,IN
CUST_05308,345,273.73,1.64,0,1,Ahmedabad,IN
CUST_05309,1956,196.68,2.46,0,1,Ahmedabad,IN
CUST_05310,988,224.25,1.66,0,0,Delhi,IN
CUST_05311,499,1588.09,3.52,1,1,Chennai,IN
CUST_05312,350,222.79,2.66,0,0,Chennai,IN
CUST_05313,217,569.89,3.56,1,0,Delhi,IN
CUST_05314,1466,2303.8,3.93,0,0,Kolkata,IN
CUST_05315,329,1178.42,3.52,0,0,Mumbai,IN
CUST_05316,1849,372.59,0.3,0,0,Hyderabad,IN
CUST_05317,1570,957.39,1.84,0,0,Kolkata,IN
CUST_05318,452,404.71,2.03,0,0,Pune,IN
CUST_05319,1364,839.61,5.73,0,0,Pune,IN
CUST_05320,1949,592.46,2.49,0,0,Ahmedabad,IN
CUST_05321,1363,336.68,0.65,0,1,Delhi,IN
CUST_05322,1890,533.37,4.38,0,0,Bangalore,IN
CUST_05323,186,162.54,7.39,0,0,Ahmedabad,IN
CUST_05324,1786,1167.84,3.94,0,0,Hyderabad,IN
CUST_05325,1909,1199.07,3.3,0,1,Chennai,IN
CUST_05326,1319,753.33,2.48,0,0,Delhi,IN
CUST_05327,773,212.75,4.79,0,1,Hyderabad,IN
CUST_05328,1340,354.36,4.62,0,0,Kolkata,IN
CUST_05329,1656,262.61,1.15,0,0,Kolkata,IN
CUST_05330,458,350.35,5.61,0,1,Chennai,IN
CUST_05331,237,630.37,1.43,0,2,Pune,IN
CUST_05332,180,221.76,2.49,0,1,Pune,IN
CUST_05333,183,552.11,1.9,0,1,Delhi,IN
CUST_05334,1517,467.57,1.26,0,0,Hyderabad,IN
CUST_05335,1525,523.21,4.55,0,0,Chennai,IN
CUST_05336,1174,564.43,2.52,0,0,Delhi,IN
CUST_05337,261,693.21,1.58,0,0,Hyderabad,IN
CUST_05338,1954,3195.42,5.44,0,0,Hyderabad,IN
CUST_05339,1182,723.67,3.69,0,1,Kolkata,IN
CUST_05340,637,227.82,4.46,0,0,Mumbai,IN
CUST_05341,1209,1138.69,1.84,0,0,Mumbai,IN
CUST_05342,1735,690.08,3.1,0,0,Chennai,IN
CUST_05343,868,677.41,4.1,0,0,Kolkata,IN
CUST_05344,1580,220.8,2.32,0,0,Hyderabad,IN
CUST_05345,1634,479.54,5.67,1,1,Hyderabad,IN
CUST_05346,1065,257.93,6.72,0,0,Bangalore,IN
CUST_05347,219,562.75,4.98,0,0,Chennai,IN
CUST_05348,19,260.57,5.24,0,1,Kolkata,IN
CUST_05349,648,541.2,3.38,0,0,Ahmedabad,IN
CUST_05350,1672,63.1,4.81,0,1,Bangalore,IN
CUST_05351,1715,452.73,3.09,0,1,Pune,IN
CUST_05352,1024,251.83,6.13,0,1,Chennai,IN
CUST_05353,302,675.69,0.77,0,1,Ahmedabad,IN
CUST_05354,299,176.58,12.78,0,0,Pune,IN
CUST_05355,1227,492.52,1.34,0,0,Mumbai,IN
CUST_05356,633,916.71,2.63,0,1,Hyderabad,IN
CUST_05357,561,133.08,1.47,0,1,Delhi,IN
CUST_05358,1293,527.16,3.8,1,0,Ahmedabad,IN
CUST_05359,1014,105.33,3.65,3,0,Chennai,IN
CUST_05360,1443,405.42,3.65,0,0,Pune,IN
CUST_05361,121,575.43,0.02,0,0,Kolkata,IN
CUST_05362,313,360.3,0.26,1,0,Hyderabad,IN
CUST_05363,1737,264.24,1.48,0,0,Chennai,IN
CUST_05364,1435,128.88,1.95,0,0,Chennai,IN
CUST_05365,1891,1397.25,3.95,0,0,Mumbai,IN
CUST_05366,1755,628.39,0.84,0,0,Bangalore,IN
CUST_05367,1490,600.77,1.81,0,0,Ahmedabad,IN
CUST_05368,613,172.21,0.66,0,0,Kolkata,IN
CUST_05369,45,527.75,6.73,0,1,Bangalore,IN
CUST_05370,692,181.54,5.66,4,0,Kolkata,IN
CUST_05371,1389,120.28,1.86,0,0,Kolkata,IN
CUST_05372,714,422.51,4.24,0,1,Ahmedabad,IN
CUST_05373,801,953.26,1.72,0,0,Kolkata,IN
CUST_05374,1082,825.44,0.52,0,0,Delhi,IN
CUST_05375,579,160.46,1.82,0,0,Pune,IN
CUST_05376,1436,264.48,1.84,0,0,Chennai,IN
CUST_05377,200,902.24,1.29,0,0,Kolkata,IN
CUST_05378,663,256.26,2.59,0,0,Bangalore,IN
CUST_05379,1741,194.41,1.55,0,0,Mumbai,IN
CUST_05380,938,969.13,3.43,0,0,Pune,IN
CUST_05381,1183,404.25,7.91,0,0,Bangalore,IN
CUST_05382,905,255.26,8.65,0,0,Bangalore,IN
CUST_05383,597,247.77,2.85,0,1,Ahmedabad,IN
CUST_05384,430,541.08,3.33,0,1,Bangalore,IN
CUST_05385,1648,1673.05,5.48,0,0,Chennai,IN
CUST_05386,1506,1101.73,4.18,2,1,Chennai,IN
CUST_05387,742,609.49,0.39,0,0,Mumbai,IN
CUST_05388,1390,224.78,3.98,0,0,Delhi,IN
CUST_05389,772,1370.42,2.69,0,0,Bangalore,IN
CUST_05390,1392,851.25,1.47,0,0,Kolkata,IN
CUST_05391,1897,220.28,2.53,0,0,Bangalore,IN
CUST_05392,197,312.95,1.2,0,0,Mumbai,IN
CUST_05393,1996,967.54,2.75,0,0,Hyderabad,IN
CUST_05394,368,834.92,3.48,0,1,Ahmedabad,IN
CUST_05395,241,206.98,3.15,0,1,Mumbai,IN
CUST_05396,1216,683.02,4.22,0,0,Hyderabad,IN
CUST_05397,1987,461.1,1.75,0,0,Kolkata,IN
CUST_05398,1285,565.07,0.8,0,0,Bangalore,IN
CUST_05399,502,193.44,1.94,0,1,Kolkata,IN
CUST_05400,244,384.61,2.0,0,2,Mumbai,IN
CUST_05401,813,878.59,2.84,0,1,Chennai,IN
CUST_05402,620,286.27,6.71,0,0,Ahmedabad,IN
CUST_05403,1337,414.34,1.29,0,1,Bangalore,IN
CUST_05404,1589,533.19,4.23,0,0,Kolkata,IN
CUST_05405,1593,256.92,2.7,2,0,Delhi,IN
CUST_05406,1772,1569.12,4.22,0,1,Ahmedabad,IN
CUST_05407,564,709.3,6.82,0,0,Kolkata,IN
CUST_05408,753,669.09,2.0,0,0,Ahmedabad,IN
CUST_05409,246,404.3,1.98,0,0,Mumbai,IN
CUST_05410,170,122.45,7.27,0,2,Delhi,IN
CUST_05411,1002,346.07,3.41,3,0,Delhi,IN
CUST_05412,48,414.01,4.49,0,0,Chennai,IN
CUST_05413,561,328.14,2.76,0,0,Ahmedabad,IN
CUST_05414,1627,477.59,2.19,0,1,Delhi,IN
CUST_05415,787,641.34,0.86,0,0,Bangalore,IN
CUST_05416,1321,743.59,3.81,0,1,Ahmedabad,IN
CUST_05417,612,138.22,2.93,0,0,Kolkata,IN
CUST_05418,204,326.22,1.15,0,0,Bangalore,IN
CUST_05419,131,1140.16,5.36,0,0,Hyderabad,IN
CUST_05420,831,266.32,2.16,0,1,Bangalore,IN
CUST_05421,807,80.85,2.94,0,0,Mumbai,IN
CUST_05422,131,394.36,2.02,0,1,Ahmedabad,IN
CUST_05423,1544,294.07,1.27,0,0,Delhi,IN
CUST_05424,1978,167.13,13.22,0,0,Chennai,IN
CUST_05425,371,607.39,5.57,0,1,Delhi,IN
CUST_05426,11,439.24,0.34,0,0,Bangalore,IN
CUST_05427,1640,573.72,0.5,0,0,Ahmedabad,IN
CUST_05428,252,1066.52,2.21,0,0,Hyderabad,IN
CUST_05429,264,681.27,2.44,0,2,Mumbai,IN
CUST_05430,1337,1578.05,5.96,6,0,Chennai,IN
CUST_05431,180,475.81,2.39,0,1,Bangalore,IN
CUST_05432,1744,646.45,4.45,1,2,Pune,IN
CUST_05433,174,198.13,3.42,0,0,Mumbai,IN
CUST_05434,1037,633.19,8.21,0,0,Delhi,IN
CUST_05435,745,801.14,0.63,0,2,Pune,IN
CUST_05436,867,495.14,1.1,0,0,Bangalore,IN
CUST_05437,509,1114.45,1.94,0,0,Mumbai,IN
CUST_05438,95,458.43,1.62,0,0,Pune,IN
CUST_05439,1350,734.51,0.87,0,0,Pune,IN
CUST_05440,287,753.18,0.59,0,0,Ahmedabad,IN
CUST_05441,1424,117.02,1.77,0,2,Ahmedabad,IN
CUST_05442,1071,473.94,3.27,0,0,Hyderabad,IN
CUST_05443,1242,281.12,2.37,0,3,Hyderabad,IN
CUST_05444,1409,284.66,1.87,0,1,Chennai,IN
CUST_05445,1358,564.26,0.62,0,1,Delhi,IN
CUST_05446,486,66.73,1.98,0,0,Mumbai,IN
CUST_05447,386,298.45,3.32,0,1,Mumbai,IN
CUST_05448,614,813.63,5.47,0,0,Bangalore,IN
CUST_05449,1961,409.27,2.49,0,0,Chennai,IN
CUST_05450,1234,86.68,5.32,0,0,Bangalore,IN
CUST_05451,1212,997.29,0.39,0,1,Chennai,IN
CUST_05452,569,208.43,4.91,0,1,Hyderabad,IN
CUST_05453,1494,453.98,3.13,0,2,Bangalore,IN
CUST_05454,153,736.3,3.26,0,1,Kolkata,IN
CUST_05455,534,530.14,2.71,2,0,Pune,IN
CUST_05456,1331,321.82,0.67,0,0,Kolkata,IN
CUST_05457,820,374.02,0.7,3,1,Bangalore,IN
CUST_05458,171,1051.52,1.02,0,0,Ahmedabad,IN
CUST_05459,1386,212.21,1.2,0,0,Pune,IN
CUST_05460,1926,421.66,4.61,0,0,Kolkata,IN
CUST_05461,1098,396.52,2.86,0,0,Bangalore,IN
CUST_05462,145,1797.69,0.27,0,0,Chennai,IN
CUST_05463,1297,572.54,2.97,0,0,Pune,IN
CUST_05464,1464,286.5,2.57,0,0,Chennai,IN
CUST_05465,1155,387.25,1.32,0,0,Hyderabad,IN
CUST_05466,860,450.72,1.12,0,0,Bangalore,IN
CUST_05467,648,592.33,1.35,0,0,Bangalore,IN
CUST_05468,777,491.21,3.87,0,0,Kolkata,IN
CUST_05469,1975,833.01,1.82,0,1,Mumbai,IN
CUST_05470,159,919.0,2.45,0,0,Chennai,IN
CUST_05471,256,284.35,4.4,1,0,Pune,IN
CUST_05472,1401,292.43,2.6,2,0,Delhi,IN
CUST_05473,136,423.68,1.95,0,0,Kolkata,IN
CUST_05474,1312,743.07,5.19,0,0,Hyderabad,IN
CUST_05475,744,299.34,5.43,0,0,Delhi,IN
CUST_05476,1594,340.59,3.93,0,3,Hyderabad,IN
CUST_05477,300,444.15,8.77,0,1,Pune,IN
CUST_05478,561,377.65,3.57,0,0,Chennai,IN
CUST_05479,201,428.74,1.59,0,0,Mumbai,IN
CUST_05480,1985,849.87,2.58,0,0,Kolkata,IN
CUST_05481,776,206.44,2.55,0,0,Chennai,IN
CUST_05482,1604,562.24,3.43,0,3,Delhi,IN
CUST_05483,360,844.97,0.65,0,2,Delhi,IN
CUST_05484,1206,327.47,0.41,0,1,Pune,IN
CUST_05485,196,579.26,2.94,0,0,Ahmedabad,IN
CUST_05486,1435,534.64,1.21,0,1,Hyderabad,IN
CUST_05487,1130,1272.64,5.6,0,0,Pune,IN
CUST_05488,1245,1435.28,2.08,2,1,Pune,IN
CUST_05489,1837,309.45,1.32,0,0,Delhi,IN
CUST_05490,350,337.61,2.29,0,0,Mumbai,IN
CUST_05491,1939,98.93,1.29,0,0,Hyderabad,IN
CUST_05492,371,720.88,3.28,0,0,Kolkata,IN
CUST_05493,1651,500.61,5.37,0,1,Hyderabad,IN
CUST_05494,977,584.16,1.17,0,0,Kolkata,IN
CUST_05495,531,939.34,2.06,0,0,Bangalore,IN
CUST_05496,1407,727.13,0.37,0,0,Mumbai,IN
CUST_05497,1347,302.91,3.17,0,1,Bangalore,IN
CUST_05498,293,658.23,3.14,0,0,Bangalore,IN
CUST_05499,1163,328.98,0.88,0,0,Kolkata,IN
CUST_05500,109,311.77,1.99,0,0,Pune,IN
CUST_05501,1449,806.15,7.02,0,0,Hyderabad,IN
CUST_05502,1389,720.5,3.72,0,0,Chennai,IN
CUST_05503,1448,533.31,4.7,0,0,Kolkata,IN
CUST_05504,375,276.73,4.44,0,2,Ahmedabad,IN
CUST_05505,725,777.66,4.57,0,0,Ahmedabad,IN
CUST_05506,1029,748.62,3.26,0,0,Ahmedabad,IN
CUST_05507,565,512.51,6.21,0,0,Pune,IN
CUST_05508,1067,91.71,2.37,0,0,Kolkata,IN
CUST_05509,626,205.05,3.92,0,0,Chennai,IN
CUST_05510,1941,503.31,3.08,0,0,Delhi,IN
CUST_05511,833,421.1,4.94,0,1,Pune,IN
CUST_05512,1732,185.64,2.7,0,2,Hyderabad,IN
CUST_05513,1300,572.7,1.85,0,0,Delhi,IN
CUST_05514,158,1390.91,4.79,0,0,Delhi,IN
CUST_05515,1936,570.77,6.04,0,0,Chennai,IN
CUST_05516,339,704.92,3.28,0,0,Delhi,IN
CUST_05517,174,396.77,2.14,0,0,Mumbai,IN
CUST_05518,1135,465.22,4.94,0,2,Pune,IN
CUST_05519,1656,215.78,0.76,0,1,Ahmedabad,IN
CUST_05520,1971,1302.66,1.87,0,2,Mumbai,IN
CUST_05521,1387,528.75,3.87,0,0,Kolkata,IN
CUST_05522,983,487.31,1.14,0,0,Bangalore,IN
CUST_05523,1055,341.25,0.37,0,0,Ahmedabad,IN
CUST_05524,831,280.71,3.82,6,0,Delhi,IN
CUST_05525,1263,419.45,9.16,0,0,Mumbai,IN
CUST_05526,1866,249.01,4.27,0,0,Chennai,IN
CUST_05527,1463,223.31,0.74,0,1,Mumbai,IN
CUST_05528,1439,180.25,3.73,0,2,Kolkata,IN
CUST_05529,501,219.59,0.82,0,2,Hyderabad,IN
CUST_05530,1244,97.37,3.91,0,0,Mumbai,IN
CUST_05531,1976,567.95,2.0,0,0,Ahmedabad,IN
CUST_05532,1382,290.93,6.59,0,1,Bangalore,IN
CUST_05533,359,619.3,5.9,0,0,Chennai,IN
CUST_05534,752,772.39,1.3,0,0,Delhi,IN
CUST_05535,1053,398.48,2.23,0,1,Bangalore,IN
CUST_05536,1951,246.26,1.5,1,1,Hyderabad,IN
CUST_05537,866,654.79,6.64,0,0,Mumbai,IN
CUST_05538,777,340.02,1.8,0,0,Ahmedabad,IN
CUST_05539,765,302.59,8.27,0,1,Bangalore,IN
CUST_05540,693,878.46,4.23,0,0,Delhi,IN
CUST_05541,1704,148.63,1.5,0,1,Chennai,IN
CUST_05542,595,1677.13,0.53,0,0,Delhi,IN
CUST_05543,990,457.66,0.82,0,0,Pune,IN
CUST_05544,543,481.86,6.43,4,0,Pune,IN
CUST_05545,5,1290.65,1.79,0,0,Chennai,IN
CUST_05546,446,517.81,8.41,0,0,Kolkata,IN
CUST_05547,1903,177.25,2.75,0,0,Pune,IN
CUST_05548,1916,308.62,4.58,0,0,Mumbai,IN
CUST_05549,1828,943.98,5.29,0,1,Ahmedabad,IN
CUST_05550,118,1839.29,3.8,0,1,Ahmedabad,IN
CUST_05551,13,538.3,0.91,0,0,Hyderabad,IN
CUST_05552,673,244.04,3.54,0,1,Ahmedabad,IN
CUST_05553,725,1014.27,8.3,0,0,Pune,IN
CUST_05554,11,490.53,0.42,0,0,Delhi,IN
CUST_05555,1824,929.55,2.1,0,2,Hyderabad,IN
CUST_05556,824,313.8,9.24,0,0,Bangalore,IN
CUST_05557,19,1068.45,1.74,0,0,Hyderabad,IN
CUST_05558,883,566.79,0.79,0,1,Delhi,IN
CUST_05559,405,1059.59,1.63,0,0,Ahmedabad,IN
CUST_05560,1084,925.08,2.27,2,2,Delhi,IN
CUST_05561,842,424.15,1.36,0,0,Bangalore,IN
CUST_05562,1871,1058.32,2.45,1,0,Delhi,IN
CUST_05563,15,197.43,5.33,0,0,Ahmedabad,IN
CUST_05564,1576,1587.55,2.43,0,0,Bangalore,IN
CUST_05565,464,165.08,3.96,0,1,Pune,IN
CUST_05566,810,200.1,2.17,0,0,Ahmedabad,IN
CUST_05567,613,190.29,1.22,0,0,Hyderabad,IN
CUST_05568,878,237.28,2.81,0,1,Hyderabad,IN
CUST_05569,1099,646.47,0.67,0,0,Bangalore,IN
CUST_05570,223,280.03,2.14,0,2,Pune,IN
CUST_05571,1345,1283.8,1.06,0,0,Ahmedabad,IN
CUST_05572,332,398.5,3.92,0,1,Ahmedabad,IN
CUST_05573,725,590.45,0.51,0,0,Bangalore,IN
CUST_05574,12,486.79,4.19,0,0,Kolkata,IN
CUST_05575,1810,250.52,2.77,0,0,Hyderabad,IN
CUST_05576,227,335.19,0.87,0,0,Chennai,IN
CUST_05577,584,1384.46,1.06,0,1,Chennai,IN
CUST_05578,274,521.87,1.99,3,0,Mumbai,IN
CUST_05579,863,88.7,1.8,0,0,Kolkata,IN
CUST_05580,1846,797.79,4.86,0,1,Hyderabad,IN
CUST_05581,329,1590.45,1.34,0,0,Mumbai,IN
CUST_05582,1943,209.71,6.02,0,0,Chennai,IN
CUST_05583,1966,303.74,3.72,0,0,Ahmedabad,IN
CUST_05584,244,373.96,3.63,0,0,Pune,IN
CUST_05585,1002,1042.59,3.04,0,1,Kolkata,IN
CUST_05586,1639,499.28,4.89,0,0,Ahmedabad,IN
CUST_05587,666,344.27,1.64,0,1,Bangalore,IN
CUST_05588,1028,883.48,3.62,0,0,Kolkata,IN
CUST_05589,270,1262.28,0.52,0,0,Kolkata,IN
CUST_05590,1962,548.07,5.36,0,0,Delhi,IN
CUST_05591,1624,377.75,1.63,0,0,Delhi,IN
CUST_05592,259,992.27,1.43,0,0,Mumbai,IN
CUST_05593,705,557.85,3.11,0,1,Bangalore,IN
CUST_05594,1572,3374.99,2.63,0,0,Mumbai,IN
CUST_05595,107,1073.86,0.44,0,0,Chennai,IN
CUST_05596,880,1088.55,1.09,0,0,Hyderabad,IN
CUST_05597,890,150.92,1.38,0,1,Mumbai,IN
CUST_05598,593,911.86,4.81,0,1,Ahmedabad,IN
CUST_05599,996,359.38,3.07,0,1,Pune,IN
CUST_05600,1559,433.53,1.36,0,0,Delhi,IN
CUST_05601,508,304.28,1.98,0,1,Kolkata,IN
CUST_05602,1494,684.9,3.57,0,0,Bangalore,IN
CUST_05603,511,750.4,4.62,0,1,Bangalore,IN
CUST_05604,1571,506.5,3.56,0,0,Pune,IN
CUST_05605,1770,281.64,1.67,3,0,Delhi,IN
CUST_05606,1436,865.54,2.72,0,0,Pune,IN
CUST_05607,1365,356.95,0.78,0,0,Chennai,IN
CUST_05608,407,330.06,1.66,0,2,Kolkata,IN
CUST_05609,1447,950.83,4.12,0,0,Ahmedabad,IN
CUST_05610,1436,988.4,2.57,0,0,Delhi,IN
CUST_05611,387,549.77,4.46,0,1,Bangalore,IN
CUST_05612,470,415.53,1.44,0,0,Bangalore,IN
CUST_05613,271,380.06,7.34,0,0,Delhi,IN
CUST_05614,79,1375.29,5.68,0,0,Kolkata,IN
CUST_05615,394,801.35,1.56,0,1,Pune,IN
CUST_05616,874,1080.85,2.61,0,0,Bangalore,IN
CUST_05617,1263,346.65,1.37,0,1,Mumbai,IN
CUST_05618,187,461.29,0.3,0,0,Chennai,IN
CUST_05619,779,1122.99,2.59,0,0,Mumbai,IN
CUST_05620,1076,783.58,0.73,1,0,Kolkata,IN
CUST_05621,1434,272.06,5.91,2,2,Pune,IN
CUST_05622,455,441.8,0.95,0,0,Chennai,IN
CUST_05623,873,214.25,3.31,0,0,Hyderabad,IN
CUST_05624,126,339.38,2.24,0,0,Ahmedabad,IN
CUST_05625,1319,493.88,2.13,0,0,Kolkata,IN
CUST_05626,624,255.71,0.31,0,0,Mumbai,IN
CUST_05627,552,145.43,5.26,0,0,Delhi,IN
CUST_05628,575,587.05,3.04,0,0,Hyderabad,IN
CUST_05629,1458,1199.13,1.08,3,2,Hyderabad,IN
CUST_05630,506,186.46,2.64,0,0,Kolkata,IN
CUST_05631,1834,477.57,4.03,0,0,Hyderabad,IN
CUST_05632,373,366.99,1.03,0,0,Mumbai,IN
CUST_05633,2,438.66,3.33,0,0,Mumbai,IN
CUST_05634,1353,1045.85,3.54,3,0,Mumbai,IN
CUST_05635,435,439.98,0.44,1,0,Hyderabad,IN
CUST_05636,967,139.06,7.44,0,0,Pune,IN
CUST_05637,1861,765.34,4.21,0,0,Pune,IN
CUST_05638,883,260.91,10.43,0,1,Delhi,IN
CUST_05639,517,501.65,1.93,0,1,Bangalore,IN
CUST_05640,745,808.21,3.33,0,0,Ahmedabad,IN
CUST_05641,624,1194.11,2.63,0,0,Hyderabad,IN
CUST_05642,199,853.57,1.21,0,0,Delhi,IN
CUST_05643,1399,90.33,6.8,0,0,Mumbai,IN
CUST_05644,679,1438.04,1.9,0,1,Bangalore,IN
CUST_05645,1519,623.78,1.49,0,0,Hyderabad,IN
CUST_05646,1522,279.03,0.91,0,2,Hyderabad,IN
CUST_05647,488,786.24,4.46,0,1,Hyderabad,IN
CUST_05648,431,498.72,2.65,3,0,Pune,IN
CUST_05649,179,581.67,6.44,0,0,Kolkata,IN
CUST_05650,268,1370.01,0.2,0,0,Delhi,IN
CUST_05651,85,894.14,0.93,0,2,Delhi,IN
CUST_05652,396,517.07,1.89,0,0,Chennai,IN
CUST_05653,1896,337.66,0.9,0,0,Ahmedabad,IN
CUST_05654,154,474.73,2.14,0,0,Delhi,IN
CUST_05655,618,412.7,6.11,0,0,Hyderabad,IN
CUST_05656,1559,407.75,0.76,0,0,Ahmedabad,IN
CUST_05657,1093,675.53,2.4,0,0,Chennai,IN
CUST_05658,90,1104.7,0.89,0,0,Bangalore,IN
CUST_05659,393,202.33,1.41,0,2,Bangalore,IN
CUST_05660,1128,811.48,6.92,0,0,Kolkata,IN
CUST_05661,1826,788.0,1.88,0,0,Pune,IN
CUST_05662,1833,469.02,1.58,0,0,Hyderabad,IN
CUST_05663,919,147.51,2.45,0,0,Hyderabad,IN
CUST_05664,1866,293.21,4.74,0,0,Delhi,IN
CUST_05665,139,1261.76,1.43,0,1,Kolkata,IN
CUST_05666,859,285.54,5.43,0,0,Ahmedabad,IN
CUST_05667,342,1541.4,3.8,0,0,Mumbai,IN
CUST_05668,1427,409.55,0.35,0,0,Pune,IN
CUST_05669,594,482.97,3.28,0,0,Bangalore,IN
CUST_05670,1958,345.61,0.48,0,0,Mumbai,IN
CUST_05671,1627,483.96,0.68,1,0,Mumbai,IN
CUST_05672,1517,380.39,1.59,2,0,Chennai,IN
CUST_05673,1014,569.93,1.57,0,2,Kolkata,IN
CUST_05674,339,558.23,2.62,0,0,Delhi,IN
CUST_05675,1538,390.07,1.24,0,0,Ahmedabad,IN
CUST_05676,1152,3385.51,0.27,0,1,Kolkata,IN
CUST_05677,821,1303.63,7.3,0,0,Kolkata,IN
CUST_05678,424,267.88,2.61,0,0,Pune,IN
CUST_05679,8,323.31,5.93,0,0,Bangalore,IN
CUST_05680,1172,1865.41,0.81,0,0,Bangalore,IN
CUST_05681,1213,184.21,1.24,0,0,Chennai,IN
CUST_05682,1801,701.03,3.89,0,0,Mumbai,IN
CUST_05683,1032,541.18,4.03,0,0,Ahmedabad,IN
CUST_05684,622,1059.89,4.46,0,1,Pune,IN
CUST_05685,607,726.55,0.87,0,1,Chennai,IN
CUST_05686,1131,306.4,1.93,0,0,Pune,IN
CUST_05687,351,863.22,2.6,0,1,Delhi,IN
CUST_05688,94,1095.9,2.44,0,0,Chennai,IN
CUST_05689,598,1095.53,2.24,0,0,Chennai,IN
CUST_05690,1310,81.68,2.63,0,0,Mumbai,IN
CUST_05691,1930,483.48,6.92,0,0,Bangalore,IN
CUST_05692,1900,275.57,3.01,0,0,Pune,IN
CUST_05693,554,408.76,2.52,0,0,Bangalore,IN
CUST_05694,1316,99.65,0.75,0,0,Mumbai,IN
CUST_05695,1687,1573.81,0.86,0,0,Chennai,IN
CUST_05696,1095,81.52,3.02,0,0,Chennai,IN
CUST_05697,3,939.93,1.87,0,0,Delhi,IN
CUST_05698,1296,464.88,4.61,0,0,Hyderabad,IN
CUST_05699,665,684.13,1.97,0,1,Hyderabad,IN
CUST_05700,1939,245.18,4.65,0,0,Delhi,IN
CUST_05701,1479,382.79,0.82,0,0,Pune,IN
CUST_05702,837,193.31,2.16,0,0,Bangalore,IN
CUST_05703,665,419.17,2.19,4,0,Pune,IN
CUST_05704,1282,383.07,4.75,0,0,Mumbai,IN
CUST_05705,1688,1410.77,0.79,0,0,Mumbai,IN
CUST_05706,450,339.35,1.91,0,1,Hyderabad,IN
CUST_05707,362,601.12,1.4,0,0,Pune,IN
CUST_05708,1990,343.18,0.59,0,0,Pune,IN
CUST_05709,1101,566.26,2.3,0,1,Mumbai,IN
CUST_05710,1480,1014.57,1.39,1,0,Delhi,IN
CUST_05711,1937,428.23,0.51,0,1,Kolkata,IN
CUST_05712,1782,808.0,1.83,1,0,Pune,IN
CUST_05713,1673,242.96,1.67,0,1,Chennai,IN
CUST_05714,452,459.25,1.59,0,0,Ahmedabad,IN
CUST_05715,551,87.72,2.87,0,0,Hyderabad,IN
CUST_05716,1192,142.53,4.75,2,0,Chennai,IN
CUST_05717,319,343.68,3.36,0,0,Kolkata,IN
CUST_05718,475,443.69,0.61,0,0,Ahmedabad,IN
CUST_05719,755,280.05,2.57,0,0,Kolkata,IN
CUST_05720,1848,545.03,1.1,1,0,Bangalore,IN
CUST_05721,192,149.23,1.99,0,1,Ahmedabad,IN
CUST_05722,372,1407.08,2.74,0,0,Ahmedabad,IN
CUST_05723,379,936.11,4.11,0,1,Ahmedabad,IN
CUST_05724,387,71.65,1.67,0,0,Bangalore,IN
CUST_05725,1932,609.55,2.22,0,0,Ahmedabad,IN
CUST_05726,1327,1305.57,3.22,0,0,Bangalore,IN
CUST_05727,44,453.97,1.24,0,1,Pune,IN
CUST_05728,334,838.09,3.96,0,0,Pune,IN
CUST_05729,1675,493.87,0.1,0,0,Bangalore,IN
CUST_05730,1408,182.39,0.14,0,0,Kolkata,IN
CUST_05731,143,1618.07,1.21,0,0,Chennai,IN
CUST_05732,148,303.66,6.38,2,2,Bangalore,IN
CUST_05733,503,715.1,1.07,0,1,Kolkata,IN
CUST_05734,1862,329.46,4.86,0,0,Ahmedabad,IN
CUST_05735,206,468.87,5.03,4,2,Kolkata,IN
CUST_05736,1489,267.86,3.06,0,0,Bangalore,IN
CUST_05737,1236,215.56,3.1,0,0,Mumbai,IN
CUST_05738,774,1095.85,2.38,2,0,Delhi,IN
CUST_05739,43,268.79,0.76,0,0,Kolkata,IN
CUST_05740,1693,308.42,3.53,0,0,Delhi,IN
CUST_05741,1564,1062.12,1.14,0,0,Mumbai,IN
CUST_05742,271,595.69,7.8,0,0,Mumbai,IN
CUST_05743,1578,374.75,3.64,0,0,Chennai,IN
CUST_05744,549,307.63,2.51,0,0,Delhi,IN
CUST_05745,1923,226.05,3.42,0,2,Bangalore,IN
CUST_05746,1623,393.42,3.68,0,1,Mumbai,IN
CUST_05747,1962,1224.72,4.7,0,2,Mumbai,IN
CUST_05748,1111,810.41,6.47,0,1,Delhi,IN
CUST_05749,1747,240.25,4.94,0,0,Hyderabad,IN
CUST_05750,415,515.26,3.16,0,0,Delhi,IN
CUST_05751,984,141.86,3.03,0,1,Bangalore,IN
CUST_05752,1671,809.42,2.12,0,1,Ahmedabad,IN
CUST_05753,630,1247.5,3.4,0,0,Bangalore,IN
CUST_05754,981,281.75,1.95,0,0,Hyderabad,IN
CUST_05755,500,131.66,2.57,0,0,Bangalore,IN
CUST_05756,1114,1078.13,3.99,0,1,Mumbai,IN
CUST_05757,1286,160.0,2.69,0,0,Pune,IN
CUST_05758,44,1012.52,1.06,0,0,Delhi,IN
CUST_05759,211,786.48,0.81,4,0,Mumbai,IN
CUST_05760,211,199.48,1.66,0,0,Pune,IN
CUST_05761,291,524.79,1.56,0,0,Kolkata,IN
CUST_05762,1869,765.4,1.33,0,0,Mumbai,IN
CUST_05763,50,273.11,2.13,0,0,Chennai,IN
CUST_05764,875,813.33,5.06,0,0,Chennai,IN
CUST_05765,302,462.38,1.78,0,0,Kolkata,IN
CUST_05766,1343,147.54,9.31,0,0,Hyderabad,IN
CUST_05767,463,545.89,2.81,0,0,Pune,IN
CUST_05768,1407,303.73,3.57,0,0,Kolkata,IN
CUST_05769,1008,428.97,5.03,1,0,Delhi,IN
CUST_05770,226,176.46,5.09,0,0,Bangalore,IN
CUST_05771,209,494.05,2.06,0,0,Chennai,IN
CUST_05772,732,945.49,1.04,0,0,Pune,IN
CUST_05773,1261,709.74,1.24,0,0,Delhi,IN
CUST_05774,243,280.4,2.1,0,0,Hyderabad,IN
CUST_05775,1891,396.51,2.01,0,0,Hyderabad,IN
CUST_05776,1835,588.17,4.2,0,0,Delhi,IN
CUST_05777,1239,664.93,3.92,0,1,Mumbai,IN
CUST_05778,365,1113.35,3.21,0,0,Bangalore,IN
CUST_05779,1087,318.45,10.75,0,0,Kolkata,IN
CUST_05780,1229,466.2,3.49,0,0,Hyderabad,IN
CUST_05781,1392,1638.92,2.8,0,0,Bangalore,IN
CUST_05782,308,620.78,3.72,0,1,Kolkata,IN
CUST_05783,1280,419.34,1.69,0,0,Pune,IN
CUST_05784,714,460.15,4.53,0,0,Pune,IN
CUST_05785,556,182.07,6.3,6,1,Delhi,IN
CUST_05786,1356,899.76,1.99,0,0,Ahmedabad,IN
CUST_05787,1911,283.19,2.93,0,0,Hyderabad,IN
CUST_05788,1661,316.49,4.16,1,1,Pune,IN
CUST_05789,1616,734.8,1.13,0,0,Delhi,IN
CUST_05790,1765,946.7,1.6,1,0,Mumbai,IN
CUST_05791,1593,325.47,3.68,0,0,Bangalore,IN
CUST_05792,656,1154.14,2.22,0,0,Bangalore,IN
CUST_05793,800,635.36,2.35,0,1,Bangalore,IN
CUST_05794,1478,521.08,4.38,0,1,Ahmedabad,IN
CUST_05795,1669,497.59,2.23,0,0,Ahmedabad,IN
CUST_05796,232,1765.79,3.65,0,0,Delhi,IN
CUST_05797,1966,494.44,3.25,0,0,Kolkata,IN
CUST_05798,297,424.29,1.24,0,0,Pune,IN
CUST_05799,662,410.81,1.03,5,1,Delhi,IN
CUST_05800,373,266.21,1.85,0,0,Bangalore,IN
CUST_05801,723,614.27,2.88,0,0,Kolkata,IN
CUST_05802,1013,1208.8,8.38,0,0,Hyderabad,IN
CUST_05803,986,469.35,0.84,0,0,Kolkata,IN
CUST_05804,1233,443.45,1.7,0,0,Kolkata,IN
CUST_05805,284,130.29,2.3,0,0,Hyderabad,IN
CUST_05806,785,1459.67,3.97,0,0,Chennai,IN
CUST_05807,1126,519.05,0.82,0,0,Kolkata,IN
CUST_05808,1104,1589.37,4.76,0,0,Ahmedabad,IN
CUST_05809,1091,177.24,5.87,0,0,Ahmedabad,IN
CUST_05810,788,253.4,3.7,1,0,Chennai,IN
CUST_05811,1190,363.99,6.59,2,0,Delhi,IN
CUST_05812,1080,146.4,0.9,0,1,Kolkata,IN
CUST_05813,1440,1071.12,1.23,0,0,Chennai,IN
CUST_05814,482,321.52,3.96,0,0,Delhi,IN
CUST_05815,6,297.49,3.96,0,0,Hyderabad,IN
CUST_05816,1743,1606.33,1.51,0,1,Chennai,IN
CUST_05817,743,1294.43,0.58,0,0,Mumbai,IN
CUST_05818,1962,566.83,10.89,0,0,Ahmedabad,IN
CUST_05819,1887,230.45,2.62,0,1,Bangalore,IN
CUST_05820,123,724.44,1.46,0,1,Delhi,IN
CUST_05821,740,134.21,1.26,0,1,Hyderabad,IN
CUST_05822,604,177.89,8.06,0,1,Bangalore,IN
CUST_05823,296,1054.54,4.83,0,0,Ahmedabad,IN
CUST_05824,497,164.21,2.39,0,1,Kolkata,IN
CUST_05825,1696,461.49,4.25,0,1,Chennai,IN
CUST_05826,115,208.48,4.5,0,0,Chennai,IN
CUST_05827,241,450.46,3.53,0,0,Bangalore,IN
CUST_05828,774,423.37,2.31,0,0,Bangalore,IN
CUST_05829,1426,1053.14,0.98,0,1,Mumbai,IN
CUST_05830,762,741.3,4.6,0,0,Kolkata,IN
CUST_05831,1437,470.97,9.79,0,0,Mumbai,IN
CUST_05832,1358,385.01,2.28,5,1,Delhi,IN
CUST_05833,977,313.63,3.07,0,0,Delhi,IN
CUST_05834,62,2124.07,4.58,0,0,Bangalore,IN
CUST_05835,749,518.89,1.48,0,0,Bangalore,IN
CUST_05836,162,569.53,2.05,0,0,Bangalore,IN
CUST_05837,158,223.41,4.47,0,0,Chennai,IN
CUST_05838,1166,180.41,2.67,1,0,Mumbai,IN
CUST_05839,307,162.32,3.1,0,1,Kolkata,IN
CUST_05840,963,598.64,1.48,0,1,Bangalore,IN
CUST_05841,1533,766.93,8.64,0,1,Bangalore,IN
CUST_05842,963,281.39,0.91,0,1,Pune,IN
CUST_05843,1480,643.04,2.97,0,1,Kolkata,IN
CUST_05844,910,229.69,1.12,0,0,Hyderabad,IN
CUST_05845,588,1505.96,3.4,1,0,Mumbai,IN
CUST_05846,320,565.75,0.94,0,0,Delhi,IN
CUST_05847,1805,807.76,3.74,0,0,Mumbai,IN
CUST_05848,1238,321.85,3.37,0,0,Mumbai,IN
CUST_05849,1031,352.74,0.3,0,0,Bangalore,IN
CUST_05850,23,584.71,5.1,0,0,Bangalore,IN
CUST_05851,1706,242.85,2.91,0,0,Kolkata,IN
CUST_05852,1393,523.13,2.15,0,0,Kolkata,IN
CUST_05853,1135,273.02,1.7,3,0,Ahmedabad,IN
CUST_05854,1883,441.83,1.92,0,0,Pune,IN
CUST_05855,1453,503.23,0.78,1,0,Pune,IN
CUST_05856,868,648.96,2.17,0,0,Chennai,IN
CUST_05857,557,366.3,0.2,0,0,Bangalore,IN
CUST_05858,1069,342.74,3.64,0,1,Delhi,IN
CUST_05859,1948,869.25,4.79,0,0,Kolkata,IN
CUST_05860,1522,514.37,1.94,0,1,Bangalore,IN
CUST_05861,821,188.07,3.37,0,0,Chennai,IN
CUST_05862,449,1040.77,4.86,0,1,Mumbai,IN
CUST_05863,377,467.27,1.82,0,0,Kolkata,IN
CUST_05864,1673,928.51,3.86,0,2,Delhi,IN
CUST_05865,978,620.96,1.37,0,0,Ahmedabad,IN
CUST_05866,1337,1028.43,1.21,0,1,Hyderabad,IN
CUST_05867,1695,222.21,4.43,0,0,Kolkata,IN
CUST_05868,338,232.82,2.23,0,0,Kolkata,IN
CUST_05869,1646,275.58,8.57,0,1,Mumbai,IN
CUST_05870,1325,863.63,3.97,0,0,Hyderabad,IN
CUST_05871,399,768.05,1.03,0,0,Kolkata,IN
CUST_05872,223,274.47,0.5,0,1,Pune,IN
CUST_05873,160,487.23,1.78,4,0,Delhi,IN
CUST_05874,1236,375.09,0.49,0,0,Hyderabad,IN
CUST_05875,58,584.46,0.69,7,1,Hyderabad,IN
CUST_05876,578,273.99,3.9,0,0,Chennai,IN
CUST_05877,1110,433.56,6.97,0,0,Bangalore,IN
CUST_05878,134,274.08,2.26,0,0,Delhi,IN
CUST_05879,1223,4680.51,5.59,0,0,Chennai,IN
CUST_05880,1550,1690.96,2.59,0,0,Mumbai,IN
CUST_05881,385,362.81,1.49,0,0,Pune,IN
CUST_05882,1308,319.49,4.32,0,0,Chennai,IN
CUST_05883,493,1453.07,3.64,0,0,Mumbai,IN
CUST_05884,175,411.7,1.23,0,0,Pune,IN
CUST_05885,1155,424.69,2.35,0,0,Mumbai,IN
CUST_05886,94,564.03,3.64,0,1,Ahmedabad,IN
CUST_05887,645,341.38,1.15,0,0,Mumbai,IN
CUST_05888,1933,144.17,2.72,0,0,Delhi,IN
CUST_05889,18,78.32,3.6,0,0,Pune,IN
CUST_05890,1540,717.33,1.99,0,1,Hyderabad,IN
CUST_05891,1964,576.88,5.12,0,0,Pune,IN
CUST_05892,1025,545.77,6.8,0,0,Kolkata,IN
CUST_05893,645,1410.27,1.48,5,1,Chennai,IN
CUST_05894,1487,347.93,1.15,2,1,Kolkata,IN
CUST_05895,1995,378.54,3.17,0,1,Hyderabad,IN
CUST_05896,1440,460.35,3.59,0,0,Bangalore,IN
CUST_05897,679,504.17,4.72,0,0,Delhi,IN
CUST_05898,1837,502.15,1.32,0,2,Kolkata,IN
CUST_05899,1029,292.47,9.36,0,0,Delhi,IN
CUST_05900,49,497.75,0.67,0,0,Bangalore,IN
CUST_05901,977,545.43,9.47,0,0,Kolkata,IN
CUST_05902,595,1239.11,3.48,0,1,Mumbai,IN
CUST_05903,311,191.48,3.02,0,1,Bangalore,IN
CUST_05904,162,312.6,1.72,0,0,Ahmedabad,IN
CUST_05905,1952,311.85,2.24,0,0,Delhi,IN
CUST_05906,1812,128.42,4.0,0,0,Chennai,IN
CUST_05907,1654,377.11,0.38,0,1,Chennai,IN
CUST_05908,1575,1418.72,3.05,0,0,Bangalore,IN
CUST_05909,1974,590.99,0.35,0,0,Bangalore,IN
CUST_05910,917,2047.4,4.45,0,0,Hyderabad,IN
CUST_05911,695,842.86,5.91,1,0,Bangalore,IN
CUST_05912,738,709.02,1.39,0,0,Pune,IN
CUST_05913,82,1580.9,9.15,0,1,Kolkata,IN
CUST_05914,490,172.14,2.71,0,0,Kolkata,IN
CUST_05915,1251,617.04,3.19,0,0,Chennai,IN
CUST_05916,1963,685.18,4.21,0,1,Delhi,IN
CUST_05917,1162,357.86,3.04,0,0,Bangalore,IN
CUST_05918,200,668.58,4.03,0,0,Ahmedabad,IN
CUST_05919,293,821.6,2.0,0,0,Mumbai,IN
CUST_05920,1121,933.39,4.68,0,0,Pune,IN
CUST_05921,1022,1353.3,2.93,0,1,Delhi,IN
CUST_05922,932,2735.77,1.9,0,0,Delhi,IN
CUST_05923,348,298.34,4.96,0,0,Hyderabad,IN
CUST_05924,331,114.69,6.14,2,0,Pune,IN
CUST_05925,574,477.22,5.12,0,1,Delhi,IN
CUST_05926,724,216.01,1.15,0,0,Hyderabad,IN
CUST_05927,146,322.14,4.91,0,0,Delhi,IN
CUST_05928,1456,288.35,2.42,0,2,Bangalore,IN
CUST_05929,529,301.39,17.65,0,1,Ahmedabad,IN
CUST_05930,525,395.09,4.82,0,0,Ahmedabad,IN
CUST_05931,1332,342.85,3.13,0,1,Ahmedabad,IN
CUST_05932,1925,627.38,1.09,3,0,Bangalore,IN
CUST_05933,1991,897.49,4.86,0,1,Delhi,IN
CUST_05934,82,660.09,6.6,0,0,Ahmedabad,IN
CUST_05935,1760,1291.92,1.25,0,0,Hyderabad,IN
CUST_05936,822,606.32,2.69,0,0,Pune,IN
CUST_05937,1756,120.64,2.65,0,1,Kolkata,IN
CUST_05938,903,187.47,2.08,0,0,Bangalore,IN
CUST_05939,1050,731.38,3.15,0,0,Hyderabad,IN
CUST_05940,766,337.71,2.79,0,1,Hyderabad,IN
CUST_05941,1398,617.0,1.33,0,1,Delhi,IN
CUST_05942,1037,912.98,5.25,0,1,Kolkata,IN
CUST_05943,539,404.04,3.88,0,0,Ahmedabad,IN
CUST_05944,1272,341.52,4.2,0,0,Mumbai,IN
CUST_05945,1518,1049.64,5.77,0,1,Mumbai,IN
CUST_05946,1434,365.44,0.92,1,1,Chennai,IN
CUST_05947,317,182.58,2.34,0,1,Mumbai,IN
CUST_05948,596,430.75,2.22,0,0,Delhi,IN
CUST_05949,325,559.21,1.32,0,1,Kolkata,IN
CUST_05950,1749,226.37,1.89,0,0,Kolkata,IN
CUST_05951,457,540.36,5.27,0,0,Delhi,IN
CUST_05952,1791,1250.52,2.22,0,0,Kolkata,IN
CUST_05953,1371,1098.02,2.43,0,1,Ahmedabad,IN
CUST_05954,715,909.91,3.78,0,1,Delhi,IN
CUST_05955,960,777.41,8.21,0,0,Ahmedabad,IN
CUST_05956,224,161.68,3.48,0,0,Ahmedabad,IN
CUST_05957,370,315.08,1.85,0,1,Delhi,IN
CUST_05958,1879,385.99,5.08,0,1,Delhi,IN
CUST_05959,1574,402.65,0.79,1,1,Kolkata,IN
CUST_05960,409,618.12,1.02,0,1,Kolkata,IN
CUST_05961,674,449.22,0.59,0,0,Kolkata,IN
CUST_05962,650,357.77,2.81,0,0,Delhi,IN
CUST_05963,1238,315.95,10.37,0,0,Hyderabad,IN
CUST_05964,436,272.69,2.8,4,1,Ahmedabad,IN
CUST_05965,235,219.72,3.5,0,0,Ahmedabad,IN
CUST_05966,931,1356.83,5.86,0,0,Pune,IN
CUST_05967,1117,650.18,0.81,0,1,Mumbai,IN
CUST_05968,1943,1030.0,9.31,0,0,Bangalore,IN
CUST_05969,299,653.12,3.98,0,0,Ahmedabad,IN
CUST_05970,656,1276.45,2.41,0,1,Chennai,IN
CUST_05971,1232,1501.77,1.23,0,0,Mumbai,IN
CUST_05972,128,313.52,5.06,0,0,Kolkata,IN
CUST_05973,1618,259.51,2.4,0,0,Hyderabad,IN
CUST_05974,970,581.21,5.46,3,0,Kolkata,IN
CUST_05975,111,676.46,1.76,0,0,Chennai,IN
CUST_05976,1778,907.13,2.6,1,0,Chennai,IN
CUST_05977,1952,938.24,4.71,0,0,Mumbai,IN
CUST_05978,553,413.41,2.25,0,0,Kolkata,IN
CUST_05979,1302,181.42,3.67,0,0,Pune,IN
CUST_05980,172,503.69,2.63,0,0,Bangalore,IN
CUST_05981,142,1114.19,6.14,0,1,Bangalore,IN
CUST_05982,830,406.86,2.85,0,0,Pune,IN
CUST_05983,611,311.7,3.56,0,0,Delhi,IN
CUST_05984,1785,686.5,1.5,0,0,Ahmedabad,IN
CUST_05985,1075,233.03,4.0,0,1,Kolkata,IN
CUST_05986,1372,2692.59,1.61,3,3,Chennai,IN
CUST_05987,377,120.22,4.21,0,0,Pune,IN
CUST_05988,190,470.13,1.21,0,0,Mumbai,IN
CUST_05989,701,546.93,1.93,0,1,Kolkata,IN
CUST_05990,337,343.75,0.98,0,0,Pune,IN
CUST_05991,716,529.09,3.15,3,1,Chennai,IN
CUST_05992,987,536.07,2.94,0,3,Kolkata,IN
CUST_05993,1097,209.53,1.66,0,0,Ahmedabad,IN
CUST_05994,1978,966.64,2.58,0,0,Bangalore,IN
CUST_05995,727,1182.7,1.48,0,1,Kolkata,IN
CUST_05996,1686,400.76,3.89,0,0,Kolkata,IN
CUST_05997,1149,631.4,3.51,0,0,Mumbai,IN
CUST_05998,160,311.65,3.93,0,0,Chennai,IN
CUST_05999,664,60.42,1.8,0,2,Bangalore,IN
CUST_06000,30,122.87,3.67,0,0,Hyderabad,IN
CUST_06001,1837,342.16,6.3,0,0,Bangalore,IN
CUST_06002,1913,808.26,3.02,0,0,Ahmedabad,IN
CUST_06003,1023,487.31,3.09,0,0,Bangalore,IN
CUST_06004,233,132.71,9.62,0,0,Hyderabad,IN
CUST_06005,539,215.21,4.09,0,0,Kolkata,IN
CUST_06006,923,1048.58,0.22,0,0,Mumbai,IN
CUST_06007,1300,257.2,2.24,0,0,Bangalore,IN
CUST_06008,1309,521.02,1.5,0,1,Ahmedabad,IN
CUST_06009,75,344.78,0.84,1,1,Delhi,IN
CUST_06010,1528,677.41,3.73,0,1,Chennai,IN
CUST_06011,861,668.13,2.26,0,1,Chennai,IN
CUST_06012,1231,107.37,3.34,0,0,Bangalore,IN
CUST_06013,443,351.11,6.27,0,0,Kolkata,IN
CUST_06014,430,362.17,7.81,0,0,Hyderabad,IN
CUST_06015,1991,632.29,2.53,0,0,Chennai,IN
CUST_06016,759,781.47,2.08,0,0,Mumbai,IN
CUST_06017,34,2122.19,6.09,0,0,Hyderabad,IN
CUST_06018,1837,311.15,7.35,0,1,Pune,IN
CUST_06019,1029,383.19,1.54,0,0,Pune,IN
CUST_06020,1433,524.04,4.71,1,1,Delhi,IN
CUST_06021,1329,568.37,3.43,0,1,Ahmedabad,IN
CUST_06022,848,186.94,8.45,0,0,Ahmedabad,IN
CUST_06023,721,273.31,1.73,0,1,Kolkata,IN
CUST_06024,1697,448.07,2.41,0,0,Hyderabad,IN
CUST_06025,1072,265.25,2.8,0,0,Kolkata,IN
CUST_06026,233,336.3,2.16,0,0,Hyderabad,IN
CUST_06027,940,591.75,0.28,0,0,Bangalore,IN
CUST_06028,765,275.01,4.44,0,0,Kolkata,IN
CUST_06029,1133,242.99,1.25,4,3,Bangalore,IN
CUST_06030,1112,1568.95,1.86,0,0,Bangalore,IN
CUST_06031,782,983.34,1.33,0,0,Kolkata,IN
CUST_06032,1731,1735.22,1.19,1,1,Pune,IN
CUST_06033,1299,322.41,2.58,0,0,Kolkata,IN
CUST_06034,1438,167.41,4.64,0,0,Pune,IN
CUST_06035,180,534.18,7.79,1,0,Delhi,IN
CUST_06036,184,1110.81,7.09,0,0,Delhi,IN
CUST_06037,1263,506.47,4.37,0,0,Mumbai,IN
CUST_06038,213,240.29,2.55,0,0,Kolkata,IN
CUST_06039,1536,640.19,0.8,0,0,Ahmedabad,IN
CUST_06040,1298,258.22,2.36,0,0,Delhi,IN
CUST_06041,1031,583.25,1.57,0,0,Ahmedabad,IN
CUST_06042,1368,2804.28,5.59,0,0,Mumbai,IN
CUST_06043,1745,244.37,3.26,0,1,Pune,IN
CUST_06044,434,1229.11,5.01,0,0,Kolkata,IN
CUST_06045,1592,653.48,4.68,0,0,Chennai,IN
CUST_06046,1130,176.94,3.0,0,0,Ahmedabad,IN
CUST_06047,235,1774.29,1.64,0,0,Kolkata,IN
CUST_06048,1754,225.31,1.27,0,0,Chennai,IN
CUST_06049,1947,646.3,6.07,0,1,Ahmedabad,IN
CUST_06050,719,335.94,7.81,0,0,Delhi,IN
CUST_06051,846,528.11,2.84,0,1,Ahmedabad,IN
CUST_06052,16,633.33,1.79,0,0,Kolkata,IN
CUST_06053,1602,564.87,1.84,0,0,Hyderabad,IN
CUST_06054,1040,138.96,2.24,2,0,Chennai,IN
CUST_06055,549,1040.62,4.26,0,0,Pune,IN
CUST_06056,630,265.01,2.46,0,0,Pune,IN
CUST_06057,1379,726.63,3.97,0,1,Kolkata,IN
CUST_06058,9,523.58,4.23,1,1,Chennai,IN
CUST_06059,67,812.39,8.35,0,1,Kolkata,IN
CUST_06060,54,858.99,2.94,0,0,Mumbai,IN
CUST_06061,1619,1111.12,5.16,0,1,Bangalore,IN
CUST_06062,1722,450.52,1.3,0,1,Hyderabad,IN
CUST_06063,687,1119.08,3.59,0,0,Hyderabad,IN
CUST_06064,1965,1368.09,2.08,0,0,Bangalore,IN
CUST_06065,496,227.56,4.35,0,0,Kolkata,IN
CUST_06066,395,877.31,3.13,0,0,Kolkata,IN
CUST_06067,1697,406.67,1.92,0,0,Kolkata,IN
CUST_06068,1642,1645.15,6.62,1,0,Mumbai,IN
CUST_06069,264,209.81,0.28,0,1,Kolkata,IN
CUST_06070,1492,225.36,6.85,1,0,Kolkata,IN
CUST_06071,826,209.95,1.37,0,1,Bangalore,IN
CUST_06072,1060,1073.31,4.55,0,0,Hyderabad,IN
CUST_06073,896,1243.51,1.47,0,1,Bangalore,IN
CUST_06074,204,1359.0,2.29,1,0,Chennai,IN
CUST_06075,1033,2264.01,1.82,0,0,Bangalore,IN
CUST_06076,1294,1279.83,3.13,0,2,Delhi,IN
CUST_06077,1727,756.15,7.51,2,0,Kolkata,IN
CUST_06078,1715,1019.49,0.29,0,0,Pune,IN
CUST_06079,1943,719.22,2.36,3,0,Bangalore,IN
CUST_06080,418,344.36,6.85,0,0,Hyderabad,IN
CUST_06081,192,317.57,4.77,0,0,Delhi,IN
CUST_06082,896,3181.89,8.17,0,1,Mumbai,IN
CUST_06083,1288,1612.64,4.55,0,0,Mumbai,IN
CUST_06084,57,534.82,3.0,0,0,Bangalore,IN
CUST_06085,1172,379.08,0.92,0,0,Delhi,IN
CUST_06086,52,878.85,6.22,0,2,Kolkata,IN
CUST_06087,930,1556.87,1.63,0,0,Bangalore,IN
CUST_06088,383,397.53,1.95,0,0,Hyderabad,IN
CUST_06089,1337,432.69,0.53,0,1,Chennai,IN
CUST_06090,609,190.19,3.36,0,0,Chennai,IN
CUST_06091,1097,448.02,4.35,0,0,Chennai,IN
CUST_06092,1488,104.37,1.34,0,1,Chennai,IN
CUST_06093,1578,1089.92,4.88,0,0,Kolkata,IN
CUST_06094,1351,681.15,3.3,0,1,Pune,IN
CUST_06095,564,348.29,1.18,0,1,Mumbai,IN
CUST_06096,1915,377.93,4.42,0,1,Delhi,IN
CUST_06097,1285,1117.06,2.17,0,0,Bangalore,IN
CUST_06098,1308,589.27,4.55,0,0,Mumbai,IN
CUST_06099,228,221.34,1.28,0,0,Delhi,IN
CUST_06100,1899,900.94,2.29,0,0,Ahmedabad,IN
CUST_06101,220,77.43,3.3,0,0,Delhi,IN
CUST_06102,579,158.86,1.61,0,0,Bangalore,IN
CUST_06103,1833,1489.02,7.34,0,2,Pune,IN
CUST_06104,191,250.69,5.39,0,0,Bangalore,IN
CUST_06105,1013,405.82,2.98,0,0,Delhi,IN
CUST_06106,1870,424.82,1.36,0,0,Hyderabad,IN
CUST_06107,801,2209.42,3.15,0,0,Chennai,IN
CUST_06108,1006,765.18,2.15,0,0,Delhi,IN
CUST_06109,848,542.23,2.4,0,2,Mumbai,IN
CUST_06110,997,449.13,2.67,0,0,Delhi,IN
CUST_06111,431,493.03,3.75,0,1,Delhi,IN
CUST_06112,769,137.13,0.8,0,0,Kolkata,IN
CUST_06113,1298,244.06,1.42,0,0,Hyderabad,IN
CUST_06114,1656,784.46,2.96,1,3,Ahmedabad,IN
CUST_06115,369,275.64,1.66,0,1,Bangalore,IN
CUST_06116,21,472.19,2.89,0,0,Pune,IN
CUST_06117,1351,1285.57,3.61,0,0,Bangalore,IN
CUST_06118,241,1328.31,4.54,0,0,Mumbai,IN
CUST_06119,711,1416.43,1.34,0,0,Hyderabad,IN
CUST_06120,1258,1886.53,2.26,0,0,Ahmedabad,IN
CUST_06121,325,481.84,0.94,0,2,Mumbai,IN
CUST_06122,1898,354.47,0.64,0,0,Pune,IN
CUST_06123,395,129.91,3.25,1,0,Delhi,IN
CUST_06124,1098,759.25,5.69,0,1,Mumbai,IN
CUST_06125,1061,112.51,1.99,0,0,Mumbai,IN
CUST_06126,443,396.81,4.68,0,2,Bangalore,IN
CUST_06127,236,851.48,2.27,0,1,Hyderabad,IN
CUST_06128,61,297.2,1.54,0,0,Chennai,IN
CUST_06129,284,268.63,1.3,0,2,Hyderabad,IN
CUST_06130,171,409.17,1.12,0,0,Chennai,IN
CUST_06131,549,388.11,2.2,0,0,Bangalore,IN
CUST_06132,987,342.45,2.88,0,0,Pune,IN
CUST_06133,1953,738.52,0.48,0,0,Chennai,IN
CUST_06134,714,123.55,2.13,0,0,Delhi,IN
CUST_06135,957,721.02,3.23,0,0,Pune,IN
CUST_06136,894,893.07,1.17,5,0,Ahmedabad,IN
CUST_06137,1889,179.52,5.85,0,0,Kolkata,IN
CUST_06138,513,385.17,4.81,0,0,Chennai,IN
CUST_06139,406,425.41,1.06,0,0,Bangalore,IN
CUST_06140,1970,643.87,1.03,0,0,Pune,IN
CUST_06141,211,669.3,1.73,0,0,Kolkata,IN
CUST_06142,340,573.04,3.44,5,0,Pune,IN
CUST_06143,1954,551.08,1.25,0,0,Chennai,IN
CUST_06144,888,1446.92,4.71,0,0,Ahmedabad,IN
CUST_06145,868,270.32,2.04,0,0,Ahmedabad,IN
CUST_06146,1671,598.77,5.33,0,0,Pune,IN
CUST_06147,1276,2043.29,4.05,0,0,Hyderabad,IN
CUST_06148,1244,240.27,2.17,0,0,Delhi,IN
CUST_06149,880,2297.17,4.57,0,1,Kolkata,IN
CUST_06150,1162,536.06,4.17,0,1,Chennai,IN
CUST_06151,766,1266.68,0.25,0,1,Hyderabad,IN
CUST_06152,921,477.41,4.99,0,0,Delhi,IN
CUST_06153,1822,626.57,3.26,0,0,Bangalore,IN
CUST_06154,1963,391.43,5.09,0,0,Mumbai,IN
CUST_06155,1202,490.48,5.72,0,0,Pune,IN
CUST_06156,602,884.64,4.96,0,1,Kolkata,IN
CUST_06157,816,353.41,4.26,0,0,Hyderabad,IN
CUST_06158,235,1679.05,2.34,0,0,Mumbai,IN
CUST_06159,1657,980.86,1.74,0,0,Bangalore,IN
CUST_06160,880,508.04,2.78,0,1,Hyderabad,IN
CUST_06161,733,261.95,3.14,0,0,Bangalore,IN
CUST_06162,149,349.02,7.38,0,0,Chennai,IN
CUST_06163,1346,445.52,3.65,0,0,Chennai,IN
CUST_06164,762,218.76,8.75,0,2,Hyderabad,IN
CUST_06165,1597,1090.41,1.8,0,1,Bangalore,IN
CUST_06166,251,652.17,1.97,0,0,Hyderabad,IN
CUST_06167,653,930.88,8.99,0,0,Mumbai,IN
CUST_06168,1469,340.25,0.43,4,1,Mumbai,IN
CUST_06169,438,354.11,1.66,0,0,Hyderabad,IN
CUST_06170,1163,607.69,4.68,0,1,Ahmedabad,IN
CUST_06171,1841,143.36,2.76,0,0,Hyderabad,IN
CUST_06172,1151,572.72,10.3,0,0,Chennai,IN
CUST_06173,790,290.63,2.73,0,1,Delhi,IN
CUST_06174,1233,998.38,2.46,0,0,Pune,IN
CUST_06175,1080,883.8,3.11,0,0,Chennai,IN
CUST_06176,211,620.16,3.65,0,0,Chennai,IN
CUST_06177,1467,385.17,0.18,0,0,Pune,IN
CUST_06178,1176,162.02,3.74,0,0,Delhi,IN
CUST_06179,1398,233.53,2.5,0,2,Kolkata,IN
CUST_06180,651,423.99,2.46,0,0,Kolkata,IN
CUST_06181,406,204.32,2.62,0,2,Hyderabad,IN
CUST_06182,102,583.67,2.6,1,0,Chennai,IN
CUST_06183,1022,320.78,0.98,0,1,Ahmedabad,IN
CUST_06184,563,279.02,1.25,0,1,Mumbai,IN
CUST_06185,245,528.9,2.88,0,0,Kolkata,IN
CUST_06186,928,950.82,4.7,3,0,Delhi,IN
CUST_06187,1232,1912.74,1.35,0,0,Bangalore,IN
CUST_06188,1211,587.9,2.77,0,0,Hyderabad,IN
CUST_06189,485,336.76,0.31,0,1,Kolkata,IN
CUST_06190,584,491.59,1.81,0,0,Mumbai,IN
CUST_06191,1319,497.39,4.13,0,0,Mumbai,IN
CUST_06192,1868,380.88,0.58,0,0,Mumbai,IN
CUST_06193,583,412.87,2.13,0,0,Ahmedabad,IN
CUST_06194,1724,612.24,1.2,0,0,Bangalore,IN
CUST_06195,76,976.2,5.1,0,1,Kolkata,IN
CUST_06196,691,387.95,0.52,0,0,Mumbai,IN
CUST_06197,143,763.95,2.89,0,0,Mumbai,IN
CUST_06198,195,515.04,3.5,0,0,Ahmedabad,IN
CUST_06199,1482,685.63,5.72,0,0,Kolkata,IN
CUST_06200,563,193.09,3.67,0,0,Pune,IN
CUST_06201,1544,641.74,1.55,0,1,Hyderabad,IN
CUST_06202,820,960.94,7.98,0,0,Hyderabad,IN
CUST_06203,1140,299.05,1.08,0,0,Delhi,IN
CUST_06204,1012,1520.89,2.66,0,1,Hyderabad,IN
CUST_06205,806,419.99,2.75,0,1,Mumbai,IN
CUST_06206,1427,590.22,3.09,0,0,Pune,IN
CUST_06207,1011,777.41,3.31,0,1,Ahmedabad,IN
CUST_06208,1727,732.98,4.13,0,0,Delhi,IN
CUST_06209,1921,653.98,2.26,0,0,Hyderabad,IN
CUST_06210,60,619.35,1.97,0,0,Delhi,IN
CUST_06211,98,358.93,5.99,0,0,Chennai,IN
CUST_06212,285,171.12,1.5,0,0,Mumbai,IN
CUST_06213,662,718.18,1.25,0,0,Delhi,IN
CUST_06214,464,1025.59,2.39,0,0,Kolkata,IN
CUST_06215,181,309.23,4.08,1,0,Bangalore,IN
CUST_06216,1483,250.66,2.3,0,0,Chennai,IN
CUST_06217,1672,1380.28,1.54,3,1,Hyderabad,IN
CUST_06218,1914,1197.33,4.79,2,0,Mumbai,IN
CUST_06219,532,307.3,3.71,0,0,Mumbai,IN
CUST_06220,227,547.25,3.84,0,1,Mumbai,IN
CUST_06221,1940,271.28,5.65,0,0,Mumbai,IN
CUST_06222,154,392.1,3.43,0,0,Pune,IN
CUST_06223,675,600.71,3.14,0,1,Pune,IN
CUST_06224,553,465.12,4.08,0,0,Kolkata,IN
CUST_06225,1895,159.96,0.84,0,0,Bangalore,IN
CUST_06226,1195,496.23,7.44,0,2,Bangalore,IN
CUST_06227,246,249.07,8.72,0,1,Ahmedabad,IN
CUST_06228,654,565.32,6.0,0,0,Bangalore,IN
CUST_06229,1543,669.35,7.7,0,0,Bangalore,IN
CUST_06230,1305,452.21,1.23,0,0,Kolkata,IN
CUST_06231,1369,502.93,3.21,0,2,Ahmedabad,IN
CUST_06232,1069,254.55,0.85,0,1,Delhi,IN
CUST_06233,1184,413.41,8.26,0,0,Chennai,IN
CUST_06234,1355,1333.84,3.57,0,0,Ahmedabad,IN
CUST_06235,2000,622.93,6.55,0,1,Ahmedabad,IN
CUST_06236,660,261.85,0.43,0,0,Pune,IN
CUST_06237,463,491.86,3.38,1,0,Ahmedabad,IN
CUST_06238,541,170.05,2.39,0,1,Delhi,IN
CUST_06239,1457,737.0,4.42,3,0,Pune,IN
CUST_06240,723,930.97,1.35,0,0,Delhi,IN
CUST_06241,1351,499.03,0.61,0,1,Chennai,IN
CUST_06242,1424,161.43,2.56,0,0,Chennai,IN
CUST_06243,154,671.54,1.11,0,0,Delhi,IN
CUST_06244,124,711.52,2.18,0,0,Ahmedabad,IN
CUST_06245,27,2370.46,2.64,0,3,Chennai,IN
CUST_06246,959,376.24,2.84,0,0,Chennai,IN
CUST_06247,385,433.9,3.73,0,2,Kolkata,IN
CUST_06248,215,326.33,3.35,0,0,Ahmedabad,IN
CUST_06249,428,452.85,1.0,0,0,Hyderabad,IN
CUST_06250,1558,290.46,8.26,0,0,Hyderabad,IN
CUST_06251,1452,1627.38,1.88,0,0,Pune,IN
CUST_06252,1343,563.78,1.36,0,0,Ahmedabad,IN
CUST_06253,1737,385.88,2.52,0,0,Bangalore,IN
CUST_06254,1873,631.49,4.57,0,0,Delhi,IN
CUST_06255,449,675.32,3.58,0,0,Bangalore,IN
CUST_06256,790,619.85,2.91,0,2,Hyderabad,IN
CUST_06257,1778,470.65,3.6,0,0,Ahmedabad,IN
CUST_06258,1598,149.19,0.19,0,1,Chennai,IN
CUST_06259,385,442.48,5.28,0,0,Kolkata,IN
CUST_06260,570,797.65,3.19,0,0,Delhi,IN
CUST_06261,337,386.03,4.64,0,0,Kolkata,IN
CUST_06262,1949,440.33,1.72,1,0,Pune,IN
CUST_06263,302,370.79,3.28,0,2,Delhi,IN
CUST_06264,1795,599.36,2.2,0,0,Ahmedabad,IN
CUST_06265,1526,793.84,2.91,0,1,Delhi,IN
CUST_06266,493,373.0,5.03,0,0,Delhi,IN
CUST_06267,1832,114.67,1.48,4,0,Mumbai,IN
CUST_06268,384,291.48,4.65,2,0,Ahmedabad,IN
CUST_06269,59,531.04,1.23,0,0,Pune,IN
CUST_06270,1356,271.95,6.26,0,0,Ahmedabad,IN
CUST_06271,721,143.31,0.27,0,0,Ahmedabad,IN
CUST_06272,243,721.28,1.67,0,0,Pune,IN
CUST_06273,726,1015.68,1.31,0,1,Delhi,IN
CUST_06274,435,367.17,2.26,0,1,Kolkata,IN
CUST_06275,813,211.8,0.78,0,0,Bangalore,IN
CUST_06276,1041,569.51,3.32,0,0,Kolkata,IN
CUST_06277,109,876.23,5.23,0,2,Hyderabad,IN
CUST_06278,559,1499.09,4.82,0,0,Ahmedabad,IN
CUST_06279,201,429.02,0.47,0,0,Hyderabad,IN
CUST_06280,1329,247.78,5.15,0,0,Mumbai,IN
CUST_06281,1500,879.39,3.21,0,0,Kolkata,IN
CUST_06282,398,564.28,2.12,0,0,Kolkata,IN
CUST_06283,388,498.27,0.19,0,0,Pune,IN
CUST_06284,362,1452.49,4.28,2,0,Kolkata,IN
CUST_06285,1085,434.13,2.45,0,1,Pune,IN
CUST_06286,1063,302.44,1.96,0,2,Ahmedabad,IN
CUST_06287,224,372.47,1.35,0,0,Kolkata,IN
CUST_06288,1324,667.85,2.76,0,0,Mumbai,IN
CUST_06289,1964,324.09,7.01,0,1,Chennai,IN
CUST_06290,450,419.07,2.46,0,1,Delhi,IN
CUST_06291,109,521.14,6.31,3,0,Delhi,IN
CUST_06292,1179,522.72,4.53,0,0,Mumbai,IN
CUST_06293,489,241.55,0.92,0,2,Pune,IN
CUST_06294,1090,208.81,2.16,0,0,Delhi,IN
CUST_06295,565,87.82,0.33,0,0,Delhi,IN
CUST_06296,1808,219.74,2.32,0,0,Chennai,IN
CUST_06297,803,876.06,7.3,0,0,Kolkata,IN
CUST_06298,208,1025.97,3.28,0,0,Kolkata,IN
CUST_06299,1504,886.19,4.15,0,1,Chennai,IN
CUST_06300,1015,1468.24,0.87,0,0,Pune,IN
CUST_06301,351,728.83,0.96,0,1,Chennai,IN
CUST_06302,712,1095.18,3.48,0,0,Chennai,IN
CUST_06303,1446,786.51,1.71,0,0,Pune,IN
CUST_06304,1503,1309.66,0.25,0,0,Pune,IN
CUST_06305,194,159.4,5.71,0,0,Mumbai,IN
CUST_06306,1031,210.11,4.1,0,0,Bangalore,IN
CUST_06307,1514,278.98,9.25,0,0,Ahmedabad,IN
CUST_06308,1747,212.12,0.96,0,0,Pune,IN
CUST_06309,349,1464.35,3.08,0,0,Chennai,IN
CUST_06310,1396,444.08,2.76,0,0,Hyderabad,IN
CUST_06311,342,1503.9,4.95,3,3,Delhi,IN
CUST_06312,681,896.07,5.93,0,0,Bangalore,IN
CUST_06313,291,1054.48,4.81,0,0,Ahmedabad,IN
CUST_06314,1365,1060.19,5.4,0,0,Mumbai,IN
CUST_06315,877,715.57,6.03,0,0,Ahmedabad,IN
CUST_06316,43,952.95,5.05,0,1,Hyderabad,IN
CUST_06317,1996,627.99,1.19,0,0,Bangalore,IN
CUST_06318,1805,284.77,4.35,0,0,Pune,IN
CUST_06319,350,272.34,3.11,0,3,Delhi,IN
CUST_06320,1217,799.47,1.52,0,0,Mumbai,IN
CUST_06321,1986,543.04,2.89,1,0,Hyderabad,IN
CUST_06322,1195,147.71,1.04,0,0,Ahmedabad,IN
CUST_06323,1001,1616.77,1.22,0,0,Mumbai,IN
CUST_06324,968,1567.98,1.6,0,1,Chennai,IN
CUST_06325,93,233.99,0.85,0,2,Delhi,IN
CUST_06326,1162,487.69,0.75,0,1,Mumbai,IN
CUST_06327,1711,2144.46,2.44,0,0,Pune,IN
CUST_06328,1076,929.51,3.08,0,1,Chennai,IN
CUST_06329,1547,401.93,2.97,0,1,Bangalore,IN
CUST_06330,1588,890.9,0.42,0,0,Bangalore,IN
CUST_06331,205,189.74,6.35,0,2,Delhi,IN
CUST_06332,1647,208.03,3.8,0,0,Pune,IN
CUST_06333,927,386.29,5.18,0,1,Hyderabad,IN
CUST_06334,1505,195.5,5.93,2,1,Ahmedabad,IN
CUST_06335,1118,173.85,2.26,0,0,Hyderabad,IN
CUST_06336,1359,438.7,1.85,0,0,Pune,IN
CUST_06337,520,526.3,3.56,0,0,Ahmedabad,IN
CUST_06338,940,678.83,5.5,0,1,Hyderabad,IN
CUST_06339,1696,955.98,2.78,0,0,Mumbai,IN
CUST_06340,617,316.29,4.85,0,0,Hyderabad,IN
CUST_06341,1826,241.14,4.37,0,1,Hyderabad,IN
CUST_06342,231,733.86,1.44,0,0,Ahmedabad,IN
CUST_06343,1405,850.57,5.65,0,0,Pune,IN
CUST_06344,303,379.33,1.96,0,1,Mumbai,IN
CUST_06345,1754,283.09,1.24,1,1,Kolkata,IN
CUST_06346,1351,861.35,1.53,0,0,Chennai,IN
CUST_06347,732,272.91,1.74,0,1,Bangalore,IN
CUST_06348,64,589.33,2.27,0,0,Ahmedabad,IN
CUST_06349,1183,833.87,2.53,0,0,Chennai,IN
CUST_06350,737,587.67,1.64,0,0,Kolkata,IN
CUST_06351,1525,666.12,1.91,0,2,Chennai,IN
CUST_06352,397,1337.24,5.91,7,2,Delhi,IN
CUST_06353,1309,884.44,1.12,0,0,Kolkata,IN
CUST_06354,1978,296.56,4.35,0,0,Delhi,IN
CUST_06355,1797,969.9,1.33,0,0,Pune,IN
CUST_06356,1963,264.28,1.33,4,1,Ahmedabad,IN
CUST_06357,544,442.02,3.27,0,1,Bangalore,IN
CUST_06358,1819,1310.1,3.97,2,0,Hyderabad,IN
CUST_06359,801,255.23,0.3,0,1,Hyderabad,IN
CUST_06360,1936,672.07,3.15,0,0,Kolkata,IN
CUST_06361,634,694.02,0.59,0,0,Pune,IN
CUST_06362,85,380.0,1.08,0,0,Chennai,IN
CUST_06363,1709,180.8,3.22,0,0,Hyderabad,IN
CUST_06364,888,3552.48,5.22,0,0,Delhi,IN
CUST_06365,1161,319.83,2.88,0,0,Ahmedabad,IN
CUST_06366,591,300.36,2.65,3,2,Hyderabad,IN
CUST_06367,1986,660.17,1.18,0,0,Delhi,IN
CUST_06368,1022,1322.42,1.6,4,1,Mumbai,IN
CUST_06369,956,507.1,7.79,0,0,Bangalore,IN
CUST_06370,1072,737.55,6.31,0,0,Bangalore,IN
CUST_06371,1278,1124.49,0.34,0,0,Pune,IN
CUST_06372,622,226.67,0.39,0,0,Bangalore,IN
CUST_06373,591,1680.11,2.7,0,0,Ahmedabad,IN
CUST_06374,1638,942.05,2.34,0,0,Delhi,IN
CUST_06375,32,470.48,1.7,0,1,Pune,IN
CUST_06376,84,128.7,0.21,0,0,Ahmedabad,IN
CUST_06377,580,892.73,1.22,0,1,Chennai,IN
CUST_06378,109,1559.93,0.92,1,1,Delhi,IN
CUST_06379,627,790.62,4.64,0,0,Ahmedabad,IN
CUST_06380,882,402.87,1.83,0,0,Mumbai,IN
CUST_06381,1353,517.29,1.25,0,0,Hyderabad,IN
CUST_06382,103,941.72,6.15,0,2,Mumbai,IN
CUST_06383,283,229.13,1.68,0,0,Pune,IN
CUST_06384,1800,407.32,1.48,0,2,Hyderabad,IN
CUST_06385,1609,327.49,1.81,0,0,Pune,IN
CUST_06386,1954,509.83,3.51,0,1,Bangalore,IN
CUST_06387,1461,387.85,5.33,0,1,Delhi,IN
CUST_06388,293,311.53,0.6,0,3,Pune,IN
CUST_06389,885,180.44,3.32,0,0,Chennai,IN
CUST_06390,596,517.42,3.15,0,1,Delhi,IN
CUST_06391,66,1479.13,0.12,0,0,Chennai,IN
CUST_06392,1911,857.32,3.49,0,0,Ahmedabad,IN
CUST_06393,510,112.13,2.04,2,0,Hyderabad,IN
CUST_06394,866,437.28,3.37,0,0,Kolkata,IN
CUST_06395,1981,934.13,4.05,0,0,Kolkata,IN
CUST_06396,1829,872.27,3.02,1,1,Delhi,IN
CUST_06397,1885,1219.56,3.86,0,1,Pune,IN
CUST_06398,1223,885.41,4.18,0,1,Pune,IN
CUST_06399,355,1082.17,0.86,0,0,Pune,IN
CUST_06400,1391,410.51,7.39,0,0,Kolkata,IN
CUST_06401,1648,217.73,1.98,0,0,Hyderabad,IN
CUST_06402,1400,564.75,1.38,2,1,Bangalore,IN
CUST_06403,513,1596.63,1.96,0,0,Chennai,IN
CUST_06404,853,262.15,1.29,0,0,Bangalore,IN
CUST_06405,617,312.88,0.81,0,0,Chennai,IN
CUST_06406,176,295.26,2.89,0,0,Pune,IN
CUST_06407,1161,829.64,2.42,0,0,Pune,IN
CUST_06408,1118,953.98,4.75,0,0,Ahmedabad,IN
CUST_06409,770,485.81,4.76,0,0,Bangalore,IN
CUST_06410,197,361.7,1.45,0,0,Kolkata,IN
CUST_06411,1079,491.57,0.28,0,1,Bangalore,IN
CUST_06412,1422,426.92,9.83,0,0,Ahmedabad,IN
CUST_06413,1032,251.26,8.06,0,0,Hyderabad,IN
CUST_06414,960,447.97,2.14,4,0,Hyderabad,IN
CUST_06415,876,456.56,4.12,0,0,Hyderabad,IN
CUST_06416,862,204.04,3.26,0,0,Ahmedabad,IN
CUST_06417,945,1128.09,1.64,0,0,Kolkata,IN
CUST_06418,1869,1683.65,1.91,2,0,Mumbai,IN
CUST_06419,1961,756.02,5.32,0,1,Mumbai,IN
CUST_06420,182,709.49,2.51,0,0,Kolkata,IN
CUST_06421,1260,922.37,2.43,0,0,Bangalore,IN
CUST_06422,1612,452.17,4.69,0,0,Pune,IN
CUST_06423,1189,387.77,3.66,0,1,Chennai,IN
CUST_06424,261,644.55,1.16,0,2,Hyderabad,IN
CUST_06425,110,460.41,1.03,0,2,Pune,IN
CUST_06426,258,341.39,3.21,0,0,Kolkata,IN
CUST_06427,1373,581.76,0.67,1,1,Kolkata,IN
CUST_06428,948,301.3,2.53,0,1,Mumbai,IN
CUST_06429,1719,381.47,3.12,0,0,Ahmedabad,IN
CUST_06430,174,746.25,1.31,0,0,Mumbai,IN
CUST_06431,554,157.9,3.05,0,0,Mumbai,IN
CUST_06432,683,557.18,4.61,0,0,Delhi,IN
CUST_06433,1684,776.25,2.41,0,0,Delhi,IN
CUST_06434,1159,370.58,3.87,0,1,Pune,IN
CUST_06435,1415,2367.77,2.08,0,0,Ahmedabad,IN
CUST_06436,1771,270.62,1.07,0,0,Hyderabad,IN
CUST_06437,249,253.62,0.85,0,0,Mumbai,IN
CUST_06438,1437,280.81,2.34,0,1,Mumbai,IN
CUST_06439,1058,212.27,2.68,0,1,Chennai,IN
CUST_06440,1152,432.04,2.25,0,0,Bangalore,IN
CUST_06441,280,445.84,5.32,0,0,Ahmedabad,IN
CUST_06442,1834,1228.99,4.57,0,0,Chennai,IN
CUST_06443,617,174.81,3.45,0,2,Bangalore,IN
CUST_06444,1473,276.9,3.59,1,1,Pune,IN
CUST_06445,1650,351.27,0.87,0,1,Mumbai,IN
CUST_06446,1278,1784.92,5.28,0,0,Ahmedabad,IN
CUST_06447,235,905.86,5.73,0,0,Chennai,IN
CUST_06448,1,389.27,1.4,0,0,Delhi,IN
CUST_06449,1237,499.0,2.85,0,0,Bangalore,IN
CUST_06450,1065,585.57,1.76,0,1,Delhi,IN
CUST_06451,507,241.18,4.27,1,0,Delhi,IN
CUST_06452,213,144.26,0.34,0,0,Chennai,IN
CUST_06453,51,1813.51,3.1,6,2,Ahmedabad,IN
CUST_06454,801,1245.99,2.03,0,0,Ahmedabad,IN
CUST_06455,1897,514.28,3.8,1,2,Mumbai,IN
CUST_06456,615,267.83,1.22,0,1,Delhi,IN
CUST_06457,991,520.68,1.24,0,0,Kolkata,IN
CUST_06458,1680,553.09,4.41,0,0,Bangalore,IN
CUST_06459,1724,524.75,0.5,0,0,Chennai,IN
CUST_06460,1683,467.2,4.69,0,0,Pune,IN
CUST_06461,1760,255.73,1.37,0,0,Ahmedabad,IN
CUST_06462,886,915.83,2.02,0,1,Delhi,IN
CUST_06463,1303,78.19,4.05,0,0,Bangalore,IN
CUST_06464,379,61.36,2.64,0,0,Mumbai,IN
CUST_06465,1677,1252.24,5.27,0,0,Bangalore,IN
CUST_06466,350,749.65,1.06,0,0,Chennai,IN
CUST_06467,976,649.84,7.52,1,0,Chennai,IN
CUST_06468,594,770.9,2.47,0,0,Ahmedabad,IN
CUST_06469,1368,743.34,1.34,0,1,Pune,IN
CUST_06470,1965,445.87,3.85,0,0,Delhi,IN
CUST_06471,753,735.1,2.58,0,0,Ahmedabad,IN
CUST_06472,802,312.1,2.57,0,1,Pune,IN
CUST_06473,1429,483.21,7.69,0,0,Kolkata,IN
CUST_06474,951,273.61,1.7,0,0,Delhi,IN
CUST_06475,1667,432.01,2.99,0,0,Kolkata,IN
CUST_06476,304,1066.93,5.72,0,0,Kolkata,IN
CUST_06477,581,382.37,1.13,0,0,Mumbai,IN
CUST_06478,247,1138.4,1.56,0,1,Ahmedabad,IN
CUST_06479,23,808.21,1.48,0,0,Kolkata,IN
CUST_06480,70,834.39,1.52,0,0,Pune,IN
CUST_06481,88,327.53,1.29,0,0,Ahmedabad,IN
CUST_06482,1972,1355.53,1.95,0,0,Hyderabad,IN
CUST_06483,959,157.89,2.64,0,0,Bangalore,IN
CUST_06484,568,1030.63,1.8,0,1,Ahmedabad,IN
CUST_06485,325,848.24,6.48,0,0,Mumbai,IN
CUST_06486,1026,405.3,7.57,0,0,Hyderabad,IN
CUST_06487,715,1480.86,1.02,0,0,Chennai,IN
CUST_06488,1051,250.09,6.02,0,0,Kolkata,IN
CUST_06489,358,281.91,4.08,0,0,Delhi,IN
CUST_06490,721,726.5,3.1,0,0,Bangalore,IN
CUST_06491,942,478.84,3.1,0,1,Hyderabad,IN
CUST_06492,571,1742.57,6.66,0,0,Bangalore,IN
CUST_06493,1892,452.32,4.6,1,1,Pune,IN
CUST_06494,140,824.53,3.79,0,0,Kolkata,IN
CUST_06495,772,1750.42,2.26,0,0,Ahmedabad,IN
CUST_06496,1241,361.13,1.57,0,0,Ahmedabad,IN
CUST_06497,1180,349.71,0.59,2,0,Bangalore,IN
CUST_06498,266,692.73,2.38,0,0,Pune,IN
CUST_06499,1206,948.87,2.4,0,1,Hyderabad,IN
CUST_06500,1198,259.32,0.37,0,0,Hyderabad,IN
CUST_06501,139,286.36,2.81,0,0,Kolkata,IN
CUST_06502,61,459.42,1.28,0,0,Mumbai,IN
CUST_06503,475,289.05,3.31,4,0,Bangalore,IN
CUST_06504,1363,873.69,5.54,0,0,Delhi,IN
CUST_06505,1023,437.43,0.94,0,0,Delhi,IN
CUST_06506,663,369.44,2.8,2,0,Ahmedabad,IN
CUST_06507,1581,2213.28,0.73,0,0,Chennai,IN
CUST_06508,216,836.83,2.12,0,0,Chennai,IN
CUST_06509,1492,555.02,2.62,0,1,Bangalore,IN
CUST_06510,1548,217.16,5.08,0,0,Kolkata,IN
CUST_06511,1890,627.49,2.6,0,0,Kolkata,IN
CUST_06512,127,326.02,0.59,0,0,Delhi,IN
CUST_06513,235,258.76,2.58,0,1,Pune,IN
CUST_06514,1735,375.82,6.94,0,1,Mumbai,IN
CUST_06515,905,489.31,1.16,0,0,Delhi,IN
CUST_06516,1243,400.05,4.19,0,0,Hyderabad,IN
CUST_06517,1892,238.57,5.88,1,0,Mumbai,IN
CUST_06518,658,2874.96,2.77,3,0,Bangalore,IN
CUST_06519,1431,477.2,2.38,0,1,Delhi,IN
CUST_06520,774,137.26,3.27,0,1,Ahmedabad,IN
CUST_06521,1306,765.55,2.49,0,1,Bangalore,IN
CUST_06522,401,338.79,7.41,0,2,Chennai,IN
CUST_06523,1006,1218.92,6.43,0,1,Pune,IN
CUST_06524,1391,892.32,2.35,0,1,Ahmedabad,IN
CUST_06525,462,113.23,0.24,0,0,Pune,IN
CUST_06526,1520,717.77,4.04,1,0,Chennai,IN
CUST_06527,889,426.3,1.52,0,0,Bangalore,IN
CUST_06528,177,2185.37,1.32,0,0,Chennai,IN
CUST_06529,1289,449.57,0.84,0,1,Mumbai,IN
CUST_06530,417,446.43,3.54,3,1,Delhi,IN
CUST_06531,1659,161.75,3.04,1,0,Mumbai,IN
CUST_06532,1830,444.12,0.89,0,0,Bangalore,IN
CUST_06533,737,591.29,2.44,0,1,Mumbai,IN
CUST_06534,1164,354.59,3.17,0,0,Kolkata,IN
CUST_06535,698,739.79,1.94,0,0,Delhi,IN
CUST_06536,1398,2495.26,0.93,0,1,Bangalore,IN
CUST_06537,390,345.71,3.91,0,0,Ahmedabad,IN
CUST_06538,1169,543.36,6.5,0,0,Chennai,IN
CUST_06539,1026,520.88,3.15,0,2,Ahmedabad,IN
CUST_06540,731,163.92,2.7,0,1,Hyderabad,IN
CUST_06541,1642,460.23,9.5,2,2,Bangalore,IN
CUST_06542,899,72.31,3.33,0,0,Delhi,IN
CUST_06543,1281,1047.71,2.37,0,0,Kolkata,IN
CUST_06544,1790,152.1,4.9,0,1,Kolkata,IN
CUST_06545,1166,303.51,2.43,0,1,Delhi,IN
CUST_06546,261,212.73,1.63,0,0,Delhi,IN
CUST_06547,207,1444.18,2.41,0,0,Pune,IN
CUST_06548,1022,438.7,2.95,1,0,Delhi,IN
CUST_06549,106,621.13,2.22,0,1,Chennai,IN
CUST_06550,47,551.38,2.46,0,0,Hyderabad,IN
CUST_06551,1683,1797.61,3.55,0,0,Chennai,IN
CUST_06552,1889,307.05,4.1,0,0,Pune,IN
CUST_06553,800,594.19,1.32,0,1,Pune,IN
CUST_06554,140,701.33,1.94,0,1,Hyderabad,IN
CUST_06555,1983,122.38,5.94,0,0,Bangalore,IN
CUST_06556,154,216.89,0.41,3,1,Pune,IN
CUST_06557,1748,236.8,0.56,0,0,Chennai,IN
CUST_06558,818,823.24,3.95,0,0,Pune,IN
CUST_06559,1119,369.03,6.03,0,0,Mumbai,IN
CUST_06560,1194,139.92,2.64,0,0,Delhi,IN
CUST_06561,1919,343.93,1.8,1,0,Ahmedabad,IN
CUST_06562,1338,544.08,4.12,3,0,Pune,IN
CUST_06563,67,289.61,2.52,0,1,Mumbai,IN
CUST_06564,864,431.81,2.35,0,1,Hyderabad,IN
CUST_06565,411,288.31,1.28,0,1,Pune,IN
CUST_06566,1819,394.1,5.03,0,0,Hyderabad,IN
CUST_06567,286,230.12,1.55,0,0,Mumbai,IN
CUST_06568,1121,161.36,6.0,1,0,Chennai,IN
CUST_06569,1893,850.46,1.0,0,1,Hyderabad,IN
CUST_06570,483,2309.41,0.45,0,0,Mumbai,IN
CUST_06571,150,767.85,1.66,0,0,Ahmedabad,IN
CUST_06572,709,329.76,8.66,0,0,Mumbai,IN
CUST_06573,1946,205.3,2.75,0,1,Delhi,IN
CUST_06574,1226,1500.66,1.43,0,0,Kolkata,IN
CUST_06575,1818,339.71,4.93,0,0,Delhi,IN
CUST_06576,1939,748.99,5.95,0,0,Ahmedabad,IN
CUST_06577,555,167.49,1.13,0,0,Bangalore,IN
CUST_06578,214,1157.1,1.13,0,1,Mumbai,IN
CUST_06579,1018,361.81,1.22,0,0,Mumbai,IN
CUST_06580,1332,631.3,0.13,0,1,Chennai,IN
CUST_06581,884,296.88,3.83,0,0,Hyderabad,IN
CUST_06582,622,199.32,1.0,0,1,Ahmedabad,IN
CUST_06583,44,352.48,5.63,3,0,Chennai,IN
CUST_06584,54,606.44,3.42,0,0,Mumbai,IN
CUST_06585,1095,704.0,3.87,0,0,Chennai,IN
CUST_06586,1397,298.24,2.29,0,0,Kolkata,IN
CUST_06587,1132,475.26,2.29,0,0,Mumbai,IN
CUST_06588,107,1071.23,0.88,0,3,Ahmedabad,IN
CUST_06589,1569,915.34,2.17,0,0,Kolkata,IN
CUST_06590,1425,619.93,3.22,0,1,Kolkata,IN
CUST_06591,881,234.83,0.92,0,0,Bangalore,IN
CUST_06592,1126,348.47,4.87,0,0,Kolkata,IN
CUST_06593,237,460.16,1.62,0,0,Bangalore,IN
CUST_06594,242,328.36,4.55,0,0,Ahmedabad,IN
CUST_06595,721,1253.41,1.42,0,0,Hyderabad,IN
CUST_06596,703,970.8,1.2,0,0,Chennai,IN
CUST_06597,1881,440.77,5.01,0,1,Kolkata,IN
CUST_06598,488,380.58,7.45,0,1,Mumbai,IN
CUST_06599,189,363.86,5.82,0,0,Chennai,IN
CUST_06600,466,264.8,6.57,0,0,Mumbai,IN
CUST_06601,1531,1393.91,4.88,1,1,Kolkata,IN
CUST_06602,1643,398.67,1.92,0,0,Mumbai,IN
CUST_06603,1789,861.7,0.46,0,1,Mumbai,IN
CUST_06604,1665,1261.37,8.1,0,0,Chennai,IN
CUST_06605,157,288.8,1.66,0,1,Mumbai,IN
CUST_06606,260,200.53,4.72,0,0,Mumbai,IN
CUST_06607,370,1776.95,3.45,0,0,Ahmedabad,IN
CUST_06608,90,564.67,2.19,0,0,Pune,IN
CUST_06609,717,374.22,8.54,0,1,Hyderabad,IN
CUST_06610,599,3198.73,0.8,0,0,Chennai,IN
CUST_06611,1242,280.05,9.41,0,0,Bangalore,IN
CUST_06612,981,1744.8,5.0,0,1,Kolkata,IN
CUST_06613,1345,935.1,4.66,1,2,Delhi,IN
CUST_06614,157,416.95,0.77,0,0,Delhi,IN
CUST_06615,1922,285.95,2.05,0,0,Pune,IN
CUST_06616,1014,347.64,4.05,0,2,Chennai,IN
CUST_06617,1839,143.46,1.04,1,1,Hyderabad,IN
CUST_06618,909,252.98,2.42,0,0,Chennai,IN
CUST_06619,1929,538.99,6.52,2,1,Pune,IN
CUST_06620,1598,595.02,2.26,0,1,Hyderabad,IN
CUST_06621,1780,1382.23,5.49,6,2,Pune,IN
CUST_06622,1079,7782.49,3.67,0,1,Chennai,IN
CUST_06623,654,233.22,0.69,0,0,Pune,IN
CUST_06624,111,763.15,3.27,0,0,Delhi,IN
CUST_06625,1845,404.62,0.94,0,0,Hyderabad,IN
CUST_06626,1445,783.97,0.37,0,0,Kolkata,IN
CUST_06627,573,603.99,4.42,0,0,Ahmedabad,IN
CUST_06628,417,330.88,2.53,0,0,Delhi,IN
CUST_06629,1724,515.83,2.12,0,0,Bangalore,IN
CUST_06630,625,326.03,0.92,0,0,Chennai,IN
CUST_06631,252,727.05,4.1,0,0,Chennai,IN
CUST_06632,1485,178.76,1.02,0,0,Hyderabad,IN
CUST_06633,74,311.69,0.31,0,0,Bangalore,IN
CUST_06634,1431,222.56,6.39,0,1,Chennai,IN
CUST_06635,1332,1021.21,2.41,0,0,Ahmedabad,IN
CUST_06636,1952,626.26,0.32,0,0,Ahmedabad,IN
CUST_06637,44,338.57,6.02,4,0,Delhi,IN
CUST_06638,1713,433.89,4.91,0,0,Ahmedabad,IN
CUST_06639,554,571.04,3.73,0,0,Mumbai,IN
CUST_06640,1205,314.1,1.69,0,0,Pune,IN
CUST_06641,616,213.78,3.12,0,0,Kolkata,IN
CUST_06642,123,950.53,3.88,0,0,Delhi,IN
CUST_06643,1751,508.96,2.05,0,0,Pune,IN
CUST_06644,1015,227.82,1.5,0,0,Kolkata,IN
CUST_06645,1767,576.18,3.83,0,1,Mumbai,IN
CUST_06646,788,486.19,0.18,0,1,Kolkata,IN
CUST_06647,91,738.59,2.61,0,1,Ahmedabad,IN
CUST_06648,422,184.46,1.32,0,1,Chennai,IN
CUST_06649,378,347.28,1.37,2,2,Kolkata,IN
CUST_06650,1091,497.54,2.62,0,1,Kolkata,IN
CUST_06651,1353,775.71,1.83,0,0,Mumbai,IN
CUST_06652,65,554.11,4.28,1,1,Pune,IN
CUST_06653,1920,1186.2,2.99,0,0,Hyderabad,IN
CUST_06654,1864,363.8,3.5,0,0,Mumbai,IN
CUST_06655,1890,438.45,1.34,0,0,Hyderabad,IN
CUST_06656,1660,480.08,4.59,0,1,Pune,IN
CUST_06657,1551,273.08,2.32,0,0,Chennai,IN
CUST_06658,699,365.08,1.23,1,0,Mumbai,IN
CUST_06659,1774,1059.6,2.16,0,0,Kolkata,IN
CUST_06660,1603,184.32,6.78,0,0,Kolkata,IN
CUST_06661,1654,406.34,4.35,0,0,Mumbai,IN
CUST_06662,1134,502.81,3.86,0,0,Delhi,IN
CUST_06663,1951,187.58,2.74,0,0,Kolkata,IN
CUST_06664,1759,343.46,4.27,0,0,Pune,IN
CUST_06665,869,753.88,1.2,0,0,Ahmedabad,IN
CUST_06666,333,880.47,1.4,0,0,Pune,IN
CUST_06667,958,312.13,2.76,4,1,Kolkata,IN
CUST_06668,271,719.63,6.06,0,1,Chennai,IN
CUST_06669,575,1384.2,3.38,0,0,Mumbai,IN
CUST_06670,176,238.26,2.56,0,0,Pune,IN
CUST_06671,1580,380.27,3.08,0,0,Chennai,IN
CUST_06672,692,462.42,1.57,0,1,Pune,IN
CUST_06673,80,622.55,8.35,0,0,Kolkata,IN
CUST_06674,741,1372.97,6.27,0,0,Pune,IN
CUST_06675,1351,1631.89,0.57,0,0,Pune,IN
CUST_06676,1603,410.13,6.95,0,1,Pune,IN
CUST_06677,255,293.72,0.59,0,0,Mumbai,IN
CUST_06678,1165,695.69,6.48,1,0,Pune,IN
CUST_06679,1713,706.02,1.16,0,0,Hyderabad,IN
CUST_06680,1736,555.33,2.57,0,1,Pune,IN
CUST_06681,909,377.0,2.84,0,1,Bangalore,IN
CUST_06682,36,578.9,3.58,0,0,Ahmedabad,IN
CUST_06683,19,2655.98,1.46,4,0,Ahmedabad,IN
CUST_06684,76,97.24,2.8,0,0,Ahmedabad,IN
CUST_06685,984,791.24,2.62,0,0,Hyderabad,IN
CUST_06686,837,1085.98,1.26,0,1,Chennai,IN
CUST_06687,1187,2066.14,2.7,0,0,Mumbai,IN
CUST_06688,567,420.65,4.67,0,0,Delhi,IN
CUST_06689,1953,1876.75,1.19,0,0,Hyderabad,IN
CUST_06690,903,444.45,8.18,0,0,Delhi,IN
CUST_06691,529,287.74,1.71,0,0,Bangalore,IN
CUST_06692,532,645.05,2.13,2,1,Pune,IN
CUST_06693,261,1630.01,2.79,0,0,Ahmedabad,IN
CUST_06694,1291,254.32,9.36,1,1,Chennai,IN
CUST_06695,301,1765.39,1.09,3,1,Bangalore,IN
CUST_06696,477,887.49,8.35,0,1,Mumbai,IN
CUST_06697,1341,1241.02,4.32,3,1,Delhi,IN
CUST_06698,378,366.37,3.55,0,0,Mumbai,IN
CUST_06699,1188,252.74,1.76,0,0,Ahmedabad,IN
CUST_06700,86,200.71,1.74,1,1,Hyderabad,IN
CUST_06701,125,207.07,1.31,0,0,Chennai,IN
CUST_06702,1998,1067.4,1.46,0,0,Pune,IN
CUST_06703,34,2120.97,0.62,0,1,Pune,IN
CUST_06704,1107,352.0,9.92,0,0,Hyderabad,IN
CUST_06705,1230,2375.94,6.17,0,0,Mumbai,IN
CUST_06706,717,265.02,2.3,0,1,Chennai,IN
CUST_06707,159,666.56,3.53,1,0,Delhi,IN
CUST_06708,232,1065.86,2.81,0,0,Ahmedabad,IN
CUST_06709,486,254.73,8.52,0,0,Delhi,IN
CUST_06710,668,206.21,3.1,0,1,Chennai,IN
CUST_06711,1699,484.14,1.82,0,0,Hyderabad,IN
CUST_06712,147,365.14,2.45,0,0,Kolkata,IN
CUST_06713,1794,312.99,6.93,0,0,Kolkata,IN
CUST_06714,294,367.46,1.65,0,1,Pune,IN
CUST_06715,669,305.93,2.78,0,1,Mumbai,IN
CUST_06716,687,299.71,2.23,0,0,Hyderabad,IN
CUST_06717,1838,314.2,4.04,0,0,Kolkata,IN
CUST_06718,964,127.54,6.08,0,0,Hyderabad,IN
CUST_06719,1274,378.92,2.72,0,0,Pune,IN
CUST_06720,329,2628.88,3.32,0,0,Mumbai,IN
CUST_06721,92,1624.22,5.17,0,0,Hyderabad,IN
CUST_06722,1906,744.39,4.71,0,1,Pune,IN
CUST_06723,1868,614.35,0.59,0,0,Bangalore,IN
CUST_06724,218,550.01,7.28,0,0,Mumbai,IN
CUST_06725,1655,572.61,2.27,0,0,Chennai,IN
CUST_06726,1047,2100.27,1.21,0,0,Hyderabad,IN
CUST_06727,1925,173.21,1.21,0,0,Hyderabad,IN
CUST_06728,776,614.44,3.81,0,0,Chennai,IN
CUST_06729,1346,2018.15,1.99,0,0,Mumbai,IN
CUST_06730,781,225.56,3.2,0,1,Bangalore,IN
CUST_06731,1957,770.86,0.86,0,1,Delhi,IN
CUST_06732,1964,838.77,3.84,0,0,Delhi,IN
CUST_06733,1158,310.9,7.0,0,0,Chennai,IN
CUST_06734,1104,1031.8,8.98,0,0,Kolkata,IN
CUST_06735,1736,270.77,1.41,2,0,Delhi,IN
CUST_06736,1244,939.02,8.3,0,0,Mumbai,IN
CUST_06737,1351,308.35,4.35,0,1,Ahmedabad,IN
CUST_06738,650,1734.17,1.85,0,0,Ahmedabad,IN
CUST_06739,400,372.08,1.05,1,2,Pune,IN
CUST_06740,1866,889.62,5.64,0,0,Pune,IN
CUST_06741,674,535.75,1.69,0,1,Chennai,IN
CUST_06742,1637,719.79,5.5,0,0,Chennai,IN
CUST_06743,473,596.48,2.86,0,0,Hyderabad,IN
CUST_06744,645,628.26,0.98,0,1,Ahmedabad,IN
CUST_06745,1420,833.13,9.1,0,0,Delhi,IN
CUST_06746,912,99.24,3.91,0,0,Chennai,IN
CUST_06747,742,1154.3,3.73,0,0,Kolkata,IN
CUST_06748,721,904.81,1.97,0,0,Delhi,IN
CUST_06749,1874,343.15,2.16,0,0,Delhi,IN
CUST_06750,1339,229.15,2.34,0,0,Hyderabad,IN
CUST_06751,1240,445.63,0.58,1,0,Ahmedabad,IN
CUST_06752,920,337.86,4.78,0,0,Chennai,IN
CUST_06753,471,321.19,1.42,1,0,Kolkata,IN
CUST_06754,1896,908.61,4.0,0,0,Bangalore,IN
CUST_06755,1591,526.65,4.57,0,1,Chennai,IN
CUST_06756,1381,800.68,1.35,0,0,Kolkata,IN
CUST_06757,1241,325.38,1.15,0,0,Bangalore,IN
CUST_06758,1630,800.94,0.82,0,1,Pune,IN
CUST_06759,700,432.96,1.63,0,0,Pune,IN
CUST_06760,242,405.58,1.58,0,1,Hyderabad,IN
CUST_06761,837,532.09,3.6,0,0,Delhi,IN
CUST_06762,1035,341.96,4.82,0,0,Kolkata,IN
CUST_06763,1180,314.13,1.93,0,0,Bangalore,IN
CUST_06764,1296,222.76,2.67,0,0,Ahmedabad,IN
CUST_06765,1843,397.17,4.58,0,0,Chennai,IN
CUST_06766,1795,1340.93,0.16,0,0,Bangalore,IN
CUST_06767,32,756.42,1.27,0,0,Ahmedabad,IN
CUST_06768,248,549.73,1.01,0,0,Bangalore,IN
CUST_06769,540,1369.44,1.92,0,0,Kolkata,IN
CUST_06770,1522,627.76,7.44,0,0,Ahmedabad,IN
CUST_06771,259,359.99,2.76,0,0,Delhi,IN
CUST_06772,1708,290.61,0.71,4,1,Mumbai,IN
CUST_06773,50,370.69,3.88,0,0,Kolkata,IN
CUST_06774,150,736.78,1.41,0,0,Bangalore,IN
CUST_06775,1055,522.98,3.11,0,0,Bangalore,IN
CUST_06776,1852,606.55,2.11,0,2,Kolkata,IN
CUST_06777,726,627.41,3.1,0,0,Kolkata,IN
CUST_06778,824,1337.52,0.77,0,0,Bangalore,IN
CUST_06779,1459,468.27,0.5,0,0,Chennai,IN
CUST_06780,244,750.01,2.46,0,0,Pune,IN
CUST_06781,1838,1070.19,1.63,0,0,Hyderabad,IN
CUST_06782,1212,543.7,3.22,0,0,Hyderabad,IN
CUST_06783,1480,478.36,3.65,0,0,Delhi,IN
CUST_06784,152,2084.22,1.73,0,0,Mumbai,IN
CUST_06785,1946,372.02,0.52,0,1,Hyderabad,IN
CUST_06786,1866,707.86,1.45,0,0,Ahmedabad,IN
CUST_06787,1292,217.14,5.04,0,0,Kolkata,IN
CUST_06788,1517,1601.01,1.02,0,0,Ahmedabad,IN
CUST_06789,593,784.53,5.71,0,0,Kolkata,IN
CUST_06790,1434,325.66,2.49,0,1,Ahmedabad,IN
CUST_06791,1503,1141.42,2.01,0,0,Bangalore,IN
CUST_06792,1483,994.46,2.98,0,0,Bangalore,IN
CUST_06793,312,839.75,3.41,0,1,Delhi,IN
CUST_06794,1216,449.76,2.05,0,0,Mumbai,IN
CUST_06795,1381,2088.94,0.99,0,0,Hyderabad,IN
CUST_06796,777,926.49,1.75,0,1,Ahmedabad,IN
CUST_06797,899,494.55,1.52,0,0,Hyderabad,IN
CUST_06798,1042,896.0,2.08,0,1,Bangalore,IN
CUST_06799,1935,238.49,5.23,0,0,Pune,IN
CUST_06800,476,1162.67,2.92,0,0,Delhi,IN
CUST_06801,1011,873.83,2.99,0,0,Pune,IN
CUST_06802,99,760.57,1.23,0,2,Hyderabad,IN
CUST_06803,585,479.97,7.38,0,0,Kolkata,IN
CUST_06804,787,395.75,12.69,0,0,Hyderabad,IN
CUST_06805,1551,123.51,0.25,0,1,Hyderabad,IN
CUST_06806,1953,772.86,2.55,0,0,Bangalore,IN
CUST_06807,86,587.36,0.4,0,1,Bangalore,IN
CUST_06808,882,1064.54,7.87,0,0,Chennai,IN
CUST_06809,1178,468.07,2.11,0,0,Pune,IN
CUST_06810,204,780.4,2.05,0,0,Hyderabad,IN
CUST_06811,584,483.31,1.38,0,0,Hyderabad,IN
CUST_06812,243,819.98,2.22,2,0,Bangalore,IN
CUST_06813,561,406.0,1.55,0,0,Pune,IN
CUST_06814,899,445.88,0.7,0,1,Ahmedabad,IN
CUST_06815,1814,346.8,1.3,0,0,Chennai,IN
CUST_06816,591,1001.13,1.79,0,1,Bangalore,IN
CUST_06817,1242,587.43,1.24,1,0,Pune,IN
CUST_06818,1894,295.16,1.57,0,0,Delhi,IN
CUST_06819,1365,1067.79,8.81,0,0,Chennai,IN
CUST_06820,289,483.56,2.84,0,0,Pune,IN
CUST_06821,424,573.49,1.04,0,0,Delhi,IN
CUST_06822,57,754.21,2.69,0,0,Bangalore,IN
CUST_06823,1966,492.86,4.83,0,0,Mumbai,IN
CUST_06824,14,386.84,3.65,0,1,Chennai,IN
CUST_06825,1705,66.97,1.6,0,0,Ahmedabad,IN
CUST_06826,757,155.08,5.16,2,0,Mumbai,IN
CUST_06827,578,817.88,1.71,0,0,Chennai,IN
CUST_06828,1500,788.96,1.67,0,0,Kolkata,IN
CUST_06829,1067,130.73,3.64,0,0,Ahmedabad,IN
CUST_06830,1702,656.97,0.51,0,0,Bangalore,IN
CUST_06831,605,796.52,1.21,0,0,Ahmedabad,IN
CUST_06832,1467,665.34,5.31,0,0,Delhi,IN
CUST_06833,911,712.61,3.47,0,1,Delhi,IN
CUST_06834,1011,761.19,7.08,0,1,Kolkata,IN
CUST_06835,178,336.4,5.63,0,0,Pune,IN
CUST_06836,571,716.15,2.82,0,0,Bangalore,IN
CUST_06837,1984,241.52,2.19,0,0,Delhi,IN
CUST_06838,1646,478.97,2.88,0,0,Hyderabad,IN
CUST_06839,1525,1278.18,0.36,0,0,Delhi,IN
CUST_06840,1490,409.02,4.07,0,0,Chennai,IN
CUST_06841,670,443.39,4.55,0,1,Delhi,IN
CUST_06842,1039,673.9,2.75,0,1,Bangalore,IN
CUST_06843,566,196.72,0.94,0,1,Hyderabad,IN
CUST_06844,1292,491.94,2.57,0,0,Ahmedabad,IN
CUST_06845,1448,242.14,2.6,0,0,Delhi,IN
CUST_06846,1828,551.2,1.63,0,1,Hyderabad,IN
CUST_06847,888,383.36,4.69,0,0,Mumbai,IN
CUST_06848,1910,1478.5,4.07,0,0,Delhi,IN
CUST_06849,390,1193.07,0.45,0,0,Hyderabad,IN
CUST_06850,1944,831.58,3.74,0,0,Mumbai,IN
CUST_06851,504,280.1,1.7,0,0,Mumbai,IN
CUST_06852,1201,370.09,2.23,0,1,Bangalore,IN
CUST_06853,1787,577.84,1.46,0,0,Kolkata,IN
CUST_06854,1380,159.3,2.13,0,0,Chennai,IN
CUST_06855,544,581.82,0.83,0,0,Chennai,IN
CUST_06856,311,511.56,5.19,0,0,Ahmedabad,IN
CUST_06857,1667,932.86,3.42,0,1,Ahmedabad,IN
CUST_06858,1503,1957.6,7.41,4,1,Bangalore,IN
CUST_06859,579,982.46,1.75,0,3,Ahmedabad,IN
CUST_06860,407,153.8,1.49,0,0,Bangalore,IN
CUST_06861,1948,1196.2,1.25,0,0,Delhi,IN
CUST_06862,7,303.21,8.03,4,0,Chennai,IN
CUST_06863,138,410.28,4.53,0,1,Kolkata,IN
CUST_06864,1143,650.27,2.97,0,0,Ahmedabad,IN
CUST_06865,1455,1402.0,4.35,2,1,Chennai,IN
CUST_06866,80,402.5,0.41,0,0,Bangalore,IN
CUST_06867,1409,1186.16,0.55,1,1,Kolkata,IN
CUST_06868,1257,787.08,0.41,0,1,Pune,IN
CUST_06869,1293,229.0,0.35,0,0,Kolkata,IN
CUST_06870,1307,653.75,1.38,0,0,Chennai,IN
CUST_06871,992,137.7,2.51,0,1,Hyderabad,IN
CUST_06872,1798,584.62,5.22,0,0,Bangalore,IN
CUST_06873,1722,535.92,1.29,0,1,Pune,IN
CUST_06874,1793,664.12,3.37,0,1,Chennai,IN
CUST_06875,1369,1396.14,1.09,0,0,Pune,IN
CUST_06876,1004,279.57,4.79,0,0,Ahmedabad,IN
CUST_06877,1225,376.42,12.71,0,0,Kolkata,IN
CUST_06878,1113,979.73,4.13,0,0,Hyderabad,IN
CUST_06879,606,329.5,10.02,0,1,Ahmedabad,IN
CUST_06880,449,424.08,11.81,0,1,Delhi,IN
CUST_06881,1973,784.29,1.28,0,1,Delhi,IN
CUST_06882,860,245.75,1.94,0,1,Pune,IN
CUST_06883,667,445.95,2.26,0,2,Ahmedabad,IN
CUST_06884,1357,498.45,1.92,0,0,Chennai,IN
CUST_06885,238,409.1,1.88,0,1,Kolkata,IN
CUST_06886,952,583.81,7.01,0,0,Bangalore,IN
CUST_06887,1353,784.95,3.09,0,0,Hyderabad,IN
CUST_06888,712,233.09,6.19,0,0,Delhi,IN
CUST_06889,1444,125.28,3.98,0,0,Kolkata,IN
CUST_06890,1585,898.67,2.34,0,0,Bangalore,IN
CUST_06891,1721,151.93,1.15,0,0,Ahmedabad,IN
CUST_06892,1231,600.01,2.92,0,0,Ahmedabad,IN
CUST_06893,1408,358.47,4.73,1,1,Kolkata,IN
CUST_06894,60,601.34,3.21,0,0,Chennai,IN
CUST_06895,549,483.63,2.58,0,1,Pune,IN
CUST_06896,1823,371.33,13.49,0,0,Chennai,IN
CUST_06897,125,557.62,6.93,0,0,Kolkata,IN
CUST_06898,536,628.76,0.61,0,0,Hyderabad,IN
CUST_06899,843,296.02,3.96,0,0,Hyderabad,IN
CUST_06900,1657,647.36,2.74,0,0,Kolkata,IN
CUST_06901,871,207.81,3.32,0,0,Ahmedabad,IN
CUST_06902,534,453.22,2.33,0,0,Kolkata,IN
CUST_06903,550,128.01,6.75,0,1,Mumbai,IN
CUST_06904,1492,821.44,1.28,0,0,Ahmedabad,IN
CUST_06905,696,2214.91,6.96,0,1,Chennai,IN
CUST_06906,632,247.95,1.35,0,0,Mumbai,IN
CUST_06907,840,185.82,2.71,0,1,Ahmedabad,IN
CUST_06908,1173,299.3,12.42,0,0,Chennai,IN
CUST_06909,1098,393.35,2.56,0,0,Bangalore,IN
CUST_06910,1597,2169.3,3.71,1,0,Chennai,IN
CUST_06911,1942,852.59,0.59,0,0,Delhi,IN
CUST_06912,265,563.19,5.6,0,1,Hyderabad,IN
CUST_06913,1947,261.13,3.49,0,0,Mumbai,IN
CUST_06914,1644,543.09,2.8,3,0,Mumbai,IN
CUST_06915,185,318.8,1.43,0,0,Kolkata,IN
CUST_06916,1869,494.13,1.3,0,0,Hyderabad,IN
CUST_06917,1571,213.14,2.57,0,0,Hyderabad,IN
CUST_06918,1342,935.86,4.79,0,0,Delhi,IN
CUST_06919,1063,570.58,2.88,0,0,Mumbai,IN
CUST_06920,742,577.44,3.82,2,1,Chennai,IN
CUST_06921,322,226.63,1.44,0,0,Chennai,IN
CUST_06922,1761,153.32,3.13,2,1,Kolkata,IN
CUST_06923,595,142.8,3.72,0,0,Chennai,IN
CUST_06924,1866,552.16,0.62,0,1,Bangalore,IN
CUST_06925,679,603.09,4.59,0,2,Hyderabad,IN
CUST_06926,442,697.63,3.88,0,0,Kolkata,IN
CUST_06927,1926,2630.77,2.25,0,0,Chennai,IN
CUST_06928,74,325.69,3.76,0,1,Mumbai,IN
CUST_06929,1547,2254.55,2.09,0,1,Mumbai,IN
CUST_06930,1028,437.91,3.34,0,0,Delhi,IN
CUST_06931,1621,1500.18,1.71,2,0,Kolkata,IN
CUST_06932,87,150.26,3.54,1,1,Ahmedabad,IN
CUST_06933,580,160.44,2.69,0,1,Bangalore,IN
CUST_06934,50,348.33,5.5,0,0,Pune,IN
CUST_06935,1294,180.19,0.75,0,0,Chennai,IN
CUST_06936,70,996.62,4.44,0,1,Chennai,IN
CUST_06937,1536,737.12,3.38,0,0,Pune,IN
CUST_06938,1666,803.71,9.85,0,1,Delhi,IN
CUST_06939,1343,400.0,4.4,0,1,Kolkata,IN
CUST_06940,269,180.34,2.11,0,0,Kolkata,IN
CUST_06941,1766,580.03,4.39,0,1,Pune,IN
CUST_06942,157,371.61,2.67,0,1,Delhi,IN
CUST_06943,1034,862.0,2.82,2,0,Delhi,IN
CUST_06944,42,363.91,9.92,0,0,Kolkata,IN
CUST_06945,1521,343.09,2.8,0,0,Mumbai,IN
CUST_06946,196,93.98,2.65,0,0,Bangalore,IN
CUST_06947,398,515.49,5.21,0,0,Kolkata,IN
CUST_06948,1608,439.6,4.27,0,0,Pune,IN
CUST_06949,871,476.31,1.1,0,0,Hyderabad,IN
CUST_06950,619,1874.59,4.1,0,0,Mumbai,IN
CUST_06951,940,454.79,0.87,0,0,Pune,IN
CUST_06952,205,908.98,1.93,0,0,Chennai,IN
CUST_06953,1986,1325.6,7.23,0,0,Pune,IN
CUST_06954,772,1973.89,10.58,0,1,Ahmedabad,IN
CUST_06955,880,512.18,3.96,0,1,Pune,IN
CUST_06956,456,254.11,4.69,0,0,Delhi,IN
CUST_06957,1149,261.99,7.69,0,0,Kolkata,IN
CUST_06958,990,258.01,2.07,0,0,Pune,IN
CUST_06959,1859,726.62,4.35,0,1,Pune,IN
CUST_06960,784,212.54,1.2,0,1,Chennai,IN
CUST_06961,1018,1640.48,0.72,0,0,Mumbai,IN
CUST_06962,1949,1695.77,2.05,0,1,Kolkata,IN
CUST_06963,1563,1387.06,2.17,0,0,Hyderabad,IN
CUST_06964,927,719.52,0.15,0,0,Delhi,IN
CUST_06965,1184,273.23,6.08,0,0,Chennai,IN
CUST_06966,814,309.79,1.52,0,0,Mumbai,IN
CUST_06967,916,382.42,2.38,0,0,Chennai,IN
CUST_06968,977,725.17,3.77,0,0,Hyderabad,IN
CUST_06969,1317,2884.28,1.16,0,0,Delhi,IN
CUST_06970,681,402.53,2.53,0,0,Pune,IN
CUST_06971,1659,1182.9,0.85,0,0,Bangalore,IN
CUST_06972,196,815.01,0.7,0,0,Delhi,IN
CUST_06973,426,605.79,1.26,0,1,Bangalore,IN
CUST_06974,1216,453.94,2.24,0,0,Ahmedabad,IN
CUST_06975,172,615.0,3.23,0,0,Chennai,IN
CUST_06976,826,516.91,4.16,0,0,Bangalore,IN
CUST_06977,1072,824.72,1.43,0,1,Ahmedabad,IN
CUST_06978,121,871.33,3.96,0,0,Chennai,IN
CUST_06979,517,456.84,6.14,0,1,Ahmedabad,IN
CUST_06980,638,1383.38,6.82,0,0,Kolkata,IN
CUST_06981,1709,278.37,1.93,0,0,Hyderabad,IN
CUST_06982,75,215.49,1.45,0,0,Bangalore,IN
CUST_06983,1412,191.49,1.33,0,0,Hyderabad,IN
CUST_06984,1785,296.53,2.37,0,0,Kolkata,IN
CUST_06985,550,560.86,2.97,0,0,Mumbai,IN
CUST_06986,1547,450.48,4.06,1,1,Chennai,IN
CUST_06987,1118,2691.98,3.67,0,1,Ahmedabad,IN
CUST_06988,642,163.63,2.64,0,0,Ahmedabad,IN
CUST_06989,660,352.6,3.22,0,0,Chennai,IN
CUST_06990,1452,246.3,0.28,0,0,Ahmedabad,IN
CUST_06991,1054,271.96,3.7,0,0,Ahmedabad,IN
CUST_06992,1887,480.84,1.16,0,0,Delhi,IN
CUST_06993,872,905.16,0.31,0,0,Delhi,IN
CUST_06994,770,748.02,4.1,0,0,Delhi,IN
CUST_06995,1551,247.11,1.42,0,0,Bangalore,IN
CUST_06996,332,162.07,4.25,0,0,Mumbai,IN
CUST_06997,341,300.59,1.42,0,1,Delhi,IN
CUST_06998,897,280.81,1.47,0,0,Chennai,IN
CUST_06999,80,228.13,0.58,0,1,Delhi,IN
CUST_07000,1015,2535.12,4.16,0,1,Kolkata,IN
CUST_07001,1283,275.27,4.86,0,1,Bangalore,IN
CUST_07002,287,607.81,4.43,0,1,Ahmedabad,IN
CUST_07003,818,733.58,3.51,0,2,Kolkata,IN
CUST_07004,608,577.99,2.06,0,1,Mumbai,IN
CUST_07005,892,427.0,2.56,0,0,Delhi,IN
CUST_07006,1475,251.37,1.93,0,0,Pune,IN
CUST_07007,1071,175.57,7.64,0,1,Pune,IN
CUST_07008,1260,727.06,1.6,0,1,Hyderabad,IN
CUST_07009,1155,462.75,1.34,0,0,Hyderabad,IN
CUST_07010,290,772.48,2.82,0,0,Bangalore,IN
CUST_07011,1072,355.78,5.61,0,0,Pune,IN
CUST_07012,1645,265.92,1.01,0,0,Chennai,IN
CUST_07013,1064,308.99,1.37,0,0,Hyderabad,IN
CUST_07014,967,812.09,3.19,0,0,Pune,IN
CUST_07015,432,554.78,5.87,0,1,Ahmedabad,IN
CUST_07016,1899,537.86,1.11,0,0,Hyderabad,IN
CUST_07017,337,433.88,0.57,2,0,Bangalore,IN
CUST_07018,21,1167.95,1.7,0,0,Ahmedabad,IN
CUST_07019,853,964.18,0.69,0,1,Hyderabad,IN
CUST_07020,308,1292.27,3.31,0,0,Bangalore,IN
CUST_07021,138,320.91,2.75,0,0,Ahmedabad,IN
CUST_07022,639,628.79,3.09,0,0,Mumbai,IN
CUST_07023,409,402.86,5.02,0,0,Chennai,IN
CUST_07024,1102,121.59,6.9,0,1,Delhi,IN
CUST_07025,678,1888.05,2.21,0,0,Ahmedabad,IN
CUST_07026,126,326.9,0.97,1,0,Delhi,IN
CUST_07027,1218,456.45,3.3,5,1,Ahmedabad,IN
CUST_07028,137,251.87,7.94,0,0,Bangalore,IN
CUST_07029,1304,504.28,4.89,0,1,Hyderabad,IN
CUST_07030,707,546.9,1.9,1,1,Chennai,IN
CUST_07031,1901,209.73,1.49,0,0,Mumbai,IN
CUST_07032,563,1828.96,1.14,0,0,Chennai,IN
CUST_07033,1681,1182.3,1.9,0,1,Pune,IN
CUST_07034,1197,196.69,3.52,0,0,Kolkata,IN
CUST_07035,753,534.69,4.25,0,0,Pune,IN
CUST_07036,1914,1155.16,0.56,0,0,Kolkata,IN
CUST_07037,1150,485.08,1.72,0,0,Pune,IN
CUST_07038,159,278.8,4.82,0,0,Chennai,IN
CUST_07039,211,270.41,0.95,0,0,Bangalore,IN
CUST_07040,574,115.6,1.86,0,0,Chennai,IN
CUST_07041,539,598.62,2.36,0,0,Bangalore,IN
CUST_07042,260,736.13,4.61,0,1,Delhi,IN
CUST_07043,677,268.28,7.34,0,0,Kolkata,IN
CUST_07044,1980,675.39,1.61,0,0,Pune,IN
CUST_07045,429,398.47,0.78,0,0,Ahmedabad,IN
CUST_07046,6,767.78,3.57,0,0,Bangalore,IN
CUST_07047,444,1437.99,3.28,0,0,Chennai,IN
CUST_07048,1904,523.07,0.84,0,1,Delhi,IN
CUST_07049,294,294.03,0.39,6,0,Bangalore,IN
CUST_07050,974,413.74,2.2,0,0,Bangalore,IN
CUST_07051,663,242.93,4.06,0,1,Mumbai,IN
CUST_07052,1835,64.98,5.59,1,2,Delhi,IN
CUST_07053,281,356.45,8.14,3,2,Mumbai,IN
CUST_07054,872,432.14,4.97,0,0,Ahmedabad,IN
CUST_07055,670,2220.55,3.43,0,1,Ahmedabad,IN
CUST_07056,1025,749.69,5.17,0,2,Pune,IN
CUST_07057,494,700.03,2.34,0,0,Delhi,IN
CUST_07058,773,145.39,4.14,0,0,Kolkata,IN
CUST_07059,1447,405.44,6.02,0,0,Kolkata,IN
CUST_07060,728,1469.56,4.48,0,0,Ahmedabad,IN
CUST_07061,1718,145.83,6.38,0,1,Pune,IN
CUST_07062,1087,159.45,2.82,0,0,Hyderabad,IN
CUST_07063,1809,1016.28,1.97,0,1,Delhi,IN
CUST_07064,1957,606.9,2.11,0,0,Chennai,IN
CUST_07065,1937,206.72,3.75,3,0,Bangalore,IN
CUST_07066,1457,276.05,2.06,0,0,Pune,IN
CUST_07067,1721,1098.42,5.5,0,1,Bangalore,IN
CUST_07068,1148,6136.33,2.58,0,1,Kolkata,IN
CUST_07069,1004,1038.76,5.99,0,0,Ahmedabad,IN
CUST_07070,1404,367.41,1.65,0,0,Pune,IN
CUST_07071,1143,536.53,2.9,0,2,Delhi,IN
CUST_07072,1336,352.59,1.96,0,0,Kolkata,IN
CUST_07073,365,413.37,6.3,0,0,Hyderabad,IN
CUST_07074,1774,797.24,6.44,0,0,Mumbai,IN
CUST_07075,1752,422.93,1.63,0,1,Hyderabad,IN
CUST_07076,1579,503.29,0.25,0,0,Ahmedabad,IN
CUST_07077,1492,116.51,1.17,0,1,Hyderabad,IN
CUST_07078,438,1567.1,5.34,0,0,Kolkata,IN
CUST_07079,784,396.72,1.63,0,0,Chennai,IN
CUST_07080,367,627.85,1.28,0,0,Hyderabad,IN
CUST_07081,402,324.09,2.01,0,0,Mumbai,IN
CUST_07082,740,513.32,2.67,0,0,Ahmedabad,IN
CUST_07083,12,1005.69,2.67,0,0,Chennai,IN
CUST_07084,673,578.66,2.07,0,1,Pune,IN
CUST_07085,1866,1433.44,6.88,0,0,Delhi,IN
CUST_07086,1876,923.98,4.24,0,1,Hyderabad,IN
CUST_07087,1030,1315.81,3.42,1,0,Pune,IN
CUST_07088,1243,269.97,0.92,0,0,Mumbai,IN
CUST_07089,69,248.09,2.38,0,0,Pune,IN
CUST_07090,1315,1644.49,2.01,0,0,Pune,IN
CUST_07091,816,180.36,11.85,0,0,Ahmedabad,IN
CUST_07092,1425,375.79,1.9,0,0,Mumbai,IN
CUST_07093,562,1363.75,2.18,0,0,Pune,IN
CUST_07094,1989,509.27,0.65,0,0,Mumbai,IN
CUST_07095,1768,1215.54,2.11,0,1,Mumbai,IN
CUST_07096,1245,380.69,2.53,0,0,Ahmedabad,IN
CUST_07097,1005,2369.57,2.38,0,0,Ahmedabad,IN
CUST_07098,970,1122.87,2.25,0,0,Bangalore,IN
CUST_07099,79,525.95,4.39,0,1,Delhi,IN
CUST_07100,60,635.7,1.12,0,0,Hyderabad,IN
CUST_07101,1446,506.77,1.39,0,0,Bangalore,IN
CUST_07102,1784,397.71,1.16,0,0,Bangalore,IN
CUST_07103,170,719.54,1.34,0,0,Bangalore,IN
CUST_07104,1709,52.48,6.56,0,0,Kolkata,IN
CUST_07105,115,470.94,0.48,0,0,Delhi,IN
CUST_07106,1306,381.74,1.04,0,0,Ahmedabad,IN
CUST_07107,644,211.62,0.75,0,0,Mumbai,IN
CUST_07108,1757,908.56,4.98,0,0,Delhi,IN
CUST_07109,1747,384.11,2.51,0,0,Pune,IN
CUST_07110,1342,719.29,3.87,0,0,Chennai,IN
CUST_07111,682,252.53,6.42,3,0,Mumbai,IN
CUST_07112,1839,740.98,0.16,0,1,Hyderabad,IN
CUST_07113,1855,807.07,0.96,0,0,Bangalore,IN
CUST_07114,1058,624.34,0.81,0,1,Hyderabad,IN
CUST_07115,1927,193.96,1.98,0,1,Mumbai,IN
CUST_07116,853,402.47,2.22,0,0,Kolkata,IN
CUST_07117,134,568.36,5.05,0,0,Mumbai,IN
CUST_07118,1690,307.95,1.54,0,0,Chennai,IN
CUST_07119,1493,322.12,0.93,0,0,Bangalore,IN
CUST_07120,172,572.01,2.46,0,0,Pune,IN
CUST_07121,909,1352.36,3.9,0,0,Bangalore,IN
CUST_07122,565,126.57,5.13,1,0,Mumbai,IN
CUST_07123,1411,195.11,5.09,0,0,Chennai,IN
CUST_07124,355,627.18,5.52,0,1,Kolkata,IN
CUST_07125,638,160.76,2.77,0,0,Mumbai,IN
CUST_07126,1149,951.04,3.59,0,0,Pune,IN
CUST_07127,242,335.48,3.23,0,1,Hyderabad,IN
CUST_07128,955,836.19,3.6,0,0,Hyderabad,IN
CUST_07129,1160,350.23,1.23,0,0,Delhi,IN
CUST_07130,181,118.71,1.43,0,0,Ahmedabad,IN
CUST_07131,1881,410.96,0.52,0,1,Delhi,IN
CUST_07132,374,216.19,2.16,0,0,Delhi,IN
CUST_07133,381,590.44,1.92,0,1,Delhi,IN
CUST_07134,1211,1137.55,6.53,0,0,Hyderabad,IN
CUST_07135,1571,252.72,1.85,0,0,Mumbai,IN
CUST_07136,1616,221.09,3.34,0,0,Bangalore,IN
CUST_07137,446,395.07,6.44,0,0,Mumbai,IN
CUST_07138,943,215.27,5.88,0,1,Hyderabad,IN
CUST_07139,1797,274.46,3.75,0,0,Delhi,IN
CUST_07140,631,336.46,1.95,0,0,Chennai,IN
CUST_07141,1531,602.11,0.93,1,2,Chennai,IN
CUST_07142,636,819.39,3.26,4,2,Bangalore,IN
CUST_07143,777,807.87,1.71,0,0,Mumbai,IN
CUST_07144,365,288.27,3.49,0,0,Pune,IN
CUST_07145,288,150.65,3.26,0,0,Pune,IN
CUST_07146,848,774.96,9.35,0,2,Hyderabad,IN
CUST_07147,1711,277.81,5.15,0,0,Chennai,IN
CUST_07148,559,2002.83,1.92,0,0,Chennai,IN
CUST_07149,363,399.45,0.98,0,0,Chennai,IN
CUST_07150,532,394.72,6.93,0,1,Pune,IN
CUST_07151,542,923.31,1.71,2,1,Ahmedabad,IN
CUST_07152,1004,1491.94,2.67,0,0,Delhi,IN
CUST_07153,1186,238.87,1.21,0,1,Hyderabad,IN
CUST_07154,715,1460.8,3.01,0,1,Hyderabad,IN
CUST_07155,1699,1325.68,0.13,0,0,Ahmedabad,IN
CUST_07156,76,319.49,1.72,0,0,Bangalore,IN
CUST_07157,319,628.38,6.04,0,0,Kolkata,IN
CUST_07158,1439,464.57,3.71,1,0,Chennai,IN
CUST_07159,711,850.77,1.4,0,0,Kolkata,IN
CUST_07160,425,1145.69,6.8,0,0,Pune,IN
CUST_07161,1433,1439.08,1.6,0,0,Hyderabad,IN
CUST_07162,186,566.86,0.77,0,1,Pune,IN
CUST_07163,529,997.94,2.1,0,0,Chennai,IN
CUST_07164,958,244.1,3.05,0,0,Chennai,IN
CUST_07165,65,138.98,4.89,0,0,Pune,IN
CUST_07166,1059,399.79,1.75,0,0,Delhi,IN
CUST_07167,974,269.48,1.12,0,1,Bangalore,IN
CUST_07168,957,628.46,2.5,0,0,Bangalore,IN
CUST_07169,763,1437.6,0.99,0,0,Hyderabad,IN
CUST_07170,1349,652.64,2.94,0,1,Kolkata,IN
CUST_07171,661,930.9,4.49,0,0,Mumbai,IN
CUST_07172,1290,439.67,3.03,0,0,Delhi,IN
CUST_07173,1781,287.59,0.88,0,1,Hyderabad,IN
CUST_07174,326,131.26,1.07,0,0,Mumbai,IN
CUST_07175,974,393.29,2.24,0,0,Kolkata,IN
CUST_07176,690,1695.07,4.17,0,0,Hyderabad,IN
CUST_07177,384,2342.17,0.28,0,2,Delhi,IN
CUST_07178,628,715.27,3.17,1,0,Hyderabad,IN
CUST_07179,957,1548.4,1.98,0,0,Bangalore,IN
CUST_07180,1541,346.94,1.0,0,0,Bangalore,IN
CUST_07181,900,277.14,0.78,0,0,Mumbai,IN
CUST_07182,1216,670.09,3.97,0,1,Ahmedabad,IN
CUST_07183,1497,425.4,4.86,0,0,Kolkata,IN
CUST_07184,970,521.01,2.23,0,0,Kolkata,IN
CUST_07185,518,457.15,3.85,0,0,Chennai,IN
CUST_07186,1231,247.62,0.95,0,0,Hyderabad,IN
CUST_07187,989,494.17,2.73,0,0,Hyderabad,IN
CUST_07188,615,767.86,3.89,0,0,Kolkata,IN
CUST_07189,1989,210.17,1.73,0,1,Mumbai,IN
CUST_07190,1563,241.18,1.23,1,1,Chennai,IN
CUST_07191,863,239.84,0.37,0,0,Delhi,IN
CUST_07192,1586,413.27,1.37,0,2,Kolkata,IN
CUST_07193,1954,1020.7,4.43,0,1,Pune,IN
CUST_07194,1215,98.35,2.22,0,0,Kolkata,IN
CUST_07195,336,447.29,1.43,0,0,Mumbai,IN
CUST_07196,1889,556.93,0.88,0,1,Bangalore,IN
CUST_07197,1816,517.98,0.53,0,0,Pune,IN
CUST_07198,1949,208.67,2.59,0,0,Chennai,IN
CUST_07199,267,378.6,2.64,0,1,Bangalore,IN
CUST_07200,1615,394.77,0.47,0,1,Hyderabad,IN
CUST_07201,1988,587.45,4.61,0,0,Mumbai,IN
CUST_07202,634,265.49,2.61,0,0,Delhi,IN
CUST_07203,1642,353.61,3.6,0,0,Bangalore,IN
CUST_07204,940,238.8,0.51,0,0,Hyderabad,IN
CUST_07205,339,373.17,1.53,0,0,Kolkata,IN
CUST_07206,2,1462.1,0.7,1,0,Ahmedabad,IN
CUST_07207,411,160.19,3.16,0,1,Bangalore,IN
CUST_07208,618,474.0,1.82,0,1,Bangalore,IN
CUST_07209,165,330.0,1.31,0,0,Pune,IN
CUST_07210,484,427.27,1.54,2,1,Bangalore,IN
CUST_07211,895,330.62,0.24,0,1,Chennai,IN
CUST_07212,1484,670.9,2.79,0,1,Delhi,IN
CUST_07213,316,740.49,0.7,0,0,Chennai,IN
CUST_07214,11,576.76,2.61,0,0,Hyderabad,IN
CUST_07215,327,646.69,2.41,0,0,Ahmedabad,IN
CUST_07216,205,652.96,2.87,0,0,Hyderabad,IN
CUST_07217,1127,615.53,3.75,0,0,Ahmedabad,IN
CUST_07218,1432,422.09,2.87,0,0,Kolkata,IN
CUST_07219,1870,542.4,6.72,0,0,Chennai,IN
CUST_07220,1369,2028.06,2.1,0,0,Ahmedabad,IN
CUST_07221,1703,447.4,3.86,0,2,Kolkata,IN
CUST_07222,1447,912.63,1.75,0,1,Ahmedabad,IN
CUST_07223,1563,767.79,0.25,0,0,Chennai,IN
CUST_07224,794,1459.43,4.31,0,0,Delhi,IN
CUST_07225,652,443.69,4.19,0,1,Bangalore,IN
CUST_07226,819,445.76,0.97,2,1,Bangalore,IN
CUST_07227,1840,940.77,0.71,0,0,Hyderabad,IN
CUST_07228,1679,113.93,6.2,0,1,Pune,IN
CUST_07229,1223,548.68,1.55,0,1,Kolkata,IN
CUST_07230,1094,225.84,0.52,0,1,Kolkata,IN
CUST_07231,711,373.95,1.98,0,0,Delhi,IN
CUST_07232,1372,1100.75,7.39,0,0,Ahmedabad,IN
CUST_07233,455,457.87,1.44,0,1,Mumbai,IN
CUST_07234,1573,704.37,3.25,0,0,Bangalore,IN
CUST_07235,756,416.38,1.81,0,0,Chennai,IN
CUST_07236,697,662.66,0.69,6,1,Hyderabad,IN
CUST_07237,1251,350.29,1.73,0,0,Mumbai,IN
CUST_07238,1874,352.36,12.24,0,0,Kolkata,IN
CUST_07239,1323,1299.7,1.98,0,2,Delhi,IN
CUST_07240,283,1906.6,3.11,0,0,Chennai,IN
CUST_07241,385,439.94,0.31,0,0,Ahmedabad,IN
CUST_07242,433,275.79,1.66,0,0,Mumbai,IN
CUST_07243,892,346.98,6.2,1,0,Pune,IN
CUST_07244,696,358.63,3.07,0,0,Delhi,IN
CUST_07245,1340,193.53,5.82,0,0,Kolkata,IN
CUST_07246,872,1593.43,2.5,0,0,Bangalore,IN
CUST_07247,584,492.1,0.56,0,0,Bangalore,IN
CUST_07248,793,663.44,9.68,0,0,Pune,IN
CUST_07249,72,399.28,3.12,0,0,Ahmedabad,IN
CUST_07250,1964,703.35,3.22,0,0,Pune,IN
CUST_07251,368,1008.24,2.24,0,1,Kolkata,IN
CUST_07252,816,581.93,7.28,0,3,Bangalore,IN
CUST_07253,953,523.74,1.31,0,0,Delhi,IN
CUST_07254,710,2165.01,1.74,0,1,Delhi,IN
CUST_07255,1344,671.49,2.02,0,0,Delhi,IN
CUST_07256,1646,1351.51,0.87,0,0,Kolkata,IN
CUST_07257,330,187.37,8.29,0,0,Mumbai,IN
CUST_07258,264,488.68,7.13,0,1,Hyderabad,IN
CUST_07259,1406,233.54,1.55,0,1,Kolkata,IN
CUST_07260,24,403.09,5.38,0,0,Ahmedabad,IN
CUST_07261,1340,1266.56,3.05,0,0,Ahmedabad,IN
CUST_07262,866,1212.86,1.71,0,1,Kolkata,IN
CUST_07263,621,824.27,2.11,0,0,Mumbai,IN
CUST_07264,530,257.2,1.65,0,0,Kolkata,IN
CUST_07265,1237,457.47,2.64,0,0,Delhi,IN
CUST_07266,1029,570.35,2.73,0,0,Ahmedabad,IN
CUST_07267,1600,480.69,0.26,0,1,Hyderabad,IN
CUST_07268,1459,1196.35,1.84,1,0,Ahmedabad,IN
CUST_07269,1729,902.82,0.42,0,0,Hyderabad,IN
CUST_07270,229,644.81,0.83,0,0,Hyderabad,IN
CUST_07271,869,541.03,1.24,4,0,Bangalore,IN
CUST_07272,1783,390.18,6.85,0,0,Kolkata,IN
CUST_07273,308,302.03,1.37,0,0,Delhi,IN
CUST_07274,691,727.76,1.55,0,0,Mumbai,IN
CUST_07275,405,92.68,3.74,0,0,Pune,IN
CUST_07276,891,396.94,0.58,0,1,Ahmedabad,IN
CUST_07277,952,676.22,1.33,0,0,Mumbai,IN
CUST_07278,82,986.08,3.7,0,0,Pune,IN
CUST_07279,1778,1695.3,1.25,0,0,Delhi,IN
CUST_07280,943,544.11,0.78,0,1,Ahmedabad,IN
CUST_07281,103,341.11,1.89,0,1,Hyderabad,IN
CUST_07282,517,910.99,0.79,0,2,Hyderabad,IN
CUST_07283,692,564.74,2.58,0,0,Kolkata,IN
CUST_07284,1571,151.11,4.35,0,1,Pune,IN
CUST_07285,1112,398.41,3.17,1,0,Mumbai,IN
CUST_07286,367,218.56,1.05,0,0,Pune,IN
CUST_07287,731,137.58,1.15,0,0,Pune,IN
CUST_07288,36,303.3,1.35,0,2,Kolkata,IN
CUST_07289,665,156.56,1.34,0,0,Ahmedabad,IN
CUST_07290,1303,1264.09,2.67,0,1,Pune,IN
CUST_07291,1221,715.24,0.64,0,1,Mumbai,IN
CUST_07292,732,798.26,2.23,0,0,Delhi,IN
CUST_07293,1089,307.88,1.23,0,0,Mumbai,IN
CUST_07294,510,1292.74,8.75,0,0,Kolkata,IN
CUST_07295,173,702.39,2.8,0,0,Bangalore,IN
CUST_07296,259,182.38,0.83,2,0,Delhi,IN
CUST_07297,1297,1539.49,2.54,0,0,Bangalore,IN
CUST_07298,883,980.15,1.64,0,0,Ahmedabad,IN
CUST_07299,708,292.0,0.94,0,1,Pune,IN
CUST_07300,1412,418.19,1.56,0,1,Ahmedabad,IN
CUST_07301,1882,353.2,1.7,0,0,Chennai,IN
CUST_07302,84,774.53,3.56,0,0,Ahmedabad,IN
CUST_07303,669,588.16,7.05,0,0,Delhi,IN
CUST_07304,79,309.55,1.14,0,0,Hyderabad,IN
CUST_07305,1248,410.33,5.5,0,0,Bangalore,IN
CUST_07306,783,229.78,3.99,0,0,Delhi,IN
CUST_07307,692,2390.45,2.94,0,0,Delhi,IN
CUST_07308,866,79.81,0.79,0,2,Pune,IN
CUST_07309,46,1363.99,6.28,0,0,Kolkata,IN
CUST_07310,1947,881.29,5.03,0,1,Bangalore,IN
CUST_07311,1478,1807.4,1.17,0,1,Pune,IN
CUST_07312,1714,419.28,1.89,0,0,Delhi,IN
CUST_07313,1977,1288.91,1.09,0,0,Kolkata,IN
CUST_07314,1626,268.08,5.57,0,1,Delhi,IN
CUST_07315,1170,668.92,3.11,0,0,Chennai,IN
CUST_07316,621,467.68,0.1,0,0,Pune,IN
CUST_07317,1422,378.85,3.06,0,0,Chennai,IN
CUST_07318,767,956.91,10.96,0,1,Mumbai,IN
CUST_07319,441,716.15,5.7,0,2,Ahmedabad,IN
CUST_07320,563,246.29,2.07,1,0,Kolkata,IN
CUST_07321,567,431.66,0.7,0,0,Bangalore,IN
CUST_07322,1239,402.12,3.13,0,0,Mumbai,IN
CUST_07323,1864,343.14,2.04,0,0,Kolkata,IN
CUST_07324,1389,312.64,1.61,2,1,Bangalore,IN
CUST_07325,559,2692.52,2.45,0,0,Pune,IN
CUST_07326,834,524.24,1.57,0,0,Mumbai,IN
CUST_07327,39,359.11,1.31,0,0,Chennai,IN
CUST_07328,1346,158.53,0.71,0,0,Kolkata,IN
CUST_07329,563,1341.63,1.24,0,1,Bangalore,IN
CUST_07330,948,829.66,2.49,0,0,Pune,IN
CUST_07331,199,875.57,2.03,0,0,Hyderabad,IN
CUST_07332,461,372.46,0.99,0,0,Chennai,IN
CUST_07333,1453,99.55,0.16,0,1,Mumbai,IN
CUST_07334,453,690.04,5.02,0,0,Hyderabad,IN
CUST_07335,1253,593.54,1.08,0,0,Delhi,IN
CUST_07336,1492,399.04,2.22,0,0,Pune,IN
CUST_07337,1205,745.17,2.63,1,0,Ahmedabad,IN
CUST_07338,1301,78.49,2.62,0,0,Kolkata,IN
CUST_07339,1109,272.54,5.71,0,0,Hyderabad,IN
CUST_07340,975,189.92,0.51,0,0,Kolkata,IN
CUST_07341,703,798.1,3.43,0,0,Mumbai,IN
CUST_07342,655,311.82,5.28,0,0,Hyderabad,IN
CUST_07343,1685,1571.29,2.96,0,0,Hyderabad,IN
CUST_07344,311,246.56,1.69,3,2,Ahmedabad,IN
CUST_07345,1750,453.23,4.31,0,0,Ahmedabad,IN
CUST_07346,432,789.11,2.07,0,0,Ahmedabad,IN
CUST_07347,1379,282.49,1.34,0,0,Bangalore,IN
CUST_07348,524,229.37,3.37,0,0,Kolkata,IN
CUST_07349,67,578.35,6.05,1,0,Kolkata,IN
CUST_07350,1294,441.48,2.78,0,1,Delhi,IN
CUST_07351,1150,376.04,2.4,0,1,Ahmedabad,IN
CUST_07352,171,234.51,6.58,0,1,Hyderabad,IN
CUST_07353,1532,248.17,3.84,3,0,Chennai,IN
CUST_07354,623,945.16,3.15,0,0,Hyderabad,IN
CUST_07355,1538,734.28,3.91,0,0,Pune,IN
CUST_07356,925,1878.68,2.52,0,1,Hyderabad,IN
CUST_07357,61,590.22,3.3,0,0,Ahmedabad,IN
CUST_07358,1280,412.48,3.85,0,0,Bangalore,IN
CUST_07359,1279,1600.34,1.95,0,2,Bangalore,IN
CUST_07360,1157,349.99,1.99,0,0,Hyderabad,IN
CUST_07361,851,1024.98,0.92,0,0,Kolkata,IN
CUST_07362,1539,456.88,2.78,0,1,Mumbai,IN
CUST_07363,1140,477.75,0.56,0,0,Pune,IN
CUST_07364,481,421.16,4.03,0,0,Ahmedabad,IN
CUST_07365,1887,712.96,2.41,0,0,Kolkata,IN
CUST_07366,776,231.58,3.04,0,0,Bangalore,IN
CUST_07367,199,1339.55,4.34,0,0,Delhi,IN
CUST_07368,448,2862.79,5.59,0,1,Kolkata,IN
CUST_07369,227,1790.49,2.51,0,0,Chennai,IN
CUST_07370,366,670.8,6.68,0,0,Pune,IN
CUST_07371,1571,730.55,1.69,0,0,Bangalore,IN
CUST_07372,1127,199.4,1.78,0,1,Kolkata,IN
CUST_07373,721,633.92,1.04,0,0,Kolkata,IN
CUST_07374,857,570.16,0.19,0,1,Chennai,IN
CUST_07375,655,683.97,2.71,0,1,Pune,IN
CUST_07376,1291,395.92,1.62,0,0,Hyderabad,IN
CUST_07377,1361,334.27,4.39,3,2,Delhi,IN
CUST_07378,1029,395.94,8.85,0,1,Hyderabad,IN
CUST_07379,462,620.63,4.17,0,0,Kolkata,IN
CUST_07380,1014,1014.06,4.6,0,0,Kolkata,IN
CUST_07381,587,615.82,0.92,0,0,Ahmedabad,IN
CUST_07382,322,284.6,2.41,0,2,Ahmedabad,IN
CUST_07383,820,2335.5,2.02,0,0,Bangalore,IN
CUST_07384,7,530.07,1.26,0,0,Pune,IN
CUST_07385,1563,418.4,4.73,0,0,Hyderabad,IN
CUST_07386,1344,203.38,1.37,1,0,Ahmedabad,IN
CUST_07387,1400,98.86,1.66,0,0,Bangalore,IN
CUST_07388,786,522.6,0.5,0,0,Delhi,IN
CUST_07389,1996,379.36,0.85,1,0,Kolkata,IN
CUST_07390,841,792.01,0.42,0,0,Kolkata,IN
CUST_07391,1304,292.77,8.43,0,0,Chennai,IN
CUST_07392,1268,317.64,2.56,0,0,Mumbai,IN
CUST_07393,284,821.1,4.07,0,0,Chennai,IN
CUST_07394,1228,287.91,1.96,0,1,Delhi,IN
CUST_07395,1937,852.38,1.51,0,0,Kolkata,IN
CUST_07396,666,1724.28,1.8,5,2,Mumbai,IN
CUST_07397,341,519.04,3.4,0,0,Chennai,IN
CUST_07398,1402,1279.13,2.88,0,0,Ahmedabad,IN
CUST_07399,1950,571.81,2.63,0,1,Delhi,IN
CUST_07400,47,1420.11,1.08,0,0,Hyderabad,IN
CUST_07401,1131,485.37,1.93,1,0,Kolkata,IN
CUST_07402,1742,1432.64,2.49,0,0,Chennai,IN
CUST_07403,938,444.54,1.18,0,0,Bangalore,IN
CUST_07404,1481,207.0,1.34,0,0,Hyderabad,IN
CUST_07405,359,1385.48,0.67,0,1,Chennai,IN
CUST_07406,1920,315.3,6.08,0,1,Ahmedabad,IN
CUST_07407,661,1039.83,2.23,0,0,Chennai,IN
CUST_07408,601,305.14,2.03,1,0,Bangalore,IN
CUST_07409,1832,965.34,0.29,0,1,Delhi,IN
CUST_07410,424,1153.82,0.8,0,0,Mumbai,IN
CUST_07411,941,247.16,3.45,0,1,Ahmedabad,IN
CUST_07412,1401,1046.13,2.74,0,0,Chennai,IN
CUST_07413,496,1805.18,0.61,0,0,Ahmedabad,IN
CUST_07414,1993,242.09,2.84,0,0,Bangalore,IN
CUST_07415,1025,252.87,3.48,0,0,Ahmedabad,IN
CUST_07416,1646,981.69,6.05,0,2,Delhi,IN
CUST_07417,1787,225.85,3.0,0,0,Hyderabad,IN
CUST_07418,502,248.62,2.31,0,0,Bangalore,IN
CUST_07419,1479,685.5,1.56,0,0,Ahmedabad,IN
CUST_07420,15,489.92,2.61,0,0,Delhi,IN
CUST_07421,1397,299.49,2.44,0,0,Mumbai,IN
CUST_07422,1776,191.88,3.29,0,0,Kolkata,IN
CUST_07423,1766,504.13,2.31,1,0,Ahmedabad,IN
CUST_07424,145,891.89,1.07,0,0,Kolkata,IN
CUST_07425,1962,900.14,2.55,0,0,Kolkata,IN
CUST_07426,1810,1440.54,0.68,0,0,Pune,IN
CUST_07427,1466,225.54,1.87,0,0,Delhi,IN
CUST_07428,899,811.72,4.09,0,0,Mumbai,IN
CUST_07429,1696,404.98,3.75,0,2,Ahmedabad,IN
CUST_07430,600,130.96,2.16,0,0,Mumbai,IN
CUST_07431,1697,227.32,3.92,0,0,Kolkata,IN
CUST_07432,745,756.36,5.63,0,0,Mumbai,IN
CUST_07433,1468,1115.66,4.18,0,1,Kolkata,IN
CUST_07434,878,703.99,3.55,0,0,Ahmedabad,IN
CUST_07435,213,547.68,1.31,0,0,Delhi,IN
CUST_07436,1735,205.66,1.72,0,1,Bangalore,IN
CUST_07437,1553,1627.06,5.47,0,0,Pune,IN
CUST_07438,1479,1193.01,6.46,0,0,Delhi,IN
CUST_07439,751,751.78,0.7,0,1,Bangalore,IN
CUST_07440,1345,1341.73,5.51,0,0,Kolkata,IN
CUST_07441,291,876.45,10.46,0,0,Hyderabad,IN
CUST_07442,1630,912.5,2.35,0,0,Chennai,IN
CUST_07443,431,381.89,2.7,2,2,Ahmedabad,IN
CUST_07444,199,211.48,1.42,0,1,Pune,IN
CUST_07445,1315,341.95,1.4,0,1,Hyderabad,IN
CUST_07446,939,919.75,0.41,2,1,Delhi,IN
CUST_07447,1542,1001.26,1.96,0,0,Ahmedabad,IN
CUST_07448,1551,569.63,2.88,0,1,Chennai,IN
CUST_07449,702,852.9,8.74,0,0,Pune,IN
CUST_07450,1412,248.68,2.76,0,0,Pune,IN
CUST_07451,678,792.41,3.73,0,0,Ahmedabad,IN
CUST_07452,1433,256.44,0.98,0,0,Ahmedabad,IN
CUST_07453,1164,397.31,1.04,0,1,Pune,IN
CUST_07454,1218,927.08,0.99,0,1,Pune,IN
CUST_07455,1560,511.36,1.83,0,1,Mumbai,IN
CUST_07456,304,585.71,1.65,0,0,Bangalore,IN
CUST_07457,54,455.87,6.15,0,0,Pune,IN
CUST_07458,1803,344.13,1.4,0,0,Chennai,IN
CUST_07459,1155,317.69,4.08,0,0,Hyderabad,IN
CUST_07460,1462,305.34,2.91,0,0,Hyderabad,IN
CUST_07461,629,732.54,7.83,4,1,Pune,IN
CUST_07462,1163,791.23,1.54,0,0,Bangalore,IN
CUST_07463,974,362.56,8.03,0,0,Pune,IN
CUST_07464,1379,514.84,3.47,0,1,Ahmedabad,IN
CUST_07465,317,149.77,1.09,0,2,Pune,IN
CUST_07466,301,333.47,0.88,0,1,Bangalore,IN
CUST_07467,1760,661.46,0.7,2,1,Pune,IN
CUST_07468,527,1229.18,4.9,2,0,Kolkata,IN
CUST_07469,58,462.22,3.08,2,0,Chennai,IN
CUST_07470,1195,543.83,1.77,0,0,Chennai,IN
CUST_07471,304,660.15,4.93,0,0,Pune,IN
CUST_07472,532,812.0,3.41,0,0,Mumbai,IN
CUST_07473,1477,292.66,6.39,0,0,Hyderabad,IN
CUST_07474,977,1069.68,2.38,0,0,Kolkata,IN
CUST_07475,1992,521.93,0.31,3,0,Bangalore,IN
CUST_07476,1319,585.39,3.35,0,1,Hyderabad,IN
CUST_07477,1203,249.63,3.76,0,0,Bangalore,IN
CUST_07478,1072,2751.5,1.96,0,0,Hyderabad,IN
CUST_07479,775,1421.53,1.17,0,1,Hyderabad,IN
CUST_07480,1328,1506.08,1.59,0,0,Ahmedabad,IN
CUST_07481,1784,1032.54,3.16,0,0,Bangalore,IN
CUST_07482,360,1502.93,0.98,1,0,Ahmedabad,IN
CUST_07483,1838,65.74,1.57,0,0,Ahmedabad,IN
CUST_07484,30,255.58,1.39,1,0,Kolkata,IN
CUST_07485,702,1143.68,4.72,0,0,Delhi,IN
CUST_07486,634,459.16,1.74,0,1,Chennai,IN
CUST_07487,460,569.9,4.46,0,2,Chennai,IN
CUST_07488,570,300.54,2.18,0,0,Bangalore,IN
CUST_07489,1332,232.88,0.14,0,0,Delhi,IN
CUST_07490,731,1742.15,1.95,0,1,Chennai,IN
CUST_07491,941,135.1,3.47,0,1,Ahmedabad,IN
CUST_07492,1721,427.69,10.73,0,0,Mumbai,IN
CUST_07493,1519,1275.01,3.06,0,1,Chennai,IN
CUST_07494,745,2103.34,2.29,0,1,Chennai,IN
CUST_07495,817,1445.34,0.65,0,0,Mumbai,IN
CUST_07496,1950,2041.96,0.74,3,0,Delhi,IN
CUST_07497,1040,379.87,3.95,0,2,Hyderabad,IN
CUST_07498,556,365.5,3.15,0,0,Delhi,IN
CUST_07499,1988,676.22,3.24,0,0,Delhi,IN
CUST_07500,915,508.78,0.97,1,1,Mumbai,IN
CUST_07501,502,922.41,1.64,0,0,Chennai,IN
CUST_07502,1633,459.24,2.14,0,1,Pune,IN
CUST_07503,1413,611.24,4.42,0,2,Bangalore,IN
CUST_07504,468,2283.69,2.69,0,0,Chennai,IN
CUST_07505,364,803.87,2.67,3,1,Ahmedabad,IN
CUST_07506,1248,443.65,4.06,0,1,Mumbai,IN
CUST_07507,1131,390.41,5.55,0,0,Pune,IN
CUST_07508,188,1106.86,1.35,0,0,Pune,IN
CUST_07509,1502,3198.13,1.14,0,0,Chennai,IN
CUST_07510,1856,562.09,3.62,0,0,Delhi,IN
CUST_07511,1071,1133.58,3.11,0,2,Bangalore,IN
CUST_07512,125,1047.53,5.67,0,1,Pune,IN
CUST_07513,467,952.28,0.25,0,0,Chennai,IN
CUST_07514,1200,120.15,0.26,0,0,Chennai,IN
CUST_07515,951,660.58,2.75,0,0,Ahmedabad,IN
CUST_07516,1100,545.9,4.97,0,0,Delhi,IN
CUST_07517,654,136.09,6.32,0,0,Mumbai,IN
CUST_07518,403,1004.45,2.73,0,0,Delhi,IN
CUST_07519,239,394.67,0.96,0,0,Ahmedabad,IN
CUST_07520,171,230.6,1.12,0,1,Ahmedabad,IN
CUST_07521,405,76.01,5.29,0,0,Ahmedabad,IN
CUST_07522,1111,586.87,2.97,0,1,Delhi,IN
CUST_07523,1226,636.13,2.42,0,0,Chennai,IN
CUST_07524,615,522.58,1.44,0,1,Ahmedabad,IN
CUST_07525,1192,534.38,2.65,0,0,Mumbai,IN
CUST_07526,1764,284.54,2.31,0,0,Kolkata,IN
CUST_07527,1475,888.03,1.18,0,1,Delhi,IN
CUST_07528,1593,168.16,3.25,0,0,Ahmedabad,IN
CUST_07529,1207,192.51,1.71,0,0,Chennai,IN
CUST_07530,2,624.53,1.29,0,1,Ahmedabad,IN
CUST_07531,1546,1556.94,2.56,0,1,Pune,IN
CUST_07532,1232,1846.94,4.18,0,1,Kolkata,IN
CUST_07533,1009,564.36,6.92,0,0,Pune,IN
CUST_07534,674,760.98,2.44,0,1,Bangalore,IN
CUST_07535,1054,368.3,3.13,0,0,Ahmedabad,IN
CUST_07536,1949,398.99,2.9,0,0,Pune,IN
CUST_07537,542,115.2,2.5,0,0,Pune,IN
CUST_07538,699,171.68,1.79,0,0,Chennai,IN
CUST_07539,1389,473.09,1.06,0,0,Pune,IN
CUST_07540,1282,159.39,2.33,0,0,Pune,IN
CUST_07541,229,85.46,3.08,0,0,Ahmedabad,IN
CUST_07542,999,246.48,2.09,0,0,Bangalore,IN
CUST_07543,654,231.92,2.31,1,1,Mumbai,IN
CUST_07544,1016,440.15,2.69,2,0,Ahmedabad,IN
CUST_07545,367,345.65,1.07,0,0,Bangalore,IN
CUST_07546,1558,417.56,0.46,0,0,Delhi,IN
CUST_07547,1379,1178.46,6.25,0,0,Kolkata,IN
CUST_07548,194,681.71,2.18,0,0,Pune,IN
CUST_07549,702,367.65,1.64,2,0,Ahmedabad,IN
CUST_07550,397,1271.56,1.55,0,0,Bangalore,IN
CUST_07551,1563,498.51,2.86,0,0,Delhi,IN
CUST_07552,437,288.5,2.71,0,0,Chennai,IN
CUST_07553,1028,280.01,4.86,0,1,Pune,IN
CUST_07554,656,233.26,4.37,0,0,Pune,IN
CUST_07555,211,673.55,3.1,0,0,Ahmedabad,IN
CUST_07556,1900,280.1,3.75,0,0,Pune,IN
CUST_07557,1170,478.58,2.98,0,2,Chennai,IN
CUST_07558,664,750.51,2.39,5,1,Bangalore,IN
CUST_07559,394,1367.5,1.91,0,0,Bangalore,IN
CUST_07560,1610,854.14,2.5,0,0,Kolkata,IN
CUST_07561,1746,133.48,2.62,0,2,Bangalore,IN
CUST_07562,1250,287.93,3.46,0,0,Bangalore,IN
CUST_07563,667,301.36,6.46,0,0,Bangalore,IN
CUST_07564,1339,468.57,2.39,0,0,Ahmedabad,IN
CUST_07565,1597,188.71,6.56,0,1,Kolkata,IN
CUST_07566,469,849.17,1.51,0,0,Pune,IN
CUST_07567,967,289.41,3.21,0,0,Pune,IN
CUST_07568,760,143.58,1.33,0,1,Pune,IN
CUST_07569,628,705.74,2.84,0,0,Bangalore,IN
CUST_07570,1489,344.0,2.94,0,0,Hyderabad,IN
CUST_07571,1699,1681.15,6.49,0,0,Hyderabad,IN
CUST_07572,922,842.22,0.94,0,0,Hyderabad,IN
CUST_07573,872,594.75,2.16,0,0,Pune,IN
CUST_07574,1562,303.3,5.31,0,1,Kolkata,IN
CUST_07575,12,370.6,0.5,1,1,Kolkata,IN
CUST_07576,114,513.16,2.78,1,0,Kolkata,IN
CUST_07577,725,391.05,0.54,0,0,Kolkata,IN
CUST_07578,1997,385.28,2.21,0,1,Bangalore,IN
CUST_07579,1571,632.58,1.08,2,0,Ahmedabad,IN
CUST_07580,40,151.07,11.62,1,0,Pune,IN
CUST_07581,428,1021.09,4.52,0,2,Chennai,IN
CUST_07582,604,491.82,4.45,0,1,Pune,IN
CUST_07583,49,134.71,3.62,0,0,Hyderabad,IN
CUST_07584,876,2626.62,3.28,0,0,Hyderabad,IN
CUST_07585,668,125.85,3.48,0,1,Kolkata,IN
CUST_07586,1634,269.38,2.72,0,0,Chennai,IN
CUST_07587,1265,1202.21,3.94,0,0,Chennai,IN
CUST_07588,1754,981.47,0.71,0,0,Ahmedabad,IN
CUST_07589,219,368.07,2.84,0,0,Pune,IN
CUST_07590,498,668.31,3.72,0,2,Delhi,IN
CUST_07591,667,649.78,4.11,0,0,Bangalore,IN
CUST_07592,1929,169.52,7.43,0,1,Ahmedabad,IN
CUST_07593,1950,438.24,2.26,0,0,Ahmedabad,IN
CUST_07594,1600,691.74,5.11,0,2,Mumbai,IN
CUST_07595,1409,500.27,6.61,0,0,Kolkata,IN
CUST_07596,512,947.04,1.88,0,0,Ahmedabad,IN
CUST_07597,1243,405.05,1.54,0,0,Pune,IN
CUST_07598,122,233.28,3.7,0,0,Kolkata,IN
CUST_07599,115,1199.2,5.48,0,1,Delhi,IN
CUST_07600,566,632.64,0.68,3,1,Hyderabad,IN
CUST_07601,898,310.78,7.2,0,1,Hyderabad,IN
CUST_07602,228,823.03,3.84,0,1,Pune,IN
CUST_07603,276,457.62,1.98,0,1,Ahmedabad,IN
CUST_07604,665,576.34,6.4,0,0,Delhi,IN
CUST_07605,1689,542.08,6.37,0,0,Kolkata,IN
CUST_07606,1790,1022.41,2.59,0,0,Bangalore,IN
CUST_07607,1208,323.6,1.83,0,0,Bangalore,IN
CUST_07608,1176,142.88,0.99,0,1,Pune,IN
CUST_07609,1151,569.99,0.12,0,0,Chennai,IN
CUST_07610,898,1240.63,2.81,0,0,Delhi,IN
CUST_07611,672,192.4,0.8,0,1,Chennai,IN
CUST_07612,1141,467.68,1.49,0,1,Pune,IN
CUST_07613,1413,151.0,0.5,0,1,Pune,IN
CUST_07614,288,754.09,0.83,0,1,Mumbai,IN
CUST_07615,1784,532.44,3.7,0,2,Delhi,IN
CUST_07616,1961,129.43,1.25,0,2,Hyderabad,IN
CUST_07617,1854,706.61,2.74,1,0,Hyderabad,IN
CUST_07618,1531,432.98,3.7,0,0,Ahmedabad,IN
CUST_07619,378,1712.53,1.96,0,0,Chennai,IN
CUST_07620,960,2842.8,0.2,0,0,Hyderabad,IN
CUST_07621,944,239.18,0.72,0,0,Chennai,IN
CUST_07622,683,1685.04,3.57,0,0,Hyderabad,IN
CUST_07623,1388,835.52,1.32,0,1,Chennai,IN
CUST_07624,523,334.58,3.13,0,0,Pune,IN
CUST_07625,288,80.41,5.35,0,1,Mumbai,IN
CUST_07626,1316,1033.47,3.25,0,0,Delhi,IN
CUST_07627,876,540.43,0.44,0,0,Kolkata,IN
CUST_07628,1651,992.12,2.11,8,0,Kolkata,IN
CUST_07629,1635,1784.4,1.71,0,0,Ahmedabad,IN
CUST_07630,1704,377.48,2.55,0,0,Mumbai,IN
CUST_07631,1870,322.16,3.79,0,1,Mumbai,IN
CUST_07632,34,1099.49,0.92,0,0,Hyderabad,IN
CUST_07633,66,621.15,2.89,0,2,Kolkata,IN
CUST_07634,1619,982.5,0.64,0,0,Hyderabad,IN
CUST_07635,579,283.61,2.63,0,0,Ahmedabad,IN
CUST_07636,1300,459.72,3.56,0,0,Hyderabad,IN
CUST_07637,1505,716.94,3.04,0,0,Delhi,IN
CUST_07638,1158,1778.77,3.6,0,0,Delhi,IN
CUST_07639,1996,1612.47,3.72,0,0,Delhi,IN
CUST_07640,1090,1536.0,1.94,0,1,Delhi,IN
CUST_07641,1636,324.53,1.58,0,0,Bangalore,IN
CUST_07642,1176,1215.74,6.05,0,0,Delhi,IN
CUST_07643,1250,728.13,0.44,0,0,Ahmedabad,IN
CUST_07644,1540,1567.77,1.46,0,0,Chennai,IN
CUST_07645,1572,301.99,1.75,0,1,Delhi,IN
CUST_07646,1675,454.07,3.44,1,0,Kolkata,IN
CUST_07647,954,778.44,1.64,0,0,Pune,IN
CUST_07648,1822,181.72,0.61,0,0,Ahmedabad,IN
CUST_07649,1333,310.04,1.87,0,0,Bangalore,IN
CUST_07650,150,335.96,2.24,0,0,Hyderabad,IN
CUST_07651,1327,527.68,7.48,1,0,Bangalore,IN
CUST_07652,930,1683.38,1.65,0,0,Hyderabad,IN
CUST_07653,1822,438.86,1.56,0,1,Kolkata,IN
CUST_07654,823,539.23,4.08,0,0,Mumbai,IN
CUST_07655,14,263.68,6.54,0,0,Pune,IN
CUST_07656,39,795.64,0.77,0,0,Kolkata,IN
CUST_07657,462,268.68,1.41,0,0,Mumbai,IN
CUST_07658,875,952.63,3.67,3,0,Hyderabad,IN
CUST_07659,531,786.31,2.98,0,0,Bangalore,IN
CUST_07660,1197,397.84,0.83,0,1,Chennai,IN
CUST_07661,1091,190.8,1.84,0,1,Hyderabad,IN
CUST_07662,1339,855.16,2.53,0,0,Ahmedabad,IN
CUST_07663,1577,244.91,1.23,0,0,Chennai,IN
CUST_07664,1830,873.51,3.78,0,0,Hyderabad,IN
CUST_07665,387,215.5,0.91,0,0,Bangalore,IN
CUST_07666,423,561.67,3.82,0,0,Bangalore,IN
CUST_07667,372,314.47,1.76,0,0,Pune,IN
CUST_07668,54,657.57,0.68,0,0,Delhi,IN
CUST_07669,1597,471.49,1.68,0,0,Mumbai,IN
CUST_07670,1107,509.66,1.05,0,0,Bangalore,IN
CUST_07671,1956,638.59,0.96,0,2,Hyderabad,IN
CUST_07672,671,587.98,2.65,0,0,Delhi,IN
CUST_07673,1902,241.26,0.51,0,0,Hyderabad,IN
CUST_07674,1348,296.43,2.2,0,0,Chennai,IN
CUST_07675,414,394.61,1.48,0,0,Chennai,IN
CUST_07676,335,277.16,3.51,0,1,Pune,IN
CUST_07677,556,333.41,3.66,0,0,Kolkata,IN
CUST_07678,1918,125.47,4.97,0,0,Chennai,IN
CUST_07679,1582,559.98,2.99,0,1,Chennai,IN
CUST_07680,56,412.19,1.06,0,0,Hyderabad,IN
CUST_07681,1798,516.69,2.34,0,0,Bangalore,IN
CUST_07682,253,482.44,9.83,0,0,Ahmedabad,IN
CUST_07683,53,448.64,0.84,0,0,Kolkata,IN
CUST_07684,1777,311.7,1.03,0,0,Ahmedabad,IN
CUST_07685,780,1308.65,3.08,0,0,Chennai,IN
CUST_07686,916,2542.98,2.53,0,0,Mumbai,IN
CUST_07687,818,1224.78,3.27,0,1,Ahmedabad,IN
CUST_07688,422,376.95,3.03,0,1,Chennai,IN
CUST_07689,1209,300.3,6.74,0,0,Kolkata,IN
CUST_07690,191,780.97,6.91,0,1,Delhi,IN
CUST_07691,1038,637.92,4.59,0,1,Bangalore,IN
CUST_07692,334,568.26,3.11,0,0,Delhi,IN
CUST_07693,247,319.56,3.35,0,0,Chennai,IN
CUST_07694,1517,978.87,1.61,0,0,Ahmedabad,IN
CUST_07695,1536,589.62,1.58,0,0,Hyderabad,IN
CUST_07696,851,308.86,0.89,0,0,Hyderabad,IN
CUST_07697,431,216.48,6.91,0,0,Chennai,IN
CUST_07698,1638,441.29,1.92,0,1,Delhi,IN
CUST_07699,979,1175.7,2.09,0,0,Hyderabad,IN
CUST_07700,1042,457.45,5.39,0,0,Pune,IN
CUST_07701,1936,727.79,2.86,0,1,Delhi,IN
CUST_07702,34,436.67,3.81,0,0,Ahmedabad,IN
CUST_07703,779,780.42,2.12,0,0,Mumbai,IN
CUST_07704,820,390.89,5.91,0,0,Kolkata,IN
CUST_07705,727,225.11,6.13,0,0,Delhi,IN
CUST_07706,1937,252.26,3.52,0,0,Hyderabad,IN
CUST_07707,1714,286.31,1.87,0,0,Pune,IN
CUST_07708,890,2314.02,2.89,0,0,Delhi,IN
CUST_07709,470,587.89,1.03,0,1,Pune,IN
CUST_07710,1333,564.66,3.57,0,0,Delhi,IN
CUST_07711,1794,706.16,1.77,0,0,Kolkata,IN
CUST_07712,33,474.33,1.69,0,0,Ahmedabad,IN
CUST_07713,1495,76.57,2.59,0,0,Pune,IN
CUST_07714,93,246.97,0.76,0,1,Hyderabad,IN
CUST_07715,1736,511.65,3.92,0,0,Bangalore,IN
CUST_07716,364,204.66,1.38,0,0,Chennai,IN
CUST_07717,263,911.41,2.18,0,2,Mumbai,IN
CUST_07718,288,385.02,8.16,0,1,Bangalore,IN
CUST_07719,1562,491.04,2.18,0,0,Ahmedabad,IN
CUST_07720,126,352.53,2.0,0,1,Mumbai,IN
CUST_07721,1775,282.52,4.56,2,1,Chennai,IN
CUST_07722,762,608.67,1.47,0,1,Pune,IN
CUST_07723,1687,670.04,1.86,0,0,Kolkata,IN
CUST_07724,859,370.36,3.63,2,0,Bangalore,IN
CUST_07725,358,134.13,1.64,0,1,Bangalore,IN
CUST_07726,1520,1182.99,5.41,0,0,Bangalore,IN
CUST_07727,748,667.68,8.09,2,0,Bangalore,IN
CUST_07728,1611,839.01,1.97,0,2,Delhi,IN
CUST_07729,62,382.8,1.99,0,0,Bangalore,IN
CUST_07730,418,1064.51,1.79,0,1,Ahmedabad,IN
CUST_07731,827,186.23,2.17,0,1,Pune,IN
CUST_07732,1862,631.17,2.68,0,0,Hyderabad,IN
CUST_07733,1274,189.74,4.8,0,1,Pune,IN
CUST_07734,59,325.55,2.62,0,0,Hyderabad,IN
CUST_07735,680,457.71,3.29,0,0,Mumbai,IN
CUST_07736,1821,214.88,1.71,1,1,Mumbai,IN
CUST_07737,71,457.66,1.1,1,0,Ahmedabad,IN
CUST_07738,1872,947.69,2.44,0,1,Bangalore,IN
CUST_07739,96,461.86,0.6,0,0,Kolkata,IN
CUST_07740,1562,523.45,4.06,0,1,Kolkata,IN
CUST_07741,324,150.06,0.67,0,0,Bangalore,IN
CUST_07742,31,385.11,1.98,0,1,Delhi,IN
CUST_07743,1838,477.76,0.7,0,1,Hyderabad,IN
CUST_07744,189,452.4,7.61,0,1,Chennai,IN
CUST_07745,136,238.93,6.58,0,0,Kolkata,IN
CUST_07746,1984,546.31,1.11,0,1,Delhi,IN
CUST_07747,952,1187.96,1.63,0,0,Ahmedabad,IN
CUST_07748,1754,557.26,0.74,0,0,Kolkata,IN
CUST_07749,276,437.62,5.9,0,0,Ahmedabad,IN
CUST_07750,638,806.61,0.4,0,0,Mumbai,IN
CUST_07751,962,1005.89,1.92,0,0,Ahmedabad,IN
CUST_07752,263,322.72,4.57,0,0,Pune,IN
CUST_07753,1345,609.4,1.68,0,2,Hyderabad,IN
CUST_07754,1960,1232.54,5.02,0,0,Hyderabad,IN
CUST_07755,979,88.09,1.45,0,0,Delhi,IN
CUST_07756,1534,248.42,1.57,6,0,Ahmedabad,IN
CUST_07757,258,1162.58,5.14,0,0,Chennai,IN
CUST_07758,1055,383.69,3.97,0,0,Chennai,IN
CUST_07759,1650,610.52,2.87,0,0,Bangalore,IN
CUST_07760,462,937.08,2.26,0,0,Bangalore,IN
CUST_07761,1523,936.38,2.42,0,0,Delhi,IN
CUST_07762,1469,285.83,0.88,1,0,Delhi,IN
CUST_07763,579,463.16,6.85,0,0,Kolkata,IN
CUST_07764,512,267.97,6.88,0,0,Delhi,IN
CUST_07765,514,362.82,7.11,0,1,Chennai,IN
CUST_07766,1496,305.92,1.73,2,2,Bangalore,IN
CUST_07767,674,368.2,2.21,0,0,Pune,IN
CUST_07768,1369,160.57,7.19,1,0,Ahmedabad,IN
CUST_07769,1557,747.08,5.55,0,0,Pune,IN
CUST_07770,672,640.35,1.03,0,0,Bangalore,IN
CUST_07771,768,1128.8,0.57,0,0,Kolkata,IN
CUST_07772,1187,587.99,11.34,0,0,Bangalore,IN
CUST_07773,1532,749.44,4.09,0,1,Mumbai,IN
CUST_07774,1295,350.33,7.11,0,1,Kolkata,IN
CUST_07775,1627,490.7,2.13,0,1,Mumbai,IN
CUST_07776,374,346.13,0.66,0,0,Chennai,IN
CUST_07777,293,909.28,3.95,0,1,Mumbai,IN
CUST_07778,1711,313.0,1.69,0,0,Mumbai,IN
CUST_07779,332,565.3,2.81,0,2,Chennai,IN
CUST_07780,661,212.78,3.34,0,0,Kolkata,IN
CUST_07781,1172,180.74,2.72,0,0,Mumbai,IN
CUST_07782,991,222.55,1.67,0,0,Ahmedabad,IN
CUST_07783,385,603.05,0.27,2,1,Hyderabad,IN
CUST_07784,926,189.6,5.62,0,1,Kolkata,IN
CUST_07785,929,220.39,0.28,0,1,Chennai,IN
CUST_07786,1118,1198.78,2.89,0,0,Pune,IN
CUST_07787,242,676.77,5.47,0,0,Ahmedabad,IN
CUST_07788,1343,414.49,4.16,0,0,Pune,IN
CUST_07789,691,164.96,2.55,0,0,Hyderabad,IN
CUST_07790,523,234.48,1.96,2,0,Bangalore,IN
CUST_07791,1653,112.03,0.79,0,0,Hyderabad,IN
CUST_07792,1582,383.94,1.83,0,0,Ahmedabad,IN
CUST_07793,1359,412.37,2.4,0,0,Ahmedabad,IN
CUST_07794,1369,378.08,3.71,1,0,Delhi,IN
CUST_07795,1564,322.9,2.84,0,1,Hyderabad,IN
CUST_07796,130,857.86,0.41,0,0,Pune,IN
CUST_07797,874,370.41,0.91,0,0,Hyderabad,IN
CUST_07798,1976,478.1,1.11,0,0,Mumbai,IN
CUST_07799,194,855.95,6.37,0,0,Bangalore,IN
CUST_07800,1997,491.83,4.33,0,0,Chennai,IN
CUST_07801,1700,342.34,3.56,0,0,Ahmedabad,IN
CUST_07802,247,537.49,2.17,0,1,Delhi,IN
CUST_07803,259,364.78,4.21,3,0,Pune,IN
CUST_07804,629,220.91,1.41,0,0,Hyderabad,IN
CUST_07805,894,329.13,4.61,0,0,Ahmedabad,IN
CUST_07806,1979,430.51,2.0,0,0,Delhi,IN
CUST_07807,815,385.15,3.66,0,0,Bangalore,IN
CUST_07808,291,1240.35,1.19,0,0,Chennai,IN
CUST_07809,1590,563.91,0.34,0,0,Chennai,IN
CUST_07810,407,557.73,7.85,0,1,Mumbai,IN
CUST_07811,1077,1634.56,3.26,0,0,Hyderabad,IN
CUST_07812,1153,90.32,1.4,0,0,Bangalore,IN
CUST_07813,1639,874.66,1.37,0,0,Mumbai,IN
CUST_07814,1105,392.96,2.42,0,0,Hyderabad,IN
CUST_07815,1421,486.84,2.7,0,0,Chennai,IN
CUST_07816,767,173.99,8.45,0,0,Bangalore,IN
CUST_07817,206,186.29,0.5,0,0,Bangalore,IN
CUST_07818,1301,277.08,6.57,0,1,Bangalore,IN
CUST_07819,1727,1661.61,1.66,0,1,Chennai,IN
CUST_07820,1108,283.99,0.26,0,0,Bangalore,IN
CUST_07821,1758,2191.37,2.25,0,0,Kolkata,IN
CUST_07822,571,526.42,3.09,0,0,Chennai,IN
CUST_07823,1965,372.42,0.88,0,1,Mumbai,IN
CUST_07824,608,692.73,0.86,0,0,Kolkata,IN
CUST_07825,1846,403.84,1.97,4,2,Kolkata,IN
CUST_07826,1831,235.69,2.25,0,0,Kolkata,IN
CUST_07827,959,522.05,0.41,6,0,Ahmedabad,IN
CUST_07828,279,205.81,2.19,0,0,Hyderabad,IN
CUST_07829,1,764.24,1.33,0,0,Pune,IN
CUST_07830,515,135.21,2.09,0,0,Delhi,IN
CUST_07831,428,351.47,4.33,3,0,Pune,IN
CUST_07832,122,243.53,3.85,0,0,Delhi,IN
CUST_07833,288,579.76,1.27,0,0,Kolkata,IN
CUST_07834,985,613.56,1.24,0,1,Bangalore,IN
CUST_07835,1566,319.76,0.83,0,0,Bangalore,IN
CUST_07836,802,298.96,3.12,0,0,Chennai,IN
CUST_07837,1324,932.67,0.46,0,0,Bangalore,IN
CUST_07838,801,934.23,4.85,0,1,Kolkata,IN
CUST_07839,510,281.81,1.2,0,0,Chennai,IN
CUST_07840,145,368.81,1.13,2,0,Hyderabad,IN
CUST_07841,1973,348.76,4.91,0,0,Chennai,IN
CUST_07842,288,377.48,2.36,0,1,Pune,IN
CUST_07843,253,1491.05,7.45,0,0,Kolkata,IN
CUST_07844,422,360.33,6.88,0,0,Bangalore,IN
CUST_07845,292,155.12,2.72,0,2,Ahmedabad,IN
CUST_07846,1558,320.51,2.19,0,0,Pune,IN
CUST_07847,23,715.15,2.8,0,0,Hyderabad,IN
CUST_07848,1067,267.29,1.84,0,0,Delhi,IN
CUST_07849,1074,493.99,5.12,0,1,Pune,IN
CUST_07850,1581,581.84,1.02,0,0,Delhi,IN
CUST_07851,476,229.45,5.27,0,2,Ahmedabad,IN
CUST_07852,612,513.86,2.03,0,2,Ahmedabad,IN
CUST_07853,1109,575.81,4.01,0,1,Delhi,IN
CUST_07854,315,668.43,2.04,0,1,Ahmedabad,IN
CUST_07855,1803,657.69,2.2,0,0,Delhi,IN
CUST_07856,1793,181.24,2.82,0,1,Hyderabad,IN
CUST_07857,1945,312.33,1.29,0,0,Pune,IN
CUST_07858,782,1578.15,5.72,0,1,Mumbai,IN
CUST_07859,232,567.26,11.33,0,0,Pune,IN
CUST_07860,873,467.99,1.36,0,0,Ahmedabad,IN
CUST_07861,1795,262.65,1.34,0,1,Bangalore,IN
CUST_07862,1554,190.91,0.98,0,1,Ahmedabad,IN
CUST_07863,461,536.8,4.14,0,0,Pune,IN
CUST_07864,182,727.13,2.37,0,0,Delhi,IN
CUST_07865,495,789.67,1.0,0,0,Hyderabad,IN
CUST_07866,1714,217.86,1.39,0,0,Ahmedabad,IN
CUST_07867,864,344.86,2.04,0,0,Kolkata,IN
CUST_07868,1307,557.35,2.54,0,0,Mumbai,IN
CUST_07869,1772,446.83,1.12,0,0,Delhi,IN
CUST_07870,1726,238.21,0.94,0,0,Pune,IN
CUST_07871,1853,729.5,2.05,0,0,Pune,IN
CUST_07872,1312,797.47,1.52,0,0,Pune,IN
CUST_07873,860,229.05,4.77,0,0,Hyderabad,IN
CUST_07874,731,282.15,1.71,0,0,Pune,IN
CUST_07875,27,1162.4,3.13,0,1,Delhi,IN
CUST_07876,1461,360.84,0.23,1,0,Delhi,IN
CUST_07877,498,282.24,5.47,0,1,Ahmedabad,IN
CUST_07878,454,1420.44,1.28,3,1,Ahmedabad,IN
CUST_07879,1364,352.4,0.52,0,1,Kolkata,IN
CUST_07880,213,690.36,2.65,0,0,Pune,IN
CUST_07881,1149,95.21,0.86,0,0,Ahmedabad,IN
CUST_07882,1243,657.59,3.3,0,0,Kolkata,IN
CUST_07883,87,683.68,2.8,0,1,Kolkata,IN
CUST_07884,1210,1694.96,2.38,1,0,Delhi,IN
CUST_07885,1179,604.22,0.87,0,0,Delhi,IN
CUST_07886,241,1038.07,2.27,0,0,Delhi,IN
CUST_07887,739,523.29,1.84,1,0,Chennai,IN
CUST_07888,1670,142.11,0.54,0,0,Kolkata,IN
CUST_07889,1472,379.78,7.69,0,0,Kolkata,IN
CUST_07890,712,515.75,2.03,0,0,Mumbai,IN
CUST_07891,1746,1485.18,9.28,0,0,Ahmedabad,IN
CUST_07892,1175,346.18,4.96,0,0,Ahmedabad,IN
CUST_07893,1926,288.68,2.24,0,2,Mumbai,IN
CUST_07894,1666,194.48,4.45,0,0,Kolkata,IN
CUST_07895,1371,461.84,1.28,0,0,Kolkata,IN
CUST_07896,443,616.89,1.2,0,0,Mumbai,IN
CUST_07897,50,825.22,8.82,0,0,Bangalore,IN
CUST_07898,203,594.65,2.45,0,0,Hyderabad,IN
CUST_07899,1886,506.14,1.64,0,0,Pune,IN
CUST_07900,1643,357.37,2.46,0,0,Kolkata,IN
CUST_07901,1494,1349.44,2.24,0,1,Mumbai,IN
CUST_07902,1740,693.72,1.11,0,0,Ahmedabad,IN
CUST_07903,735,282.14,2.79,0,0,Pune,IN
CUST_07904,722,133.85,4.19,0,0,Hyderabad,IN
CUST_07905,567,964.74,2.72,0,0,Chennai,IN
CUST_07906,1606,243.15,2.61,0,0,Ahmedabad,IN
CUST_07907,665,270.61,1.26,0,1,Mumbai,IN
CUST_07908,1432,1060.48,13.06,0,1,Ahmedabad,IN
CUST_07909,1575,653.55,1.67,0,0,Pune,IN
CUST_07910,429,445.27,3.25,0,1,Bangalore,IN
CUST_07911,1517,577.26,2.11,0,0,Hyderabad,IN
CUST_07912,1543,769.41,3.79,0,0,Kolkata,IN
CUST_07913,1600,199.96,2.91,0,0,Hyderabad,IN
CUST_07914,1730,129.81,5.15,0,0,Bangalore,IN
CUST_07915,1755,2874.96,2.43,0,2,Ahmedabad,IN
CUST_07916,684,722.38,0.92,0,1,Delhi,IN
CUST_07917,1263,1715.61,0.71,1,0,Hyderabad,IN
CUST_07918,649,1364.12,1.37,0,2,Chennai,IN
CUST_07919,208,196.05,2.38,0,1,Pune,IN
CUST_07920,1310,864.23,1.55,0,0,Delhi,IN
CUST_07921,641,366.96,2.28,0,0,Kolkata,IN
CUST_07922,1310,227.66,10.89,0,0,Ahmedabad,IN
CUST_07923,1550,2215.59,1.65,0,1,Bangalore,IN
CUST_07924,415,699.11,4.5,0,0,Kolkata,IN
CUST_07925,1754,476.08,5.9,0,0,Pune,IN
CUST_07926,719,576.01,1.69,0,0,Ahmedabad,IN
CUST_07927,1651,724.74,5.26,0,0,Hyderabad,IN
CUST_07928,1835,408.69,1.37,0,0,Ahmedabad,IN
CUST_07929,1546,662.52,6.68,0,0,Hyderabad,IN
CUST_07930,1965,1289.51,2.89,0,0,Bangalore,IN
CUST_07931,662,416.42,3.27,1,0,Bangalore,IN
CUST_07932,229,605.05,1.97,0,0,Mumbai,IN
CUST_07933,1192,547.38,6.41,0,0,Chennai,IN
CUST_07934,1862,391.84,6.0,0,0,Pune,IN
CUST_07935,1550,593.66,1.27,0,1,Pune,IN
CUST_07936,816,428.97,3.1,0,0,Bangalore,IN
CUST_07937,407,122.42,0.89,0,2,Delhi,IN
CUST_07938,186,528.1,2.3,0,0,Delhi,IN
CUST_07939,1746,1086.3,1.8,2,2,Kolkata,IN
CUST_07940,299,958.33,3.18,0,1,Pune,IN
CUST_07941,1092,1283.28,1.36,0,0,Hyderabad,IN
CUST_07942,813,532.64,5.72,0,0,Hyderabad,IN
CUST_07943,1887,551.57,1.31,0,1,Bangalore,IN
CUST_07944,213,1468.88,4.61,0,0,Kolkata,IN
CUST_07945,1257,310.28,4.04,0,0,Pune,IN
CUST_07946,664,605.87,1.12,0,0,Delhi,IN
CUST_07947,907,499.05,6.44,1,1,Chennai,IN
CUST_07948,504,658.8,2.34,2,0,Mumbai,IN
CUST_07949,1368,282.25,2.81,0,0,Bangalore,IN
CUST_07950,54,286.26,5.09,0,0,Pune,IN
CUST_07951,460,6510.86,2.87,0,0,Ahmedabad,IN
CUST_07952,503,98.36,4.52,0,2,Chennai,IN
CUST_07953,902,1286.9,5.66,0,1,Chennai,IN
CUST_07954,298,1382.59,2.5,0,0,Chennai,IN
CUST_07955,608,346.23,1.13,0,1,Mumbai,IN
CUST_07956,1976,398.29,1.1,0,0,Chennai,IN
CUST_07957,1757,554.76,1.38,0,0,Mumbai,IN
CUST_07958,1717,572.79,0.63,0,0,Ahmedabad,IN
CUST_07959,849,690.14,3.8,0,0,Ahmedabad,IN
CUST_07960,845,336.58,3.89,0,1,Chennai,IN
CUST_07961,1737,1281.74,0.84,0,2,Bangalore,IN
CUST_07962,1285,432.11,1.0,0,0,Kolkata,IN
CUST_07963,1530,453.54,6.26,0,2,Kolkata,IN
CUST_07964,1448,267.06,6.22,0,0,Pune,IN
CUST_07965,1646,845.82,4.14,0,0,Hyderabad,IN
CUST_07966,884,379.13,1.7,0,1,Pune,IN
CUST_07967,747,986.92,0.8,0,0,Hyderabad,IN
CUST_07968,656,596.55,0.7,0,0,Chennai,IN
CUST_07969,158,2607.63,2.73,0,1,Hyderabad,IN
CUST_07970,659,192.16,7.12,0,0,Bangalore,IN
CUST_07971,1630,548.68,1.02,0,0,Chennai,IN
CUST_07972,198,726.78,0.79,0,0,Bangalore,IN
CUST_07973,1097,44.3,0.85,0,0,Ahmedabad,IN
CUST_07974,215,320.01,3.97,0,2,Hyderabad,IN
CUST_07975,1475,317.63,5.28,0,1,Chennai,IN
CUST_07976,1470,256.99,0.8,0,0,Hyderabad,IN
CUST_07977,953,403.51,1.62,0,1,Chennai,IN
CUST_07978,1177,801.46,1.65,0,2,Pune,IN
CUST_07979,943,679.62,1.9,0,1,Mumbai,IN
CUST_07980,1019,763.63,3.49,0,1,Ahmedabad,IN
CUST_07981,133,95.28,2.55,0,0,Kolkata,IN
CUST_07982,46,969.84,2.79,0,0,Bangalore,IN
CUST_07983,1145,421.28,4.0,0,1,Ahmedabad,IN
CUST_07984,1835,1261.08,5.52,0,0,Mumbai,IN
CUST_07985,977,347.34,1.82,0,0,Hyderabad,IN
CUST_07986,131,478.12,1.5,0,0,Bangalore,IN
CUST_07987,134,1156.22,1.5,0,0,Hyderabad,IN
CUST_07988,1167,425.18,4.44,5,0,Pune,IN
CUST_07989,1941,630.71,3.21,0,1,Pune,IN
CUST_07990,1462,903.05,0.68,0,0,Mumbai,IN
CUST_07991,883,108.96,1.13,0,0,Ahmedabad,IN
CUST_07992,812,666.19,0.59,0,0,Bangalore,IN
CUST_07993,1356,835.05,8.29,0,0,Chennai,IN
CUST_07994,635,431.55,2.01,0,0,Ahmedabad,IN
CUST_07995,677,232.78,1.77,0,1,Pune,IN
CUST_07996,1168,376.62,2.76,0,1,Chennai,IN
CUST_07997,296,524.88,6.24,0,0,Kolkata,IN
CUST_07998,1767,908.14,0.68,4,0,Hyderabad,IN
CUST_07999,1989,707.29,4.85,0,0,Mumbai,IN
