device_id,transaction_count,customer_count,first_seen
DEV_000349e720,8,1,2025-02-26 18:10:51.000000
DEV_0009564bb2,8,1,2025-01-22 06:24:58.000000
DEV_000b1ac6bd,14,1,2025-01-15 16:08:00.000000
DEV_002497ad6d,11,1,2025-01-18 11:45:37.000000
DEV_0028d35744,11,1,2025-03-17 16:07:51.000000
DEV_00331a2f5e,7,1,2025-01-13 14:08:05.000000
DEV_0043bdb8e0,15,1,2025-01-26 09:08:47.000000
DEV_0046d7eab4,7,1,2025-03-02 16:58:14.000000
DEV_004c1befab,6,1,2025-02-15 16:54:18.000000
DEV_0052020cb9,19,1,2025-01-24 07:06:47.000000
DEV_00571884e0,9,1,2025-01-02 21:35:59.000000
DEV_005afd1cc5,7,1,2025-01-26 22:47:33.000000
DEV_005efb85b7,12,1,2025-01-06 08:03:03.000000
DEV_006246e9db,12,1,2025-03-04 17:26:33.000000
DEV_006877110d,15,1,2025-01-15 13:48:24.000000
DEV_006d26b9ec,17,1,2025-01-07 20:13:37.000000
DEV_006fc1d87e,27,1,2025-03-08 17:47:49.000000
DEV_00723cb68a,12,1,2025-01-20 08:46:35.000000
DEV_007a3f232d,8,1,2025-02-21 04:25:25.000000
DEV_007f449139,11,1,2025-02-02 02:50:55.000000
DEV_008ac95d97,9,1,2025-01-11 19:33:12.000000
DEV_008f930d29,13,1,2025-01-02 02:52:16.000000
DEV_008fb12e00,9,1,2025-02-21 13:05:07.000000
DEV_0091a4d1be,15,1,2025-01-01 20:54:02.000000
DEV_009952003b,12,1,2025-01-13 19:25:05.000000
DEV_00a555206b,14,1,2025-01-08 22:43:07.000000
DEV_00aaeead86,9,1,2025-03-10 06:46:41.000000
DEV_00ae90fcf7,16,1,2025-01-17 22:12:39.000000
DEV_00b149a7c6,8,1,2025-01-21 11:01:07.000000
DEV_00b157f45a,22,1,2025-01-30 10:58:29.000000
DEV_00b5c1ddfa,20,1,2025-01-13 02:44:03.000000
DEV_00c2034a10,19,1,2025-01-13 06:08:11.000000
DEV_00c49c0f5a,20,1,2025-04-09 11:29:20.000000
DEV_00c915e385,15,1,2025-01-11 07:45:22.000000
DEV_00d502c7c5,20,1,2025-01-21 20:38:33.000000
DEV_00d9865080,12,1,2025-01-07 22:49:48.000000
DEV_00e77afeec,12,1,2025-01-06 04:07:24.000000
DEV_00e813e84c,16,1,2025-01-20 07:28:34.000000
DEV_00f4659b7e,1,1,2025-09-01 01:15:36.000000
DEV_00f4899fcc,14,1,2025-01-16 17:05:17.000000
DEV_00f5d9acf1,9,1,2025-03-31 10:34:08.000000
DEV_00fcc9afae,10,1,2025-01-18 19:46:34.000000
DEV_00feb7f508,7,1,2025-02-12 15:48:14.000000
DEV_0104b6fff4,8,1,2025-01-08 00:57:54.000000
DEV_0106d18c55,9,1,2025-02-09 19:21:25.000000
DEV_010b572f7d,13,1,2025-01-17 03:04:34.000000
DEV_010f887e1f,13,1,2025-01-03 12:11:19.000000
DEV_01315ea3ab,11,1,2025-01-19 15:34:26.000000
DEV_014b8e2b99,11,1,2025-03-02 07:43:12.000000
DEV_014e9696b7,15,1,2025-01-06 11:20:06.000000
DEV_01520ef4b5,11,1,2025-01-03 21:46:15.000000
DEV_017c29890f,12,1,2025-01-05 02:07:13.000000
DEV_01884c6ae8,7,1,2025-01-01 13:21:28.000000
DEV_018881885b,6,1,2025-01-22 09:13:59.000000
DEV_018db57252,9,1,2025-01-11 13:12:33.000000
DEV_019c3b6c49,13,1,2025-02-06 12:02:03.000000
DEV_019d5d5ddc,8,1,2025-03-24 21:50:34.000000
DEV_01a3edb24a,9,1,2025-01-29 21:32:10.000000
DEV_01ad9a77b3,6,1,2025-03-22 11:30:25.000000
DEV_01b1a5b24f,10,1,2025-01-18 15:50:44.000000
DEV_01c532d9c6,1,1,2025-01-10 18:21:52.000000
DEV_01ce9e3146,13,1,2025-01-04 07:35:50.000000
DEV_01deb9fee8,17,1,2025-02-15 03:51:01.000000
DEV_01e0870bad,19,1,2025-01-02 05:59:06.000000
DEV_01e2c77d91,8,1,2025-01-13 09:28:18.000000
DEV_01e9890894,8,1,2025-02-27 05:17:11.000000
DEV_01ef839acc,14,1,2025-01-08 08:38:27.000000
DEV_01f5e7987f,13,1,2025-02-27 08:22:07.000000
DEV_01f6843058,11,1,2025-03-12 07:26:10.000000
DEV_01fe73bea6,7,1,2025-01-23 00:16:40.000000
DEV_0215a16506,12,1,2025-01-12 18:49:03.000000
DEV_022d03bf12,9,1,2025-01-06 17:36:11.000000
DEV_023078130e,10,1,2025-01-09 18:21:44.000000
DEV_023a3171e0,8,1,2025-02-18 22:40:48.000000
DEV_02408017b1,13,1,2025-01-12 20:00:33.000000
DEV_0246937d48,15,1,2025-01-02 15:20:33.000000
DEV_0246da6386,10,1,2025-02-08 05:48:16.000000
DEV_024913ef73,9,1,2025-02-16 07:11:26.000000
DEV_0257601a8e,15,1,2025-01-18 06:22:32.000000
DEV_025e9af6b2,16,1,2025-04-08 19:13:27.000000
DEV_025f856aca,21,1,2025-03-04 23:00:45.000000
DEV_026af9e93f,15,1,2025-01-17 00:26:34.000000
DEV_02796967d5,16,1,2025-01-04 03:21:18.000000
DEV_0279e4f45d,15,1,2025-01-26 22:56:07.000000
DEV_02804b6c96,13,1,2025-01-09 11:43:23.000000
DEV_0295c9df8f,10,1,2025-01-12 16:37:31.000000
DEV_029e55a429,22,1,2025-01-07 23:35:48.000000
DEV_02b04aa46f,14,1,2025-01-27 23:33:38.000000
DEV_02b673debd,13,1,2025-01-01 12:13:38.000000
DEV_02c86817b6,7,1,2025-01-15 17:39:32.000000
DEV_02db8c6a78,3,1,2025-08-03 20:35:59.000000
DEV_02e64e749c,1,1,2025-08-04 12:06:04.000000
DEV_02f0549885,13,1,2025-03-12 17:45:51.000000
DEV_02f71ecff8,3,1,2025-05-02 15:27:45.000000
DEV_02fd6ab034,9,1,2025-02-02 06:15:58.000000
DEV_03052fb232,12,1,2025-01-12 08:17:36.000000
DEV_030788d004,9,1,2025-01-01 09:22:34.000000
DEV_030844bfc9,10,1,2025-01-05 15:35:26.000000
DEV_0311079063,12,1,2025-01-20 17:50:02.000000
DEV_031914e770,11,1,2025-02-03 17:38:07.000000
DEV_032ebf15cb,14,1,2025-01-04 13:24:09.000000
DEV_03400014f3,12,1,2025-01-08 13:41:55.000000
DEV_0347f02a1e,12,1,2025-03-17 12:51:03.000000
DEV_034829389a,7,1,2025-02-10 03:27:33.000000
DEV_034f2a8291,9,1,2025-02-19 23:02:49.000000
DEV_03537d23c9,13,1,2025-01-24 23:38:04.000000
DEV_03547d6e64,10,1,2025-02-26 21:54:40.000000
DEV_035a134654,17,1,2025-01-19 08:57:21.000000
DEV_035d3739fa,12,1,2025-01-28 18:04:15.000000
DEV_036486803b,10,1,2025-03-06 02:13:09.000000
DEV_036783bf22,19,1,2025-01-07 08:55:37.000000
DEV_036e528a68,15,1,2025-01-02 19:31:48.000000
DEV_036e59e2a5,12,1,2025-01-18 06:25:50.000000
DEV_036eec8e3a,15,1,2025-01-02 15:49:02.000000
DEV_03731ebfa3,3,1,2025-03-21 21:15:21.000000
DEV_0379e4dce4,10,1,2025-01-04 23:00:17.000000
DEV_0379e61fe9,11,1,2025-02-21 16:08:17.000000
DEV_037de26ca1,18,1,2025-02-05 17:19:58.000000
DEV_03934592bb,5,1,2025-03-23 15:01:34.000000
DEV_0399dda7c2,13,1,2025-01-09 22:53:44.000000
DEV_03a462c6ea,12,1,2025-02-09 17:38:14.000000
DEV_03ac7a28d7,15,1,2025-01-30 14:03:30.000000
DEV_03baf68f82,21,1,2025-01-01 05:44:59.000000
DEV_03c2403604,16,1,2025-01-07 09:59:48.000000
DEV_03c4399f43,8,1,2025-02-03 02:30:54.000000
DEV_03d3701fd9,9,1,2025-01-01 13:51:19.000000
DEV_03e7bab133,13,1,2025-01-02 09:02:48.000000
DEV_03f002ae98,14,1,2025-02-08 14:44:06.000000
DEV_03f0ce2f02,16,1,2025-01-03 06:27:30.000000
DEV_03f7dcdd03,9,1,2025-05-03 17:09:54.000000
DEV_03fc240b6b,9,1,2025-02-26 08:25:28.000000
DEV_03ff18ae6e,11,1,2025-01-04 07:58:04.000000
DEV_03ff5d3810,1,1,2025-07-22 12:18:37.000000
DEV_0404f2a49e,17,1,2025-01-03 01:27:02.000000
DEV_0414b4c3f5,6,1,2025-01-19 03:08:48.000000
DEV_041f7f1936,6,1,2025-01-02 11:26:20.000000
DEV_0424e392aa,11,1,2025-01-30 10:21:57.000000
DEV_042705f3e5,14,1,2025-02-03 09:49:32.000000
DEV_0427097bb4,14,5,2025-10-24 14:24:39.951146
DEV_0427ea66d7,11,1,2025-01-12 03:35:19.000000
DEV_042905e491,17,1,2025-01-27 03:20:06.000000
DEV_042c435c3d,14,1,2025-02-03 05:25:10.000000
DEV_042e416fa8,15,1,2025-01-04 18:47:55.000000
DEV_04325730b6,14,1,2025-01-02 02:33:04.000000
DEV_044bdf04dc,7,1,2025-01-26 23:43:20.000000
DEV_0452834fd3,14,1,2025-01-02 21:37:53.000000
DEV_04555496c2,12,1,2025-01-27 22:16:03.000000
DEV_04751e64c6,12,1,2025-01-16 22:27:08.000000
DEV_0475aaf198,15,1,2025-03-25 19:42:57.000000
DEV_047b3c70a7,14,1,2025-01-23 17:37:21.000000
DEV_047d806f64,3,1,2025-08-08 21:45:19.000000
DEV_04885cd034,18,1,2025-01-02 05:14:43.000000
DEV_04947b9beb,9,1,2025-01-01 16:13:13.000000
DEV_049e18ee82,6,1,2025-01-20 16:37:56.000000
DEV_04a60b3000,17,1,2025-01-05 01:29:14.000000
DEV_04b633d2d7,10,1,2025-01-19 21:19:37.000000
DEV_04bafb2ceb,10,1,2025-01-02 22:01:39.000000
DEV_04c286f680,6,1,2025-02-27 21:16:45.000000
DEV_04ca3fa77e,7,1,2025-01-19 01:18:46.000000
DEV_04cb3b8db2,12,1,2025-01-25 09:00:45.000000
DEV_04d28af589,12,1,2025-01-08 12:26:07.000000
DEV_04dbd4b384,11,1,2025-05-14 12:55:14.000000
DEV_04e6c70b3f,9,1,2025-01-02 11:52:25.000000
DEV_04e9519ad4,8,1,2025-02-01 15:08:23.000000
DEV_04fd99c0b7,15,1,2025-01-01 09:02:37.000000
DEV_050c3ccd75,3,1,2025-02-05 10:55:14.000000
DEV_050c4e24f7,10,1,2025-01-18 07:55:52.000000
DEV_0513e58fae,10,1,2025-01-08 03:46:32.000000
DEV_0517fe3ede,8,1,2025-04-11 02:25:41.000000
DEV_052a817227,13,1,2025-03-06 19:41:46.000000
DEV_052b4479cd,14,1,2025-01-14 01:11:44.000000
DEV_053de82400,13,1,2025-01-10 10:56:44.000000
DEV_054f9b35ab,8,1,2025-03-03 09:02:59.000000
DEV_05511b30e5,8,1,2025-03-24 02:50:27.000000
DEV_0553c61ff1,12,1,2025-01-08 06:43:42.000000
DEV_0554fcfae5,14,1,2025-01-06 11:19:33.000000
DEV_055be55134,11,1,2025-01-05 06:41:55.000000
DEV_055c28d806,16,1,2025-02-24 11:18:13.000000
DEV_0572888fc9,18,1,2025-01-13 10:14:42.000000
DEV_0582870f61,17,1,2025-01-08 04:54:20.000000
DEV_0583dceac6,13,1,2025-01-24 22:51:23.000000
DEV_05856367d5,12,1,2025-01-18 20:42:49.000000
DEV_05933c5bc3,14,1,2025-01-20 06:45:48.000000
DEV_05934bcd0a,10,1,2025-01-16 18:45:42.000000
DEV_059c34a764,11,1,2025-01-08 16:40:12.000000
DEV_059db0cd0c,3,1,2025-03-30 13:36:50.000000
DEV_059e4cab78,10,1,2025-02-28 00:22:52.000000
DEV_05a9e89e93,15,1,2025-01-01 21:07:06.000000
DEV_05ae4bb34d,11,1,2025-01-14 21:20:37.000000
DEV_05b0445ac6,16,1,2025-01-10 04:33:55.000000
DEV_05c02fadcb,10,1,2025-01-08 01:53:56.000000
DEV_05c2151920,12,1,2025-01-02 01:26:15.000000
DEV_05c933ccb0,14,1,2025-01-06 22:40:53.000000
DEV_05cd372ab6,12,1,2025-01-08 14:29:53.000000
DEV_05cedf7d71,11,1,2025-01-16 20:45:14.000000
DEV_05de805baa,6,1,2025-01-09 16:25:13.000000
DEV_05e511c97a,14,1,2025-01-25 07:22:20.000000
DEV_05ebb99283,8,1,2025-03-15 08:29:01.000000
DEV_05efdedeb0,14,1,2025-01-22 08:10:26.000000
DEV_05f0f1d7d9,13,1,2025-01-26 21:46:35.000000
DEV_05fdae0fc0,13,1,2025-01-08 05:12:59.000000
DEV_05fe015104,5,1,2025-01-20 18:12:50.000000
DEV_0619d1cfae,14,1,2025-01-06 12:24:23.000000
DEV_062e986764,8,1,2025-03-12 06:08:11.000000
DEV_06383bb607,8,1,2025-02-16 19:41:46.000000
DEV_063e3f2592,14,1,2025-01-13 16:26:00.000000
DEV_0649ed8c2b,14,1,2025-04-07 18:57:23.000000
DEV_064af25711,2,1,2025-07-10 01:26:19.000000
DEV_065ddb7190,11,1,2025-01-05 13:37:08.000000
DEV_0664837812,13,1,2025-01-18 03:01:19.000000
DEV_0664c03872,12,1,2025-01-29 20:15:53.000000
DEV_066edfa281,17,1,2025-02-04 11:24:17.000000
DEV_0670131284,7,1,2025-01-20 22:37:27.000000
DEV_067d46d926,10,1,2025-02-06 16:19:52.000000
DEV_067de7448a,3,1,2025-06-06 19:40:57.000000
DEV_068009a6d0,9,1,2025-02-18 00:55:39.000000
DEV_06859e48f7,11,1,2025-01-26 16:32:27.000000
DEV_068f767a62,11,1,2025-01-03 19:26:42.000000
DEV_06937ffbd0,15,1,2025-01-16 09:09:28.000000
DEV_0697eabdf9,11,1,2025-03-15 21:43:49.000000
DEV_06a6b46d20,21,1,2025-01-01 20:44:53.000000
DEV_06a7e91fc2,6,1,2025-02-25 17:47:55.000000
DEV_06c11decbb,9,1,2025-02-05 05:24:02.000000
DEV_06d23db5e9,14,1,2025-01-29 01:25:52.000000
DEV_06d835552e,14,1,2025-02-18 05:30:41.000000
DEV_06de0a33e4,11,1,2025-04-23 09:04:10.000000
DEV_06e37b7932,10,1,2025-02-14 19:19:50.000000
DEV_06eaa9024c,11,1,2025-02-21 16:05:48.000000
DEV_06f20a113e,13,1,2025-01-06 09:11:34.000000
DEV_06f4c8376e,14,1,2025-02-01 08:10:31.000000
DEV_06f6f9119e,18,1,2025-01-06 11:57:37.000000
DEV_06f9177b24,18,1,2025-01-13 21:42:17.000000
DEV_06fa741c52,8,1,2025-02-22 23:42:49.000000
DEV_06fed3fa09,13,1,2025-01-19 03:11:22.000000
DEV_06ffdf1b8a,2,1,2025-02-03 08:10:49.000000
DEV_0706f8e402,12,1,2025-01-02 17:29:25.000000
DEV_0709d11967,10,1,2025-01-16 06:41:51.000000
DEV_071136a8a5,11,1,2025-02-03 05:36:46.000000
DEV_07209ee040,14,1,2025-03-18 07:50:10.000000
DEV_07306ec576,17,1,2025-01-01 21:17:42.000000
DEV_0731fd06cf,8,1,2025-01-21 21:02:12.000000
DEV_0736b4776f,8,1,2025-02-11 23:16:05.000000
DEV_0739da79e3,17,1,2025-01-30 23:58:31.000000
DEV_073b6d9db1,13,1,2025-01-13 15:00:31.000000
DEV_0742b60e86,8,1,2025-02-12 05:12:22.000000
DEV_074bb0400b,19,1,2025-01-12 01:23:49.000000
DEV_075177adcd,7,1,2025-01-25 11:49:18.000000
DEV_0756cdf3b2,17,1,2025-01-01 04:55:21.000000
DEV_0773dd3079,12,1,2025-01-09 21:52:11.000000
DEV_077d642b80,11,1,2025-01-19 23:22:06.000000
DEV_077e220f11,20,1,2025-01-10 23:54:36.000000
DEV_0785fa2617,21,1,2025-01-01 08:47:19.000000
DEV_07868f6dd5,20,1,2025-01-10 13:25:57.000000
DEV_078d1d3458,12,1,2025-01-31 13:51:41.000000
DEV_078ea7322e,9,1,2025-01-10 16:42:27.000000
DEV_0792318c25,16,1,2025-01-16 00:04:45.000000
DEV_0793128aba,20,1,2025-01-24 03:58:05.000000
DEV_079522b600,10,1,2025-01-02 05:03:01.000000
DEV_079a70cfb8,9,1,2025-01-01 15:39:15.000000
DEV_079d156c44,6,1,2025-03-04 16:10:33.000000
DEV_07a5b1cb8b,12,1,2025-03-04 10:07:44.000000
DEV_07a6a927e3,8,1,2025-02-25 15:52:44.000000
DEV_07ab3e41ef,11,1,2025-01-03 03:41:27.000000
DEV_07af2db1eb,16,1,2025-01-27 05:40:56.000000
DEV_07b7996ba7,10,1,2025-01-18 03:04:40.000000
DEV_07c29376e7,10,1,2025-03-03 02:57:10.000000
DEV_07c4208a67,12,1,2025-01-01 11:23:35.000000
DEV_07cfa81ce4,6,1,2025-02-13 11:12:41.000000
DEV_07d092900d,8,1,2025-04-23 19:21:37.000000
DEV_07dcaae0bc,16,1,2025-04-06 00:18:36.000000
DEV_07e09d9f5e,11,1,2025-01-18 03:14:55.000000
DEV_07e09e45ff,18,1,2025-01-06 15:43:20.000000
DEV_07ea9697f3,16,1,2025-01-18 20:26:48.000000
DEV_07ed1ae6ce,17,1,2025-01-06 03:34:55.000000
DEV_07f9c5f971,10,1,2025-03-04 22:40:14.000000
DEV_08049596a4,17,1,2025-02-04 01:44:51.000000
DEV_080d215218,10,1,2025-01-25 19:10:50.000000
DEV_0832842350,11,1,2025-02-02 06:00:24.000000
DEV_083afe53e7,11,1,2025-01-28 16:20:58.000000
DEV_083bd81bf0,9,1,2025-01-25 12:12:18.000000
DEV_083cafcdaa,12,1,2025-01-10 14:51:12.000000
DEV_08405c86cd,12,1,2025-01-09 12:13:17.000000
DEV_084329c4ac,8,1,2025-02-18 01:15:39.000000
DEV_0844613ce6,15,1,2025-02-12 07:19:29.000000
DEV_084ddfc3b1,16,1,2025-01-14 11:57:33.000000
DEV_0854daecf8,12,1,2025-01-24 20:39:46.000000
DEV_0860ebba46,10,1,2025-01-16 01:40:12.000000
DEV_0864efe309,7,1,2025-01-05 18:35:33.000000
DEV_08675acc40,8,1,2025-01-06 05:35:35.000000
DEV_086762ba8a,11,1,2025-01-28 13:52:46.000000
DEV_086a437c3a,10,1,2025-01-07 06:03:12.000000
DEV_0872a5fc27,1,1,2025-07-13 07:13:59.000000
DEV_0880250cfc,11,1,2025-01-09 19:37:35.000000
DEV_0884c5b5ce,2,1,2025-01-26 23:44:42.000000
DEV_0885338a46,15,1,2025-01-21 23:07:45.000000
DEV_088bc05e5f,2,1,2025-01-25 20:55:41.000000
DEV_08945f0400,18,1,2025-02-02 18:42:08.000000
DEV_0895ec72f7,18,1,2025-01-19 02:15:26.000000
DEV_0898d94a90,10,1,2025-03-03 08:45:04.000000
DEV_089d08b2d8,17,1,2025-01-31 03:00:55.000000
DEV_08a330f579,9,1,2025-01-24 20:34:12.000000
DEV_08a5ea6d25,10,1,2025-01-11 23:21:37.000000
DEV_08ab00e76b,13,1,2025-01-29 23:01:33.000000
DEV_08b5598d8e,8,1,2025-01-03 11:28:47.000000
DEV_08bafb63fe,13,1,2025-02-01 15:24:24.000000
DEV_08bbfe1f00,16,1,2025-01-19 07:21:49.000000
DEV_08d2a3fc57,10,1,2025-01-21 09:29:50.000000
DEV_08d4d30c42,12,1,2025-02-08 17:46:33.000000
DEV_08dc5f8631,17,1,2025-01-07 04:14:35.000000
DEV_08e0df21f6,10,1,2025-02-26 03:38:30.000000
DEV_08e9018ee6,10,1,2025-01-29 20:22:58.000000
DEV_08eec633a0,21,1,2025-01-18 02:31:02.000000
DEV_0907cd9c20,10,1,2025-02-08 09:20:47.000000
DEV_091781bc4f,10,1,2025-01-08 01:53:47.000000
DEV_091d9b6375,4,1,2025-02-10 12:21:31.000000
DEV_0921827992,13,1,2025-01-08 05:39:20.000000
DEV_0932307a88,15,1,2025-01-15 22:14:32.000000
DEV_095ce26591,5,2,2025-08-07 02:43:27.158018
DEV_095fadf745,13,1,2025-03-29 00:16:54.000000
DEV_0963a3443a,10,1,2025-01-02 02:42:08.000000
DEV_09662c2bbb,11,1,2025-01-10 12:42:32.000000
DEV_096bca0ecc,10,1,2025-02-01 04:42:34.000000
DEV_0997ede811,9,1,2025-01-07 00:52:12.000000
DEV_099f1caf8b,11,1,2025-01-15 03:05:57.000000
DEV_09a3e5c67e,16,1,2025-03-25 20:30:24.000000
DEV_09bcd259d8,1,1,2025-07-20 01:46:09.000000
DEV_09c6628529,13,1,2025-01-01 19:09:13.000000
DEV_09d6422f6a,3,1,2025-01-16 11:46:42.242483
DEV_09e9a248c1,12,1,2025-01-21 23:52:49.000000
DEV_09fb7cad60,5,1,2025-01-20 21:31:09.000000
DEV_0a04f4054f,13,1,2025-02-17 09:54:13.000000
DEV_0a079d3a00,16,1,2025-01-05 00:52:59.000000
DEV_0a23fc1c82,13,1,2025-01-06 19:18:34.000000
DEV_0a2d9aaad0,2,1,2025-07-20 05:43:49.000000
DEV_0a391a8fc8,8,1,2025-02-06 01:28:08.000000
DEV_0a40dd31a2,13,1,2025-01-26 05:56:53.000000
DEV_0a4196d80f,12,1,2025-01-01 12:28:54.000000
DEV_0a4f5e34e8,15,1,2025-01-10 11:14:00.000000
DEV_0a511289c1,10,1,2025-01-22 21:51:15.000000
DEV_0a537beac2,14,1,2025-01-02 20:18:42.000000
DEV_0a5496c8aa,14,1,2025-01-01 22:16:58.000000
DEV_0a590e06d5,15,1,2025-01-07 17:40:07.000000
DEV_0a6699c481,18,1,2025-01-30 18:28:35.000000
DEV_0a73652426,18,1,2025-01-08 10:29:18.000000
DEV_0a8c6927c0,10,1,2025-01-10 17:03:13.000000
DEV_0aa4a07cd8,11,1,2025-01-08 18:53:46.000000
DEV_0aad75f5cf,10,1,2025-01-20 23:15:05.000000
DEV_0aba88a102,12,1,2025-01-18 22:33:44.000000
DEV_0abc7048d4,7,1,2025-01-30 04:55:47.000000
DEV_0ac1ea58e9,16,1,2025-01-13 07:57:35.000000
DEV_0acae7289d,12,1,2025-01-01 07:37:08.000000
DEV_0acc625f20,12,1,2025-01-08 04:30:36.000000
DEV_0adde3424b,18,1,2025-01-07 05:04:43.000000
DEV_0adeb324db,23,1,2025-01-11 00:15:29.000000
DEV_0ae0c0e37c,9,1,2025-02-04 11:50:22.000000
DEV_0ae439cfbd,7,1,2025-01-24 08:17:38.000000
DEV_0ae479b4a7,14,1,2025-01-04 06:48:32.000000
DEV_0ae6d4ca89,16,1,2025-01-01 23:50:04.000000
DEV_0af00a0659,11,1,2025-01-31 05:43:55.000000
DEV_0afe78e245,9,1,2025-01-10 06:09:43.000000
DEV_0b0769c8ea,11,1,2025-01-13 19:53:32.000000
DEV_0b20acdce1,11,1,2025-01-27 21:02:42.000000
DEV_0b21235ab5,13,1,2025-01-14 11:24:33.000000
DEV_0b27d988fb,9,1,2025-01-13 23:15:26.000000
DEV_0b2a7c9d68,9,1,2025-01-22 21:16:53.000000
DEV_0b3375b30d,15,1,2025-01-31 17:40:14.000000
DEV_0b389013bb,15,1,2025-01-06 15:15:18.000000
DEV_0b396a4778,13,1,2025-01-04 10:10:15.000000
DEV_0b39887ffd,8,1,2025-01-26 07:18:47.000000
DEV_0b3cf8aebe,8,1,2025-01-01 07:21:22.000000
DEV_0b40acbb68,10,1,2025-01-26 18:47:24.000000
DEV_0b4affca26,11,1,2025-02-22 07:36:28.000000
DEV_0b4bc0e919,7,1,2025-04-11 01:17:06.000000
DEV_0b4dce5abc,12,1,2025-01-04 14:13:42.000000
DEV_0b4fc09680,17,1,2025-01-07 19:55:58.000000
DEV_0b542a4e4d,12,1,2025-02-09 03:40:23.000000
DEV_0b54691cd4,9,1,2025-01-04 13:46:18.000000
DEV_0b557c0ed4,15,1,2025-01-11 17:18:53.000000
DEV_0b5b3aed15,6,1,2025-02-24 08:30:59.000000
DEV_0b5d006359,9,1,2025-01-05 03:15:20.000000
DEV_0b5f2c6e51,11,1,2025-01-12 23:01:18.000000
DEV_0b69fa2d5e,15,1,2025-01-28 14:09:47.000000
DEV_0b6b91b357,12,1,2025-01-21 18:10:53.000000
DEV_0b76a3bbb9,10,1,2025-01-30 02:47:02.000000
DEV_0b814b2c66,15,1,2025-01-06 06:10:03.000000
DEV_0b838aaae5,13,1,2025-01-03 23:34:02.000000
DEV_0b843b485b,12,1,2025-01-01 18:09:43.000000
DEV_0b86a58cb6,9,1,2025-02-09 02:58:28.000000
DEV_0b89b77ccc,15,1,2025-02-01 12:29:06.000000
DEV_0b8d6aad77,9,1,2025-01-04 04:37:33.000000
DEV_0b926ff3a5,12,1,2025-03-18 15:43:32.000000
DEV_0b95e21076,9,1,2025-01-02 20:27:36.000000
DEV_0b97a879dc,12,1,2025-02-05 07:59:06.000000
DEV_0b97fcb3c8,15,1,2025-01-11 23:37:40.000000
DEV_0ba45ae7fc,12,1,2025-01-13 00:10:49.000000
DEV_0bb5d6505f,9,1,2025-01-09 05:54:51.000000
DEV_0bc18b001c,15,1,2025-02-07 17:23:17.000000
DEV_0bc46785f6,11,1,2025-01-27 06:54:04.000000
DEV_0bc63a7402,2,1,2025-01-31 03:11:34.000000
DEV_0bc6befbcd,19,1,2025-01-26 21:52:48.000000
DEV_0bcfb00178,11,1,2025-02-17 05:36:35.000000
DEV_0bd121f383,4,1,2025-03-09 18:41:50.000000
DEV_0bd235d02e,12,1,2025-02-27 02:09:01.000000
DEV_0bd8611e16,6,1,2025-02-01 02:43:48.000000
DEV_0bde519120,16,1,2025-01-13 17:04:32.000000
DEV_0be486b33c,13,1,2025-03-26 00:59:09.000000
DEV_0bec05f31d,11,1,2025-01-23 05:04:04.000000
DEV_0bee7779ae,14,1,2025-02-01 00:43:10.000000
DEV_0bf2055b8f,8,1,2025-03-31 06:40:04.000000
DEV_0c0945ca71,11,1,2025-01-19 03:44:52.000000
DEV_0c0b6ccf8f,7,1,2025-02-12 19:20:17.000000
DEV_0c1575149c,17,1,2025-01-16 12:53:30.000000
DEV_0c1b0c8f9f,15,1,2025-01-11 19:02:10.000000
DEV_0c26aebdbd,19,1,2025-01-20 09:48:51.000000
DEV_0c35701b1a,11,1,2025-01-03 08:23:40.000000
DEV_0c37921071,13,1,2025-01-22 09:11:49.000000
DEV_0c3f3035fc,7,1,2025-02-11 15:16:47.000000
DEV_0c50df2bb2,16,1,2025-01-17 04:54:35.000000
DEV_0c675183c1,8,1,2025-01-07 09:07:16.000000
DEV_0c6a3c67f4,9,1,2025-01-02 21:37:24.000000
DEV_0c79dbc358,13,1,2025-02-17 13:16:03.000000
DEV_0c7ce4b948,13,1,2025-03-05 15:51:55.000000
DEV_0c831cad70,13,1,2025-02-03 07:02:47.000000
DEV_0c8837baf8,14,1,2025-01-18 17:26:55.000000
DEV_0c8e6d5eb2,13,1,2025-01-12 14:42:25.000000
DEV_0c915a9d78,8,1,2025-01-22 08:52:53.000000
DEV_0c9539d28c,10,1,2025-01-10 17:06:36.000000
DEV_0c9e6754d3,13,1,2025-02-17 01:44:05.000000
DEV_0ca2190732,15,1,2025-02-01 20:57:30.000000
DEV_0ca83d2dca,9,1,2025-01-19 06:57:04.000000
DEV_0cacf579e9,8,1,2025-01-11 15:25:45.000000
DEV_0caee3134b,15,1,2025-01-23 18:33:31.000000
DEV_0cba8881bc,13,1,2025-01-21 10:08:39.000000
DEV_0cc3fc25c0,6,1,2025-02-01 17:40:17.000000
DEV_0cc7fa7c34,11,1,2025-02-20 04:54:26.000000
DEV_0cccef19a7,13,1,2025-01-19 00:56:44.000000
DEV_0cd417ae91,12,1,2025-02-12 04:36:46.000000
DEV_0cdb4c3085,7,1,2025-03-05 06:20:03.000000
DEV_0ce70a6de5,14,1,2025-01-06 12:39:30.000000
DEV_0ce9c8c08f,10,1,2025-04-15 05:23:57.000000
DEV_0cf68ceb0c,8,1,2025-02-18 08:25:19.000000
DEV_0cf766ead6,1,1,2025-04-22 11:00:03.000000
DEV_0cff86a742,5,1,2025-01-23 13:16:05.000000
DEV_0d268fca41,11,1,2025-01-22 19:08:36.000000
DEV_0d2904f13f,16,1,2025-01-03 00:52:13.000000
DEV_0d29d9fa1f,18,1,2025-01-03 09:36:55.000000
DEV_0d2a614c26,10,1,2025-01-29 09:54:38.000000
DEV_0d3071fdb0,11,1,2025-02-01 04:22:50.000000
DEV_0d31ba924f,13,1,2025-02-11 17:29:38.000000
DEV_0d350e807e,10,1,2025-01-18 03:19:13.000000
DEV_0d4b659806,14,1,2025-01-05 03:04:45.000000
DEV_0d4d028a40,21,1,2025-01-02 05:57:48.000000
DEV_0d5a2f20d3,15,1,2025-01-01 18:23:42.000000
DEV_0d73c58eb5,1,1,2025-01-02 10:46:27.000000
DEV_0d7eff0da4,13,1,2025-01-03 23:01:43.000000
DEV_0d861fdd61,15,1,2025-01-05 04:22:33.000000
DEV_0d86aaa08f,7,1,2025-02-11 19:17:47.000000
DEV_0d8c5d3970,23,1,2025-01-15 00:14:37.000000
DEV_0d8cfcb2af,11,1,2025-01-13 02:57:42.000000
DEV_0d8e799532,10,1,2025-01-15 16:34:52.000000
DEV_0d8fdf2e37,9,1,2025-01-17 01:43:35.000000
DEV_0dac7ace27,8,1,2025-01-09 12:01:32.000000
DEV_0dad0cd3db,10,1,2025-02-20 22:06:04.000000
DEV_0db6602813,17,1,2025-01-09 17:37:23.000000
DEV_0dbadaee60,13,1,2025-01-02 04:39:09.000000
DEV_0dbba21ada,19,1,2025-01-03 11:46:01.000000
DEV_0dbc65114c,6,1,2025-01-27 17:22:27.000000
DEV_0dc23c9170,18,1,2025-01-02 10:41:03.000000
DEV_0dca5343e6,10,1,2025-02-02 00:50:50.000000
DEV_0dde4ea262,6,1,2025-03-05 18:12:59.000000
DEV_0dde8c656e,13,1,2025-01-10 10:05:14.000000
DEV_0de40eed49,15,1,2025-01-02 12:51:29.000000
DEV_0dea55b668,11,1,2025-03-01 02:00:52.000000
DEV_0dec7a1bfa,12,1,2025-01-09 03:49:21.000000
DEV_0df08dd5f4,12,1,2025-01-31 18:56:33.000000
DEV_0df3a80a3e,12,1,2025-01-22 06:07:49.000000
DEV_0df3cd7043,10,1,2025-03-09 12:41:56.000000
DEV_0df4c3c103,13,1,2025-01-08 13:34:43.000000
DEV_0e07e8d5c1,12,1,2025-01-19 13:29:12.000000
DEV_0e2378ef34,3,1,2025-06-01 19:40:38.000000
DEV_0e325d8ade,8,1,2025-01-25 21:25:21.000000
DEV_0e3a2d8ff4,14,1,2025-02-16 13:18:16.000000
DEV_0e441995c5,18,1,2025-01-14 16:01:08.000000
DEV_0e47e34cab,7,1,2025-01-10 10:23:56.000000
DEV_0e5055367b,19,1,2025-01-13 13:16:58.000000
DEV_0e58759cfe,7,1,2025-03-07 20:31:00.000000
DEV_0e5d016c7b,15,1,2025-02-25 16:14:13.000000
DEV_0e7fc89538,11,1,2025-02-20 08:24:10.000000
DEV_0e8397281b,15,1,2025-01-12 17:07:23.000000
DEV_0e85e67802,13,1,2025-04-04 18:28:11.000000
DEV_0e897274be,10,1,2025-01-26 10:37:57.000000
DEV_0e8ad37562,11,1,2025-03-15 17:44:04.000000
DEV_0e8b897bd5,14,1,2025-01-14 11:04:36.000000
DEV_0e94f95f23,10,1,2025-02-11 16:42:49.000000
DEV_0eb04ff7c1,9,1,2025-01-02 07:06:24.000000
DEV_0eb1672489,11,1,2025-01-03 10:00:38.000000
DEV_0ebd283082,11,1,2025-01-27 00:14:48.000000
DEV_0ebf8be5c1,8,1,2025-01-05 01:39:35.000000
DEV_0ebfe4356e,14,1,2025-01-09 07:11:44.000000
DEV_0ed5f2d5c3,6,1,2025-01-09 15:11:23.000000
DEV_0ed7796e46,10,1,2025-01-05 01:10:02.000000
DEV_0eddfaa017,13,1,2025-01-28 01:26:42.000000
DEV_0ee41d46cc,14,1,2025-01-09 14:44:14.000000
DEV_0ee563eda0,6,1,2025-05-14 14:43:49.000000
DEV_0ee799ffdb,3,1,2025-01-02 18:52:24.000000
DEV_0ef52a6138,12,1,2025-01-12 16:44:53.000000
DEV_0ef85abfb2,11,1,2025-01-22 15:17:48.000000
DEV_0efd50116f,15,1,2025-02-03 20:57:41.000000
DEV_0f0f096920,16,1,2025-01-08 05:50:37.000000
DEV_0f14a11e92,9,1,2025-01-18 11:44:14.000000
DEV_0f2cfe53ef,11,1,2025-01-24 07:12:09.000000
DEV_0f37123308,9,1,2025-02-25 09:11:38.000000
DEV_0f3b698f19,12,1,2025-01-09 16:59:24.000000
DEV_0f3b8e8c64,3,1,2025-01-24 20:23:58.000000
DEV_0f3cb05a8b,23,1,2025-01-13 14:02:42.000000
DEV_0f3d13858b,8,1,2025-02-03 05:35:10.000000
DEV_0f3ede773b,16,1,2025-01-01 14:44:28.000000
DEV_0f3f2135ba,14,1,2025-01-06 10:28:07.000000
DEV_0f4b07ab95,13,1,2025-01-10 07:00:58.000000
DEV_0f54461072,9,1,2025-01-27 13:07:33.000000
DEV_0f5957937a,8,1,2025-01-24 08:04:29.000000
DEV_0f678f274e,13,1,2025-01-08 23:13:28.000000
DEV_0f6e9109fa,10,1,2025-01-10 02:23:59.000000
DEV_0f76b93edf,5,1,2025-01-02 00:19:26.000000
DEV_0f78c93ac8,7,1,2025-03-21 18:52:54.000000
DEV_0f797e069a,15,1,2025-01-18 07:47:23.000000
DEV_0f7cbf71c9,15,1,2025-01-14 16:21:53.000000
DEV_0f7cf409ab,14,1,2025-01-08 20:20:45.000000
DEV_0f9e1e1890,13,1,2025-01-23 04:01:40.000000
DEV_0fa564ef63,10,1,2025-03-06 21:56:10.000000
DEV_0faadf8969,12,1,2025-01-13 16:00:18.000000
DEV_0faee9e09c,13,1,2025-01-05 04:26:05.000000
DEV_0fb011e821,18,1,2025-01-07 11:14:34.000000
DEV_0fb52373f2,16,1,2025-01-09 10:16:41.000000
DEV_0fcb3eff30,12,1,2025-01-12 06:52:32.000000
DEV_0fd073fe30,8,1,2025-04-03 03:52:11.000000
DEV_0fd2c96c91,12,1,2025-01-07 11:21:58.000000
DEV_0fd34187f9,8,1,2025-03-02 00:45:59.000000
DEV_0fd357ff25,18,1,2025-01-01 06:15:03.000000
DEV_0fdac1f731,16,1,2025-01-01 03:51:28.000000
DEV_0fe176a70e,26,1,2025-01-08 00:08:31.000000
DEV_0fed294a80,4,1,2025-07-19 05:01:38.141996
DEV_0ff0596273,10,1,2025-02-03 08:01:58.000000
DEV_0ff8dc01e7,7,1,2025-02-03 16:39:59.000000
DEV_0ffc707281,8,1,2025-01-22 15:32:52.000000
DEV_0ffca1110f,1,1,2025-09-17 18:36:51.000000
DEV_100dbc7844,11,1,2025-01-21 05:54:50.000000
DEV_100fef3dbf,7,1,2025-01-06 09:27:10.000000
DEV_101313b005,13,1,2025-01-13 10:54:46.000000
DEV_10176cd97e,14,1,2025-02-18 21:19:44.000000
DEV_103ca91302,8,1,2025-01-02 12:03:54.000000
DEV_103f9d3e20,4,2,2025-03-31 22:33:12.926128
DEV_103f9fb464,12,1,2025-01-02 21:19:32.000000
DEV_1040b8b1af,10,1,2025-02-27 20:42:38.000000
DEV_1043e532f1,10,1,2025-01-30 10:54:42.000000
DEV_1045167a37,19,1,2025-01-09 17:44:44.000000
DEV_104f8d60a0,17,1,2025-01-29 20:48:32.000000
DEV_105c793d6a,8,1,2025-01-01 10:56:55.000000
DEV_1066a82bcc,7,1,2025-01-24 01:23:40.000000
DEV_1069262dc9,17,1,2025-01-17 04:31:37.000000
DEV_106b42e0d6,9,1,2025-02-28 19:00:57.000000
DEV_107040cdee,13,1,2025-01-22 18:10:40.000000
DEV_10753a5365,14,1,2025-02-26 19:02:16.000000
DEV_107892bf9c,12,1,2025-03-18 14:12:48.000000
DEV_107c1336e9,8,1,2025-02-21 03:59:31.000000
DEV_1080e8a009,23,1,2025-02-06 18:19:00.000000
DEV_1082913055,7,1,2025-02-02 06:37:37.000000
DEV_10891ddde2,14,1,2025-01-04 04:09:24.000000
DEV_1099842fb9,7,1,2025-01-20 20:27:23.000000
DEV_10a8f58315,12,1,2025-01-03 10:07:55.000000
DEV_10ae9792cc,8,1,2025-01-29 04:12:19.000000
DEV_10b6a31b1f,2,1,2025-10-18 22:15:32.000000
DEV_10b78902b8,6,1,2025-01-13 01:43:54.000000
DEV_10b7cd2d4f,11,1,2025-01-14 08:07:19.000000
DEV_10bc10444a,9,1,2025-02-04 17:52:09.000000
DEV_10d61a2bd1,10,1,2025-01-07 00:47:53.000000
DEV_10d70cef63,7,1,2025-02-27 05:47:53.000000
DEV_10d9a9b211,10,1,2025-02-18 10:20:17.000000
DEV_10da5a1c76,11,1,2025-01-25 13:03:10.000000
DEV_10dc547630,3,1,2025-02-23 02:34:57.000000
DEV_10e055be64,13,1,2025-01-15 02:41:42.000000
DEV_10e2902ea8,10,1,2025-02-25 08:18:33.000000
DEV_10ee4ae5f8,17,1,2025-01-20 04:39:04.000000
DEV_10eed4b2de,19,1,2025-01-17 18:41:25.000000
DEV_10f2581e61,12,1,2025-01-25 02:57:09.000000
DEV_10f3b59f43,9,1,2025-01-21 05:41:55.000000
DEV_10f9315188,18,1,2025-01-05 23:14:15.000000
DEV_10fcb913b3,9,1,2025-02-13 10:51:27.000000
DEV_1104e144df,12,1,2025-01-03 21:23:36.000000
DEV_110fd8c601,17,1,2025-01-05 23:59:42.000000
DEV_111a7d9a0f,18,1,2025-02-05 06:29:12.000000
DEV_112121892f,12,1,2025-01-17 12:24:43.000000
DEV_1121929a4a,8,1,2025-01-03 17:02:26.000000
DEV_1121f57a43,8,1,2025-01-18 18:35:51.000000
DEV_1132186eb8,17,1,2025-01-28 15:41:01.000000
DEV_114983f571,10,1,2025-01-12 12:55:18.000000
DEV_1149d82987,8,1,2025-04-14 01:15:48.000000
DEV_114a7a9e50,18,1,2025-01-28 16:10:42.000000
DEV_115035cdec,17,1,2025-02-07 08:44:22.000000
DEV_11531b6a28,9,1,2025-01-01 20:46:22.000000
DEV_1166e885f6,10,1,2025-02-12 07:42:59.000000
DEV_117755c797,13,1,2025-01-12 03:19:00.000000
DEV_1184c11202,8,1,2025-02-16 11:00:06.000000
DEV_118595d609,6,1,2025-02-02 12:52:14.000000
DEV_1189bc453d,11,1,2025-01-03 06:32:19.000000
DEV_118b622cc9,12,1,2025-01-19 08:00:22.000000
DEV_119410ddb3,14,1,2025-02-05 16:18:00.000000
DEV_11988c78fa,15,1,2025-01-09 08:10:17.000000
DEV_11a82f9e2e,8,1,2025-03-04 01:09:29.000000
DEV_11b2351840,9,1,2025-01-22 11:05:02.000000
DEV_11b40c6761,14,1,2025-01-15 14:20:12.000000
DEV_11bb51d594,11,1,2025-02-13 21:51:00.000000
DEV_11c1af0116,10,1,2025-03-19 22:59:02.000000
DEV_11cb78b65d,7,1,2025-01-31 05:01:22.000000
DEV_11ec03c96c,13,1,2025-01-02 01:12:38.000000
DEV_11f2097ce8,14,1,2025-01-10 15:46:26.000000
DEV_1201aa7fe9,5,1,2025-01-24 10:46:13.000000
DEV_120d26d386,13,1,2025-01-18 14:00:43.000000
DEV_12168ca594,10,1,2025-01-17 01:56:14.000000
DEV_121f678d52,13,1,2025-01-15 01:45:04.000000
DEV_1229807a45,1,1,2025-04-10 04:18:17.000000
DEV_122ebaee7c,12,1,2025-01-14 17:43:57.000000
DEV_123a49e961,15,1,2025-01-05 16:58:59.000000
DEV_1243b944f6,3,1,2025-01-03 21:53:42.000000
DEV_124752b145,11,1,2025-01-18 13:49:07.000000
DEV_125b57a426,7,1,2025-02-13 01:59:09.000000
DEV_12613602c4,8,1,2025-01-23 10:13:45.000000
DEV_126215d0b2,9,1,2025-03-03 00:50:14.000000
DEV_12653c9ec2,11,1,2025-02-07 21:17:07.000000
DEV_126f9958b4,15,1,2025-01-12 06:54:22.000000
DEV_127318283f,14,1,2025-01-11 22:25:37.000000
DEV_12790eba9d,9,1,2025-01-20 14:29:21.000000
DEV_1279579ae3,11,1,2025-01-11 14:59:13.000000
DEV_1282e2a14a,13,1,2025-02-06 16:28:22.000000
DEV_1295dba303,7,1,2025-02-11 08:37:39.000000
DEV_12a88142fe,6,1,2025-01-30 10:31:42.000000
DEV_12aa80fb79,11,1,2025-01-20 13:00:44.000000
DEV_12ae374891,10,1,2025-01-25 04:20:12.000000
DEV_12b4778331,8,1,2025-04-14 03:33:49.000000
DEV_12c0d22232,8,1,2025-05-16 15:51:41.000000
DEV_12c2b62cda,13,1,2025-01-05 13:44:56.000000
DEV_12c8870fc5,9,1,2025-01-21 01:23:33.000000
DEV_12d4211824,12,1,2025-02-28 09:47:27.000000
DEV_12d8fb7bd5,5,1,2025-01-17 16:59:14.000000
DEV_12dc0f1b7f,18,1,2025-02-23 02:43:12.000000
DEV_12e38d15cc,1,1,2025-05-15 19:23:18.000000
DEV_12e4c7d4d5,10,1,2025-01-29 01:02:06.000000
DEV_12e660e679,12,1,2025-01-02 05:38:54.000000
DEV_12ed4becfb,13,1,2025-01-09 23:01:13.000000
DEV_12fd37d4b3,13,1,2025-01-21 17:51:59.000000
DEV_12fdb933ca,9,1,2025-01-20 02:37:49.000000
DEV_1307d0ec2e,16,1,2025-01-12 14:30:34.000000
DEV_130ae2ca05,12,1,2025-02-10 21:58:52.000000
DEV_13102167de,1,1,2025-08-14 00:25:55.000000
DEV_131bcd07af,12,1,2025-03-31 17:34:47.000000
DEV_131bd472a5,13,1,2025-01-24 07:20:56.000000
DEV_132cadd72a,14,1,2025-01-10 12:02:44.000000
DEV_1336652efa,11,1,2025-04-02 21:01:18.000000
DEV_133c5da01e,18,1,2025-01-11 19:13:04.000000
DEV_133ccb4a16,8,1,2025-04-08 13:58:06.000000
DEV_1344c1a085,10,1,2025-01-11 00:19:19.000000
DEV_13462c549e,11,1,2025-01-04 05:14:23.000000
DEV_1350aa93c7,11,1,2025-01-05 03:28:52.000000
DEV_135433601c,15,1,2025-01-04 19:38:32.000000
DEV_1355ff8372,8,1,2025-02-10 22:35:21.000000
DEV_136004e49d,11,1,2025-01-19 02:55:33.000000
DEV_13618b817d,25,1,2025-01-03 10:16:07.000000
DEV_1366b17ebc,15,1,2025-01-24 16:58:00.000000
DEV_13777b2d0b,13,1,2025-01-05 20:59:32.000000
DEV_13805a2505,17,1,2025-01-23 01:14:41.000000
DEV_138a99d17b,11,1,2025-01-01 01:30:46.000000
DEV_139030cbca,20,1,2025-01-09 01:06:37.000000
DEV_1390424ec6,17,1,2025-01-20 21:15:04.000000
DEV_139b39589f,10,1,2025-03-19 15:28:23.000000
DEV_13aa3760e1,11,1,2025-01-21 20:01:53.000000
DEV_13b81f2638,15,1,2025-02-05 14:46:44.000000
DEV_13bc0554c0,15,1,2025-01-01 20:12:41.000000
DEV_13c9387e23,12,1,2025-01-03 10:26:08.000000
DEV_13d3e036e1,18,1,2025-01-01 06:09:49.000000
DEV_13e4326196,7,1,2025-03-10 14:22:38.000000
DEV_13e6bfc5bc,1,1,2025-10-20 18:49:23.000000
DEV_13f0fa29ec,17,1,2025-01-05 01:25:33.000000
DEV_13f6245d0b,9,1,2025-01-23 21:01:54.000000
DEV_14089bfaad,14,1,2025-01-02 04:57:29.000000
DEV_1410f8f9a5,5,1,2025-02-21 00:09:47.000000
DEV_1416252814,10,1,2025-01-29 16:14:15.000000
DEV_1417b06e45,16,1,2025-01-26 06:47:21.000000
DEV_141b034843,10,1,2025-01-16 20:23:58.000000
DEV_1426679f9d,10,1,2025-01-02 19:42:40.000000
DEV_142c4e4b1b,10,1,2025-02-08 19:29:25.000000
DEV_1432b73247,18,1,2025-02-23 22:54:22.000000
DEV_14345ecce3,10,1,2025-01-04 15:11:57.000000
DEV_143d06b331,8,1,2025-04-06 12:19:33.000000
DEV_1443438605,11,1,2025-01-24 01:26:42.000000
DEV_14567eaf4a,16,1,2025-01-13 01:10:17.000000
DEV_1469003242,6,1,2025-03-07 03:01:49.000000
DEV_148cafb3b0,14,1,2025-01-20 17:42:46.000000
DEV_148f744e49,11,1,2025-01-09 00:54:59.000000
DEV_149933a432,7,1,2025-05-14 16:39:48.000000
DEV_149b49cd23,11,1,2025-02-11 11:46:35.000000
DEV_149b851618,15,1,2025-01-18 01:59:58.000000
DEV_14a3de86a3,17,1,2025-01-15 01:57:12.000000
DEV_14b0fa3c23,14,1,2025-01-16 23:42:35.000000
DEV_14c3fb4aed,1,1,2025-01-06 13:32:04.000000
DEV_14c51b8e5e,8,1,2025-04-18 07:44:49.000000
DEV_14c64efcbe,11,1,2025-01-15 09:34:20.000000
DEV_14cd71a4e9,1,1,2025-06-04 12:09:15.000000
DEV_14d49db2a2,8,1,2025-02-03 17:50:48.000000
DEV_14d5f12155,15,1,2025-01-03 17:38:48.000000
DEV_14dc458469,17,1,2025-01-09 21:20:30.000000
DEV_14e0b4611d,3,1,2025-10-26 00:10:33.000000
DEV_14ee131df6,15,1,2025-01-03 08:58:13.000000
DEV_14f0b73063,13,1,2025-01-27 16:38:46.000000
DEV_14f22d4323,9,1,2025-02-13 06:34:36.000000
DEV_14f702293a,10,1,2025-01-28 11:00:00.000000
DEV_14f87fc76d,16,1,2025-01-01 11:42:30.000000
DEV_1514dcdb00,12,1,2025-02-18 23:17:03.000000
DEV_1518b2cb98,9,1,2025-03-20 09:56:02.000000
DEV_152a96a245,5,2,2025-04-23 01:36:59.683301
DEV_15407d3c84,20,1,2025-02-01 15:30:52.000000
DEV_15409d8eeb,12,1,2025-01-14 07:51:02.000000
DEV_1545353a24,11,1,2025-01-06 05:22:44.000000
DEV_154709691e,8,1,2025-01-08 13:03:36.000000
DEV_15557a7718,9,1,2025-01-02 15:57:58.000000
DEV_156748b363,17,1,2025-01-10 13:46:45.000000
DEV_156c908d35,17,1,2025-01-05 09:52:05.000000
DEV_1575fb52f2,3,1,2025-05-09 13:38:24.000000
DEV_1577d493c3,14,5,2025-05-29 13:07:25.335692
DEV_157de1579b,13,1,2025-01-18 13:39:49.000000
DEV_157f3702af,13,1,2025-01-06 06:41:48.000000
DEV_1584f850b4,14,1,2025-02-06 17:35:50.000000
DEV_15853aa070,5,1,2025-05-19 16:05:14.000000
DEV_1585d7748a,16,1,2025-01-09 20:19:48.000000
DEV_158bc07172,19,1,2025-01-03 00:19:04.000000
DEV_158ccc6dae,11,1,2025-01-17 19:04:35.000000
DEV_15925a3fc8,8,1,2025-01-05 10:22:35.000000
DEV_15936a4743,2,1,2025-07-10 05:45:26.000000
DEV_15998bee01,16,1,2025-01-23 14:54:13.000000
DEV_15a39c5cda,13,1,2025-01-17 03:47:17.000000
DEV_15a6ee413d,7,1,2025-01-24 04:59:08.000000
DEV_15b4c568dc,17,1,2025-02-08 05:20:18.000000
DEV_15bd990549,9,1,2025-01-11 20:19:40.000000
DEV_15c1826810,13,1,2025-02-13 02:07:28.000000
DEV_15c55b6448,24,1,2025-01-04 15:00:08.000000
DEV_15db693e17,7,1,2025-01-10 14:31:30.000000
DEV_15fc4e101e,16,1,2025-01-02 00:51:25.000000
DEV_160a262fb5,7,1,2025-01-30 03:12:13.000000
DEV_160ac66975,14,1,2025-01-31 23:17:46.000000
DEV_1613e00ff9,12,1,2025-01-14 12:33:44.000000
DEV_1616949561,13,1,2025-01-17 13:55:21.000000
DEV_16196076e7,15,1,2025-01-06 02:12:28.000000
DEV_161cba8747,15,1,2025-02-27 06:48:43.000000
DEV_161f5c4790,8,1,2025-01-15 11:53:56.000000
DEV_16245dd89b,7,1,2025-03-06 03:38:36.000000
DEV_162660b3db,12,1,2025-01-12 01:17:35.000000
DEV_162bbf1cb2,17,1,2025-01-19 12:54:03.000000
DEV_163cd55191,13,1,2025-03-09 14:58:24.000000
DEV_1649f86fc8,6,1,2025-02-22 04:58:21.000000
DEV_164d55d905,16,1,2025-01-18 15:44:00.000000
DEV_1659b0db00,12,1,2025-02-11 10:59:29.000000
DEV_1672cb39b5,7,1,2025-01-10 02:07:49.000000
DEV_167590f169,8,1,2025-01-23 17:05:14.000000
DEV_1675d73e61,9,1,2025-03-19 10:44:20.000000
DEV_1679d5cfe6,12,1,2025-01-17 17:22:28.000000
DEV_167e7fa81a,11,1,2025-01-03 07:52:33.000000
DEV_1686de7417,23,1,2025-01-09 18:33:14.000000
DEV_168b92b468,14,1,2025-01-30 17:59:45.000000
DEV_168e550c75,11,1,2025-02-07 04:07:34.000000
DEV_16a37d8a78,15,1,2025-01-08 01:22:03.000000
DEV_16a453267d,6,1,2025-03-11 06:10:07.000000
DEV_16ad251f13,23,1,2025-01-18 23:06:35.000000
DEV_16b3e3aefd,10,1,2025-01-12 10:44:28.000000
DEV_16b5a7d5a9,10,1,2025-01-26 11:11:01.000000
DEV_16b70a44ef,7,1,2025-01-19 23:06:56.000000
DEV_16bc69aea6,21,1,2025-01-01 14:08:29.000000
DEV_16c359af5a,14,1,2025-01-20 06:30:31.000000
DEV_16c7ca034b,9,1,2025-02-12 20:14:05.000000
DEV_16d5ff7ae3,10,1,2025-03-14 00:14:27.000000
DEV_16e20ba64a,14,1,2025-03-29 13:10:31.000000
DEV_16ec6bb8bf,9,1,2025-04-22 00:43:06.000000
DEV_16f94dc18d,13,1,2025-01-07 08:55:13.000000
DEV_17011af95e,19,1,2025-01-07 21:49:14.000000
DEV_1708a84f3b,13,1,2025-01-23 14:24:02.000000
DEV_170f36764a,13,1,2025-01-02 10:14:17.000000
DEV_1711249306,13,1,2025-01-12 18:44:35.000000
DEV_171c4c18a2,9,1,2025-01-06 15:04:49.000000
DEV_171d4161f8,8,1,2025-01-01 07:37:27.000000
DEV_172afc9360,8,1,2025-04-17 06:27:37.000000
DEV_1735fd5787,14,1,2025-01-23 01:24:46.000000
DEV_1739b9177a,14,1,2025-01-10 07:29:39.000000
DEV_17404ebd8d,18,1,2025-01-13 00:43:45.000000
DEV_174b7b982c,9,1,2025-03-14 01:44:42.000000
DEV_1750ffa73b,15,1,2025-01-06 18:01:31.000000
DEV_1751881c02,7,1,2025-04-25 09:53:22.000000
DEV_1752fc32d8,10,1,2025-01-08 06:14:41.000000
DEV_175ef0fd25,9,1,2025-01-21 01:09:17.000000
DEV_1763053331,7,1,2025-01-15 12:30:47.000000
DEV_17630fbbe0,15,1,2025-03-11 16:50:20.000000
DEV_17658283c2,3,1,2025-01-30 00:05:11.000000
DEV_1769f378ac,10,1,2025-01-23 09:37:16.000000
DEV_176febb7ea,12,1,2025-03-05 05:54:35.000000
DEV_177ef0aa87,11,1,2025-02-09 19:40:21.000000
DEV_179f777ea9,3,1,2025-02-02 21:11:57.000000
DEV_17a0e76a7f,12,1,2025-01-12 19:09:53.000000
DEV_17b66dfcbb,15,1,2025-01-16 21:33:54.000000
DEV_17c428654f,14,1,2025-01-06 17:24:12.000000
DEV_17d36ed286,12,1,2025-03-18 20:33:47.000000
DEV_17d4c5de07,9,1,2025-01-02 18:07:24.000000
DEV_17dc47fa39,11,1,2025-01-20 02:25:23.000000
DEV_17df2a7292,12,1,2025-02-04 02:57:15.000000
DEV_17e24019fe,16,1,2025-01-14 14:49:52.000000
DEV_17ea7c365a,11,1,2025-01-15 21:02:02.000000
DEV_17ef24843b,17,1,2025-01-14 19:05:54.000000
DEV_17f393104f,18,1,2025-01-07 13:12:18.000000
DEV_17fd82f22d,19,1,2025-01-02 03:11:29.000000
DEV_17ffa6af22,13,1,2025-03-15 18:09:19.000000
DEV_18042b9bcb,11,1,2025-01-24 22:31:36.000000
DEV_180bccb863,12,1,2025-01-02 10:47:05.000000
DEV_18189c1fec,8,1,2025-01-16 07:57:17.000000
DEV_181a530173,1,1,2025-01-24 14:19:07.000000
DEV_182120d95d,20,1,2025-01-19 13:14:47.000000
DEV_182b0b87e4,17,1,2025-01-07 17:41:25.000000
DEV_1845ff6bab,10,1,2025-01-06 00:53:07.000000
DEV_186fc3cd04,8,1,2025-01-05 22:18:41.000000
DEV_187c34bb62,17,1,2025-01-08 15:41:28.000000
DEV_187f072e10,11,1,2025-01-26 04:56:21.000000
DEV_1883cf477b,12,1,2025-01-05 10:54:50.000000
DEV_1883fdf377,11,1,2025-01-10 11:06:02.000000
DEV_188e605082,19,1,2025-01-12 15:00:27.000000
DEV_18910ff8a6,11,1,2025-02-05 10:39:00.000000
DEV_189175b16d,13,1,2025-02-01 11:18:26.000000
DEV_1894a88cf8,14,1,2025-02-04 17:18:46.000000
DEV_18950fa358,12,1,2025-01-07 05:08:27.000000
DEV_18a36986ed,19,1,2025-01-13 16:41:52.000000
DEV_18a51cecbc,12,1,2025-01-10 22:02:12.000000
DEV_18a57a6c3c,11,1,2025-02-01 01:54:42.000000
DEV_18a9f1f70e,13,1,2025-02-01 20:22:56.000000
DEV_18abc98aa3,5,1,2025-03-28 02:39:21.000000
DEV_18b1030c41,16,1,2025-01-13 16:41:30.000000
DEV_18b5967c92,6,1,2025-04-09 18:01:21.000000
DEV_18b5d66ce9,13,1,2025-02-04 17:23:43.000000
DEV_18bf5c2218,11,1,2025-01-07 18:42:59.000000
DEV_18c0a87682,10,1,2025-01-07 01:27:08.000000
DEV_18c55d0c6c,12,1,2025-01-10 21:07:27.000000
DEV_18d70a0240,16,1,2025-01-09 14:45:57.000000
DEV_18d7a86342,12,1,2025-02-11 15:54:25.000000
DEV_18d8165acd,12,1,2025-01-30 11:40:03.000000
DEV_18d847f24c,17,1,2025-01-01 10:43:24.000000
DEV_18df9a4093,18,1,2025-01-16 05:32:43.000000
DEV_18e0945caf,12,1,2025-01-28 07:43:00.000000
DEV_18e5821fd7,13,1,2025-01-11 16:53:08.000000
DEV_18e63b8ce5,8,1,2025-01-25 01:40:24.000000
DEV_18f05ff613,14,1,2025-03-24 07:16:46.000000
DEV_18f32e89bd,8,1,2025-01-21 15:17:43.000000
DEV_18ff883d8e,13,1,2025-02-10 07:19:08.000000
DEV_19054cc347,12,1,2025-01-18 20:15:04.000000
DEV_190aa87b18,8,1,2025-01-07 09:35:28.000000
DEV_190f27a841,10,1,2025-01-11 12:42:00.000000
DEV_190fb5107e,8,1,2025-01-12 23:26:15.000000
DEV_191914acd2,9,1,2025-01-30 14:55:32.000000
DEV_191bf4f7cd,3,1,2025-04-13 20:31:46.000000
DEV_191cbb3919,13,1,2025-01-21 09:21:24.000000
DEV_192f7c35f7,8,1,2025-02-02 17:43:04.000000
DEV_19327905a6,8,1,2025-01-07 20:22:21.000000
DEV_193e91e292,16,1,2025-01-15 23:21:18.000000
DEV_19429f4085,3,1,2025-02-04 21:02:28.000000
DEV_1943302086,14,1,2025-02-11 07:04:03.000000
DEV_194d833ac5,1,1,2025-02-24 20:24:13.000000
DEV_194f88dfea,7,1,2025-01-23 21:25:00.000000
DEV_195266b783,8,1,2025-04-20 16:58:21.000000
DEV_1952a8ee67,16,1,2025-02-25 03:49:25.000000
DEV_1968ad01f7,13,1,2025-01-25 01:55:34.000000
DEV_1983b2d3ea,7,1,2025-03-12 07:27:49.000000
DEV_19882c5f6c,7,1,2025-03-14 04:35:39.000000
DEV_19888987fb,18,1,2025-01-03 02:49:10.000000
DEV_198ca4af93,7,1,2025-01-25 14:47:55.000000
DEV_19967558fe,15,1,2025-01-22 17:05:23.000000
DEV_199aed59ed,11,1,2025-02-11 09:04:27.000000
DEV_199e9b6b82,7,1,2025-01-12 01:46:36.000000
DEV_19a1609fdd,11,1,2025-01-31 13:58:57.000000
DEV_19a2b484bf,12,1,2025-02-21 15:17:46.000000
DEV_19a3bb5322,3,1,2025-10-29 16:06:45.000000
DEV_19acbb0d7e,10,1,2025-01-03 05:46:41.000000
DEV_19ad4f650b,11,1,2025-02-23 23:52:01.000000
DEV_19b121d522,18,1,2025-01-15 03:36:35.000000
DEV_19bdecd1f1,7,1,2025-02-02 13:26:04.000000
DEV_19c3d0b292,7,1,2025-03-19 04:25:28.000000
DEV_19c81c2a92,11,1,2025-01-24 21:40:47.000000
DEV_19df4ae1c7,6,1,2025-02-04 07:46:47.000000
DEV_19e03b485e,12,1,2025-01-16 05:00:39.000000
DEV_19e3ee7160,7,1,2025-03-11 12:53:51.000000
DEV_19e514397c,1,1,2025-05-25 22:02:06.000000
DEV_19f0ec07be,11,1,2025-01-04 19:29:13.000000
DEV_19f357c187,10,1,2025-01-10 13:52:32.000000
DEV_19ffbf33a3,12,1,2025-01-11 21:47:05.000000
DEV_1a081d0248,12,1,2025-01-14 15:42:40.000000
DEV_1a1346a622,13,1,2025-01-02 08:51:31.000000
DEV_1a1c68f260,8,1,2025-04-09 16:34:20.000000
DEV_1a1e8d0141,13,1,2025-01-15 22:24:00.000000
DEV_1a20c43524,19,1,2025-01-08 02:51:25.000000
DEV_1a34d0cc90,11,1,2025-01-20 02:44:16.000000
DEV_1a38823077,1,1,2025-08-20 18:54:25.000000
DEV_1a3d6e75d7,18,1,2025-01-06 23:21:40.000000
DEV_1a4d398354,14,1,2025-03-02 09:40:22.000000
DEV_1a4feeeeeb,17,1,2025-01-31 12:07:34.000000
DEV_1a55961095,15,1,2025-01-02 10:58:51.000000
DEV_1a56f9af84,12,1,2025-01-05 05:56:09.000000
DEV_1a5aff2f51,7,1,2025-03-05 10:28:40.000000
DEV_1a74ed7392,8,1,2025-01-24 13:29:16.000000
DEV_1a7e73c198,2,1,2025-07-04 20:44:40.000000
DEV_1a8f049f2e,16,1,2025-01-14 00:42:36.000000
DEV_1a8fe0419d,14,1,2025-02-16 02:06:49.000000
DEV_1a9bd13839,7,1,2025-01-10 13:44:23.000000
DEV_1aa7fe54be,14,1,2025-01-15 02:40:23.000000
DEV_1ac21926bd,6,1,2025-04-08 12:48:16.000000
DEV_1ac24fedb2,11,1,2025-01-20 17:41:36.000000
DEV_1ac8a879d7,11,1,2025-01-18 23:05:05.000000
DEV_1acfc46814,1,1,2025-09-23 14:57:26.000000
DEV_1ae93ec919,20,1,2025-02-24 00:21:47.000000
DEV_1aeab7d3d4,9,1,2025-02-23 17:01:38.000000
DEV_1b009f08b1,13,1,2025-01-09 00:46:04.000000
DEV_1b0231c12b,10,1,2025-02-07 01:22:04.000000
DEV_1b066c0d21,15,1,2025-01-06 01:45:03.000000
DEV_1b0aa54d85,9,1,2025-02-02 13:00:35.000000
DEV_1b0ee249ea,10,1,2025-01-24 22:17:07.000000
DEV_1b12687434,10,1,2025-01-27 03:34:56.000000
DEV_1b184bfd22,17,1,2025-01-06 15:50:57.000000
DEV_1b18756a29,17,1,2025-01-15 20:36:24.000000
DEV_1b18af0275,15,1,2025-02-03 00:34:17.000000
DEV_1b1e00a9aa,12,1,2025-02-15 00:22:53.000000
DEV_1b22bc0d87,10,1,2025-02-03 23:23:16.000000
DEV_1b26d4cdbb,13,1,2025-03-07 18:59:05.000000
DEV_1b2c5cdf16,2,1,2025-02-23 05:54:20.000000
DEV_1b386ad0e1,14,1,2025-01-03 21:17:19.000000
DEV_1b40d2486e,11,1,2025-03-18 04:48:44.000000
DEV_1b47339dcb,10,1,2025-03-30 23:55:53.000000
DEV_1b5070c4c4,10,1,2025-01-27 17:15:08.000000
DEV_1b6034c0b0,11,1,2025-04-08 05:59:50.000000
DEV_1b63fdb982,15,1,2025-02-17 22:18:42.000000
DEV_1b687581a3,8,1,2025-01-12 03:11:00.000000
DEV_1b6cbd6190,17,1,2025-01-17 11:13:18.000000
DEV_1b88cb278e,7,1,2025-02-21 20:34:37.000000
DEV_1b8faccf5c,12,1,2025-03-07 16:49:54.000000
DEV_1b938c7406,13,1,2025-01-08 11:58:36.000000
DEV_1b93ef6d87,19,1,2025-01-01 05:31:28.000000
DEV_1b94ef1269,17,1,2025-01-03 09:24:27.000000
DEV_1b9ffe36a0,12,1,2025-02-09 15:01:54.000000
DEV_1ba50c21e7,12,1,2025-01-09 13:41:12.000000
DEV_1bad98306b,14,1,2025-01-28 18:38:41.000000
DEV_1baeefaea0,8,1,2025-01-05 13:30:09.000000
DEV_1bb91a420a,9,1,2025-01-08 07:10:28.000000
DEV_1bc6ecdd55,11,1,2025-02-04 13:14:16.000000
DEV_1bca5712d3,16,1,2025-01-05 10:25:31.000000
DEV_1bd4222c6d,12,1,2025-01-20 13:43:44.000000
DEV_1bda488f16,12,1,2025-01-25 00:32:45.000000
DEV_1bdbe9d0fb,2,1,2025-07-04 01:04:02.000000
DEV_1bf8192d49,15,1,2025-01-03 02:26:06.000000
DEV_1bfc59118c,12,1,2025-02-22 22:59:50.000000
DEV_1c09fb5f14,6,1,2025-01-27 00:57:39.000000
DEV_1c0fab96b0,17,1,2025-01-17 19:58:13.000000
DEV_1c10bf530a,8,1,2025-03-09 23:17:20.000000
DEV_1c29fed6db,15,1,2025-01-18 12:38:26.000000
DEV_1c2e37d187,14,1,2025-01-06 19:43:12.000000
DEV_1c3429b093,17,1,2025-01-05 13:21:08.000000
DEV_1c3b01d5c6,6,1,2025-02-27 13:26:43.000000
DEV_1c4904c85a,1,1,2025-07-16 20:39:55.000000
DEV_1c4e6fe9b2,10,1,2025-01-02 11:23:06.000000
DEV_1c51c8b76d,13,1,2025-01-22 10:38:58.000000
DEV_1c5677dd73,14,1,2025-01-14 11:43:52.000000
DEV_1c57877149,9,1,2025-01-08 14:10:14.000000
DEV_1c59824bef,12,1,2025-01-08 00:01:09.000000
DEV_1c69923ba9,13,1,2025-01-03 10:32:41.000000
DEV_1c6aeb3e39,11,1,2025-01-21 14:56:00.000000
DEV_1c722e3e80,12,1,2025-02-18 18:39:10.000000
DEV_1c7a985ee4,11,1,2025-01-02 10:41:58.000000
DEV_1c903c9ac3,11,1,2025-01-23 04:52:21.000000
DEV_1c9437108f,12,1,2025-02-03 11:20:09.000000
DEV_1c98060d78,8,1,2025-02-13 10:47:48.000000
DEV_1cab403124,15,1,2025-02-01 20:54:55.000000
DEV_1cbfdca265,15,1,2025-01-25 20:33:33.000000
DEV_1cbff7d752,11,1,2025-01-14 23:53:19.000000
DEV_1cc3911ab0,16,1,2025-01-11 03:48:18.000000
DEV_1cd097bd2e,10,1,2025-01-13 12:52:41.000000
DEV_1cdbfccc17,15,1,2025-01-06 07:57:12.000000
DEV_1cdd170744,16,1,2025-01-02 21:07:38.000000
DEV_1ce9733da8,12,1,2025-01-14 08:53:07.000000
DEV_1cfc790839,7,1,2025-02-11 22:31:55.000000
DEV_1d0305d500,10,1,2025-01-26 15:25:29.000000
DEV_1d04ab5230,17,1,2025-02-15 17:23:04.000000
DEV_1d0fc3c0bc,13,1,2025-02-20 21:44:37.000000
DEV_1d15ed7fbe,12,1,2025-01-23 21:16:10.000000
DEV_1d1eab8b07,8,1,2025-02-04 09:55:58.000000
DEV_1d22da8556,13,1,2025-01-11 02:42:35.000000
DEV_1d2350009a,13,1,2025-02-06 02:12:24.000000
DEV_1d316865bd,11,1,2025-03-18 02:53:25.000000
DEV_1d38a34e60,13,1,2025-02-15 13:42:22.000000
DEV_1d3c1d05f3,2,1,2025-04-26 08:24:46.000000
DEV_1d4e507d20,19,1,2025-03-20 17:09:44.000000
DEV_1d5cb6e765,7,2,2025-06-30 23:35:24.584432
DEV_1d646dc646,4,1,2025-03-13 08:13:09.000000
DEV_1d6aae85a6,12,1,2025-01-14 17:45:11.000000
DEV_1d6b0b6dd5,9,1,2025-01-14 13:14:04.000000
DEV_1d6e4ca59a,11,1,2025-02-12 11:10:22.000000
DEV_1d768c938a,16,1,2025-01-31 17:41:38.000000
DEV_1d82cfdf24,10,1,2025-01-19 22:00:17.000000
DEV_1d97fb92bd,11,1,2025-01-22 01:17:30.000000
DEV_1da288e552,3,1,2025-06-16 04:07:26.144527
DEV_1db034eb3d,9,1,2025-01-13 15:00:18.000000
DEV_1dc1e84211,16,1,2025-01-30 22:23:01.000000
DEV_1dc2351772,28,9,2025-10-04 08:39:33.501575
DEV_1dc51ac604,13,1,2025-01-03 05:58:34.000000
DEV_1dc715ef4a,7,1,2025-01-13 03:32:31.000000
DEV_1dce6f6bce,9,1,2025-01-23 06:34:34.000000
DEV_1dd78a1a01,10,1,2025-01-25 02:19:16.000000
DEV_1de164223e,7,1,2025-01-23 09:35:56.000000
DEV_1de6a10ec7,12,1,2025-02-19 08:52:11.000000
DEV_1decdc309f,10,1,2025-01-08 03:02:55.000000
DEV_1ded644b87,15,1,2025-01-04 12:45:03.000000
DEV_1df1dccaf0,3,1,2025-03-21 15:10:21.000000
DEV_1e02460f9e,10,1,2025-01-13 05:40:04.000000
DEV_1e07353cc3,8,1,2025-03-07 13:16:46.000000
DEV_1e0ea6af22,10,1,2025-02-01 16:02:25.000000
DEV_1e1054dfbd,14,1,2025-02-08 14:36:07.000000
DEV_1e1c47cdb4,11,1,2025-01-06 04:06:35.000000
DEV_1e1cd67c40,17,1,2025-01-23 13:42:00.000000
DEV_1e2f3ae0c5,12,1,2025-02-02 20:57:35.000000
DEV_1e30cac3e6,10,1,2025-01-08 21:04:43.000000
DEV_1e46453350,17,1,2025-01-26 20:14:46.000000
DEV_1e498953df,17,1,2025-02-04 23:52:24.000000
DEV_1e4b6d5ecf,21,1,2025-01-05 00:09:38.000000
DEV_1e4ec4aacf,15,1,2025-01-31 07:35:23.000000
DEV_1e59e62d6b,9,1,2025-01-06 17:44:37.000000
DEV_1e5f6aa00e,8,1,2025-04-18 07:26:25.000000
DEV_1e64d901df,12,1,2025-01-07 08:58:03.000000
DEV_1e77db37e1,13,1,2025-01-23 13:46:10.000000
DEV_1e7c4fac1d,3,1,2025-01-06 11:16:01.000000
DEV_1e83d89966,10,1,2025-01-06 19:56:08.000000
DEV_1e8e4357aa,7,1,2025-02-15 19:11:18.000000
DEV_1e95a49bd1,7,1,2025-01-19 22:03:14.000000
DEV_1e9c99908c,13,1,2025-01-18 13:46:34.000000
DEV_1ea9c281e5,15,1,2025-02-27 04:40:39.000000
DEV_1eadd2168a,12,1,2025-01-01 10:42:43.000000
DEV_1eca7c5a5b,12,1,2025-01-13 00:53:34.000000
DEV_1ed48738fa,6,1,2025-01-19 01:56:35.000000
DEV_1ee252cfc9,15,1,2025-01-07 15:11:20.000000
DEV_1ee6fe4461,14,1,2025-01-04 23:20:47.000000
DEV_1ef01b61d5,8,1,2025-04-06 14:08:06.000000
DEV_1ef6a18a15,9,1,2025-02-07 16:31:43.000000
DEV_1f00323e8d,12,1,2025-01-01 20:23:19.000000
DEV_1f02b63664,14,1,2025-01-07 23:39:54.000000
DEV_1f07be9f77,8,1,2025-01-04 04:24:45.000000
DEV_1f260a7fe2,12,1,2025-01-26 18:41:52.000000
DEV_1f2b72aa1e,17,1,2025-01-25 06:14:47.000000
DEV_1f483d8cb5,10,1,2025-01-14 02:33:54.000000
DEV_1f5315ce82,11,1,2025-01-05 14:27:45.000000
DEV_1f58ccc313,22,1,2025-01-01 10:46:31.000000
DEV_1f5adab8de,14,1,2025-02-06 02:49:21.000000
DEV_1f62f846fd,9,1,2025-01-07 11:22:48.000000
DEV_1f63cfe3f8,8,1,2025-03-28 09:50:15.000000
DEV_1f67218d37,9,1,2025-01-08 02:03:15.000000
DEV_1f67f58694,15,1,2025-03-28 13:52:27.000000
DEV_1f6ba45c35,10,1,2025-01-08 14:19:55.000000
DEV_1f8c2f0f88,12,7,2025-05-22 11:54:35.715835
DEV_1f8d684ac1,11,1,2025-01-18 23:13:22.000000
DEV_1f8fa3b878,9,1,2025-01-31 02:48:27.000000
DEV_1f95f78082,23,1,2025-01-01 10:13:05.000000
DEV_1fa16662e4,8,1,2025-03-28 09:16:07.000000
DEV_1fa66965cd,12,1,2025-02-22 23:25:55.000000
DEV_1fa69bfc8b,15,1,2025-01-13 03:46:57.000000
DEV_1fa7c77d63,20,1,2025-01-01 05:36:02.000000
DEV_1faa32e77b,14,1,2025-02-27 12:26:40.000000
DEV_1fb4790201,11,1,2025-01-25 21:05:55.000000
DEV_1fbcc573ef,5,1,2025-01-01 07:32:45.000000
DEV_1fc6b69f6b,8,1,2025-01-25 10:05:02.000000
DEV_1fda030dcb,11,1,2025-01-25 20:49:18.000000
DEV_1fe1c1be75,15,1,2025-01-02 03:57:39.000000
DEV_1fedd98eae,6,1,2025-01-18 12:04:48.000000
DEV_1ff0543d33,12,1,2025-01-21 10:30:50.000000
DEV_1ffb92418b,12,1,2025-01-17 07:04:00.000000
DEV_200ddc827e,26,1,2025-01-01 14:18:45.000000
DEV_200e83df89,14,1,2025-02-21 04:43:01.000000
DEV_2015ad9f43,9,1,2025-01-03 16:39:43.000000
DEV_201a672223,18,1,2025-02-02 06:29:07.000000
DEV_201e0dda89,14,1,2025-01-10 15:33:17.000000
DEV_2026bd82c1,10,1,2025-04-15 01:51:04.000000
DEV_20278fd2dd,13,1,2025-01-09 03:20:30.000000
DEV_20289c18c6,9,1,2025-03-25 15:14:29.000000
DEV_203613299a,10,1,2025-01-04 00:38:16.000000
DEV_20476c0406,12,1,2025-01-10 07:11:08.000000
DEV_204ce4d4ba,7,1,2025-01-07 14:33:03.000000
DEV_20532649f3,18,1,2025-01-04 14:21:25.000000
DEV_2054db7144,12,1,2025-02-18 15:40:36.000000
DEV_206aa537ad,12,1,2025-01-20 05:39:26.000000
DEV_2072fec113,12,1,2025-03-10 09:10:17.000000
DEV_207d52765a,18,1,2025-02-11 04:18:15.000000
DEV_2080f8cad5,9,1,2025-01-18 23:56:28.000000
DEV_2084f1e789,13,1,2025-01-01 20:50:25.000000
DEV_208683d773,3,1,2025-06-30 19:00:03.000000
DEV_208f8be4f1,11,1,2025-01-04 08:19:06.000000
DEV_20a43f80d5,12,1,2025-03-27 04:15:54.000000
DEV_20ab10960d,11,1,2025-01-12 19:19:10.000000
DEV_20abbd5008,10,1,2025-02-12 14:14:48.000000
DEV_20b27a29fb,10,1,2025-03-13 19:08:27.000000
DEV_20bc025e99,11,1,2025-01-07 08:42:38.000000
DEV_20be3823f1,9,1,2025-01-18 09:59:32.000000
DEV_20c3de5504,1,1,2025-03-28 05:57:08.000000
DEV_20c5f31244,14,1,2025-01-02 09:14:14.000000
DEV_20cc70ddc8,20,1,2025-01-20 05:40:32.000000
DEV_20d760edf8,7,1,2025-01-20 18:33:04.000000
DEV_20de5df1cd,10,1,2025-03-14 01:29:28.000000
DEV_20e2e91186,14,1,2025-01-17 20:13:19.000000
DEV_20e479a62f,10,1,2025-04-19 06:14:31.000000
DEV_20ed709b59,13,1,2025-01-09 08:50:47.000000
DEV_20f2878364,11,1,2025-04-07 22:11:20.000000
DEV_20f3340e83,18,1,2025-01-13 19:25:46.000000
DEV_20f34edca5,13,1,2025-02-18 13:31:27.000000
DEV_20fa930ecc,16,1,2025-01-07 14:04:47.000000
DEV_20fcf00b91,12,1,2025-01-22 11:18:28.000000
DEV_2117fdc061,11,1,2025-01-17 14:43:59.000000
DEV_211ba03b1c,16,1,2025-01-12 10:29:41.000000
DEV_211e7ebd2b,8,1,2025-01-24 21:16:13.000000
DEV_211fb1fb59,10,1,2025-01-26 19:27:31.000000
DEV_212f455ae4,9,1,2025-02-02 04:56:05.000000
DEV_2136bae4ce,14,1,2025-01-26 23:06:48.000000
DEV_213a684ed5,9,1,2025-01-04 12:10:04.000000
DEV_214b141533,17,1,2025-01-17 06:38:55.000000
DEV_2155674c43,10,1,2025-01-30 02:43:33.000000
DEV_2157fad22c,17,1,2025-01-16 18:26:26.000000
DEV_21590973ca,15,1,2025-01-10 11:19:04.000000
DEV_215b9c6a67,14,1,2025-01-24 14:38:41.000000
DEV_2161ae00d8,20,1,2025-01-15 14:49:20.000000
DEV_2171962d4f,10,1,2025-02-09 19:41:48.000000
DEV_21873d847a,13,1,2025-01-31 03:39:03.000000
DEV_21875a2641,11,1,2025-01-02 13:22:14.000000
DEV_2199da1df9,12,1,2025-02-01 12:41:54.000000
DEV_219f50ed44,9,1,2025-01-29 06:27:04.000000
DEV_21ab73ed40,12,1,2025-02-16 08:24:11.000000
DEV_21ae37df75,19,10,2025-06-02 09:00:41.629972
DEV_21b45bab12,8,1,2025-01-06 01:30:55.000000
DEV_21b74927e0,11,1,2025-01-08 05:59:22.000000
DEV_21d47b4c56,14,1,2025-01-07 22:38:47.000000
DEV_21e4231876,9,1,2025-01-01 01:16:26.000000
DEV_21ead738b3,9,1,2025-02-03 22:05:03.000000
DEV_21f0504068,9,1,2025-01-06 04:46:51.000000
DEV_21f6ab7c8b,13,1,2025-01-03 07:52:43.000000
DEV_21f86bc5d1,8,1,2025-01-29 07:30:59.000000
DEV_21ff9f9aa4,8,1,2025-01-14 10:32:50.000000
DEV_22049e26f3,12,1,2025-01-02 02:37:42.000000
DEV_2205361afa,12,1,2025-01-04 08:13:01.000000
DEV_22058f4ec4,14,1,2025-02-02 13:00:17.000000
DEV_220f8c1d13,14,1,2025-01-16 04:07:04.000000
DEV_221e09a1bd,13,1,2025-01-06 14:22:58.000000
DEV_2227a90a3c,21,1,2025-01-19 06:39:33.000000
DEV_2233c8eb87,9,1,2025-03-15 17:20:26.000000
DEV_223936389c,14,1,2025-01-07 13:06:21.000000
DEV_223f243d6e,2,1,2025-07-05 18:06:42.000000
DEV_2250f3a074,15,1,2025-01-12 10:08:44.000000
DEV_2251ea8350,10,1,2025-01-03 14:17:13.000000
DEV_22552839de,11,1,2025-01-20 02:17:13.000000
DEV_2256a75c47,14,1,2025-01-05 17:00:48.000000
DEV_225e5e33cd,18,1,2025-01-25 15:06:46.000000
DEV_225faf0ad8,9,1,2025-01-28 08:17:54.000000
DEV_226396b001,16,1,2025-01-29 23:58:22.000000
DEV_22666ef14c,13,1,2025-02-13 14:21:27.000000
DEV_2266888eee,12,1,2025-01-26 15:18:09.000000
DEV_226ede98fc,14,1,2025-01-21 18:59:41.000000
DEV_227328e64a,13,1,2025-03-05 12:24:14.000000
DEV_2275bb2730,3,1,2025-07-25 23:55:37.000000
DEV_22764671c2,6,1,2025-01-27 12:57:07.000000
DEV_22790a4501,1,1,2025-05-07 10:20:59.000000
DEV_227d46a1da,11,1,2025-01-16 17:07:58.000000
DEV_2293c6784f,8,1,2025-01-28 07:31:03.000000
DEV_22974f9b88,11,1,2025-01-08 09:55:53.000000
DEV_22988d0ac1,3,1,2025-05-26 03:57:03.000000
DEV_22a3aa7829,14,1,2025-03-22 04:50:15.000000
DEV_22ad44e1bb,12,1,2025-01-11 04:23:50.000000
DEV_22b3673e61,9,1,2025-02-22 00:06:17.000000
DEV_22c02dba93,8,1,2025-01-05 10:28:18.000000
DEV_22c25ff8f9,12,1,2025-01-02 06:07:17.000000
DEV_22c7b1f0b4,11,1,2025-01-05 07:49:44.000000
DEV_22caab1102,10,1,2025-02-14 08:48:00.000000
DEV_22cf8f3f74,12,1,2025-03-21 17:53:54.000000
DEV_22d3446309,8,1,2025-03-05 02:31:54.000000
DEV_22d89ee0f9,8,1,2025-05-06 21:48:39.000000
DEV_22da5532e4,15,1,2025-02-11 13:27:25.000000
DEV_22e38b6d1b,9,1,2025-01-27 09:17:50.000000
DEV_22e564f8a6,9,1,2025-01-27 10:46:24.000000
DEV_22e70ae0ae,12,1,2025-03-16 23:55:18.000000
DEV_22eb8175b2,19,1,2025-02-06 08:34:01.000000
DEV_22ecb076c9,7,1,2025-01-02 02:35:44.000000
DEV_22ef96812d,5,1,2025-05-07 03:37:56.000000
DEV_230497f674,10,1,2025-03-16 06:23:13.000000
DEV_2309aadf48,7,1,2025-01-10 01:28:47.000000
DEV_230b208b70,20,1,2025-01-23 05:12:52.000000
DEV_2318365382,9,1,2025-02-18 22:30:31.000000
DEV_2322d7869a,10,1,2025-01-22 08:56:13.000000
DEV_23335321ba,10,1,2025-02-16 23:52:00.000000
DEV_234adbf389,11,1,2025-01-08 19:16:14.000000
DEV_234fd1c114,13,1,2025-02-08 23:00:15.000000
DEV_2359f6af3b,15,1,2025-01-03 21:02:58.000000
DEV_236b11b981,19,1,2025-01-06 10:45:05.000000
DEV_236b3951cd,15,1,2025-02-08 01:51:29.000000
DEV_236e4622e7,16,1,2025-01-12 04:41:41.000000
DEV_237b93eabe,15,1,2025-01-03 01:17:49.000000
DEV_2382adbc98,6,1,2025-02-02 13:35:56.000000
DEV_2382ee608e,13,1,2025-01-08 09:52:59.000000
DEV_2383db2d2c,14,1,2025-01-20 21:47:09.000000
DEV_238913467d,14,1,2025-01-14 09:22:02.000000
DEV_238c181b1e,12,1,2025-01-31 17:54:32.000000
DEV_23a97d2ef3,16,1,2025-02-11 11:49:23.000000
DEV_23bdaa7c72,10,4,2025-01-18 20:53:36.243356
DEV_23c38b2354,15,1,2025-01-22 03:48:09.000000
DEV_23c3d2269c,17,1,2025-01-04 03:25:21.000000
DEV_23d252b0bc,9,1,2025-01-30 17:11:03.000000
DEV_23d46883d4,11,1,2025-01-28 11:12:33.000000
DEV_23d5a6ec03,12,1,2025-01-05 18:42:50.000000
DEV_23dd2320f8,8,1,2025-02-17 01:32:58.000000
DEV_23de0462ee,8,1,2025-02-03 04:29:43.000000
DEV_23defa7e87,19,1,2025-01-18 10:59:43.000000
DEV_23e7e52c4e,11,1,2025-01-25 11:25:35.000000
DEV_23ea01094a,9,1,2025-03-20 11:40:58.000000
DEV_23f44f6ef6,14,1,2025-02-01 17:59:54.000000
DEV_23ff1dbb16,3,1,2025-02-14 00:53:12.000000
DEV_2420b11d95,16,1,2025-01-25 01:25:38.000000
DEV_24250d2578,14,1,2025-01-10 13:12:25.000000
DEV_2426850892,9,1,2025-03-22 21:13:18.000000
DEV_2428a14ec8,16,1,2025-03-23 04:45:16.000000
DEV_242fc92aca,19,1,2025-01-01 15:25:48.000000
DEV_24372f8c39,1,1,2025-01-03 18:43:21.000000
DEV_243b13b582,6,1,2025-01-08 18:49:05.000000
DEV_244146cab5,22,1,2025-02-07 20:20:09.000000
DEV_244e8fce95,9,1,2025-01-02 15:24:27.000000
DEV_245d6dbbe0,9,1,2025-01-25 15:45:19.000000
DEV_2460f4aa34,12,1,2025-01-04 14:13:58.000000
DEV_2461923bef,6,1,2025-02-22 01:44:28.000000
DEV_24643aff70,14,1,2025-01-12 00:39:22.000000
DEV_2473389d83,3,1,2025-02-19 18:23:36.000000
DEV_247614fd56,12,1,2025-01-15 09:36:56.000000
DEV_247beef69d,11,1,2025-01-22 19:31:14.000000
DEV_24834b6381,7,1,2025-03-19 12:24:11.000000
DEV_24877425ff,14,1,2025-02-08 16:23:31.000000
DEV_249345f4c6,19,1,2025-01-22 04:31:18.000000
DEV_2493868d15,14,1,2025-01-14 17:39:39.000000
DEV_24959c79c9,10,1,2025-01-06 19:06:50.000000
DEV_24a223a3fc,11,1,2025-02-20 23:18:14.000000
DEV_24b21630e0,10,1,2025-01-30 23:51:33.000000
DEV_24c291d169,14,1,2025-02-11 22:17:29.000000
DEV_24df6fcb5f,6,1,2025-02-03 02:18:40.000000
DEV_24dfeb482e,18,1,2025-01-04 10:49:24.000000
DEV_24f488f792,14,1,2025-01-27 17:50:10.000000
DEV_24ffb4197b,10,1,2025-01-19 17:15:32.000000
DEV_2507b86f6c,10,1,2025-02-04 09:25:05.000000
DEV_25186e5372,10,1,2025-03-30 18:35:17.000000
DEV_2521b089da,10,1,2025-02-07 23:01:36.000000
DEV_252390bb42,14,1,2025-01-10 09:03:05.000000
DEV_2528120eb3,22,1,2025-01-17 12:52:35.000000
DEV_252924de25,11,1,2025-01-16 22:32:34.000000
DEV_2529914afd,9,1,2025-02-09 01:01:57.000000
DEV_2529e97597,22,1,2025-02-05 23:37:24.000000
DEV_252d24e573,9,1,2025-01-18 03:34:31.000000
DEV_2536403534,11,1,2025-01-10 23:13:40.000000
DEV_253ca4f44e,13,1,2025-01-18 17:59:00.000000
DEV_253d0559ae,1,1,2025-01-22 02:12:48.000000
DEV_25422d722c,9,5,2025-06-07 22:17:01.555027
DEV_256b957c1c,16,1,2025-01-03 00:27:28.000000
DEV_25742a96a0,11,1,2025-01-24 12:32:40.000000
DEV_257c0e595c,20,1,2025-01-29 16:05:03.000000
DEV_2580948ab0,9,1,2025-01-07 17:50:51.000000
DEV_2595f7a90c,5,1,2025-01-15 09:36:25.000000
DEV_2599e0f9b0,15,1,2025-01-18 07:45:26.000000
DEV_25a3f4fca3,14,1,2025-02-05 05:42:39.000000
DEV_25a799113f,12,1,2025-01-07 04:41:50.000000
DEV_25a7b99fe9,10,1,2025-01-28 11:56:17.000000
DEV_25aa4e63f8,9,1,2025-01-24 21:48:51.000000
DEV_25aa62561b,20,1,2025-01-16 02:02:50.000000
DEV_25ad668bb4,9,1,2025-01-09 04:31:26.000000
DEV_25b28fc0d4,20,1,2025-01-22 21:04:59.000000
DEV_25b2aa62c7,14,1,2025-01-10 13:43:24.000000
DEV_25b483c4a2,12,1,2025-01-05 10:09:24.000000
DEV_25b99ffd34,9,1,2025-01-24 14:13:36.000000
DEV_25cbb0c259,11,1,2025-01-10 00:19:45.000000
DEV_25dd7ffb0d,16,1,2025-01-13 00:06:52.000000
DEV_25e07670ea,14,1,2025-01-27 20:58:19.000000
DEV_25e2d2c215,12,1,2025-01-27 01:32:18.000000
DEV_25e2e9faa7,24,1,2025-01-10 05:17:21.000000
DEV_25e31d9846,11,1,2025-05-10 11:38:58.000000
DEV_25e7365e58,17,1,2025-01-19 22:32:56.000000
DEV_2609995b7e,27,1,2025-01-07 09:42:00.000000
DEV_26277974b2,8,1,2025-01-13 23:26:29.000000
DEV_26400abf2f,9,1,2025-01-03 02:34:26.000000
DEV_2652df580b,10,1,2025-01-27 20:12:51.000000
DEV_265c12eed9,7,1,2025-02-28 15:04:34.000000
DEV_265fc9fc8d,1,1,2025-08-13 22:15:15.000000
DEV_266a91cd17,13,1,2025-04-07 13:31:59.000000
DEV_2679b8d2b1,6,1,2025-03-07 17:09:05.000000
DEV_267ee501be,13,1,2025-01-28 12:30:03.000000
DEV_2688899a19,7,1,2025-01-30 15:54:51.000000
DEV_268aad260e,7,1,2025-02-08 01:12:07.000000
DEV_268c2256f9,10,1,2025-01-16 15:08:56.000000
DEV_269cb4a1e5,14,1,2025-01-07 12:07:22.000000
DEV_26ad48ea67,7,1,2025-01-23 10:03:30.000000
DEV_26b103f2d0,16,1,2025-01-26 16:48:03.000000
DEV_26b1fe8761,8,1,2025-01-05 16:17:06.000000
DEV_26bcb752de,12,1,2025-01-09 05:50:23.000000
DEV_26c00d9d04,18,1,2025-01-02 21:18:11.000000
DEV_26d877894e,12,1,2025-01-25 07:43:34.000000
DEV_26db030e34,11,1,2025-02-12 02:23:27.000000
DEV_26dba96689,15,1,2025-02-16 13:22:40.000000
DEV_26f26614e4,3,1,2025-04-19 22:29:57.000000
DEV_270d7887f5,9,1,2025-03-04 08:08:41.000000
DEV_270daf38a6,11,1,2025-01-01 08:44:17.000000
DEV_27108bc08f,12,1,2025-01-16 14:47:07.000000
DEV_272248665a,15,1,2025-01-24 13:15:07.000000
DEV_2725378baa,8,1,2025-01-20 18:11:12.000000
DEV_272fd83f13,11,1,2025-01-21 08:31:35.000000
DEV_273bc99a10,11,1,2025-02-04 05:17:26.000000
DEV_2745e931f6,10,1,2025-01-21 10:42:45.000000
DEV_2746c93027,11,1,2025-01-06 20:07:08.000000
DEV_2747f8504c,16,1,2025-01-22 01:36:28.000000
DEV_274ab541db,12,1,2025-01-09 11:43:53.000000
DEV_274f7c6250,21,1,2025-01-04 19:33:35.000000
DEV_2755a4786c,14,1,2025-01-03 18:48:22.000000
DEV_275d7bac5a,13,1,2025-02-26 04:39:59.000000
DEV_27708bad86,23,9,2025-05-01 22:12:03.350788
DEV_2777daa60e,12,1,2025-02-18 17:27:44.000000
DEV_277cbdd396,19,1,2025-01-29 14:49:10.000000
DEV_277ea2dbf1,14,1,2025-01-15 10:00:28.000000
DEV_27840fb4c9,1,1,2025-04-29 03:07:30.000000
DEV_278dfc1afb,23,1,2025-01-05 07:23:53.000000
DEV_279fbcb771,7,1,2025-03-30 09:57:28.000000
DEV_27a4083631,8,1,2025-01-31 10:17:22.000000
DEV_27a7ebfa82,24,1,2025-03-23 08:52:09.000000
DEV_27ab43c545,11,1,2025-01-30 10:27:32.000000
DEV_27b2e0e47d,15,1,2025-03-14 00:21:44.000000
DEV_27c3c97c7a,19,1,2025-01-12 18:43:52.000000
DEV_27c485ef09,12,1,2025-01-19 15:14:14.000000
DEV_27c81cd980,11,1,2025-02-06 15:26:06.000000
DEV_27cf45997f,7,1,2025-03-02 14:32:11.000000
DEV_27cf92ac45,10,1,2025-03-22 09:27:41.000000
DEV_27d54d5132,7,1,2025-04-18 02:55:39.000000
DEV_27da7fbaa0,8,1,2025-04-23 23:29:13.000000
DEV_27e308c51e,4,1,2025-03-05 06:39:56.000000
DEV_27e41a220b,15,1,2025-01-24 15:31:44.000000
DEV_27e83181e0,18,1,2025-01-17 22:53:16.000000
DEV_27ec9416af,16,1,2025-01-09 06:57:35.000000
DEV_27f0a6f9c2,9,1,2025-01-21 23:43:01.000000
DEV_27f19a2afd,7,1,2025-03-29 08:09:47.000000
DEV_27fcaaa4b6,10,1,2025-01-27 01:13:40.000000
DEV_27fea575b0,10,1,2025-01-02 10:13:28.000000
DEV_28022e53a2,12,1,2025-01-06 02:28:56.000000
DEV_2803b9fa13,23,1,2025-01-16 08:05:17.000000
DEV_28057d332d,15,1,2025-02-21 08:59:05.000000
DEV_280b7022cf,16,1,2025-01-05 21:27:30.000000
DEV_2815f554f7,6,1,2025-01-06 15:54:12.000000
DEV_281757b351,12,1,2025-01-10 15:58:27.000000
DEV_2818bb9a20,11,1,2025-01-12 14:38:47.000000
DEV_2819ff9f05,8,1,2025-02-18 05:36:30.000000
DEV_282b9e8f02,13,1,2025-01-04 16:01:09.000000
DEV_282d66b9a6,18,1,2025-01-09 20:54:08.000000
DEV_282d8e5485,10,1,2025-01-14 20:54:12.000000
DEV_2839a80b79,12,1,2025-01-02 11:13:52.000000
DEV_283e3dcabf,12,1,2025-01-08 17:09:52.000000
DEV_2846a950e6,11,1,2025-03-10 04:23:26.000000
DEV_2855c9c076,18,1,2025-01-02 09:41:24.000000
DEV_285a1cd978,13,1,2025-03-11 08:57:51.000000
DEV_285be866de,12,1,2025-01-07 19:19:36.000000
DEV_286060177e,11,1,2025-03-01 00:56:57.000000
DEV_286e9b1e92,17,1,2025-01-03 00:45:59.000000
DEV_287239326f,10,1,2025-03-29 04:11:52.000000
DEV_2874f5d701,7,1,2025-04-20 03:33:48.000000
DEV_2876708225,13,1,2025-01-01 05:20:24.000000
DEV_2886899d07,1,1,2025-09-22 06:41:35.000000
DEV_2894fcbf67,16,1,2025-01-23 08:45:29.000000
DEV_289fb17774,10,1,2025-02-21 22:49:52.000000
DEV_28b5748260,6,1,2025-01-01 01:09:32.000000
DEV_28b9221601,16,1,2025-01-12 23:24:44.000000
DEV_28c4867ac4,13,1,2025-02-01 04:15:09.000000
DEV_28cb08479b,8,1,2025-01-15 22:38:37.000000
DEV_28cd691c8d,9,1,2025-01-07 01:42:16.000000
DEV_28d14ff655,14,1,2025-01-21 09:55:49.000000
DEV_28d94c2401,22,1,2025-01-27 08:15:46.000000
DEV_28e732e65b,4,1,2025-03-01 04:44:43.000000
DEV_28fbd22097,13,1,2025-01-06 17:48:55.000000
DEV_291444676c,10,1,2025-01-19 08:34:31.000000
DEV_2914639d70,1,1,2025-04-13 05:04:45.000000
DEV_292920083b,6,1,2025-01-07 23:19:58.000000
DEV_2936a0eb69,17,1,2025-01-20 15:58:38.000000
DEV_2947af37cc,14,1,2025-01-17 06:15:34.000000
DEV_294ea20fe9,20,1,2025-01-12 01:59:29.000000
DEV_294edd1afc,10,1,2025-02-01 01:59:48.000000
DEV_2961dcf4bc,12,1,2025-02-18 23:08:10.000000
DEV_296b0149a6,10,1,2025-01-26 22:11:54.000000
DEV_29741fa657,7,1,2025-01-05 20:55:40.000000
DEV_298825d2f6,15,1,2025-02-12 10:33:25.000000
DEV_29896c3d9e,1,1,2025-02-17 11:31:39.000000
DEV_29939417d1,15,1,2025-01-08 04:37:14.000000
DEV_2998ad91f1,9,1,2025-02-18 04:35:18.000000
DEV_299fea947b,8,1,2025-01-27 18:53:07.000000
DEV_29a299fb69,13,1,2025-01-04 08:20:56.000000
DEV_29a3f6e378,13,1,2025-01-05 04:17:07.000000
DEV_29cf8b84f1,8,1,2025-03-03 09:18:25.000000
DEV_29d2f7ef38,12,1,2025-01-19 19:15:33.000000
DEV_29e72fa868,7,1,2025-01-01 02:37:01.000000
DEV_29e82ae1a3,12,1,2025-01-06 06:29:26.000000
DEV_2a072bd5e9,12,1,2025-03-27 23:22:26.000000
DEV_2a0ef4c075,11,1,2025-01-07 01:47:21.000000
DEV_2a2167d932,19,1,2025-01-13 22:43:37.000000
DEV_2a30e07bad,12,1,2025-01-01 19:12:58.000000
DEV_2a3402044b,13,1,2025-01-31 15:11:27.000000
DEV_2a4adf4848,17,1,2025-01-13 02:00:08.000000
DEV_2a51aff95b,13,1,2025-02-04 04:57:19.000000
DEV_2a560043f5,9,1,2025-03-26 15:30:25.000000
DEV_2a5752cada,9,1,2025-01-03 17:42:35.000000
DEV_2a620f69f5,8,1,2025-02-28 17:11:52.000000
DEV_2a67554504,13,1,2025-01-01 01:21:24.000000
DEV_2a6c5e8112,21,1,2025-01-24 00:04:49.000000
DEV_2a6c79e968,10,1,2025-02-03 06:05:01.000000
DEV_2a96b77d0d,13,1,2025-01-13 23:07:21.000000
DEV_2a9f6f0a74,11,1,2025-01-26 13:26:42.000000
DEV_2a9ff95d3a,20,1,2025-01-04 11:14:21.000000
DEV_2aa048b76e,11,1,2025-01-30 18:57:38.000000
DEV_2aa13b77c4,10,3,2025-03-09 09:28:26.377970
DEV_2aa31fe702,7,1,2025-02-24 06:25:43.000000
DEV_2aa6068fff,8,1,2025-01-25 08:25:58.000000
DEV_2aaabd2d7a,8,1,2025-01-15 16:06:26.000000
DEV_2ab49f176f,5,1,2025-01-19 19:03:31.000000
DEV_2ab5d54cd6,14,1,2025-01-14 09:28:00.000000
DEV_2abf23932d,10,1,2025-01-14 06:52:39.000000
DEV_2ac0462982,8,1,2025-01-10 18:55:32.000000
DEV_2ac218ab3a,15,1,2025-01-20 20:38:52.000000
DEV_2ac24e088e,10,1,2025-02-10 20:10:04.000000
DEV_2ac939fdf7,13,1,2025-01-21 03:32:56.000000
DEV_2ad538724f,24,9,2025-04-11 18:30:38.125616
DEV_2adfa8fc4a,10,1,2025-01-20 20:36:56.000000
DEV_2adfedfbc6,8,1,2025-03-10 06:36:24.000000
DEV_2aeb997a45,9,1,2025-03-20 20:49:37.000000
DEV_2afec239fe,11,1,2025-01-18 00:37:30.000000
DEV_2b005edfbe,11,1,2025-02-22 07:12:28.000000
DEV_2b153fadb4,14,1,2025-05-15 17:18:18.000000
DEV_2b15e53370,17,1,2025-01-18 13:38:16.000000
DEV_2b1e69893b,12,1,2025-01-13 01:42:20.000000
DEV_2b2083f080,11,1,2025-01-26 11:57:07.000000
DEV_2b2b4728db,19,1,2025-02-04 05:45:14.000000
DEV_2b3774d846,13,1,2025-01-08 19:38:29.000000
DEV_2b4703690c,9,1,2025-02-13 09:56:10.000000
DEV_2b4cc5ba71,9,1,2025-01-10 04:25:30.000000
DEV_2b5be43d29,11,1,2025-01-29 05:09:05.000000
DEV_2b6010828e,14,1,2025-01-23 01:12:12.000000
DEV_2b64256969,11,1,2025-01-12 01:56:27.000000
DEV_2b6dd97c9d,1,1,2025-07-06 17:00:28.000000
DEV_2b7b2e875c,14,1,2025-01-03 03:29:33.000000
DEV_2b7b9415f8,10,1,2025-01-27 08:49:26.000000
DEV_2b82874062,18,1,2025-01-15 17:14:02.000000
DEV_2b8e92f521,9,1,2025-02-17 12:42:21.000000
DEV_2b95846890,14,1,2025-01-28 14:17:08.000000
DEV_2ba5752751,14,1,2025-01-05 18:47:53.000000
DEV_2bb0a31b8f,7,1,2025-01-02 10:30:27.000000
DEV_2bb2d6ac8e,1,1,2025-04-05 19:31:32.000000
DEV_2bb41d10ed,10,1,2025-01-05 20:11:00.000000
DEV_2bc3662d45,12,1,2025-01-03 18:38:07.000000
DEV_2bcad793a1,6,1,2025-03-20 00:26:10.000000
DEV_2bcbde9431,14,1,2025-01-01 22:55:45.000000
DEV_2bcd382f3b,24,1,2025-01-07 21:50:14.000000
DEV_2bcf9dfc20,5,1,2025-01-21 06:54:46.000000
DEV_2bd36b83bc,9,1,2025-01-10 22:56:53.000000
DEV_2bd5e53833,16,1,2025-01-03 23:45:52.000000
DEV_2be234ed89,9,1,2025-01-04 14:03:34.000000
DEV_2bfc052561,14,1,2025-01-02 12:41:06.000000
DEV_2bfc07809d,9,1,2025-01-08 17:04:39.000000
DEV_2bfd35b1c5,11,1,2025-01-02 09:47:47.000000
DEV_2bfd70c5f3,19,1,2025-01-13 00:12:40.000000
DEV_2c0396120a,10,1,2025-01-21 10:22:34.000000
DEV_2c05ec0462,6,1,2025-01-12 00:51:54.000000
DEV_2c07fecb09,1,1,2025-06-10 05:12:36.000000
DEV_2c228b5ee1,11,1,2025-02-07 02:31:26.000000
DEV_2c329e434a,14,1,2025-01-06 11:58:32.000000
DEV_2c44c29064,12,1,2025-01-11 00:26:07.000000
DEV_2c498487a9,16,1,2025-01-15 01:56:47.000000
DEV_2c4c71e18a,14,1,2025-01-10 04:12:50.000000
DEV_2c4d59dc01,13,1,2025-01-01 23:30:36.000000
DEV_2c59f2fdeb,15,1,2025-01-01 18:36:45.000000
DEV_2c62c0b061,9,1,2025-01-13 00:18:43.000000
DEV_2c7365be36,14,1,2025-01-22 10:03:15.000000
DEV_2c7a9b3f7d,8,1,2025-02-05 09:47:19.000000
DEV_2c7bcad3d8,14,1,2025-01-25 03:22:25.000000
DEV_2c85ff9585,11,1,2025-01-21 01:55:02.000000
DEV_2c94034673,12,1,2025-01-04 01:59:49.000000
DEV_2c99b7e188,8,1,2025-01-04 14:07:47.000000
DEV_2cb7ccfbe3,8,1,2025-01-08 05:46:47.000000
DEV_2cd0453928,14,1,2025-02-04 02:44:33.000000
DEV_2cd447095f,5,1,2025-02-24 07:32:59.000000
DEV_2cd9893f1b,16,1,2025-01-05 23:15:56.000000
DEV_2cd9d38dc5,14,1,2025-01-06 15:06:31.000000
DEV_2cdfddf304,10,1,2025-01-03 14:30:32.000000
DEV_2cee825f65,18,1,2025-01-09 10:46:47.000000
DEV_2cef193e0a,11,1,2025-01-09 02:53:33.000000
DEV_2cefbe2fdd,12,1,2025-01-01 05:47:36.000000
DEV_2cf19bbfd6,14,1,2025-01-14 03:06:09.000000
DEV_2cf70c078e,8,1,2025-01-26 14:22:10.000000
DEV_2d02f5ad6e,9,1,2025-01-10 15:55:21.000000
DEV_2d0ea07b35,10,1,2025-02-07 17:22:14.000000
DEV_2d0f747333,10,1,2025-01-03 15:29:12.000000
DEV_2d1d2221ab,14,1,2025-02-07 17:04:53.000000
DEV_2d3094ff75,17,1,2025-01-05 02:11:41.000000
DEV_2d32c95d49,14,1,2025-01-06 09:06:19.000000
DEV_2d3aecdd9d,18,1,2025-01-07 10:11:36.000000
DEV_2d41518c7e,8,1,2025-01-10 19:51:38.000000
DEV_2d47abb445,13,1,2025-01-09 06:10:42.000000
DEV_2d4c810f36,7,1,2025-02-14 22:42:32.000000
DEV_2d60659c4b,12,1,2025-01-08 13:56:34.000000
DEV_2d63c23dce,10,1,2025-02-07 11:07:58.000000
DEV_2d6427afcc,10,1,2025-04-11 05:05:48.000000
DEV_2d64da7bd2,9,1,2025-05-21 00:02:10.000000
DEV_2d6756cd83,14,1,2025-01-09 04:44:49.000000
DEV_2d6d03d568,6,1,2025-01-08 17:55:53.000000
DEV_2d7854dcae,15,1,2025-02-26 10:03:04.000000
DEV_2d7868b031,24,1,2025-01-07 08:56:56.000000
DEV_2d79b48a18,13,1,2025-01-07 10:11:23.000000
DEV_2d7bd2d910,11,1,2025-01-20 05:19:31.000000
DEV_2d8cbc3276,10,1,2025-02-16 22:56:39.000000
DEV_2d965de1b3,11,1,2025-01-10 11:08:54.000000
DEV_2d98f8234c,19,1,2025-01-19 13:17:13.000000
DEV_2da34d6e82,11,1,2025-02-04 02:13:07.000000
DEV_2dace4e84a,9,1,2025-05-18 13:50:32.000000
DEV_2db1de4315,18,1,2025-01-18 22:12:57.000000
DEV_2db48f0f0a,14,1,2025-01-29 21:35:40.000000
DEV_2dcf094ac6,19,1,2025-01-02 22:06:30.000000
DEV_2dd34c435e,16,1,2025-01-02 09:08:00.000000
DEV_2dd729bdf0,12,1,2025-02-06 04:08:43.000000
DEV_2de5ba6f87,7,1,2025-01-16 23:18:41.000000
DEV_2de808492a,14,1,2025-01-08 06:13:48.000000
DEV_2deaf5b7c4,11,1,2025-01-07 00:14:02.000000
DEV_2e1637df62,15,1,2025-01-12 04:30:33.000000
DEV_2e3996a219,16,1,2025-04-09 13:31:53.000000
DEV_2e4738c841,16,1,2025-01-25 01:19:39.000000
DEV_2e47407e92,15,1,2025-02-08 05:31:34.000000
DEV_2e6d0a62cf,16,1,2025-01-12 19:07:33.000000
DEV_2e76c2f655,14,1,2025-01-12 12:11:12.000000
DEV_2e7e5b20b0,8,1,2025-01-12 22:38:31.000000
DEV_2e7fd03e31,13,1,2025-01-04 03:00:09.000000
DEV_2e8e3c3269,3,2,2025-04-25 03:15:56.375585
DEV_2eac76062a,15,1,2025-02-08 12:07:18.000000
DEV_2eafc63301,7,1,2025-02-13 09:58:04.000000
DEV_2eb757d0b1,11,1,2025-02-14 14:47:36.000000
DEV_2eba5204c0,15,1,2025-01-01 16:21:35.000000
DEV_2ec4ec8ce7,10,1,2025-02-15 05:50:15.000000
DEV_2ec7070ca3,11,1,2025-01-11 12:39:20.000000
DEV_2ece359c34,1,1,2025-04-18 10:38:37.000000
DEV_2ecf5ad78f,15,1,2025-01-04 15:18:53.000000
DEV_2ed46da774,17,1,2025-03-20 20:02:03.000000
DEV_2ede4c75b1,25,1,2025-01-04 08:47:52.000000
DEV_2eebd90529,11,1,2025-02-16 11:22:12.000000
DEV_2ef2305ffa,18,1,2025-01-03 17:04:38.000000
DEV_2ef52f7186,12,1,2025-03-15 06:44:51.000000
DEV_2f037709d9,17,1,2025-01-14 11:36:36.000000
DEV_2f05108060,14,1,2025-01-11 14:00:27.000000
DEV_2f08e350cc,16,1,2025-01-31 17:07:47.000000
DEV_2f11ae350e,13,1,2025-01-01 18:28:35.000000
DEV_2f16254258,4,1,2025-04-08 20:09:57.000000
DEV_2f18976037,25,1,2025-01-23 06:45:26.000000
DEV_2f257f0d5c,1,1,2025-09-18 22:51:51.000000
DEV_2f2c4bf885,8,1,2025-02-27 18:22:05.000000
DEV_2f3b444f10,8,1,2025-01-29 17:13:04.000000
DEV_2f40101615,12,1,2025-01-09 18:30:01.000000
DEV_2f485bdd4e,11,1,2025-01-31 22:18:45.000000
DEV_2f5b061eb0,12,1,2025-02-04 17:59:49.000000
DEV_2f5d449f64,13,1,2025-01-04 19:20:14.000000
DEV_2f6061a001,19,1,2025-01-08 03:38:38.000000
DEV_2f6174ad1c,7,1,2025-01-15 10:34:24.000000
DEV_2f61d56e84,10,1,2025-05-04 20:29:25.000000
DEV_2f63aa7328,4,1,2025-01-04 18:46:32.000000
DEV_2f67b06d43,13,1,2025-01-22 20:25:37.000000
DEV_2f6e7d7831,10,1,2025-04-15 17:56:53.000000
DEV_2f72333e81,15,1,2025-01-26 07:52:27.000000
DEV_2f7cc0b699,8,1,2025-02-21 01:12:31.000000
DEV_2f8459aab0,8,1,2025-04-09 00:17:40.000000
DEV_2f86bdfaac,12,1,2025-01-08 17:45:48.000000
DEV_2f8bcf1978,18,1,2025-01-27 12:37:24.000000
DEV_2f8f00db8f,9,1,2025-03-04 07:35:32.000000
DEV_2f8f383503,9,1,2025-03-07 12:57:24.000000
DEV_2f974ad4d8,12,1,2025-01-21 01:25:42.000000
DEV_2fa9af2ac0,1,1,2025-10-26 02:48:26.000000
DEV_2fb4e670b8,15,1,2025-03-11 15:41:13.000000
DEV_2fb92c9dd9,8,1,2025-03-23 01:36:51.000000
DEV_2fb93d4361,18,1,2025-01-22 14:42:41.000000
DEV_2fc87c8e64,11,1,2025-01-19 04:19:46.000000
DEV_2fcbb036c7,13,1,2025-02-15 02:31:59.000000
DEV_2fcc2ae88d,1,1,2025-05-12 09:33:00.000000
DEV_2fcef60c40,14,1,2025-01-12 20:26:41.000000
DEV_2fcfc6a937,13,1,2025-01-08 06:53:19.000000
DEV_2fd0bd5f72,9,1,2025-01-07 22:54:10.000000
DEV_2fd30664bd,12,1,2025-01-06 14:48:51.000000
DEV_2fd4f5c3ed,10,1,2025-01-16 00:22:59.000000
DEV_2fdc7d2b83,9,1,2025-01-21 19:00:31.000000
DEV_2fdc83e64c,8,1,2025-01-09 22:32:59.000000
DEV_2fe82790e7,10,1,2025-01-22 21:19:22.000000
DEV_2ff76db0e7,15,1,2025-01-06 09:50:14.000000
DEV_301f7be78e,11,1,2025-01-12 14:37:46.000000
DEV_3029a626d3,12,1,2025-01-20 17:30:14.000000
DEV_302a6884a0,14,1,2025-01-05 17:57:19.000000
DEV_303d2859e1,10,1,2025-01-04 23:23:46.000000
DEV_303e7fa2e3,11,1,2025-02-04 21:02:14.000000
DEV_304473ff9e,12,1,2025-01-05 00:58:13.000000
DEV_30464f5eed,11,1,2025-01-23 06:57:44.000000
DEV_3046f4dbc9,13,1,2025-01-23 13:01:34.000000
DEV_3049c1115e,16,1,2025-01-12 23:36:15.000000
DEV_30564ea933,15,1,2025-02-14 14:20:41.000000
DEV_305cf8b49c,9,1,2025-01-06 19:42:02.000000
DEV_305e2a8850,14,1,2025-01-07 16:02:48.000000
DEV_3065bf6854,7,1,2025-01-18 23:17:16.000000
DEV_306ab9ff2b,8,1,2025-01-11 19:33:19.000000
DEV_306cc508c6,11,1,2025-01-07 01:49:05.000000
DEV_307730da1f,13,1,2025-01-14 04:45:23.000000
DEV_307c62f1a6,16,1,2025-01-13 06:25:12.000000
DEV_307e83af49,12,1,2025-01-06 20:08:37.000000
DEV_308f3c363c,12,1,2025-01-29 01:32:29.000000
DEV_3091315e69,8,1,2025-02-27 13:36:29.000000
DEV_309167a464,11,1,2025-01-22 14:19:25.000000
DEV_3092f2ae60,10,1,2025-02-25 11:32:54.000000
DEV_30a86cb6ba,10,1,2025-02-10 00:45:25.000000
DEV_30a963f961,7,1,2025-01-24 05:48:57.000000
DEV_30b453c68e,14,1,2025-01-02 05:52:02.000000
DEV_30b7ae5415,14,1,2025-03-05 04:44:06.000000
DEV_30ba331ce5,13,1,2025-01-02 01:56:42.000000
DEV_30c3bfa4d0,9,1,2025-02-23 13:00:05.000000
DEV_30d7d1da24,12,1,2025-01-13 19:12:36.000000
DEV_30e0bf7ea1,8,1,2025-01-21 23:10:44.000000
DEV_30f2b176d3,9,1,2025-06-01 03:48:02.000000
DEV_30ff66bcd8,13,1,2025-01-28 11:04:34.000000
DEV_311554569f,9,1,2025-01-19 18:48:13.000000
DEV_311e339e30,10,1,2025-03-06 13:03:53.000000
DEV_31201122e7,11,1,2025-01-10 05:41:10.000000
DEV_3126545735,7,1,2025-01-31 07:52:59.000000
DEV_3126c889c5,14,1,2025-01-14 19:43:31.000000
DEV_3128bf98ef,9,1,2025-02-14 18:34:36.000000
DEV_31322c5363,3,1,2025-08-13 19:29:21.000000
DEV_313dd49de9,7,1,2025-02-01 23:35:54.000000
DEV_3140fe0773,16,1,2025-01-06 10:14:12.000000
DEV_31445d7b8e,10,1,2025-01-14 05:23:44.000000
DEV_31451a3ba5,10,1,2025-01-05 21:52:14.000000
DEV_31657d0478,15,1,2025-01-22 19:41:28.000000
DEV_316ce6ab52,10,1,2025-04-07 15:21:55.000000
DEV_3174dc36c7,12,1,2025-03-08 17:04:04.000000
DEV_3177220967,10,4,2025-01-15 21:45:55.295234
DEV_319ad7245b,10,1,2025-01-08 21:06:25.000000
DEV_31a44e6622,14,1,2025-01-10 23:46:39.000000
DEV_31b277eeeb,2,1,2025-10-10 02:20:00.000000
DEV_31b9160713,14,1,2025-01-07 05:39:35.000000
DEV_31bc0ded11,13,1,2025-01-02 17:10:19.000000
DEV_31bc3d956a,5,1,2025-03-07 14:14:01.000000
DEV_31bc568426,10,1,2025-01-07 04:23:34.000000
DEV_31bd8d042e,15,1,2025-02-11 11:29:35.000000
DEV_31c417787c,5,1,2025-01-06 22:22:20.000000
DEV_31c4db39ca,5,1,2025-01-05 04:58:28.000000
DEV_31c9f0e742,9,1,2025-02-03 17:56:32.000000
DEV_31ca198ae1,10,1,2025-02-09 15:10:58.000000
DEV_31cecbc7de,11,1,2025-01-27 12:59:24.000000
DEV_31d5e92967,10,1,2025-01-04 18:53:10.000000
DEV_31d714c4c9,16,1,2025-01-09 16:16:30.000000
DEV_31e5e6d831,11,1,2025-01-09 07:59:03.000000
DEV_31ef4a3958,12,1,2025-01-09 22:47:48.000000
DEV_31f674783a,9,1,2025-04-13 23:59:34.000000
DEV_31fafadc4c,12,1,2025-02-22 23:26:19.000000
DEV_320742c081,7,1,2025-01-05 08:56:51.000000
DEV_3224b5aee2,5,1,2025-04-11 16:51:10.000000
DEV_3239317720,10,1,2025-01-11 20:41:21.000000
DEV_3246fe9b5a,9,1,2025-01-20 05:16:07.000000
DEV_324a0c4843,12,1,2025-01-11 03:56:32.000000
DEV_324af5579d,8,1,2025-01-19 14:07:59.000000
DEV_32541d071c,5,1,2025-02-27 04:57:55.000000
DEV_325c75e022,9,1,2025-01-16 18:27:58.000000
DEV_325fa63d4f,15,1,2025-02-15 23:13:49.000000
DEV_326045e79e,11,1,2025-01-30 01:54:44.000000
DEV_326b079ae2,7,1,2025-01-29 14:53:15.000000
DEV_326f56d1e4,8,1,2025-01-18 12:57:49.000000
DEV_32805ade20,10,1,2025-02-07 08:41:37.000000
DEV_32822687a8,7,1,2025-01-09 14:26:07.000000
DEV_329510268e,10,1,2025-01-21 13:18:21.000000
DEV_32972768e9,18,1,2025-01-29 15:37:03.000000
DEV_32a0f867b7,11,1,2025-01-12 16:53:11.000000
DEV_32a1c820b0,8,1,2025-02-01 14:55:38.000000
DEV_32ac376d24,16,1,2025-01-03 21:39:16.000000
DEV_32b34b5bd1,9,1,2025-01-08 01:02:46.000000
DEV_32b4a0a9d4,7,1,2025-05-06 06:19:30.000000
DEV_32c5b524bc,13,1,2025-01-01 16:20:43.000000
DEV_32c5e25a23,15,1,2025-01-09 03:09:48.000000
DEV_32c829cd2d,8,1,2025-01-04 15:06:16.000000
DEV_32ca63cc34,9,1,2025-01-27 16:25:48.000000
DEV_32cd8d4b9c,13,1,2025-02-02 12:31:11.000000
DEV_32ce7e6597,14,1,2025-01-04 03:16:37.000000
DEV_32e2e307a8,10,1,2025-01-07 07:41:02.000000
DEV_32e809b7f4,10,1,2025-02-13 05:56:51.000000
DEV_32f6c21792,13,1,2025-02-06 08:16:31.000000
DEV_33008c2586,10,1,2025-01-15 18:08:31.000000
DEV_330daa83f5,12,1,2025-03-08 05:10:04.000000
DEV_3319aba188,12,1,2025-01-17 18:04:37.000000
DEV_331a614a41,17,1,2025-01-29 13:38:16.000000
DEV_331fe81dc1,19,1,2025-01-07 17:22:02.000000
DEV_332d6b61f7,16,1,2025-01-08 03:18:52.000000
DEV_332fe62f86,12,1,2025-03-11 10:43:06.000000
DEV_3339dd86ce,16,1,2025-01-18 00:20:11.000000
DEV_333b589b22,13,1,2025-01-03 04:39:22.000000
DEV_3349ade35c,7,1,2025-02-11 02:37:40.000000
DEV_334c0ae256,9,1,2025-01-20 09:49:19.000000
DEV_3352f69869,11,1,2025-03-10 20:20:29.000000
DEV_3360a27252,13,1,2025-01-03 16:21:35.000000
DEV_33622d5e5d,11,1,2025-01-05 00:58:41.000000
DEV_3363216386,10,1,2025-02-04 00:15:44.000000
DEV_3367b09fea,10,1,2025-01-18 23:32:49.000000
DEV_336a0b3f30,3,1,2025-02-26 14:48:18.000000
DEV_336bcda56e,6,1,2025-01-22 07:11:18.000000
DEV_33731260bc,7,1,2025-06-19 04:13:57.000000
DEV_337c129d90,10,1,2025-03-11 05:56:37.000000
DEV_3382ff336a,15,1,2025-01-11 20:48:19.000000
DEV_3394854797,12,1,2025-01-02 01:22:37.000000
DEV_339cd935e2,8,1,2025-01-31 05:34:28.000000
DEV_33a62fc1d7,15,1,2025-02-07 14:27:56.000000
DEV_33aac8f153,10,1,2025-01-11 09:11:19.000000
DEV_33b1468f5f,16,1,2025-01-03 20:08:46.000000
DEV_33b29060d3,10,1,2025-03-05 04:39:37.000000
DEV_33c54cb649,13,1,2025-01-11 17:23:22.000000
DEV_33c8118466,10,1,2025-01-08 22:05:50.000000
DEV_33cad667e4,7,1,2025-01-02 04:49:23.000000
DEV_33d4a1e32d,13,1,2025-01-02 16:54:32.000000
DEV_33d57ce755,9,1,2025-01-12 19:43:27.000000
DEV_33e2be9872,1,1,2025-04-20 03:59:03.000000
DEV_33f21cb986,6,1,2025-01-31 00:47:09.000000
DEV_33f63d2b97,5,1,2025-01-08 12:44:54.000000
DEV_33f7ac6825,9,1,2025-01-11 20:54:54.000000
DEV_3416298e67,11,1,2025-01-07 22:16:32.000000
DEV_341816f777,12,1,2025-02-14 21:09:51.000000
DEV_341911e92a,11,1,2025-01-08 03:09:23.000000
DEV_3419fee0fd,2,1,2025-10-03 05:34:22.000000
DEV_342534d7ca,12,1,2025-02-03 14:42:25.000000
DEV_3429103aea,14,1,2025-01-16 08:52:40.000000
DEV_34293f840e,21,1,2025-02-09 07:16:12.000000
DEV_3432638567,10,1,2025-02-02 02:50:41.000000
DEV_3436412d35,11,1,2025-01-06 06:29:56.000000
DEV_3436ff7f71,17,1,2025-01-08 18:52:10.000000
DEV_34407f6242,18,1,2025-01-11 06:28:30.000000
DEV_3448909df4,13,1,2025-01-10 18:58:46.000000
DEV_3449503659,7,1,2025-01-25 00:07:29.000000
DEV_344acb196a,8,1,2025-03-19 23:33:00.000000
DEV_3459fe0580,8,1,2025-01-23 11:40:20.000000
DEV_34620eaa26,1,1,2025-06-09 01:50:23.000000
DEV_346222a82f,13,1,2025-01-06 11:24:55.000000
DEV_3462abb106,8,1,2025-02-11 15:14:32.000000
DEV_3468d73ca4,9,1,2025-02-13 14:20:30.000000
DEV_347dd88519,17,1,2025-02-13 12:44:07.000000
DEV_348ac08883,12,1,2025-01-08 23:23:36.000000
DEV_3498887292,9,1,2025-01-10 01:57:45.000000
DEV_349f4120fb,6,1,2025-01-15 00:27:06.000000
DEV_34a3587411,15,1,2025-01-03 22:46:41.000000
DEV_34a9dec8d1,3,1,2025-10-06 08:26:16.000000
DEV_34b01728a2,1,1,2025-02-24 08:00:50.000000
DEV_34bf4d3c6e,12,1,2025-01-01 23:49:13.000000
DEV_34c4bdae2c,9,1,2025-01-18 06:37:00.000000
DEV_34cab59347,11,1,2025-01-02 01:54:22.000000
DEV_34cbafbcaf,11,1,2025-01-13 10:09:29.000000
DEV_34ce5e45da,8,3,2025-10-05 16:59:36.164963
DEV_34d6ccd630,12,1,2025-01-01 22:01:26.000000
DEV_34def1d05b,8,1,2025-01-18 05:03:02.000000
DEV_34e0066123,9,1,2025-01-17 19:05:11.000000
DEV_34e6b67676,10,1,2025-02-05 07:21:47.000000
DEV_34ec1fed23,14,4,2025-07-05 04:22:26.645288
DEV_34ec5ded70,2,1,2025-08-26 10:09:50.000000
DEV_34ed0eb35f,14,1,2025-01-11 20:29:37.000000
DEV_34f91133bc,19,1,2025-01-26 00:35:53.000000
DEV_34fc510f5f,11,1,2025-04-19 17:07:14.000000
DEV_3508401ac7,6,1,2025-02-27 14:03:47.000000
DEV_350e165f35,15,1,2025-01-18 07:19:15.000000
DEV_350fb724fa,14,1,2025-02-18 22:01:13.000000
DEV_3512948540,9,1,2025-01-26 14:46:26.000000
DEV_35199b84c0,15,1,2025-01-26 20:49:06.000000
DEV_35218fae43,10,1,2025-02-11 15:12:53.000000
DEV_3526f7840f,12,1,2025-02-23 00:18:42.000000
DEV_352d0c3b71,14,1,2025-02-03 21:35:20.000000
DEV_353db8ae4e,16,1,2025-01-03 10:14:38.000000
DEV_35454b8605,6,1,2025-01-01 18:33:49.000000
DEV_3545f2d718,15,1,2025-02-26 09:06:32.000000
DEV_354fc85bee,16,1,2025-01-27 09:26:59.000000
DEV_356335b4d0,4,1,2025-04-13 17:03:35.208327
DEV_35722c18fb,18,1,2025-01-02 06:47:41.000000
DEV_3573236453,11,1,2025-01-01 00:25:48.000000
DEV_357b398337,13,1,2025-02-05 01:45:46.000000
DEV_357b55e2ae,17,1,2025-04-14 07:26:37.000000
DEV_3594bef8c1,17,1,2025-01-18 09:15:36.000000
DEV_359a1e9154,8,1,2025-02-17 22:59:53.000000
DEV_359beb4648,10,1,2025-01-18 15:07:59.000000
DEV_35ae0a2a45,6,1,2025-01-03 15:34:59.000000
DEV_35ae3a252e,15,1,2025-02-07 01:19:11.000000
DEV_35bad4cf07,9,1,2025-02-19 17:01:40.000000
DEV_35bede372e,8,1,2025-04-11 03:13:32.000000
DEV_35e0fb32e1,6,1,2025-02-09 10:50:42.000000
DEV_35ee4c505c,10,1,2025-01-24 16:22:13.000000
DEV_35efdb6af1,4,1,2025-01-31 16:00:17.000000
DEV_360f40fefd,13,1,2025-01-08 06:28:17.000000
DEV_361593b9ba,11,1,2025-01-28 03:40:12.000000
DEV_36197e06d6,11,1,2025-06-11 13:43:58.000000
DEV_36262b3ae5,14,1,2025-01-25 01:58:57.000000
DEV_362b10faa5,19,1,2025-01-27 15:27:56.000000
DEV_362f33079a,10,1,2025-01-07 23:49:17.000000
DEV_3630a89b9e,16,1,2025-02-13 02:55:08.000000
DEV_3632ab91a2,15,1,2025-01-04 11:50:10.000000
DEV_363dbeea6f,9,1,2025-01-11 18:46:23.000000
DEV_3645765183,8,1,2025-03-24 03:15:06.000000
DEV_36486e8e7e,21,1,2025-01-04 00:23:38.000000
DEV_364e0d05f1,7,1,2025-02-14 09:15:15.000000
DEV_364e7d652c,14,1,2025-01-18 02:11:57.000000
DEV_3650966b6a,14,1,2025-01-01 16:12:25.000000
DEV_3652db9eaf,7,1,2025-01-17 17:33:59.000000
DEV_36571b82e8,13,1,2025-01-05 13:13:18.000000
DEV_36575308ca,17,1,2025-01-23 03:24:35.000000
DEV_3661361d0e,4,1,2025-01-29 06:01:02.000000
DEV_366622c062,9,1,2025-02-01 20:22:41.000000
DEV_3670b18c8b,2,1,2025-03-24 01:40:29.000000
DEV_3677034b84,2,1,2025-07-06 02:42:20.000000
DEV_36780f5946,11,1,2025-01-12 08:31:06.000000
DEV_367dc84a4c,6,1,2025-04-02 21:52:01.000000
DEV_36988dcb79,13,1,2025-02-15 06:23:25.000000
DEV_369bfce8dd,10,1,2025-01-03 18:38:08.000000
DEV_369edf9cb5,9,1,2025-01-27 22:49:24.000000
DEV_36a0da63dd,13,1,2025-01-02 19:04:34.000000
DEV_36a185a180,16,1,2025-01-01 21:52:08.000000
DEV_36a9b57f1e,10,1,2025-02-01 15:29:39.000000
DEV_36ae677979,1,1,2025-02-27 05:26:28.000000
DEV_36b7c63dc4,12,1,2025-01-01 23:20:49.000000
DEV_36bcdcbd1e,14,1,2025-01-10 00:16:59.000000
DEV_36cffa195e,12,1,2025-01-18 06:52:11.000000
DEV_36d3048b66,3,1,2025-06-05 03:46:20.000000
DEV_36d81aafff,16,1,2025-01-18 15:04:34.000000
DEV_36e811d312,15,1,2025-02-04 06:46:04.000000
DEV_36e8306359,10,1,2025-01-07 13:54:57.000000
DEV_36f5a676e9,10,1,2025-01-13 23:14:44.000000
DEV_36fcfc60e8,12,1,2025-02-06 20:05:32.000000
DEV_37076626c6,10,1,2025-01-17 10:54:27.000000
DEV_3707af6b4c,24,8,2025-06-13 19:49:44.424597
DEV_370bb89e2b,17,1,2025-01-02 08:54:28.000000
DEV_371414353e,7,1,2025-01-06 08:43:14.000000
DEV_3722fd24ae,15,1,2025-01-14 20:28:34.000000
DEV_372771f811,14,1,2025-01-26 04:54:46.000000
DEV_372c34d0ed,7,3,2025-07-05 15:43:43.960868
DEV_373538f22e,13,1,2025-01-20 21:47:53.000000
DEV_373b76da15,10,1,2025-01-12 06:36:30.000000
DEV_373ff90b25,10,1,2025-03-12 16:43:02.000000
DEV_3740b237fd,8,1,2025-01-23 15:46:32.000000
DEV_3742c18c8a,8,1,2025-02-01 14:07:39.000000
DEV_3744910382,9,1,2025-01-30 03:52:20.000000
DEV_3751501193,9,1,2025-01-13 23:52:19.000000
DEV_3769013817,12,1,2025-01-03 19:28:29.000000
DEV_377533d93f,13,1,2025-01-05 14:10:23.000000
DEV_3778abe684,16,1,2025-01-09 02:45:48.000000
DEV_377f4617af,10,1,2025-03-29 06:11:48.000000
DEV_3780a78ce7,13,1,2025-01-01 20:11:18.000000
DEV_3782b048d8,12,1,2025-01-16 02:44:32.000000
DEV_37841d4c98,2,1,2025-08-01 19:55:37.000000
DEV_37a068a5e3,24,1,2025-01-01 02:28:14.000000
DEV_37a197960e,7,1,2025-01-05 19:03:15.000000
DEV_37b8dc7d32,13,1,2025-01-24 08:05:31.000000
DEV_37c6458848,15,1,2025-01-17 06:27:30.000000
DEV_37c8d032f8,10,1,2025-02-23 11:04:29.000000
DEV_37c94e427f,6,1,2025-01-09 17:56:24.000000
DEV_37ced1cd72,10,1,2025-01-07 23:59:01.000000
DEV_37d5a2b87b,10,1,2025-01-01 17:44:17.000000
DEV_37dc45b585,12,1,2025-02-18 10:41:57.000000
DEV_37e0ed6e5d,8,1,2025-02-08 23:17:43.000000
DEV_37e2714fa0,10,1,2025-01-14 06:20:36.000000
DEV_37e5cacb0a,21,1,2025-01-16 15:12:04.000000
DEV_37ec757a83,15,1,2025-01-15 02:08:45.000000
DEV_37ee5c23f2,8,1,2025-02-08 21:03:02.000000
DEV_37ee7e9ece,8,1,2025-01-17 16:08:37.000000
DEV_37f130d2c2,16,1,2025-01-07 15:41:50.000000
DEV_37f4e65fe9,21,1,2025-01-08 18:13:44.000000
DEV_37ff6f9f00,15,1,2025-02-09 00:10:21.000000
DEV_380341e9ae,1,1,2025-05-04 15:11:15.000000
DEV_3813dae6d3,13,1,2025-01-05 17:24:07.000000
DEV_381434eeff,14,1,2025-01-25 04:45:57.000000
DEV_3814aa3c94,12,1,2025-02-04 16:28:39.000000
DEV_3815eb30d8,12,1,2025-01-03 08:50:56.000000
DEV_3819918099,10,1,2025-02-19 12:48:20.000000
DEV_38283b1a0b,8,1,2025-01-24 16:02:00.000000
DEV_38297c1f42,20,1,2025-01-02 18:58:10.000000
DEV_38375e684a,11,1,2025-02-16 19:17:25.000000
DEV_3843d13823,22,1,2025-01-07 14:04:03.000000
DEV_3855037c93,6,1,2025-01-11 09:23:14.000000
DEV_38619a3f51,9,1,2025-02-04 22:06:32.000000
DEV_386392964b,10,1,2025-01-21 18:47:38.000000
DEV_386936cea9,6,1,2025-01-14 09:12:59.000000
DEV_387b9a63b1,20,1,2025-01-22 23:34:25.000000
DEV_387d787625,14,1,2025-02-01 13:34:53.000000
DEV_387e32b14e,13,1,2025-01-20 20:21:01.000000
DEV_3880ad9490,11,1,2025-01-25 17:50:51.000000
DEV_388b8ced77,24,1,2025-02-16 03:56:04.000000
DEV_38907e8e37,14,1,2025-01-10 08:10:33.000000
DEV_38a8621fdf,11,1,2025-01-12 15:52:21.000000
DEV_38a88b1024,12,1,2025-01-02 17:37:59.000000
DEV_38acea151f,9,1,2025-01-17 02:09:37.000000
DEV_38ad1fd663,13,1,2025-01-03 00:47:24.000000
DEV_38beb367e4,12,1,2025-02-09 07:15:40.000000
DEV_38c99806f8,12,1,2025-01-06 14:00:47.000000
DEV_38cd68905a,13,1,2025-01-15 14:37:27.000000
DEV_38d456173c,7,1,2025-01-20 10:40:43.000000
DEV_38db670302,10,1,2025-01-30 07:22:52.000000
DEV_38eaa6f390,14,1,2025-01-09 07:06:09.000000
DEV_38f0e2b09f,17,1,2025-01-08 09:08:41.000000
DEV_38f249d716,16,1,2025-01-27 23:02:39.000000
DEV_38fb5f84bf,9,1,2025-01-02 00:42:04.000000
DEV_38ff89d3a0,10,1,2025-01-11 20:10:14.000000
DEV_38ffe5b9a2,13,1,2025-01-11 13:26:52.000000
DEV_3905ce9969,9,1,2025-01-31 08:29:29.000000
DEV_390c20aa30,10,1,2025-02-14 14:44:47.000000
DEV_39185f44aa,9,1,2025-01-19 21:20:41.000000
DEV_39224bc4ca,17,1,2025-01-14 14:08:50.000000
DEV_392a328039,10,1,2025-02-10 05:57:43.000000
DEV_3936f2c311,20,1,2025-01-04 14:38:41.000000
DEV_3949637aad,8,1,2025-01-30 18:49:48.000000
DEV_394cc0d1af,17,1,2025-01-01 03:05:27.000000
DEV_394e3535f3,15,1,2025-01-31 12:41:40.000000
DEV_39505c44e0,9,1,2025-02-13 21:58:06.000000
DEV_39552ce5ee,9,1,2025-03-19 18:26:55.000000
DEV_3955dff19d,27,1,2025-01-04 13:08:13.000000
DEV_39599bbc1d,13,1,2025-01-03 10:05:51.000000
DEV_39630675d1,11,1,2025-01-27 17:40:14.000000
DEV_3964c5c19d,13,1,2025-01-23 18:07:17.000000
DEV_39672463fc,12,1,2025-01-12 11:56:26.000000
DEV_3973113305,13,1,2025-02-08 05:20:17.000000
DEV_3975fa5e44,19,1,2025-01-17 11:08:02.000000
DEV_39a316e3ea,12,1,2025-02-11 22:06:08.000000
DEV_39b0810c74,24,1,2025-01-08 17:51:35.000000
DEV_39b6c98313,12,1,2025-02-14 06:16:11.000000
DEV_39b9e9be60,14,1,2025-01-26 08:05:08.000000
DEV_39c4164b0f,18,1,2025-01-03 20:51:59.000000
DEV_39cb99104b,8,4,2025-01-31 08:49:12.146216
DEV_39d75ebded,9,1,2025-01-11 13:41:43.000000
DEV_39d7681624,11,1,2025-01-19 03:35:36.000000
DEV_39e335f3e3,10,1,2025-01-14 12:14:30.000000
DEV_39f58312c6,7,1,2025-01-11 18:44:03.000000
DEV_39f60f1596,12,1,2025-02-10 16:58:53.000000
DEV_39f864a706,14,1,2025-01-13 21:40:04.000000
DEV_39ffe125f0,14,1,2025-01-06 19:24:54.000000
DEV_3a01b1a267,15,1,2025-01-12 13:31:47.000000
DEV_3a01c1384b,13,1,2025-01-15 10:16:47.000000
DEV_3a059f4783,10,1,2025-01-04 19:20:48.000000
DEV_3a099a6f73,9,1,2025-01-11 12:02:15.000000
DEV_3a0b653714,13,1,2025-01-30 17:16:55.000000
DEV_3a0c401f74,11,1,2025-01-26 01:14:04.000000
DEV_3a0dff4dcf,11,1,2025-01-23 13:51:20.000000
DEV_3a1037d102,19,1,2025-01-03 03:06:29.000000
DEV_3a13453d37,13,1,2025-01-15 19:03:51.000000
DEV_3a15ca1b74,9,1,2025-02-16 20:23:26.000000
DEV_3a32dcd836,13,1,2025-02-12 22:11:51.000000
DEV_3a3a9c2aa0,11,1,2025-02-06 16:24:50.000000
DEV_3a4d2f76bf,11,1,2025-02-04 11:31:29.000000
DEV_3a591a7ea3,15,1,2025-01-14 00:42:11.000000
DEV_3a67f1f7b5,1,1,2025-07-24 17:48:28.000000
DEV_3a6b575b28,7,1,2025-02-14 15:24:11.000000
DEV_3a6e8b4e33,17,1,2025-01-19 15:41:12.000000
DEV_3a92fa778b,1,1,2025-05-01 20:11:59.000000
DEV_3aa2c4c72e,16,1,2025-01-12 02:41:51.000000
DEV_3ab48d7d23,19,1,2025-01-15 11:50:15.000000
DEV_3ac1e52c7a,12,1,2025-01-14 16:42:04.000000
DEV_3ac397c4ee,11,1,2025-01-08 04:38:04.000000
DEV_3ac69a84bb,2,1,2025-08-12 06:02:18.000000
DEV_3ac739274f,10,1,2025-02-05 04:05:12.000000
DEV_3ac82b7654,10,1,2025-01-08 19:33:36.000000
DEV_3ac8bad5f8,14,1,2025-02-13 11:43:01.000000
DEV_3ae5c59dea,11,1,2025-01-09 23:42:18.000000
DEV_3aedd19cd6,12,1,2025-01-01 15:23:22.000000
DEV_3af27e3a61,9,1,2025-02-01 00:34:24.000000
DEV_3b00692712,11,1,2025-03-04 07:54:55.000000
DEV_3b069fded5,16,1,2025-01-23 17:40:35.000000
DEV_3b0a9e4475,13,1,2025-01-14 05:55:23.000000
DEV_3b15f6ee83,12,1,2025-02-03 23:51:33.000000
DEV_3b3c8a6c3c,8,1,2025-02-07 04:47:34.000000
DEV_3b47ec1b42,12,1,2025-02-04 16:31:18.000000
DEV_3b4eb6a762,12,1,2025-01-09 16:56:13.000000
DEV_3b50bfe469,8,1,2025-01-14 15:04:15.000000
DEV_3b5a82e198,1,1,2025-01-09 11:24:12.000000
DEV_3b6c1e7f86,15,1,2025-01-01 04:22:07.000000
DEV_3b6c8bf99c,9,1,2025-01-15 01:56:20.000000
DEV_3b706825e0,12,1,2025-01-30 19:09:38.000000
DEV_3b737f392d,10,1,2025-01-10 16:29:01.000000
DEV_3b7e308524,11,1,2025-01-15 00:49:08.000000
DEV_3b8777b1d6,8,1,2025-02-15 12:25:20.000000
DEV_3b887b2594,12,1,2025-01-27 02:05:45.000000
DEV_3b8b508917,12,1,2025-02-13 10:23:43.000000
DEV_3b8e512dee,11,1,2025-01-08 15:48:31.000000
DEV_3b91174402,15,1,2025-02-10 12:34:34.000000
DEV_3b959288f3,13,1,2025-01-02 21:48:51.000000
DEV_3ba638d15c,12,1,2025-01-03 10:32:42.000000
DEV_3bb1de3cc3,13,1,2025-01-31 07:58:57.000000
DEV_3bba8ddaf8,1,1,2025-04-17 07:20:22.000000
DEV_3bbae86c3f,4,1,2025-04-18 00:41:12.000000
DEV_3bc004bf1b,10,1,2025-01-20 16:06:18.000000
DEV_3bc2132858,16,1,2025-01-10 14:38:41.000000
DEV_3bc64d7bb4,10,1,2025-01-02 15:42:01.000000
DEV_3bd97a0c37,10,1,2025-02-02 22:24:54.000000
DEV_3bf746c676,8,1,2025-03-06 06:35:32.000000
DEV_3bf7795408,12,1,2025-02-24 02:11:05.000000
DEV_3c10f9d5bb,13,1,2025-01-03 00:54:44.000000
DEV_3c1454a252,8,1,2025-02-27 23:17:53.000000
DEV_3c18bf95a6,10,1,2025-01-02 18:33:38.000000
DEV_3c19849edb,10,1,2025-01-06 14:32:50.000000
DEV_3c19d0290d,14,1,2025-01-07 09:58:36.000000
DEV_3c1b22b507,11,1,2025-01-08 15:29:13.000000
DEV_3c1ff58d94,12,1,2025-01-11 19:25:28.000000
DEV_3c35984bb1,12,1,2025-01-09 16:01:51.000000
DEV_3c36f33ba6,16,1,2025-01-16 23:20:11.000000
DEV_3c376db1af,9,1,2025-01-16 21:55:34.000000
DEV_3c4209b774,19,1,2025-01-28 12:01:26.000000
DEV_3c42a25318,17,1,2025-02-27 23:21:32.000000
DEV_3c495a1bf0,8,1,2025-03-08 07:16:52.000000
DEV_3c50290829,10,1,2025-01-12 15:45:47.000000
DEV_3c50333dcd,14,1,2025-01-07 23:23:45.000000
DEV_3c5a700bf0,9,1,2025-01-23 13:39:48.000000
DEV_3c5cde6bd7,12,1,2025-01-08 03:31:35.000000
DEV_3c5d3d29ac,10,1,2025-01-17 20:37:32.000000
DEV_3c737073f8,10,1,2025-01-12 23:46:46.000000
DEV_3c776e9ecd,10,1,2025-03-06 17:52:51.000000
DEV_3c79a0d332,9,1,2025-01-10 01:11:39.000000
DEV_3c7bd7df2e,14,1,2025-01-01 16:29:12.000000
DEV_3c7c533532,13,1,2025-01-03 08:10:24.000000
DEV_3c7d4785e5,9,1,2025-01-26 03:00:18.000000
DEV_3c855a1b28,21,1,2025-01-27 01:10:30.000000
DEV_3c879bf42d,24,1,2025-01-04 02:47:48.000000
DEV_3c87abdc18,13,1,2025-02-06 01:52:55.000000
DEV_3c8c9b0d75,18,1,2025-01-13 11:42:06.000000
DEV_3c8ed962d5,12,1,2025-01-28 15:15:12.000000
DEV_3c913b95d9,12,1,2025-01-16 02:17:30.000000
DEV_3c9f22f18c,14,1,2025-01-14 13:18:11.000000
DEV_3cad899341,6,1,2025-03-18 14:58:01.000000
DEV_3cbf8ce334,11,1,2025-01-08 10:33:45.000000
DEV_3cca681841,12,1,2025-01-15 07:37:08.000000
DEV_3ccf33f6f0,12,1,2025-01-26 05:47:48.000000
DEV_3cda2003d1,13,1,2025-01-10 23:51:40.000000
DEV_3cea57acaf,8,1,2025-02-27 17:03:08.000000
DEV_3cf4bcb4ff,23,1,2025-01-10 10:16:06.000000
DEV_3cfcd3eb92,18,1,2025-01-06 05:24:05.000000
DEV_3cfe4877c1,13,1,2025-01-05 07:29:39.000000
DEV_3d0720d3ee,8,1,2025-02-25 20:10:47.000000
DEV_3d1288f627,3,1,2025-07-05 22:37:29.000000
DEV_3d15ee1116,14,1,2025-01-06 02:19:19.000000
DEV_3d1f3bd67e,11,1,2025-01-18 22:02:13.000000
DEV_3d24c00df5,13,1,2025-01-22 07:22:58.000000
DEV_3d2639548b,10,1,2025-03-17 00:41:52.000000
DEV_3d38a47dd7,8,1,2025-01-06 06:18:51.000000
DEV_3d425e52ae,14,1,2025-01-01 23:32:48.000000
DEV_3d47ec81f4,11,1,2025-01-26 00:09:38.000000
DEV_3d56e749c2,14,1,2025-01-19 08:00:33.000000
DEV_3d5d662c85,18,1,2025-03-19 23:12:07.000000
DEV_3d6320b751,1,1,2025-01-21 13:23:04.000000
DEV_3d753ccfb8,9,1,2025-01-29 19:51:04.000000
DEV_3d756482e9,7,1,2025-01-11 05:44:55.000000
DEV_3d796bee8f,9,1,2025-02-13 23:08:29.000000
DEV_3d7d0fe00d,13,1,2025-02-05 08:41:21.000000
DEV_3d80f2bc91,14,1,2025-01-06 15:36:07.000000
DEV_3d8c5c54a6,4,1,2025-02-02 17:41:36.000000
DEV_3d9cf47f94,13,1,2025-01-02 16:33:21.000000
DEV_3d9e78273c,15,1,2025-02-03 23:33:13.000000
DEV_3db26b46cd,6,1,2025-02-13 00:13:48.000000
DEV_3db9eeac2e,10,1,2025-03-08 15:36:38.000000
DEV_3dbc49d766,9,1,2025-03-04 20:48:26.000000
DEV_3dbd909a04,12,1,2025-01-24 01:37:06.000000
DEV_3dcc2d0c03,13,1,2025-01-05 07:16:09.000000
DEV_3decdc8cab,10,1,2025-01-25 22:17:41.000000
DEV_3df1abe300,8,1,2025-01-03 23:30:11.000000
DEV_3df6788854,10,1,2025-03-13 03:57:23.000000
DEV_3df8ed84c1,13,1,2025-01-01 06:29:00.000000
DEV_3dfd83bb99,9,1,2025-01-02 11:24:51.000000
DEV_3dff92c22c,23,1,2025-01-18 11:36:33.000000
DEV_3e0c44151f,9,1,2025-02-11 15:53:53.000000
DEV_3e19d7a8de,10,1,2025-01-17 11:33:11.000000
DEV_3e1a090bee,15,1,2025-01-07 12:55:39.000000
DEV_3e1a646dfc,17,1,2025-01-13 18:26:30.000000
DEV_3e1a91972a,11,1,2025-04-02 06:23:41.000000
DEV_3e2d9cfe79,21,1,2025-01-07 23:42:01.000000
DEV_3e3e5f2bf5,8,1,2025-01-27 07:59:34.000000
DEV_3e3f0f4cd6,9,1,2025-01-06 05:32:57.000000
DEV_3e4a5217f5,9,1,2025-04-16 20:34:02.000000
DEV_3e538790cb,5,1,2025-01-29 02:15:13.000000
DEV_3e53b02fd9,12,1,2025-01-20 03:55:13.000000
DEV_3e650ce5af,9,1,2025-01-22 12:42:54.000000
DEV_3e6675b710,12,1,2025-02-09 17:33:57.000000
DEV_3e806809c9,20,1,2025-01-21 22:47:41.000000
DEV_3e9601efef,11,1,2025-01-17 00:33:27.000000
DEV_3e9c0c9869,14,1,2025-01-10 11:46:41.000000
DEV_3ea73f3b03,19,1,2025-01-05 14:02:51.000000
DEV_3eae34d615,13,1,2025-03-19 20:36:09.000000
DEV_3eb1badd79,15,1,2025-01-20 09:35:11.000000
DEV_3eb242dfb8,17,1,2025-01-26 17:45:05.000000
DEV_3ed00d005e,8,1,2025-01-18 19:38:54.000000
DEV_3ed8586bc3,7,1,2025-01-19 12:12:43.000000
DEV_3ee738b1f4,12,1,2025-01-13 15:04:02.000000
DEV_3eea44ac7e,12,1,2025-01-19 22:32:41.000000
DEV_3eec72bad8,9,1,2025-03-31 13:06:34.000000
DEV_3eee480730,11,1,2025-01-22 03:29:34.000000
DEV_3ef35b3071,11,1,2025-01-21 09:27:43.000000
DEV_3efc41e996,13,1,2025-01-05 15:41:52.000000
DEV_3f03c44197,11,1,2025-01-23 22:38:04.000000
DEV_3f116590c0,11,1,2025-01-24 21:59:59.000000
DEV_3f1646f3b1,6,1,2025-04-22 02:05:16.000000
DEV_3f17584cbf,2,1,2025-10-26 12:48:03.000000
DEV_3f1ba66779,9,1,2025-01-20 22:45:59.000000
DEV_3f1d63997d,7,1,2025-01-13 13:32:08.000000
DEV_3f21ebaa2e,12,1,2025-02-02 13:39:22.000000
DEV_3f2b626888,12,1,2025-01-07 01:46:20.000000
DEV_3f57382936,6,2,2025-06-07 12:07:56.241351
DEV_3f703cf131,11,1,2025-02-11 15:47:33.000000
DEV_3f77603819,22,1,2025-01-12 03:23:39.000000
DEV_3f8fb790d5,12,1,2025-02-05 07:41:33.000000
DEV_3f91250389,11,1,2025-02-01 14:46:43.000000
DEV_3f96fac1d2,11,1,2025-02-22 23:27:49.000000
DEV_3f9cb3c09d,10,1,2025-01-14 14:24:18.000000
DEV_3f9e4a7b1f,16,1,2025-01-11 10:53:39.000000
DEV_3fa62379c4,20,1,2025-01-30 14:02:57.000000
DEV_3fa6abffa1,10,1,2025-05-17 07:46:41.000000
DEV_3fc26da73b,15,1,2025-01-19 19:52:18.000000
DEV_3fd0983ad6,8,1,2025-02-01 20:45:32.000000
DEV_3fd42c8c4c,9,1,2025-02-16 22:43:20.000000
DEV_3fdc67b1ee,11,1,2025-01-12 00:43:21.000000
DEV_3fe0360131,11,1,2025-01-03 23:18:41.000000
DEV_3fe5df9b0d,11,1,2025-01-10 02:11:53.000000
DEV_3fecbd4dec,7,1,2025-02-09 11:26:43.000000
DEV_3ff8a4a9cf,26,1,2025-01-06 00:47:31.000000
DEV_3ffaf3feda,14,1,2025-02-15 19:17:36.000000
DEV_40039f2f14,12,1,2025-01-30 11:40:00.000000
DEV_400ac3bde6,10,1,2025-01-03 08:50:05.000000
DEV_400d2cf446,9,1,2025-03-16 06:45:38.000000
DEV_4019ee8b34,12,1,2025-01-15 20:54:56.000000
DEV_401f1b994b,11,1,2025-02-01 01:54:38.000000
DEV_402217e37f,29,1,2025-01-05 13:08:25.000000
DEV_402c1ba03d,7,1,2025-02-25 06:15:50.000000
DEV_402cbd3642,12,1,2025-01-01 07:32:04.000000
DEV_402d23f511,17,1,2025-01-05 19:41:28.000000
DEV_402f6acc75,11,1,2025-01-17 00:08:33.000000
DEV_40331c50c4,13,1,2025-01-24 06:11:59.000000
DEV_40396c5d52,10,1,2025-02-10 03:03:59.000000
DEV_4039b8e1e4,9,1,2025-01-14 13:40:54.000000
DEV_4045b23789,18,1,2025-01-06 08:54:33.000000
DEV_404c41b1eb,12,5,2025-10-06 00:03:47.340796
DEV_404eb4ba2c,2,1,2025-03-31 11:40:55.000000
DEV_40531b85eb,13,1,2025-01-08 23:21:57.000000
DEV_40598f171d,15,1,2025-01-13 23:57:52.000000
DEV_4070205ffc,13,1,2025-02-06 04:01:41.000000
DEV_407bc785a7,17,1,2025-01-03 01:31:28.000000
DEV_407fc82fa2,11,1,2025-01-20 23:22:42.000000
DEV_4081ecac07,8,1,2025-02-27 18:09:48.000000
DEV_408480cc69,7,1,2025-02-26 09:22:40.000000
DEV_408a400aeb,13,1,2025-01-08 14:41:36.000000
DEV_4091737c48,8,1,2025-03-13 04:18:24.000000
DEV_4091781d7f,11,1,2025-01-07 12:40:58.000000
DEV_40948f6d22,13,1,2025-01-04 08:58:33.000000
DEV_409c8792ba,11,1,2025-01-28 20:19:59.000000
DEV_409f7e985f,12,1,2025-04-06 01:00:35.000000
DEV_40a292956a,10,1,2025-02-01 16:07:09.000000
DEV_40a7fd8a66,8,1,2025-01-09 17:46:07.000000
DEV_40abc0866b,10,1,2025-02-01 01:21:49.000000
DEV_40bdf6e23b,10,1,2025-02-10 19:33:33.000000
DEV_40be894cf6,11,1,2025-01-09 08:54:14.000000
DEV_40c3a81beb,15,1,2025-01-03 07:44:22.000000
DEV_40c9163619,16,1,2025-01-06 11:12:56.000000
DEV_40dbb8215e,7,1,2025-07-23 07:16:13.000000
DEV_40ddf36acf,12,1,2025-01-27 06:23:26.000000
DEV_40de23b3a3,14,1,2025-01-16 17:50:45.000000
DEV_40de2ad455,15,1,2025-01-04 21:13:54.000000
DEV_40e119b697,8,1,2025-01-22 14:49:13.000000
DEV_40e262b51b,11,1,2025-01-23 20:02:07.000000
DEV_40e5bac815,1,1,2025-03-16 10:19:20.000000
DEV_40e7a6148b,11,1,2025-01-18 18:12:26.000000
DEV_40efd0c465,17,1,2025-01-02 18:37:54.000000
DEV_41047ef493,16,1,2025-01-12 15:48:25.000000
DEV_41178f5742,9,1,2025-01-12 00:18:08.000000
DEV_4145d5e76c,8,1,2025-02-07 09:03:40.000000
DEV_414631ee73,13,1,2025-01-27 13:13:24.000000
DEV_414b7194db,14,1,2025-02-26 19:46:46.000000
DEV_414d231dbf,14,1,2025-01-10 20:42:39.000000
DEV_415903a035,10,1,2025-01-15 06:59:45.000000
DEV_415b6b3fa6,7,1,2025-03-18 20:09:09.000000
DEV_415e644e09,2,1,2025-06-23 17:40:43.000000
DEV_4163837d9b,2,1,2025-07-03 13:33:05.000000
DEV_41660df066,13,1,2025-01-04 16:28:25.000000
DEV_417f436c20,13,1,2025-04-04 03:06:58.000000
DEV_419609d2d0,10,1,2025-01-27 00:52:52.000000
DEV_41981f32c2,11,1,2025-02-09 12:39:29.000000
DEV_419cc01c62,18,1,2025-01-02 05:06:25.000000
DEV_41a4126026,19,1,2025-02-28 09:39:54.000000
DEV_41a5366495,12,1,2025-01-12 04:28:21.000000
DEV_41ac80b4da,15,1,2025-01-12 00:45:17.000000
DEV_41b6f653f0,9,1,2025-03-01 01:59:51.000000
DEV_41b96c6b5d,8,1,2025-02-01 16:21:59.000000
DEV_41b9b5b1f3,15,1,2025-02-10 09:02:43.000000
DEV_41bb57820e,24,1,2025-01-03 09:06:23.000000
DEV_41d3aa3ffd,8,1,2025-01-11 20:10:53.000000
DEV_41d42a17f7,15,1,2025-01-05 03:26:44.000000
DEV_41e66c2ca3,14,1,2025-02-11 13:35:57.000000
DEV_41e72e4a54,14,1,2025-01-13 12:58:16.000000
DEV_41eeb906a5,26,1,2025-01-01 15:27:12.000000
DEV_41f7795076,11,1,2025-01-14 15:07:31.000000
DEV_41fae939d9,9,1,2025-01-24 15:10:46.000000
DEV_41fbf6b275,9,1,2025-03-04 22:53:30.000000
DEV_4207cc318c,9,1,2025-03-09 10:36:50.000000
DEV_4213bfa879,11,1,2025-01-17 00:12:59.000000
DEV_421ccda284,1,1,2025-04-24 10:36:32.000000
DEV_422150e88b,13,1,2025-01-02 18:38:49.000000
DEV_42284b0336,1,1,2025-05-31 15:52:07.000000
DEV_423526bcc0,8,1,2025-01-02 21:51:22.000000
DEV_4235fe95c6,9,1,2025-02-04 14:24:59.000000
DEV_4236930746,15,1,2025-01-15 06:29:52.000000
DEV_424dab468b,11,1,2025-01-10 13:43:34.000000
DEV_424eef6f45,6,1,2025-01-11 23:11:45.000000
DEV_425c4893ad,12,1,2025-02-26 23:24:58.000000
DEV_42705d7bf3,15,1,2025-01-08 13:37:58.000000
DEV_4279342e7a,9,1,2025-01-21 07:09:56.000000
DEV_427eca3ff3,14,1,2025-02-22 12:19:35.000000
DEV_4287c835c4,13,1,2025-01-01 17:34:56.000000
DEV_428d22c65e,1,1,2025-07-27 15:28:36.000000
DEV_4291a4bda5,7,3,2025-07-05 17:12:36.273527
DEV_42ab0fb82c,9,1,2025-02-26 17:30:26.000000
DEV_42c0cddfc7,13,1,2025-05-08 11:08:04.000000
DEV_42d0bee10b,10,1,2025-02-04 05:26:28.000000
DEV_42d13fa29e,11,1,2025-02-10 09:28:37.000000
DEV_42d989c735,16,1,2025-03-09 04:27:11.000000
DEV_42de72ea63,10,1,2025-02-13 11:20:58.000000
DEV_42dfa59238,12,1,2025-01-10 14:12:20.000000
DEV_42eb0505d9,6,3,2025-04-22 11:42:47.199508
DEV_42ec109e2d,12,1,2025-03-17 21:08:07.000000
DEV_42edf0e128,23,1,2025-01-01 10:08:10.000000
DEV_42f34a1b5d,15,1,2025-02-03 22:15:52.000000
DEV_42f8d86a81,16,1,2025-01-03 08:38:44.000000
DEV_43096894d6,13,1,2025-02-09 13:46:59.000000
DEV_4321d5a990,11,1,2025-02-16 12:46:33.000000
DEV_43234fcf9c,15,1,2025-02-10 19:37:04.000000
DEV_4323a6865d,10,1,2025-01-16 00:10:10.000000
DEV_432abe3169,19,1,2025-01-10 10:39:49.000000
DEV_432c2e8a26,12,1,2025-04-29 15:54:20.000000
DEV_433159e14a,15,1,2025-01-19 16:18:45.000000
DEV_4335251128,6,1,2025-01-28 20:11:19.000000
DEV_433a5a40b0,11,1,2025-01-08 01:43:57.000000
DEV_433cddf070,9,1,2025-02-25 12:40:39.000000
DEV_4342b94fe8,8,1,2025-02-12 16:45:53.000000
DEV_43534c98e3,7,1,2025-01-12 19:40:44.000000
DEV_43555538ab,10,1,2025-01-06 12:18:32.000000
DEV_435814c3a8,13,1,2025-01-15 09:44:34.000000
DEV_4359e5d9e5,15,1,2025-01-12 16:43:56.000000
DEV_435b8c4f7c,12,1,2025-01-05 06:22:33.000000
DEV_435ce7247a,12,1,2025-01-03 19:34:46.000000
DEV_435f72e20a,14,1,2025-02-06 12:19:43.000000
DEV_43604b032b,7,1,2025-03-05 07:53:02.000000
DEV_43615f8ef0,10,1,2025-02-28 02:17:39.000000
DEV_436be43053,14,1,2025-01-08 01:05:51.000000
DEV_436e175898,13,1,2025-01-20 17:21:39.000000
DEV_4372431385,8,1,2025-01-14 19:13:39.000000
DEV_43886f5785,9,1,2025-02-11 07:17:44.000000
DEV_438f7a9eae,3,1,2025-04-19 20:18:16.000000
DEV_439ab2d0ac,20,1,2025-01-02 05:38:37.000000
DEV_439eef2c7c,10,1,2025-01-19 10:55:09.000000
DEV_439f6a8de7,12,1,2025-01-04 17:30:31.000000
DEV_43adc48a9a,12,1,2025-01-05 18:53:59.000000
DEV_43aff0ba3f,13,1,2025-01-13 07:37:06.000000
DEV_43cb7a3409,7,1,2025-01-20 23:05:53.000000
DEV_43cc9ac5a6,15,1,2025-01-17 02:47:54.000000
DEV_43d79782d3,11,1,2025-01-20 08:08:52.000000
DEV_43e409618f,18,1,2025-02-06 03:08:21.000000
DEV_43f4098c34,8,1,2025-01-26 02:43:26.000000
DEV_43f479016f,11,1,2025-01-15 22:36:13.000000
DEV_440646854a,8,1,2025-01-05 04:18:51.000000
DEV_44278a1963,9,1,2025-01-04 16:58:15.000000
DEV_4435f7719f,11,1,2025-02-17 22:00:40.000000
DEV_443a60fda5,14,1,2025-01-01 18:26:22.000000
DEV_4448195092,12,1,2025-01-26 14:04:22.000000
DEV_44530d666f,9,1,2025-02-05 15:01:39.000000
DEV_44584f3146,13,1,2025-01-08 01:20:43.000000
DEV_445ef7765a,15,1,2025-01-04 05:36:32.000000
DEV_4467ef4eb2,14,1,2025-01-02 20:25:19.000000
DEV_4471a3591e,14,6,2025-02-05 07:39:18.293221
DEV_448f9ab8b0,17,1,2025-01-31 00:47:19.000000
DEV_449743117f,5,1,2025-05-08 04:15:55.000000
DEV_449ed9ab4f,12,1,2025-01-11 12:58:19.000000
DEV_449f4465d9,14,1,2025-01-07 04:54:31.000000
DEV_44ad7a96af,10,1,2025-01-24 20:40:53.000000
DEV_44add44459,10,1,2025-01-11 02:14:14.000000
DEV_44af223e54,12,1,2025-03-22 20:07:16.000000
DEV_44b72255ab,28,1,2025-01-30 14:52:04.000000
DEV_44c2e25a58,12,1,2025-02-10 19:17:13.000000
DEV_44cbe6a7f0,18,1,2025-01-16 05:30:50.000000
DEV_44d897710e,18,1,2025-01-09 17:22:57.000000
DEV_44e29c7695,3,1,2025-09-19 10:34:17.000000
DEV_44e88cfdc6,10,1,2025-02-22 01:26:43.000000
DEV_44e8d5fe12,13,1,2025-01-28 03:17:04.000000
DEV_44e9fd42f3,12,1,2025-01-21 18:34:54.000000
DEV_44ed209457,3,1,2025-02-27 21:06:04.000000
DEV_450479f212,8,1,2025-01-27 16:16:07.000000
DEV_450dd57d52,11,1,2025-01-15 18:09:11.000000
DEV_450e3069c1,15,1,2025-01-16 20:51:28.000000
DEV_4515db9bda,17,1,2025-02-03 17:05:38.000000
DEV_45237fda6a,9,1,2025-03-11 05:11:53.000000
DEV_4526664bff,3,2,2025-04-24 05:11:04.282766
DEV_4538137f12,11,1,2025-01-23 17:22:27.000000
DEV_453e33719c,11,1,2025-01-03 03:21:36.000000
DEV_45424d3071,11,1,2025-01-15 23:58:51.000000
DEV_454b3cdcb4,10,1,2025-01-01 22:05:54.000000
DEV_455d91ade5,16,1,2025-01-08 03:18:00.000000
DEV_45629861cf,1,1,2025-01-15 09:41:05.000000
DEV_4580a3aa57,17,1,2025-01-15 07:10:46.000000
DEV_4582d719fc,10,1,2025-01-11 13:09:44.000000
DEV_458ee9af26,9,1,2025-02-19 22:08:32.000000
DEV_45945fe517,13,1,2025-01-04 12:09:32.000000
DEV_4596a9f3e3,11,1,2025-01-28 08:32:32.000000
DEV_459881ec16,3,1,2025-10-01 20:35:26.000000
DEV_45a48cb8ff,14,1,2025-01-03 07:20:42.000000
DEV_45a81422d9,18,1,2025-01-01 14:26:14.000000
DEV_45a95b6a25,1,1,2025-05-14 14:05:24.000000
DEV_45adbd93df,11,1,2025-01-14 10:13:28.000000
DEV_45b0ed8b81,21,1,2025-01-20 19:48:08.000000
DEV_45b783e205,9,1,2025-01-07 05:39:45.000000
DEV_45b91c7f7d,13,1,2025-02-05 06:23:57.000000
DEV_45bba36f73,17,1,2025-02-20 23:48:57.000000
DEV_45c809e366,3,1,2025-07-16 17:48:47.000000
DEV_45cbfd52ea,1,1,2025-10-21 14:12:58.000000
DEV_45d714f0ce,14,1,2025-01-24 08:33:05.000000
DEV_45d73de3d9,3,1,2025-10-22 01:24:42.000000
DEV_45f6d8c3d4,10,1,2025-01-28 11:47:35.000000
DEV_45f71be495,9,1,2025-02-03 17:26:24.000000
DEV_45f9ed5e62,16,1,2025-01-13 10:13:53.000000
DEV_45fc41d77f,6,1,2025-02-04 03:34:26.000000
DEV_4609741120,17,1,2025-01-17 06:33:05.000000
DEV_461db56385,12,1,2025-03-14 02:45:39.000000
DEV_462f2b1e26,2,1,2025-01-24 13:01:19.000000
DEV_46392931a5,16,1,2025-01-10 16:40:55.000000
DEV_4653e4cf8b,15,1,2025-02-20 18:40:39.000000
DEV_46582a3463,1,1,2025-03-01 03:34:11.000000
DEV_46590c6be9,15,1,2025-03-08 23:27:40.000000
DEV_465a041972,11,1,2025-03-18 20:42:25.000000
DEV_465a777e74,11,1,2025-01-27 08:49:33.000000
DEV_46623eb175,6,1,2025-01-22 06:58:29.000000
DEV_46638bfcb2,7,1,2025-01-31 18:12:21.000000
DEV_46647520b6,2,1,2025-04-02 03:52:20.000000
DEV_46770f4a66,13,1,2025-01-03 07:36:46.000000
DEV_4681550e92,16,1,2025-02-11 13:06:54.000000
DEV_468571829f,9,1,2025-01-15 02:33:12.000000
DEV_468fbd60f0,11,1,2025-01-14 08:22:00.000000
DEV_46970904f3,13,1,2025-01-15 08:54:40.000000
DEV_46978cc330,9,1,2025-01-21 06:16:20.000000
DEV_46a178c314,9,1,2025-02-04 02:16:54.000000
DEV_46a666ced4,14,1,2025-02-01 08:59:49.000000
DEV_46b6aa58fe,16,1,2025-01-12 23:10:35.000000
DEV_46b8b08b12,15,1,2025-01-01 10:57:36.000000
DEV_46c44d91db,10,1,2025-01-06 22:41:18.000000
DEV_46c87614cd,2,2,2025-02-19 16:49:54.986490
DEV_46c8910432,1,1,2025-02-19 17:27:19.000000
DEV_46c8c99a2f,12,1,2025-01-27 06:02:36.000000
DEV_46cac4d9b0,9,1,2025-02-10 13:01:59.000000
DEV_46cdb8dedb,14,1,2025-01-01 05:04:30.000000
DEV_46de78836f,9,1,2025-02-11 16:19:18.000000
DEV_46f8c0f994,16,1,2025-01-23 09:58:49.000000
DEV_4703606288,9,1,2025-01-11 22:20:18.000000
DEV_47037ea65e,12,1,2025-01-22 13:47:21.000000
DEV_4703b12f08,8,1,2025-01-14 00:49:38.000000
DEV_4705a82b96,18,1,2025-01-01 12:32:48.000000
DEV_470cb235e7,13,1,2025-01-10 06:57:34.000000
DEV_470d33120b,10,1,2025-01-29 18:12:17.000000
DEV_47100d24b5,10,1,2025-01-15 13:17:01.000000
DEV_471cae34aa,9,1,2025-01-28 23:06:26.000000
DEV_4727301fb9,11,1,2025-01-14 18:16:11.000000
DEV_4728440712,10,1,2025-01-23 01:40:25.000000
DEV_47288ddcb6,8,1,2025-01-10 03:25:37.000000
DEV_472f5411c5,12,1,2025-01-23 15:25:00.000000
DEV_47349d7f2e,8,1,2025-01-03 04:29:54.000000
DEV_47500e26be,16,1,2025-02-10 13:13:21.000000
DEV_4754d509fc,12,1,2025-01-27 23:58:02.000000
DEV_475d09f6c9,12,1,2025-01-21 06:58:32.000000
DEV_4766a8211c,11,1,2025-02-15 15:25:58.000000
DEV_4770cd6478,7,1,2025-03-11 05:42:52.000000
DEV_4774324314,12,1,2025-02-11 05:01:56.000000
DEV_477c4371e9,6,1,2025-02-23 03:09:01.000000
DEV_4786367bdd,13,1,2025-01-01 16:16:38.000000
DEV_47899019bd,10,1,2025-01-08 02:11:43.000000
DEV_478bb2aece,14,1,2025-01-12 08:05:52.000000
DEV_47a0305aad,1,1,2025-04-20 21:54:23.000000
DEV_47a2bee6ea,6,1,2025-02-04 01:09:55.000000
DEV_47acefc372,11,1,2025-01-21 23:07:12.000000
DEV_47bfb2704b,2,1,2025-03-09 01:46:39.000000
DEV_47c63ba142,2,1,2025-04-12 20:58:30.000000
DEV_47c6bc10f4,12,1,2025-01-07 01:39:06.000000
DEV_47cbf597eb,14,1,2025-01-04 10:39:57.000000
DEV_47d18b9677,12,1,2025-01-31 19:21:32.000000
DEV_47d1c47d14,13,1,2025-02-01 19:49:21.000000
DEV_47d45ee882,13,1,2025-02-19 01:57:58.000000
DEV_47da1745d5,18,1,2025-01-12 04:15:46.000000
DEV_47dfbb0a46,17,1,2025-01-06 20:52:54.000000
DEV_47eb5297b2,2,1,2025-10-01 13:44:28.000000
DEV_47fbf79179,9,1,2025-01-20 20:44:54.000000
DEV_47fccfc56f,11,1,2025-01-05 01:16:54.000000
DEV_47ff88112d,8,1,2025-01-15 07:20:01.000000
DEV_48072ca7f3,11,1,2025-01-22 02:53:09.000000
DEV_48103f7315,11,1,2025-01-14 09:40:40.000000
DEV_48177d253d,14,1,2025-01-25 13:00:19.000000
DEV_481f859e2c,12,1,2025-01-18 19:42:19.000000
DEV_4823fe7dcb,13,1,2025-01-09 16:25:26.000000
DEV_4831a97d24,13,1,2025-01-02 21:07:34.000000
DEV_483330cf2a,14,1,2025-01-11 03:55:27.000000
DEV_483e0b204b,14,1,2025-01-10 01:51:28.000000
DEV_483ec6fd8c,15,1,2025-01-08 21:01:12.000000
DEV_48458170a5,15,1,2025-01-05 20:58:44.000000
DEV_484a4b88c6,11,1,2025-01-22 01:50:30.000000
DEV_484b8b92df,11,1,2025-02-06 06:53:38.000000
DEV_484d973d03,12,1,2025-02-14 12:57:04.000000
DEV_485050f411,10,1,2025-01-11 15:30:04.000000
DEV_48548e2eb1,16,1,2025-01-06 18:14:44.000000
DEV_485e2a42ba,13,1,2025-01-05 11:58:29.000000
DEV_48615a6180,11,1,2025-01-21 14:14:50.000000
DEV_486a790ba5,6,1,2025-02-01 03:06:46.000000
DEV_486e430352,12,1,2025-01-02 10:34:16.000000
DEV_4873818324,16,1,2025-02-22 00:50:14.000000
DEV_4878f29ec1,16,1,2025-01-05 07:14:19.000000
DEV_487fe556c7,16,1,2025-01-26 21:59:34.000000
DEV_4882b29c6c,14,1,2025-01-22 23:26:43.000000
DEV_488351668a,13,1,2025-01-14 12:53:41.000000
DEV_4887a9b1fa,2,1,2025-03-31 20:28:50.524126
DEV_488a054e70,8,1,2025-01-12 01:50:30.000000
DEV_488ac4871c,12,1,2025-01-30 08:13:45.000000
DEV_488b72c832,17,1,2025-01-08 22:15:06.000000
DEV_488eb17c62,8,1,2025-01-09 17:58:53.000000
DEV_48a36d7146,7,1,2025-01-02 08:34:13.000000
DEV_48a49173dc,15,1,2025-02-14 00:57:56.000000
DEV_48a5c228de,18,1,2025-01-03 22:05:59.000000
DEV_48acc1c80f,10,1,2025-02-05 21:52:13.000000
DEV_48c0b5ab53,10,1,2025-01-05 23:37:36.000000
DEV_48c7cf4621,9,1,2025-03-17 09:21:12.000000
DEV_48ca60c1f2,12,1,2025-01-02 17:33:36.000000
DEV_48cab21bb3,18,1,2025-01-03 00:35:59.000000
DEV_48df70f3dc,1,1,2025-07-21 14:29:05.000000
DEV_48fa6ae626,7,1,2025-02-05 10:18:33.000000
DEV_48ff9c839b,16,1,2025-01-03 22:29:50.000000
DEV_4900fb305a,6,1,2025-02-02 22:13:05.000000
DEV_490ef636a7,8,1,2025-01-20 05:20:28.000000
DEV_4912cdfff6,13,1,2025-01-05 14:30:14.000000
DEV_49283eeb85,15,1,2025-02-28 04:53:51.000000
DEV_4929ec0543,11,1,2025-01-13 11:38:04.000000
DEV_493879380e,14,1,2025-01-30 18:16:12.000000
DEV_49461176d0,12,1,2025-01-05 06:34:32.000000
DEV_494c361800,13,1,2025-01-02 20:14:23.000000
DEV_4952f68032,12,1,2025-01-06 04:48:54.000000
DEV_495452ce73,12,1,2025-01-25 03:48:00.000000
DEV_49641740a2,12,1,2025-01-05 02:55:05.000000
DEV_496a50a97b,14,1,2025-01-15 17:10:16.000000
DEV_496a7861d9,9,1,2025-03-16 07:39:00.000000
DEV_496ac54bff,5,1,2025-01-08 20:02:11.000000
DEV_49744cb88f,10,1,2025-02-13 11:46:44.000000
DEV_497ddc587e,14,1,2025-01-26 09:10:22.000000
DEV_497e97d022,8,1,2025-02-12 21:14:35.000000
DEV_497f786238,15,1,2025-01-03 18:00:12.000000
DEV_4980be1846,11,1,2025-03-30 06:48:54.000000
DEV_4988287baf,5,1,2025-02-23 04:45:59.000000
DEV_499684d504,16,1,2025-01-19 16:30:30.000000
DEV_49bdebcb3b,10,1,2025-01-30 06:14:18.000000
DEV_49bed83541,14,1,2025-01-12 23:37:00.000000
DEV_49c848acae,9,1,2025-03-08 11:04:27.000000
DEV_49cf53c652,15,1,2025-01-09 22:17:30.000000
DEV_49d3df961e,10,1,2025-01-18 17:11:48.000000
DEV_49d40f3131,11,1,2025-02-25 22:39:20.000000
DEV_49db1979ae,13,1,2025-01-28 19:33:20.000000
DEV_49db58c854,11,1,2025-01-10 10:33:23.000000
DEV_4a02f87444,1,1,2025-03-16 08:36:07.000000
DEV_4a09b89417,18,1,2025-01-12 10:10:06.000000
DEV_4a0c57d314,7,2,2025-02-09 09:01:53.233119
DEV_4a10ab6514,13,1,2025-01-24 05:48:38.000000
DEV_4a11a909e3,12,1,2025-01-26 05:19:54.000000
DEV_4a14a4e9e6,9,1,2025-01-08 20:46:02.000000
DEV_4a18c71ca8,15,1,2025-02-08 00:16:09.000000
DEV_4a1f90b082,1,1,2025-04-29 22:44:30.000000
DEV_4a25e2eda8,10,1,2025-02-08 08:48:54.000000
DEV_4a27a841e1,12,1,2025-01-04 00:22:07.000000
DEV_4a2cf6ce5b,11,1,2025-01-14 19:11:52.000000
DEV_4a32e8c8d5,6,1,2025-02-02 03:29:20.000000
DEV_4a37c6f3f1,13,1,2025-02-03 14:14:14.000000
DEV_4a39caa470,9,1,2025-01-01 13:40:00.000000
DEV_4a3d200849,12,1,2025-01-14 01:19:34.000000
DEV_4a405447f8,17,1,2025-01-18 10:33:41.000000
DEV_4a44c38211,14,1,2025-02-06 07:50:59.000000
DEV_4a47153ffa,10,1,2025-01-28 00:01:29.000000
DEV_4a538f4006,10,1,2025-01-07 13:17:26.000000
DEV_4a6840c088,4,1,2025-01-16 21:57:16.000000
DEV_4a68e2ea62,5,1,2025-01-19 02:52:35.000000
DEV_4a6d654670,16,1,2025-01-31 11:47:40.000000
DEV_4a708ff8be,3,1,2025-05-06 03:23:59.000000
DEV_4a74ab13df,12,1,2025-01-31 21:25:58.000000
DEV_4a75390304,12,1,2025-01-20 13:36:57.000000
DEV_4a7cc55133,2,1,2025-08-28 03:47:19.000000
DEV_4a954546aa,9,1,2025-01-23 08:51:00.000000
DEV_4a9b80e05b,6,1,2025-01-12 02:01:51.000000
DEV_4a9b988a58,12,1,2025-01-06 02:41:56.000000
DEV_4aa4e79a68,23,1,2025-01-06 08:49:05.000000
DEV_4aac128337,9,1,2025-02-04 08:46:53.000000
DEV_4ac142761e,15,1,2025-01-21 03:47:30.000000
DEV_4ad54f3278,2,1,2025-07-29 12:00:20.000000
DEV_4ad58bdd2f,8,1,2025-02-20 20:49:46.000000
DEV_4ae37088c7,16,1,2025-01-14 18:09:22.000000
DEV_4aebeaa2a5,9,1,2025-02-06 19:41:12.000000
DEV_4afb20a781,13,1,2025-01-14 10:21:03.000000
DEV_4b0094cce9,17,1,2025-01-24 23:40:34.000000
DEV_4b0377645e,13,1,2025-01-10 00:59:10.000000
DEV_4b0df0aae5,17,1,2025-02-02 03:38:17.000000
DEV_4b19344afc,12,1,2025-01-04 13:04:17.000000
DEV_4b3acd510c,9,1,2025-02-10 06:44:44.000000
DEV_4b3aff8bd4,10,1,2025-01-10 18:57:28.000000
DEV_4b3c771b10,14,1,2025-01-19 04:14:05.000000
DEV_4b3d9c3562,12,1,2025-01-07 02:05:44.000000
DEV_4b49516791,18,1,2025-01-04 19:39:13.000000
DEV_4b5bd08ce8,9,1,2025-01-24 12:29:03.000000
DEV_4b5e05e6d5,14,1,2025-01-10 16:08:46.000000
DEV_4b68f11a1d,9,1,2025-01-18 18:52:11.000000
DEV_4b71d3327f,12,1,2025-01-01 07:22:44.000000
DEV_4b76a6f05b,12,1,2025-01-09 06:58:12.000000
DEV_4b82dbc1b4,13,1,2025-01-17 23:36:39.000000
DEV_4bae6c3153,11,1,2025-01-10 04:17:16.000000
DEV_4bc62e0d17,15,1,2025-03-16 13:08:16.000000
DEV_4bd6dc3787,3,1,2025-01-25 12:52:35.000000
DEV_4bf4ea7501,8,1,2025-02-09 00:24:18.000000
DEV_4bf967dbab,14,1,2025-01-05 12:45:29.000000
DEV_4bfd2b41bc,10,1,2025-01-20 21:26:03.000000
DEV_4bff8e6fc5,7,1,2025-02-13 18:29:55.000000
DEV_4c083ba1d3,17,1,2025-02-05 13:22:29.000000
DEV_4c0c0becaf,9,1,2025-01-25 20:49:40.000000
DEV_4c1ef52f82,14,1,2025-01-05 03:23:40.000000
DEV_4c206285f7,14,1,2025-01-01 16:28:00.000000
DEV_4c2bd9868e,14,1,2025-02-01 04:18:15.000000
DEV_4c2ff6854f,10,1,2025-01-07 16:04:41.000000
DEV_4c3a10ed44,13,1,2025-01-11 22:27:39.000000
DEV_4c3d1624e5,13,1,2025-01-01 23:49:37.000000
DEV_4c3e78131e,15,1,2025-01-18 09:03:48.000000
DEV_4c4eeb5a02,1,1,2025-01-08 17:41:44.000000
DEV_4c50c80811,9,1,2025-02-05 02:31:18.000000
DEV_4c5259ba81,10,1,2025-01-15 07:59:28.000000
DEV_4c5f0e0c47,17,1,2025-01-04 13:20:27.000000
DEV_4c5f0ef834,9,1,2025-01-26 23:21:08.000000
DEV_4c708f8d97,13,1,2025-01-09 17:07:55.000000
DEV_4c942b361e,15,1,2025-01-14 10:33:35.000000
DEV_4c991b52be,12,1,2025-03-10 17:24:14.000000
DEV_4c9dcf7f69,12,1,2025-01-12 01:48:32.000000
DEV_4ca193c81f,10,1,2025-02-12 01:56:38.000000
DEV_4cb6f2ce9a,14,1,2025-01-10 05:04:39.000000
DEV_4cbf9c7a4d,9,1,2025-02-07 05:43:05.000000
DEV_4cc0afdcb5,8,1,2025-02-06 00:02:30.000000
DEV_4cd1cbae68,13,1,2025-01-16 22:28:13.000000
DEV_4cd4478ae2,6,1,2025-01-06 02:47:25.000000
DEV_4cd682fdae,11,1,2025-01-04 11:49:40.000000
DEV_4cde5a23db,13,1,2025-02-12 13:21:35.000000
DEV_4ce4024cb9,14,1,2025-01-11 08:28:20.000000
DEV_4ce81b90ea,12,1,2025-01-26 03:09:48.000000
DEV_4cf4439153,17,1,2025-02-04 18:44:12.000000
DEV_4cf5b7399e,5,1,2025-01-28 15:59:59.000000
DEV_4cfc2d6fd7,16,1,2025-01-13 15:53:29.000000
DEV_4d0df84b0d,3,1,2025-03-19 17:57:22.000000
DEV_4d1937c64a,11,1,2025-01-20 02:34:57.000000
DEV_4d21d3f722,12,5,2025-07-09 07:24:48.610087
DEV_4d32d72360,15,1,2025-01-11 07:20:02.000000
DEV_4d37faedcc,14,1,2025-03-16 14:50:01.000000
DEV_4d388b1017,18,1,2025-01-13 21:59:42.000000
DEV_4d3cf0181e,17,1,2025-02-11 20:16:07.000000
DEV_4d3e54d12c,11,1,2025-01-13 05:12:37.000000
DEV_4d44fb3f19,16,1,2025-01-26 10:14:41.000000
DEV_4d4927b9b5,23,1,2025-01-24 17:43:08.000000
DEV_4d4bc2f5af,21,1,2025-02-03 14:03:51.000000
DEV_4d4eed322e,13,1,2025-02-25 16:06:24.000000
DEV_4d542d1ee4,14,1,2025-01-09 15:01:55.000000
DEV_4d627c4ad7,8,1,2025-01-24 09:33:20.000000
DEV_4d6879ad4c,20,1,2025-01-10 09:20:09.000000
DEV_4d73226a5e,14,1,2025-01-29 12:25:13.000000
DEV_4d73cf02b4,9,1,2025-01-14 17:20:22.000000
DEV_4d8d835a7f,7,1,2025-01-24 11:34:21.000000
DEV_4d96a23bc0,17,1,2025-01-03 09:54:04.000000
DEV_4da31d1a9b,14,1,2025-01-01 12:22:43.000000
DEV_4dab917046,20,1,2025-01-08 02:27:47.000000
DEV_4daf3e1f40,15,1,2025-01-09 18:34:58.000000
DEV_4db127255a,10,1,2025-01-18 23:37:37.000000
DEV_4dbdc2d603,7,1,2025-02-01 18:25:46.000000
DEV_4dbdd53ac6,17,1,2025-01-26 21:17:18.000000
DEV_4dc34fc627,12,1,2025-01-11 10:21:34.000000
DEV_4dc446ef18,13,1,2025-01-10 10:00:49.000000
DEV_4dc5ffd03a,13,1,2025-01-09 02:18:23.000000
DEV_4dca84c0aa,8,1,2025-01-12 10:18:43.000000
DEV_4dccc9c6de,9,1,2025-02-14 21:20:56.000000
DEV_4dd2ec1a8f,13,1,2025-01-12 18:38:49.000000
DEV_4dd3cdfbc5,21,1,2025-01-10 06:47:16.000000
DEV_4dd82212ca,14,1,2025-01-18 15:49:11.000000
DEV_4dda2f5793,10,1,2025-01-08 20:56:58.000000
DEV_4dda90cc46,11,1,2025-01-16 06:35:15.000000
DEV_4dddff9071,7,1,2025-01-15 07:31:02.000000
DEV_4de21892bb,10,1,2025-01-06 02:22:16.000000
DEV_4de4354d6d,20,1,2025-01-11 01:40:09.000000
DEV_4ded84ca5c,17,1,2025-02-08 05:56:51.000000
DEV_4e042bf836,12,1,2025-01-14 23:44:16.000000
DEV_4e0e10ba2d,11,1,2025-01-10 06:27:18.000000
DEV_4e17060757,10,1,2025-01-09 12:01:18.000000
DEV_4e1a5238a1,11,1,2025-01-02 23:25:02.000000
DEV_4e2043e7be,8,1,2025-01-25 17:38:30.000000
DEV_4e26185767,13,1,2025-01-24 17:47:33.000000
DEV_4e28183df0,7,1,2025-02-02 16:04:15.000000
DEV_4e34c7737c,13,1,2025-01-22 07:14:10.000000
DEV_4e3b5ea918,13,1,2025-01-04 11:37:35.000000
DEV_4e3f629f31,14,1,2025-01-05 00:20:07.000000
DEV_4e414061d1,8,1,2025-01-17 17:29:49.000000
DEV_4e4bd76bc6,7,1,2025-05-04 12:54:47.000000
DEV_4e5b76a7a3,10,1,2025-01-20 11:23:11.000000
DEV_4e5b8a810f,16,1,2025-01-08 13:03:24.000000
DEV_4e62f91b88,12,1,2025-02-02 17:19:51.000000
DEV_4e6a828b0c,16,1,2025-02-10 16:46:40.000000
DEV_4e72e38bf5,10,1,2025-02-16 16:05:50.000000
DEV_4e766b2a43,10,1,2025-02-02 13:50:21.000000
DEV_4e877ee860,10,1,2025-04-13 22:43:06.000000
DEV_4e9e721a2b,14,1,2025-01-14 13:35:46.000000
DEV_4eaa896ca4,16,1,2025-02-11 05:35:04.000000
DEV_4eab529449,12,1,2025-01-21 23:07:57.000000
DEV_4eb029402b,13,1,2025-01-25 19:37:33.000000
DEV_4eb9114210,11,1,2025-01-18 17:12:04.000000
DEV_4ebfb39442,7,1,2025-01-31 09:28:04.000000
DEV_4ecbe9073f,10,1,2025-01-23 09:33:55.000000
DEV_4eccf4c007,25,1,2025-01-04 12:57:03.000000
DEV_4ed28b4070,7,1,2025-06-25 18:01:47.000000
DEV_4edc525070,19,1,2025-02-02 20:07:22.000000
DEV_4ede43e515,12,1,2025-01-01 16:30:28.000000
DEV_4ee1e452bc,11,1,2025-01-01 18:14:02.000000
DEV_4ee321265d,8,1,2025-01-21 09:54:39.000000
DEV_4eefefb204,18,1,2025-01-09 22:40:39.000000
DEV_4f010c39ff,13,1,2025-01-06 18:29:17.000000
DEV_4f0ad578d4,16,1,2025-01-13 11:56:34.000000
DEV_4f13c58364,13,1,2025-02-04 03:37:52.000000
DEV_4f141bc1c3,14,1,2025-01-28 01:33:15.000000
DEV_4f1bbe8a56,16,1,2025-03-26 01:30:22.000000
DEV_4f1bc45110,13,1,2025-01-28 15:29:08.000000
DEV_4f20d73a26,10,1,2025-01-31 04:27:47.000000
DEV_4f2fac0644,11,1,2025-02-01 10:37:42.000000
DEV_4f33ffd213,8,1,2025-01-26 20:36:21.000000
DEV_4f36d7c1f2,10,1,2025-01-16 08:27:15.000000
DEV_4f36f6b255,19,1,2025-01-01 03:51:07.000000
DEV_4f3e58570b,12,1,2025-01-15 01:43:36.000000
DEV_4f40d0d188,7,1,2025-01-10 12:10:35.000000
DEV_4f47fe54c4,11,1,2025-02-13 14:57:23.000000
DEV_4f5830f556,9,1,2025-01-15 15:20:55.000000
DEV_4f59c32c18,17,1,2025-01-22 14:03:36.000000
DEV_4f5edc43fa,11,1,2025-02-21 09:38:59.000000
DEV_4f63307070,20,1,2025-01-18 09:10:59.000000
DEV_4f6b2871d1,17,1,2025-02-27 07:05:42.000000
DEV_4f6bebe701,8,1,2025-01-20 03:19:09.000000
DEV_4f77e646df,18,1,2025-01-06 05:06:03.000000
DEV_4f82b6418a,19,1,2025-01-04 05:59:09.000000
DEV_4f8a9654a4,7,1,2025-01-31 10:25:51.000000
DEV_4f8b2dd22a,7,1,2025-03-07 07:23:32.000000
DEV_4f9099cbd8,10,1,2025-02-10 07:18:12.000000
DEV_4fa69c95f6,16,1,2025-02-02 11:50:34.000000
DEV_4fb1f51ff0,7,1,2025-03-17 13:13:51.000000
DEV_4fbaae9ae2,10,1,2025-01-13 19:34:48.000000
DEV_4fc35c5cb7,8,1,2025-03-14 11:43:53.000000
DEV_4fc6567cfd,12,1,2025-01-04 06:17:48.000000
DEV_4fc98df1d8,17,1,2025-01-01 14:33:04.000000
DEV_4fd228de0a,13,1,2025-01-05 12:59:20.000000
DEV_4fd357e6f1,10,1,2025-02-14 20:20:28.000000
DEV_4fdeae6467,13,1,2025-01-10 04:36:21.000000
DEV_4fe1275e05,8,1,2025-01-17 01:27:38.000000
DEV_4feedc9d26,12,1,2025-01-09 10:08:47.000000
DEV_4ff7ad8a2b,16,1,2025-02-15 11:55:41.000000
DEV_500272b707,13,1,2025-02-06 00:18:42.000000
DEV_500e1bb667,10,1,2025-01-18 07:07:14.000000
DEV_50109cb119,18,1,2025-01-09 23:56:31.000000
DEV_50149844cb,9,1,2025-01-07 01:19:31.000000
DEV_50153a598e,1,1,2025-04-09 04:38:40.000000
DEV_502dd4c355,10,1,2025-01-24 09:54:22.000000
DEV_5035fd68ee,8,1,2025-02-04 16:48:59.000000
DEV_503f3563a4,20,1,2025-01-22 06:43:35.000000
DEV_50416759e1,9,1,2025-02-01 09:53:35.000000
DEV_50434c8fef,10,1,2025-01-14 17:16:00.000000
DEV_504de59c77,17,1,2025-01-15 15:16:30.000000
DEV_50526111b2,1,1,2025-09-06 12:52:42.000000
DEV_505990ed80,15,1,2025-01-21 05:41:21.000000
DEV_505ddcda23,13,1,2025-02-18 17:23:10.000000
DEV_5061e891f6,13,1,2025-02-19 01:42:59.000000
DEV_5067385c5c,8,1,2025-01-06 11:26:58.000000
DEV_5068bcf626,11,1,2025-02-16 20:32:32.000000
DEV_506e0ff040,12,1,2025-01-12 01:35:14.000000
DEV_507186e530,15,1,2025-01-24 03:27:41.000000
DEV_507340ed62,19,1,2025-01-13 22:45:32.000000
DEV_5074099dfc,17,1,2025-01-05 08:34:36.000000
DEV_507a06b9df,15,1,2025-01-18 12:38:43.000000
DEV_507d91807b,10,1,2025-02-18 11:32:27.000000
DEV_508eebe08c,10,1,2025-01-05 06:39:16.000000
DEV_508ef4be92,12,1,2025-01-12 09:59:31.000000
DEV_50947cc3b5,13,1,2025-01-21 17:05:17.000000
DEV_50976f2fb1,10,1,2025-04-11 18:45:51.000000
DEV_509f49c349,9,1,2025-02-12 14:31:15.000000
DEV_509fe61eb1,10,1,2025-01-04 15:13:47.000000
DEV_50a27c199b,13,1,2025-01-24 08:31:59.000000
DEV_50aebfe1a9,13,1,2025-01-04 22:17:10.000000
DEV_50b39fe73b,7,1,2025-04-02 05:51:24.000000
DEV_50b665be49,10,1,2025-01-30 01:22:13.000000
DEV_50bba86909,10,1,2025-02-11 13:10:46.000000
DEV_50bc8d8e9b,13,1,2025-02-09 06:13:36.000000
DEV_50beb523d5,15,1,2025-03-11 23:12:38.000000
DEV_50c1c2eb50,13,1,2025-01-14 16:08:18.000000
DEV_50cad812d2,1,1,2025-09-16 09:08:31.000000
DEV_50cd19d175,15,1,2025-02-10 13:03:01.000000
DEV_50cd8d478b,16,1,2025-02-28 20:27:02.000000
DEV_50d33aabf3,11,1,2025-01-02 18:34:07.000000
DEV_50d5512555,8,1,2025-01-15 01:44:04.000000
DEV_50de536305,11,1,2025-01-07 08:32:50.000000
DEV_50e09c9996,17,1,2025-01-08 08:39:59.000000
DEV_50e2993aa2,6,1,2025-03-12 07:53:05.000000
DEV_50e4f01078,13,1,2025-01-12 10:00:06.000000
DEV_50e52ce928,6,1,2025-01-18 01:33:11.000000
DEV_50e599ae2f,8,1,2025-01-17 03:24:30.000000
DEV_50e7ee6206,16,1,2025-01-30 17:53:45.000000
DEV_50f6fc5bd8,14,1,2025-01-11 04:01:31.000000
DEV_51072e60f9,9,1,2025-01-06 06:53:27.000000
DEV_51185fb4a8,14,1,2025-01-21 22:39:03.000000
DEV_511943c54e,15,1,2025-01-23 07:04:52.000000
DEV_5122fcd19d,11,1,2025-01-07 10:55:09.000000
DEV_512ed22807,29,1,2025-01-02 11:44:31.000000
DEV_512efba73a,11,1,2025-01-10 09:06:41.000000
DEV_51306a39eb,13,1,2025-01-01 08:42:07.000000
DEV_5131a77586,12,1,2025-01-26 20:46:17.000000
DEV_513b26b5da,16,1,2025-01-07 05:25:09.000000
DEV_5142703d2f,17,1,2025-01-21 21:47:25.000000
DEV_51451d705b,9,1,2025-01-10 14:35:27.000000
DEV_5149b37009,1,1,2025-08-13 03:31:14.000000
DEV_514c510df7,10,1,2025-01-17 22:50:15.000000
DEV_515ffae7c7,4,1,2025-03-03 15:38:36.000000
DEV_5165f55d82,10,1,2025-01-27 05:17:32.000000
DEV_516615ad0b,2,1,2025-09-01 23:22:15.000000
DEV_51839e4be6,10,1,2025-01-09 18:46:07.000000
DEV_518aa5f6ab,9,1,2025-04-18 20:04:17.000000
DEV_518bf0be74,8,1,2025-01-05 23:10:44.000000
DEV_51938cc572,15,1,2025-01-03 04:32:29.000000
DEV_5197d3d556,13,1,2025-02-19 20:49:27.000000
DEV_51a8c4d426,14,1,2025-01-03 17:17:07.000000
DEV_51bb66559a,17,1,2025-01-22 19:03:11.000000
DEV_51c1d0934c,20,1,2025-01-16 20:13:05.000000
DEV_51c2dab784,16,1,2025-01-07 03:39:31.000000
DEV_51cf6207a1,13,1,2025-03-29 17:14:26.000000
DEV_51d0a6440f,11,1,2025-01-15 14:03:13.000000
DEV_51d62099a5,17,1,2025-02-03 22:03:56.000000
DEV_51f0b52067,9,1,2025-01-11 21:02:23.000000
DEV_51f76c3ad5,5,1,2025-04-16 00:23:56.000000
DEV_52024fa06b,14,1,2025-02-20 01:50:12.000000
DEV_52068c8817,11,1,2025-01-19 05:42:27.000000
DEV_52164563a4,16,1,2025-01-02 20:01:42.000000
DEV_5217650d5a,10,1,2025-02-01 23:33:54.000000
DEV_5222a9b5d4,7,1,2025-02-13 10:12:11.000000
DEV_5224588d23,10,1,2025-03-03 22:46:11.000000
DEV_5227aa7c54,12,1,2025-04-01 22:49:56.000000
DEV_5232e7c5a2,6,1,2025-02-04 02:17:05.000000
DEV_5235c8df92,16,1,2025-02-02 01:53:23.000000
DEV_523c270f62,21,1,2025-01-07 23:27:25.000000
DEV_5248f8ab24,5,3,2025-04-13 07:05:01.576857
DEV_524f2d1187,8,1,2025-01-02 14:55:21.000000
DEV_5278ffbaa1,13,1,2025-01-04 11:08:07.000000
DEV_527b65efab,12,1,2025-01-02 06:37:05.000000
DEV_527da0efd2,8,1,2025-01-15 20:25:33.000000
DEV_528038dd9b,8,1,2025-02-03 04:53:25.000000
DEV_528b6bbe98,14,1,2025-01-26 13:07:46.000000
DEV_528e7bcbcf,12,1,2025-01-13 03:00:05.000000
DEV_52a54e2183,16,1,2025-01-14 07:55:41.000000
DEV_52a557d99b,13,1,2025-01-03 07:38:20.000000
DEV_52b2d67ee4,12,1,2025-01-02 02:33:49.000000
DEV_52b340a5ac,8,1,2025-02-02 04:52:52.000000
DEV_52c71fe8b2,12,1,2025-02-19 05:04:04.000000
DEV_52f05065c3,11,1,2025-01-04 14:51:43.000000
DEV_52f3fecd99,9,1,2025-01-09 03:06:44.000000
DEV_52f76c25a4,1,1,2025-06-04 03:44:06.000000
DEV_530f877fcd,14,1,2025-01-14 04:49:17.000000
DEV_5311f11191,12,1,2025-01-18 20:48:48.000000
DEV_5312b96823,11,1,2025-02-08 01:12:45.000000
DEV_531b9bca53,7,1,2025-02-07 20:52:34.000000
DEV_53232a87a2,4,1,2025-08-07 11:05:29.855757
DEV_5329e6e022,10,1,2025-05-07 18:07:46.000000
DEV_5344a3bb57,14,1,2025-02-10 10:04:15.000000
DEV_53533b274e,17,1,2025-03-15 23:28:08.000000
DEV_5353751f5b,8,1,2025-04-17 13:32:49.000000
DEV_535addcd88,15,1,2025-01-25 07:31:57.000000
DEV_5375729a1c,11,1,2025-01-19 16:17:25.000000
DEV_53813f0ad6,13,1,2025-02-04 21:02:22.000000
DEV_5383f6ddb4,7,1,2025-02-12 04:03:30.000000
DEV_538914fbf4,16,1,2025-01-17 10:01:13.000000
DEV_539a2d4df3,7,1,2025-03-20 13:39:21.000000
DEV_53a0148ca3,1,1,2025-01-09 01:40:44.000000
DEV_53a933f568,9,1,2025-01-25 16:49:42.000000
DEV_53ab35ba88,11,1,2025-01-12 09:36:23.000000
DEV_53b0fbfdc7,9,1,2025-01-06 01:51:07.000000
DEV_53b883fd8f,14,1,2025-01-08 03:06:42.000000
DEV_53ce794bc9,5,1,2025-01-08 07:00:33.000000
DEV_53dd61f398,13,1,2025-01-16 20:43:17.000000
DEV_53debb02ff,10,1,2025-01-05 10:35:37.000000
DEV_53e006aa50,6,1,2025-02-24 17:16:01.000000
DEV_53e1a33abd,17,1,2025-02-12 23:50:13.000000
DEV_53efb6e6a3,7,1,2025-01-15 00:37:53.000000
DEV_53f36f8b63,7,1,2025-03-14 21:44:49.000000
DEV_53fb7b9725,11,1,2025-01-29 23:15:22.000000
DEV_53fc8ea4b4,12,1,2025-01-02 13:06:07.000000
DEV_54023ed2d1,8,1,2025-03-31 17:06:44.000000
DEV_54108f417d,7,1,2025-04-03 03:54:15.000000
DEV_54117b16a2,13,1,2025-01-18 00:25:02.000000
DEV_542220809e,8,1,2025-02-15 04:33:13.000000
DEV_54275af699,13,1,2025-01-08 04:12:41.000000
DEV_54447b9fd6,11,1,2025-03-19 03:48:13.000000
DEV_5451a3afc3,15,1,2025-01-20 13:06:05.000000
DEV_54531c741b,10,1,2025-01-28 07:41:47.000000
DEV_546b1d5f50,8,1,2025-01-31 05:13:55.000000
DEV_546fe617c8,12,1,2025-01-26 04:32:35.000000
DEV_5471f1fb7c,10,1,2025-04-06 10:51:01.000000
DEV_547a052c1d,6,1,2025-01-06 12:58:11.000000
DEV_547d96aae1,8,1,2025-01-09 01:57:19.000000
DEV_547e4d7f00,11,1,2025-01-02 03:49:16.000000
DEV_5480f0d5b3,8,1,2025-01-08 09:13:15.000000
DEV_5485c0ef79,12,1,2025-01-20 04:09:06.000000
DEV_5488b2e8ba,2,1,2025-07-22 17:39:39.000000
DEV_548a49453e,4,1,2025-03-19 08:56:06.000000
DEV_5496f910e3,17,1,2025-01-20 11:56:00.000000
DEV_54a34ceb4c,16,1,2025-02-16 09:17:50.000000
DEV_54a69cbb0e,7,1,2025-01-26 22:48:30.000000
DEV_54a910f78a,10,1,2025-04-10 20:11:28.000000
DEV_54a9216acf,10,1,2025-01-22 19:35:15.000000
DEV_54af244ca9,15,1,2025-01-03 13:20:25.000000
DEV_54b2c636a0,12,1,2025-02-01 02:49:30.000000
DEV_54e8f3364d,10,1,2025-02-01 21:17:56.000000
DEV_54f6b92739,18,1,2025-01-02 14:59:43.000000
DEV_54fc684492,13,1,2025-01-20 22:41:21.000000
DEV_54fdbc18d3,12,1,2025-01-01 15:43:34.000000
DEV_54fdedd0d4,1,1,2025-01-30 22:58:50.000000
DEV_5501e5c070,14,1,2025-02-12 06:02:09.000000
DEV_55073e036e,2,1,2025-03-14 11:07:38.000000
DEV_551335b229,19,7,2025-04-14 13:32:47.991954
DEV_5516a03716,17,1,2025-01-11 17:05:03.000000
DEV_55188f6760,6,1,2025-01-11 18:18:01.000000
DEV_55233a4973,9,1,2025-02-04 12:50:54.000000
DEV_552531aa33,16,1,2025-01-10 12:13:50.000000
DEV_5528b54a1d,12,1,2025-01-24 12:43:56.000000
DEV_5530b96c58,12,1,2025-01-04 01:16:23.000000
DEV_5545adb901,16,1,2025-01-01 08:55:28.000000
DEV_5545d2a66e,8,1,2025-01-07 09:33:17.000000
DEV_554dfe7179,17,1,2025-01-15 02:23:51.000000
DEV_555048d61f,8,1,2025-01-25 23:57:25.000000
DEV_555c4da01c,10,1,2025-01-28 22:27:34.000000
DEV_555db4c351,22,1,2025-01-07 06:46:49.000000
DEV_5567865baa,10,1,2025-01-12 20:52:16.000000
DEV_556ce308e3,15,1,2025-01-26 03:01:57.000000
DEV_556d0c5b11,9,1,2025-02-19 12:29:20.000000
DEV_556f4ec39d,2,1,2025-07-25 01:47:44.000000
DEV_5572bd1eaf,15,1,2025-01-08 02:47:48.000000
DEV_5578d834f8,6,1,2025-02-08 09:01:47.000000
DEV_557f7e8ee8,1,1,2025-06-22 13:37:21.000000
DEV_558278a3de,13,1,2025-01-11 22:21:43.000000
DEV_559fe4fa62,18,1,2025-01-08 09:11:32.000000
DEV_55aef37263,7,1,2025-02-08 01:58:04.000000
DEV_55b5f314e7,13,1,2025-01-04 21:40:23.000000
DEV_55c54690a4,7,1,2025-01-21 08:51:17.000000
DEV_55c99c5a1c,14,1,2025-01-06 10:06:50.000000
DEV_55de5e9d74,18,1,2025-01-04 11:04:42.000000
DEV_55ea689536,7,1,2025-05-08 04:25:01.000000
DEV_55f9d3c960,13,1,2025-01-05 12:25:51.000000
DEV_560e693e83,10,1,2025-02-12 08:51:36.000000
DEV_561bd04697,14,1,2025-02-28 01:27:08.000000
DEV_5620b56ec2,16,1,2025-01-07 19:13:48.000000
DEV_5621668b9e,11,1,2025-01-25 19:53:13.000000
DEV_5623577872,13,1,2025-01-14 13:03:23.000000
DEV_5634a8bc86,12,1,2025-01-21 07:27:04.000000
DEV_5636061d2c,15,1,2025-01-01 01:34:03.000000
DEV_563706f217,7,1,2025-01-31 04:46:29.000000
DEV_563dac2163,16,1,2025-01-27 06:15:17.000000
DEV_563e18ab84,15,1,2025-02-16 13:15:53.000000
DEV_5642c3c815,17,1,2025-01-06 05:26:39.000000
DEV_564374655c,14,1,2025-02-14 06:48:00.000000
DEV_564dc575a6,14,1,2025-01-02 19:00:07.000000
DEV_565655e501,7,1,2025-03-09 15:02:02.000000
DEV_565a3a9e9b,10,1,2025-01-14 10:29:59.000000
DEV_566220f30d,18,1,2025-01-08 07:39:33.000000
DEV_5678e8fd5e,14,1,2025-01-28 04:21:55.000000
DEV_5679d96afa,12,1,2025-01-03 08:41:46.000000
DEV_567a2fddd9,9,1,2025-03-12 06:54:18.000000
DEV_568b0a9625,14,1,2025-03-15 17:32:09.000000
DEV_5698a750ed,11,1,2025-01-20 06:33:35.000000
DEV_56a382d6ec,12,1,2025-01-21 08:07:15.000000
DEV_56ad345260,14,1,2025-02-03 06:09:49.000000
DEV_56b2f0c309,10,1,2025-04-23 11:47:47.000000
DEV_56b5dc5eb4,15,1,2025-01-17 10:34:06.000000
DEV_56b9725807,13,1,2025-01-02 17:06:24.000000
DEV_56bcae8576,9,3,2025-08-03 16:22:35.863776
DEV_56bd806997,13,1,2025-02-23 09:11:57.000000
DEV_56c597d6c9,14,1,2025-01-21 17:55:53.000000
DEV_56c766231c,11,1,2025-01-27 22:24:38.000000
DEV_56cc109329,11,1,2025-01-07 15:59:16.000000
DEV_56ccbb17f7,13,1,2025-03-17 12:23:59.000000
DEV_56ce631fd1,15,1,2025-01-08 03:35:03.000000
DEV_56e603d10d,4,1,2025-01-27 01:30:51.000000
DEV_56f12bb1c7,10,1,2025-01-27 01:03:03.000000
DEV_56f44f70a2,11,1,2025-04-13 07:41:39.000000
DEV_56fd4bae2d,23,1,2025-01-26 12:16:18.000000
DEV_5706bd1073,13,1,2025-02-01 21:51:49.000000
DEV_572ede0604,12,1,2025-02-24 03:46:10.000000
DEV_5731562e97,9,1,2025-01-02 15:59:50.000000
DEV_5732cde24f,21,1,2025-03-20 21:50:58.000000
DEV_5737c41e48,4,1,2025-04-22 23:12:45.000000
DEV_5740da004b,9,1,2025-04-18 09:21:21.000000
DEV_5742c39109,12,1,2025-01-04 06:40:06.000000
DEV_57476b3de0,10,1,2025-01-12 06:29:07.000000
DEV_5752556b28,14,1,2025-01-19 05:56:40.000000
DEV_57629b2c50,14,1,2025-01-03 00:09:41.000000
DEV_5763f3c3ce,13,1,2025-01-26 09:42:21.000000
DEV_5768696460,9,1,2025-01-20 19:11:21.000000
DEV_576935d521,12,1,2025-02-12 16:05:46.000000
DEV_576d8d0d05,7,1,2025-01-06 20:16:35.000000
DEV_57702d3b46,14,1,2025-01-21 07:35:51.000000
DEV_57737dffd1,13,1,2025-02-11 15:54:16.000000
DEV_577393a9a7,13,1,2025-01-23 21:57:51.000000
DEV_5773a33a75,13,1,2025-01-26 00:44:43.000000
DEV_5779fc000d,14,1,2025-01-06 09:20:51.000000
DEV_57857ebdc6,9,1,2025-02-25 12:20:36.000000
DEV_578a5b1f84,10,1,2025-01-10 13:46:44.000000
DEV_5795665505,11,1,2025-01-04 14:31:31.000000
DEV_57bc2af21b,11,1,2025-02-28 19:42:26.000000
DEV_57d03a5132,9,1,2025-04-02 05:34:48.000000
DEV_57d359f200,12,1,2025-01-14 19:59:26.000000
DEV_57d628d83f,12,1,2025-01-17 00:25:46.000000
DEV_57db359603,7,1,2025-02-06 10:16:56.000000
DEV_57e4e47b70,5,1,2025-04-30 22:46:43.000000
DEV_57ea9e2356,9,1,2025-01-28 03:12:07.000000
DEV_57f9647e07,1,1,2025-02-22 03:04:49.000000
DEV_57fe0d35bf,7,1,2025-01-04 22:45:47.000000
DEV_580119947c,15,1,2025-01-19 15:00:44.000000
DEV_5803cfd96d,10,1,2025-01-24 08:35:13.000000
DEV_580bd73a73,19,1,2025-01-03 11:25:28.000000
DEV_580c67134b,9,1,2025-01-12 22:40:37.000000
DEV_581cbb9a3d,14,1,2025-01-01 18:05:10.000000
DEV_582854984d,12,1,2025-01-08 09:35:55.000000
DEV_5829ee14e3,9,1,2025-01-24 19:38:43.000000
DEV_582f997fc2,12,1,2025-01-23 22:51:40.000000
DEV_583999e8c4,12,1,2025-02-04 08:08:09.000000
DEV_5839f80323,1,1,2025-06-14 22:22:27.000000
DEV_583ca7902c,13,1,2025-01-01 18:38:25.000000
DEV_584917132d,13,1,2025-02-22 20:25:43.000000
DEV_584dc329d9,10,1,2025-03-22 23:22:49.000000
DEV_585511c28c,18,1,2025-01-29 05:07:26.000000
DEV_586a11185f,10,1,2025-02-05 00:24:19.000000
DEV_586aa9a5d1,17,1,2025-01-08 09:29:49.000000
DEV_586c99cb4b,9,1,2025-02-02 00:19:44.000000
DEV_5877ca5cb7,11,1,2025-01-23 15:25:28.000000
DEV_58880f4dd3,15,1,2025-01-24 23:12:06.000000
DEV_58882c09bc,12,1,2025-01-06 16:38:44.000000
DEV_5892ebe413,12,1,2025-01-24 20:40:08.000000
DEV_58b3e76b64,12,1,2025-02-27 04:39:20.000000
DEV_58b89544aa,12,1,2025-01-05 17:55:30.000000
DEV_58c83c73ea,15,1,2025-02-25 12:36:17.000000
DEV_58c9923ae0,10,1,2025-01-05 22:13:02.000000
DEV_58cf03bbbe,15,1,2025-01-13 07:13:15.000000
DEV_58cf47cfc0,11,1,2025-02-17 00:36:25.000000
DEV_58d5b9b522,8,1,2025-04-02 00:29:31.000000
DEV_58dd25becf,15,1,2025-01-01 03:04:53.000000
DEV_58e8149a70,13,1,2025-01-06 07:08:40.000000
DEV_58efc4e02b,17,1,2025-01-02 09:54:24.000000
DEV_58f24af991,13,1,2025-03-14 00:54:31.000000
DEV_58f8e44cd8,12,1,2025-01-04 03:14:53.000000
DEV_58fe4b1a96,11,1,2025-04-19 11:26:28.000000
DEV_590d5a81c3,8,1,2025-01-07 02:50:38.000000
DEV_5912f516c2,14,1,2025-01-07 18:05:32.000000
DEV_5919cc5eba,14,1,2025-01-03 01:20:44.000000
DEV_591aa2e85f,10,1,2025-01-21 13:50:29.000000
DEV_59209037b3,13,1,2025-01-24 03:38:58.000000
DEV_592526ec59,12,1,2025-02-11 18:20:50.000000
DEV_592f833485,21,1,2025-02-15 05:20:00.000000
DEV_5936a0dd75,2,1,2025-04-05 21:29:20.000000
DEV_59465173fe,7,1,2025-01-23 21:31:37.000000
DEV_594b2ff3d2,2,1,2025-09-20 09:07:32.000000
DEV_5954777cca,14,1,2025-01-15 02:06:01.000000
DEV_595d649193,9,1,2025-01-14 05:12:31.000000
DEV_595db9f19f,14,1,2025-01-20 17:12:59.000000
DEV_597785ea72,10,1,2025-01-09 19:15:26.000000
DEV_598356fa63,7,1,2025-04-05 06:35:52.000000
DEV_5985d1c6cd,13,1,2025-01-04 04:17:11.000000
DEV_598c6912bc,9,1,2025-02-18 14:53:53.000000
DEV_59945e68d9,3,1,2025-05-18 14:42:03.000000
DEV_599d340786,13,1,2025-02-09 08:31:41.000000
DEV_59ac66d0d2,15,1,2025-01-02 14:42:08.000000
DEV_59afb3cfcd,9,1,2025-03-17 11:36:55.000000
DEV_59b84f252c,11,1,2025-01-07 10:04:15.000000
DEV_59c674921b,11,1,2025-01-13 18:43:26.000000
DEV_59cd01a294,11,1,2025-01-09 22:18:27.000000
DEV_59d0024bd3,17,1,2025-01-07 11:08:45.000000
DEV_59d364d424,12,1,2025-01-03 09:36:11.000000
DEV_59d8f15120,15,1,2025-01-23 02:48:06.000000
DEV_59dd0dbccd,11,1,2025-01-14 20:08:56.000000
DEV_59e5a37b94,13,1,2025-02-21 13:03:37.000000
DEV_59ebd1f918,14,1,2025-02-04 19:40:02.000000
DEV_59f021bbbd,9,1,2025-02-12 10:45:05.000000
DEV_59f13f93eb,13,1,2025-01-07 22:36:03.000000
DEV_59f2c3f227,10,1,2025-02-07 09:41:29.000000
DEV_59fb4f06e9,1,1,2025-04-22 17:29:36.000000
DEV_5a075e5c60,11,1,2025-03-01 09:01:17.000000
DEV_5a0b4f2c1c,9,1,2025-01-02 07:22:58.000000
DEV_5a160b2bdb,8,1,2025-01-05 18:49:58.000000
DEV_5a183bb487,20,1,2025-01-14 01:24:41.000000
DEV_5a1998aa00,13,1,2025-03-01 04:35:58.000000
DEV_5a1b01b510,12,1,2025-02-06 00:54:43.000000
DEV_5a23ebfc69,8,1,2025-02-20 07:43:03.000000
DEV_5a3fd3ae5e,8,1,2025-01-14 20:28:25.000000
DEV_5a400dfa7b,6,1,2025-02-23 12:54:43.000000
DEV_5a41d7a477,9,1,2025-02-02 11:42:58.000000
DEV_5a499a9670,12,1,2025-01-08 08:51:43.000000
DEV_5a52be86c3,15,1,2025-01-28 13:19:49.000000
DEV_5a5e919584,8,1,2025-02-13 21:09:29.000000
DEV_5a64835da4,14,1,2025-01-14 07:33:50.000000
DEV_5a7602b871,13,1,2025-01-02 13:07:44.000000
DEV_5a8080a5a8,14,1,2025-02-03 16:07:11.000000
DEV_5a82325687,13,1,2025-01-01 06:41:43.000000
DEV_5a943c7bc2,10,1,2025-02-05 21:48:10.000000
DEV_5aa3bdd8ec,9,1,2025-02-05 10:49:48.000000
DEV_5aa48b8a86,19,1,2025-01-14 02:05:15.000000
DEV_5aa7aa6cda,3,1,2025-09-13 11:23:49.000000
DEV_5aa7ad8385,14,1,2025-01-27 03:31:55.000000
DEV_5aac6cdd17,12,1,2025-01-03 18:25:17.000000
DEV_5aba0eba20,8,1,2025-02-07 02:14:12.000000
DEV_5abb28525d,10,1,2025-01-04 11:04:33.000000
DEV_5ac061ade0,10,1,2025-02-09 14:14:22.000000
DEV_5ac5e36983,6,1,2025-01-14 04:02:05.000000
DEV_5ace326102,12,1,2025-02-10 04:53:25.000000
DEV_5acea05291,17,1,2025-01-06 08:09:30.000000
DEV_5ad63df19c,8,1,2025-01-11 03:49:09.000000
DEV_5ad727d583,11,1,2025-01-18 18:31:46.000000
DEV_5ad93dca35,12,1,2025-02-06 08:44:43.000000
DEV_5aeae96483,14,1,2025-01-19 01:20:55.000000
DEV_5af7398452,12,1,2025-01-31 04:31:48.000000
DEV_5b0162f5c4,15,1,2025-01-17 02:30:06.000000
DEV_5b033032d5,9,1,2025-01-02 15:46:53.000000
DEV_5b03ba18b1,12,1,2025-01-08 12:09:46.000000
DEV_5b112ef6ca,10,1,2025-01-10 22:15:44.000000
DEV_5b1e785489,2,1,2025-07-29 19:26:58.000000
DEV_5b2ceb2e67,6,1,2025-01-06 07:51:42.000000
DEV_5b31901425,15,1,2025-01-12 14:30:17.000000
DEV_5b37778727,10,1,2025-01-08 09:40:05.000000
DEV_5b551aaa11,12,1,2025-02-16 09:18:21.000000
DEV_5b559296c3,12,1,2025-01-19 23:54:21.000000
DEV_5b569dead6,14,1,2025-01-23 18:43:36.000000
DEV_5b6da825a6,15,1,2025-01-03 00:16:36.000000
DEV_5b7f703000,3,1,2025-09-22 19:36:05.000000
DEV_5b8e2b5323,20,1,2025-02-12 16:05:34.000000
DEV_5b9197f9c5,10,1,2025-01-05 19:34:53.000000
DEV_5b9c7bd628,10,1,2025-01-04 10:28:39.000000
DEV_5b9f1bafd0,1,1,2025-10-05 17:31:51.409181
DEV_5ba52691fa,1,1,2025-10-16 19:31:12.000000
DEV_5baad712ff,12,1,2025-02-12 17:54:23.000000
DEV_5babe62576,17,1,2025-02-07 08:26:59.000000
DEV_5bc3d5ff79,10,1,2025-01-06 15:06:22.000000
DEV_5bc4f2560c,14,1,2025-02-21 17:35:43.000000
DEV_5bd42d4777,8,1,2025-03-01 10:43:31.000000
DEV_5bd76bf96e,20,1,2025-02-05 14:29:55.000000
DEV_5bebe498e2,12,1,2025-01-09 09:03:29.000000
DEV_5beef1293e,14,1,2025-01-12 18:30:11.000000
DEV_5bf1a0c7d4,9,1,2025-01-13 19:29:03.000000
DEV_5bfc84afdd,12,1,2025-01-03 16:17:05.000000
DEV_5c0cebd545,17,1,2025-01-23 09:10:50.000000
DEV_5c23234037,1,1,2025-09-22 23:48:19.000000
DEV_5c243ccc55,9,1,2025-01-17 09:12:33.000000
DEV_5c24f9eb28,11,1,2025-01-20 09:33:05.000000
DEV_5c33b5856d,10,1,2025-01-15 02:24:34.000000
DEV_5c35a5c1e8,9,1,2025-02-07 08:22:58.000000
DEV_5c3f139462,9,1,2025-01-12 04:56:38.000000
DEV_5c43db50bb,22,1,2025-01-02 12:23:51.000000
DEV_5c44b4368c,14,1,2025-01-05 21:44:39.000000
DEV_5c455c1062,16,1,2025-01-04 09:08:09.000000
DEV_5c459a429a,15,1,2025-01-10 09:04:24.000000
DEV_5c5c575d7f,14,1,2025-01-27 03:04:24.000000
DEV_5c63fbaa5e,6,3,2025-01-31 21:48:45.508304
DEV_5c64236979,14,1,2025-01-09 04:32:09.000000
DEV_5c701f5894,17,1,2025-01-15 01:29:40.000000
DEV_5c792a53e5,24,1,2025-01-08 15:50:20.000000
DEV_5c796f2287,6,1,2025-04-13 13:34:51.000000
DEV_5c8afc3e1a,14,1,2025-01-02 07:49:18.000000
DEV_5c9cc02c0e,16,1,2025-01-06 22:57:39.000000
DEV_5c9d323566,11,1,2025-02-01 03:18:09.000000
DEV_5c9d79a9d9,8,1,2025-02-07 17:14:24.000000
DEV_5c9f3b32ae,9,1,2025-01-13 05:26:06.000000
DEV_5ca3a163c0,11,1,2025-01-05 07:22:46.000000
DEV_5ca8afc763,10,1,2025-01-07 07:04:41.000000
DEV_5ca8f0ab17,16,1,2025-01-25 15:49:18.000000
DEV_5cac43d669,10,1,2025-01-09 11:53:17.000000
DEV_5cb2ff1642,9,1,2025-01-05 01:42:08.000000
DEV_5cb6a22dd9,11,1,2025-01-04 23:13:09.000000
DEV_5cb6b5c5b1,9,1,2025-02-09 15:44:03.000000
DEV_5cb8ca5f89,11,1,2025-01-22 00:36:41.000000
DEV_5cc1296ef9,11,1,2025-02-10 05:16:02.000000
DEV_5ccf249939,1,1,2025-01-09 16:34:36.000000
DEV_5ccf8e57ff,20,1,2025-01-12 21:21:11.000000
DEV_5cd23df516,11,4,2025-08-18 04:59:22.810784
DEV_5cdb0e23f1,12,1,2025-03-05 01:09:41.000000
DEV_5ce861c686,10,1,2025-02-04 02:14:56.000000
DEV_5cf4a40a2d,13,1,2025-01-02 16:47:40.000000
DEV_5cf502af47,12,1,2025-01-07 00:53:31.000000
DEV_5cfbf6e1b0,11,1,2025-01-12 01:44:53.000000
DEV_5d03a29ba4,15,1,2025-01-09 01:27:51.000000
DEV_5d04c18240,11,1,2025-01-07 00:22:53.000000
DEV_5d0808561d,15,1,2025-02-27 13:28:21.000000
DEV_5d1a7bfd65,9,1,2025-04-07 15:34:09.000000
DEV_5d200ab573,17,1,2025-01-22 11:38:48.000000
DEV_5d27eecb9b,13,1,2025-01-04 08:06:04.000000
DEV_5d311383f0,21,1,2025-01-18 16:55:28.000000
DEV_5d36dbca9b,9,1,2025-01-04 09:37:05.000000
DEV_5d3f7f4020,10,1,2025-01-17 11:05:05.000000
DEV_5d434832f1,14,1,2025-01-01 11:49:56.000000
DEV_5d44ad04d5,15,1,2025-01-04 19:17:13.000000
DEV_5d50b7e6d7,6,1,2025-03-29 21:29:19.000000
DEV_5d630f5a35,9,1,2025-03-11 09:39:39.000000
DEV_5d64ad238b,14,1,2025-01-09 17:25:33.000000
DEV_5d656f4c1a,17,1,2025-01-01 10:55:25.000000
DEV_5d66ff75f8,11,1,2025-02-06 17:43:29.000000
DEV_5d7b07729c,8,1,2025-01-14 10:20:20.000000
DEV_5d80160c7b,17,1,2025-01-03 22:42:54.000000
DEV_5d899a8d2b,16,1,2025-01-13 16:18:35.000000
DEV_5d929131d5,8,1,2025-03-10 20:23:19.000000
DEV_5d9ac16e2d,11,1,2025-01-01 12:52:48.000000
DEV_5dbcb5ee6c,17,1,2025-01-03 16:56:24.000000
DEV_5dbf8ebb0f,7,1,2025-01-22 07:10:37.000000
DEV_5dc2a94c6b,5,1,2025-02-24 23:02:15.000000
DEV_5ddb7fc5ea,9,1,2025-01-25 23:03:35.000000
DEV_5ddc1a1321,3,1,2025-08-20 04:35:22.000000
DEV_5dde3e1cf9,8,1,2025-01-30 05:01:32.000000
DEV_5de8b7b3c0,22,6,2025-05-07 01:27:59.002572
DEV_5df1198466,6,1,2025-01-13 19:59:26.000000
DEV_5e0178ddb1,8,1,2025-01-17 05:21:30.000000
DEV_5e1ecd360c,11,1,2025-01-22 19:48:59.000000
DEV_5e1f002a60,7,1,2025-01-02 21:02:42.000000
DEV_5e20cf05de,18,1,2025-01-01 18:21:10.000000
DEV_5e2b603d33,5,1,2025-01-31 15:05:00.000000
DEV_5e2c650382,10,1,2025-01-12 01:44:24.000000
DEV_5e38dec494,8,1,2025-03-07 01:02:48.000000
DEV_5e3c1e1c17,13,1,2025-03-09 16:00:55.000000
DEV_5e431bb2dc,13,1,2025-02-01 02:38:58.000000
DEV_5e4eef234e,12,1,2025-01-05 14:26:41.000000
DEV_5e5289b8e0,13,1,2025-01-03 22:32:18.000000
DEV_5e5310e819,9,1,2025-01-05 22:22:42.000000
DEV_5e53eeece9,15,1,2025-01-09 22:42:33.000000
DEV_5e545bc47e,10,1,2025-01-09 00:07:56.000000
DEV_5e7edef8e5,6,1,2025-01-26 23:53:04.000000
DEV_5eadcce0b2,15,1,2025-01-11 17:27:46.000000
DEV_5eb325d44f,15,1,2025-01-20 18:40:44.000000
DEV_5eb5c7e944,8,1,2025-01-22 06:46:48.000000
DEV_5ebc77198a,13,1,2025-01-04 19:08:25.000000
DEV_5ec0e0e912,10,3,2025-09-22 05:48:37.890976
DEV_5ece23df51,8,1,2025-01-28 02:47:19.000000
DEV_5edb94d85e,16,1,2025-01-15 15:39:50.000000
DEV_5ede2dd475,14,1,2025-01-22 23:40:51.000000
DEV_5ee35d7946,15,1,2025-01-11 01:00:54.000000
DEV_5ef0555ab0,13,1,2025-01-20 03:25:25.000000
DEV_5ef8187041,17,1,2025-02-21 20:45:37.000000
DEV_5ef84f7e91,3,1,2025-06-04 19:51:00.000000
DEV_5efa5f5d3b,10,1,2025-01-22 23:54:56.000000
DEV_5efd9bb41e,10,1,2025-01-24 22:38:21.000000
DEV_5f043a502f,13,1,2025-01-15 02:29:56.000000
DEV_5f1139b827,18,1,2025-01-02 00:49:07.000000
DEV_5f120c0b83,13,1,2025-01-15 23:05:35.000000
DEV_5f2309a8af,8,1,2025-01-14 11:24:42.000000
DEV_5f2549f42f,12,1,2025-01-12 09:20:47.000000
DEV_5f2a83501a,9,1,2025-01-22 16:07:02.000000
DEV_5f347766ad,14,1,2025-02-11 16:00:29.000000
DEV_5f37249b97,1,1,2025-04-28 08:07:08.000000
DEV_5f3779378d,13,1,2025-01-11 00:26:10.000000
DEV_5f5bada087,11,1,2025-01-23 21:19:26.000000
DEV_5f62378426,21,1,2025-01-27 20:57:45.000000
DEV_5f644efa60,9,1,2025-03-07 00:35:09.000000
DEV_5f65f18c5b,16,1,2025-01-06 18:54:16.000000
DEV_5f69db308b,10,1,2025-01-18 14:22:28.000000
DEV_5f6a03f0ef,14,1,2025-01-22 04:55:18.000000
DEV_5f70a3ecea,12,1,2025-01-02 09:47:03.000000
DEV_5f71469fb5,8,1,2025-01-01 12:57:36.000000
DEV_5f77815c32,15,1,2025-01-01 14:48:46.000000
DEV_5f7bd00ac2,11,1,2025-01-05 17:27:25.000000
DEV_5f7c2c4808,14,1,2025-01-03 16:05:48.000000
DEV_5f7f5360ad,15,1,2025-01-04 04:17:38.000000
DEV_5f85803890,14,1,2025-02-03 17:46:49.000000
DEV_5f885f43ab,16,1,2025-01-02 22:53:12.000000
DEV_5f94537690,13,1,2025-01-02 20:41:54.000000
DEV_5f9bf97a10,11,1,2025-01-19 20:51:05.000000
DEV_5f9cb0d3a5,12,1,2025-02-05 03:06:29.000000
DEV_5fa6f52fd2,11,1,2025-02-08 08:59:19.000000
DEV_5fad0b3aca,9,1,2025-01-28 19:30:34.000000
DEV_5fb909e55d,14,1,2025-01-27 22:11:41.000000
DEV_5fcdc088b2,12,1,2025-02-14 00:57:32.000000
DEV_5fe487c9eb,12,1,2025-01-20 20:29:01.000000
DEV_5fec2547fa,10,1,2025-01-20 22:50:17.000000
DEV_6003b4f62a,15,1,2025-01-17 19:55:36.000000
DEV_600594738e,17,1,2025-02-01 22:21:51.000000
DEV_6006e6ee7b,13,1,2025-01-11 04:30:54.000000
DEV_6011e14a79,1,1,2025-02-03 21:33:06.000000
DEV_601783dd32,11,1,2025-01-13 01:04:22.000000
DEV_601940ea88,10,1,2025-01-03 01:02:31.000000
DEV_602af2c4a1,14,1,2025-01-12 20:09:14.000000
DEV_603f2a0c5f,6,1,2025-01-05 20:41:10.000000
DEV_6047695baa,18,1,2025-01-18 18:34:21.000000
DEV_605bf07a38,9,1,2025-01-31 05:54:21.000000
DEV_6065a47081,4,1,2025-03-03 14:22:45.000000
DEV_606cbf839c,16,1,2025-01-09 01:58:10.000000
DEV_60715a696c,18,1,2025-01-20 02:19:36.000000
DEV_6072574751,12,1,2025-01-28 17:10:49.000000
DEV_6072e259d3,9,1,2025-01-10 16:02:37.000000
DEV_607b61727f,6,1,2025-05-31 17:37:29.000000
DEV_608ec4e8e6,11,1,2025-01-12 04:16:29.000000
DEV_609406e632,11,1,2025-01-03 02:40:25.000000
DEV_60a4f5b105,10,1,2025-02-08 23:48:42.000000
DEV_60aec20b66,15,1,2025-01-31 10:16:31.000000
DEV_60b7711785,8,1,2025-02-18 02:58:49.000000
DEV_60bfbee7eb,8,1,2025-01-27 00:29:13.000000
DEV_60c8f2575e,11,1,2025-01-04 05:26:58.000000
DEV_60cf434c6f,12,1,2025-01-15 20:37:50.000000
DEV_60d4346386,16,1,2025-01-18 15:45:11.000000
DEV_60ef2f0c0d,13,1,2025-01-05 22:12:41.000000
DEV_60f0b14338,14,1,2025-03-10 18:17:52.000000
DEV_60f3b5fd9e,14,1,2025-01-31 08:51:01.000000
DEV_60fe14de65,11,1,2025-01-27 03:12:54.000000
DEV_61186e1620,9,1,2025-01-06 10:34:16.000000
DEV_611a0df5d1,14,1,2025-01-17 07:42:47.000000
DEV_6126bc3ae4,12,1,2025-01-15 08:37:35.000000
DEV_613d8dc3ca,13,1,2025-01-27 04:40:05.000000
DEV_6142267161,12,1,2025-01-08 20:57:03.000000
DEV_6155cc2fda,14,1,2025-03-29 23:51:08.000000
DEV_616664e450,17,1,2025-02-21 07:07:29.000000
DEV_6171ba81eb,17,1,2025-01-10 00:34:07.000000
DEV_61735f802b,14,1,2025-01-21 14:48:47.000000
DEV_618620e8ae,7,1,2025-01-22 16:27:27.000000
DEV_618629f9e7,6,1,2025-03-25 15:18:06.000000
DEV_618656e768,8,1,2025-01-24 08:55:59.000000
DEV_61904f0030,11,1,2025-02-24 11:14:29.000000
DEV_6192d8bcef,10,1,2025-01-30 04:25:07.000000
DEV_619a7f95d5,14,1,2025-01-01 23:19:13.000000
DEV_61a1f78cb8,4,1,2025-01-28 20:21:21.000000
DEV_61a27f8810,13,1,2025-01-03 16:15:08.000000
DEV_61a80d2bd7,23,1,2025-01-31 08:55:42.000000
DEV_61a930eae3,5,1,2025-01-03 22:53:49.000000
DEV_61ad4c7b22,9,1,2025-02-01 13:02:48.000000
DEV_61bb728009,8,1,2025-01-26 19:40:45.000000
DEV_61c3c1c1b3,11,1,2025-02-12 06:28:27.000000
DEV_61c844a257,11,1,2025-01-08 16:25:37.000000
DEV_61d3cf2f5c,7,1,2025-01-26 16:47:09.000000
DEV_61dbe511d7,17,1,2025-01-11 14:59:58.000000
DEV_61dcdb3e69,2,1,2025-03-10 13:37:52.000000
DEV_61dd6a98f4,10,1,2025-02-16 04:44:41.000000
DEV_61eb753b7c,8,1,2025-01-18 15:45:36.000000
DEV_61ec9251fd,2,1,2025-01-16 09:51:12.000000
DEV_61f2f14db6,6,1,2025-01-31 10:52:47.000000
DEV_61faaa5714,18,1,2025-01-09 13:05:52.000000
DEV_61fb62fe9e,9,1,2025-04-02 11:07:51.000000
DEV_61fbf3ebc1,13,1,2025-01-01 02:28:38.000000
DEV_6201eff5b1,8,1,2025-03-21 12:19:42.000000
DEV_6204d6e81f,15,1,2025-01-05 02:20:03.000000
DEV_62098f5c55,13,1,2025-01-03 15:15:04.000000
DEV_620ce02c81,15,1,2025-01-11 21:41:15.000000
DEV_620fd9070a,12,1,2025-01-09 11:12:51.000000
DEV_62131d9566,12,1,2025-01-17 23:34:36.000000
DEV_621438d08e,9,1,2025-01-14 23:18:52.000000
DEV_621da4e3f7,16,1,2025-01-06 18:08:14.000000
DEV_62201b5135,15,1,2025-01-03 05:56:10.000000
DEV_62206b8924,8,1,2025-02-26 11:07:06.000000
DEV_62305e5198,4,1,2025-04-15 19:00:18.000000
DEV_6233b75fe4,19,1,2025-01-25 23:55:16.000000
DEV_6235905a27,8,1,2025-03-12 12:23:08.000000
DEV_623c02f6c5,9,1,2025-01-27 08:21:52.000000
DEV_623d2b1b69,9,1,2025-01-26 17:00:25.000000
DEV_623df0ee2a,17,1,2025-01-12 09:57:49.000000
DEV_62470d067b,12,1,2025-01-07 08:34:45.000000
DEV_6254a4fe9d,10,1,2025-01-29 18:43:42.000000
DEV_625feb7830,13,1,2025-01-04 03:34:34.000000
DEV_626c4b3a9e,11,1,2025-02-28 12:08:03.000000
DEV_626dbcbc96,10,1,2025-02-25 04:47:42.000000
DEV_6279edfc6c,1,1,2025-01-12 16:28:59.000000
DEV_627a2c5131,14,1,2025-01-10 00:40:31.000000
DEV_628e33f790,18,1,2025-01-03 06:38:06.000000
DEV_629073e087,19,1,2025-03-08 04:00:59.000000
DEV_62926b0549,14,1,2025-03-01 23:18:56.000000
DEV_6296b53039,13,1,2025-01-09 02:47:14.000000
DEV_629fd0466f,15,1,2025-01-10 23:02:48.000000
DEV_62a5db3454,10,7,2025-05-20 22:21:30.936205
DEV_62acca9e4a,12,1,2025-01-01 00:31:15.000000
DEV_62d59aa9be,3,1,2025-04-23 02:47:57.000000
DEV_62e6131930,7,1,2025-02-21 17:58:22.000000
DEV_62fcc6da3d,12,1,2025-01-09 19:22:18.000000
DEV_630039f661,16,1,2025-01-23 07:32:11.000000
DEV_63061a7164,14,1,2025-01-05 23:39:06.000000
DEV_630c3916ac,19,1,2025-01-09 18:23:21.000000
DEV_630dbc5a13,12,1,2025-01-31 15:31:22.000000
DEV_632273a0bc,13,1,2025-02-10 11:54:30.000000
DEV_6324790299,10,1,2025-01-28 09:07:20.000000
DEV_6325450206,14,1,2025-01-11 17:36:12.000000
DEV_6329fee2f6,14,1,2025-01-04 21:13:12.000000
DEV_632eb79071,9,1,2025-01-03 08:02:51.000000
DEV_633a663b99,7,1,2025-01-01 12:07:02.000000
DEV_633ada3f23,19,1,2025-01-13 22:57:16.000000
DEV_63457af7f5,13,1,2025-01-03 04:00:17.000000
DEV_63459728e0,10,1,2025-02-05 14:42:16.000000
DEV_63483faf25,22,1,2025-01-01 23:11:02.000000
DEV_636008dab9,11,1,2025-01-09 11:16:34.000000
DEV_636823249e,15,1,2025-01-09 16:31:27.000000
DEV_636bbc596c,22,1,2025-02-18 05:08:45.000000
DEV_636bc5fad0,8,1,2025-01-17 08:42:42.000000
DEV_6381d28200,13,1,2025-01-13 04:39:32.000000
DEV_639d582620,2,1,2025-03-04 18:57:42.000000
DEV_63a5431d85,6,5,2025-03-10 02:09:22.969262
DEV_63adcc081b,9,1,2025-01-25 05:11:59.000000
DEV_63b49e2b76,19,1,2025-01-02 19:01:31.000000
DEV_63bbcf4e0a,12,1,2025-01-06 09:19:43.000000
DEV_63bc27e2a1,14,1,2025-01-08 16:27:53.000000
DEV_63c121aaaf,7,1,2025-01-22 13:47:50.000000
DEV_63e06a70a7,10,1,2025-01-28 03:37:47.000000
DEV_63f6e619f5,8,1,2025-01-13 21:19:42.000000
DEV_63fb0303b3,14,1,2025-01-28 06:34:38.000000
DEV_63fb92bc84,9,1,2025-01-06 15:40:36.000000
DEV_63fbb2e2f9,7,1,2025-01-17 02:00:10.000000
DEV_6404144279,14,1,2025-01-04 17:44:58.000000
DEV_6413c9b55b,12,1,2025-01-05 22:13:17.000000
DEV_64142d2435,16,1,2025-01-06 18:33:10.000000
DEV_6418862178,10,1,2025-01-14 23:20:37.000000
DEV_6419e9085a,13,1,2025-02-01 23:00:27.000000
DEV_64245cadc4,18,1,2025-01-01 19:02:52.000000
DEV_642f5ea7f5,1,1,2025-07-11 13:09:33.000000
DEV_643ab1fda0,10,1,2025-01-12 00:43:55.000000
DEV_643c08a4fd,16,1,2025-01-02 07:47:37.000000
DEV_64487eb716,8,1,2025-01-08 17:29:29.000000
DEV_6449956e5c,18,1,2025-01-10 17:55:51.000000
DEV_644d92684e,8,1,2025-01-01 04:57:07.000000
DEV_6452572a3c,9,1,2025-04-26 14:37:36.000000
DEV_6452624123,7,1,2025-01-27 12:28:12.000000
DEV_64553c25af,12,1,2025-01-10 17:25:18.000000
DEV_646f683101,7,1,2025-02-27 23:55:43.000000
DEV_6472363fa1,12,1,2025-02-18 18:42:07.000000
DEV_6473ae641c,18,1,2025-02-02 04:01:57.000000
DEV_6474f881db,12,1,2025-01-11 04:37:35.000000
DEV_64818daac0,15,1,2025-01-05 05:30:51.000000
DEV_64821d4215,12,1,2025-02-17 07:09:18.000000
DEV_648c1824db,10,1,2025-02-10 18:02:37.000000
DEV_6498ea5d0a,17,1,2025-02-20 08:46:20.000000
DEV_649acb9850,14,1,2025-01-08 16:09:29.000000
DEV_64bfb6c132,4,1,2025-03-03 06:48:38.000000
DEV_64c56462bc,10,1,2025-01-08 20:24:31.000000
DEV_64c99ebe80,14,1,2025-01-08 11:30:46.000000
DEV_64f620b339,9,1,2025-01-20 00:03:33.000000
DEV_64fd470e7b,4,3,2025-02-02 11:49:46.330947
DEV_6502a30f2c,10,1,2025-01-02 17:09:26.000000
DEV_6506d9c5a3,15,1,2025-03-04 07:24:30.000000
DEV_650cee7ca2,8,1,2025-02-28 19:33:38.000000
DEV_651728f584,9,1,2025-01-12 16:08:52.000000
DEV_652523a856,17,1,2025-01-07 16:31:45.000000
DEV_652734bd04,16,1,2025-01-24 22:03:46.000000
DEV_652c915244,10,1,2025-01-28 14:04:11.000000
DEV_652e8ff09d,8,1,2025-01-04 16:36:02.000000
DEV_652f8b0dbe,9,1,2025-01-06 11:54:17.000000
DEV_6545a9809c,16,1,2025-02-03 17:40:33.000000
DEV_6549912a7b,10,1,2025-04-14 07:41:35.000000
DEV_654b7a3ff9,13,1,2025-01-02 22:34:35.000000
DEV_654e04d203,13,1,2025-01-12 04:46:44.000000
DEV_65515247f1,15,1,2025-02-16 21:38:33.000000
DEV_655ba74e40,11,1,2025-01-12 05:36:59.000000
DEV_656b97811a,15,1,2025-01-12 09:46:52.000000
DEV_656fcf55ef,13,1,2025-01-01 21:02:47.000000
DEV_65754183c4,10,1,2025-01-31 20:56:00.000000
DEV_65786799b9,11,1,2025-01-10 07:28:11.000000
DEV_6579c84348,13,1,2025-01-17 19:31:28.000000
DEV_65932a63fd,15,1,2025-02-10 12:46:41.000000
DEV_659843f903,9,1,2025-03-13 08:27:33.000000
DEV_65a1ff69f7,16,1,2025-01-30 03:05:28.000000
DEV_65b5c6af7c,5,1,2025-04-16 09:27:25.000000
DEV_65bde26350,1,1,2025-02-11 21:43:38.000000
DEV_65be4b0613,10,1,2025-01-04 13:01:07.000000
DEV_65bffc52b8,16,1,2025-01-06 08:34:16.000000
DEV_65c772acc5,11,1,2025-01-19 07:35:37.000000
DEV_65cc33749d,13,6,2025-06-30 23:59:46.359438
DEV_65ce9131eb,9,1,2025-03-31 16:05:43.000000
DEV_65d4e688c6,13,1,2025-01-16 17:35:47.000000
DEV_65dbd88c84,5,1,2025-05-05 08:53:58.000000
DEV_65e1be5947,15,1,2025-01-11 06:42:26.000000
DEV_65e4aa1f05,13,1,2025-02-09 20:25:27.000000
DEV_65e8c57c39,13,1,2025-02-15 03:28:20.000000
DEV_65f0f41e14,14,1,2025-02-05 07:55:29.000000
DEV_65fbdde922,6,1,2025-01-29 09:57:38.000000
DEV_6619a58cfc,7,1,2025-01-10 10:13:42.000000
DEV_661d7866dc,24,1,2025-03-27 00:28:27.000000
DEV_66277b778f,11,1,2025-01-22 21:12:05.000000
DEV_6644769216,14,1,2025-01-14 21:58:15.000000
DEV_664878542f,11,1,2025-01-03 15:31:16.000000
DEV_664b012252,8,1,2025-02-12 15:53:17.000000
DEV_664fab0aff,9,1,2025-01-10 16:41:43.000000
DEV_6672756140,9,1,2025-02-20 09:19:23.000000
DEV_667967e224,13,1,2025-01-22 16:34:51.000000
DEV_6692074628,11,1,2025-01-04 06:20:45.000000
DEV_669ce5b848,13,1,2025-01-05 16:49:07.000000
DEV_66a3474cc6,12,1,2025-01-29 08:47:08.000000
DEV_66a98c9b3a,8,1,2025-01-30 08:28:30.000000
DEV_66bb29a2cd,14,1,2025-01-12 10:03:20.000000
DEV_66c8f2f170,11,1,2025-01-21 03:23:04.000000
DEV_66cb93b9f3,16,1,2025-03-01 22:10:22.000000
DEV_66cbdb65bf,6,1,2025-01-07 14:27:22.000000
DEV_66d37e122c,9,1,2025-01-07 06:42:08.000000
DEV_66d418dd4c,15,1,2025-01-08 14:24:21.000000
DEV_66d9547dbd,14,1,2025-03-12 04:50:30.000000
DEV_66d95f0ea5,9,1,2025-02-20 03:02:16.000000
DEV_66dea0524d,8,1,2025-03-01 21:48:08.000000
DEV_66efcc4c40,11,1,2025-01-01 16:59:40.000000
DEV_66fb038516,15,1,2025-01-28 06:40:47.000000
DEV_6702a68ef8,11,1,2025-01-20 18:45:44.000000
DEV_67238b28ba,8,1,2025-01-25 13:43:24.000000
DEV_67267879db,18,1,2025-01-09 13:11:06.000000
DEV_672b65d3eb,9,1,2025-01-29 06:32:42.000000
DEV_673c433152,14,1,2025-02-06 04:25:30.000000
DEV_673f2e974d,13,1,2025-01-13 08:54:53.000000
DEV_674ca31a96,1,1,2025-06-07 15:12:21.000000
DEV_67540f9a96,17,1,2025-01-10 11:40:50.000000
DEV_67550491df,13,1,2025-01-02 22:10:22.000000
DEV_6756cb7286,12,1,2025-01-16 16:18:48.000000
DEV_6759597e7b,12,1,2025-01-06 00:12:50.000000
DEV_675ad99cef,10,1,2025-01-19 21:05:35.000000
DEV_67686d24c9,15,1,2025-01-02 18:27:15.000000
DEV_676b45df72,15,1,2025-01-22 07:49:34.000000
DEV_676bee8f0c,15,1,2025-02-05 09:50:29.000000
DEV_676c117605,11,1,2025-02-03 07:07:21.000000
DEV_6772cb5908,9,1,2025-01-12 06:37:54.000000
DEV_67786eb3b9,12,1,2025-01-20 00:28:47.000000
DEV_6782a0cb42,6,1,2025-01-02 19:13:50.000000
DEV_6787ee8a90,2,1,2025-03-14 23:22:19.000000
DEV_678d0ac70e,18,1,2025-03-08 00:41:01.000000
DEV_679104f9f9,12,1,2025-01-27 12:05:23.000000
DEV_6793760a4c,6,1,2025-01-25 07:46:46.000000
DEV_6795283dc6,13,1,2025-02-19 01:20:40.000000
DEV_67981ef587,14,1,2025-01-07 15:26:36.000000
DEV_679e59870f,9,1,2025-02-15 13:28:33.000000
DEV_679f7bafad,18,1,2025-01-02 06:59:01.000000
DEV_67a3b1026b,13,1,2025-01-12 15:53:52.000000
DEV_67a80ea5aa,3,1,2025-09-15 10:33:58.000000
DEV_67b79b385f,12,1,2025-01-11 06:31:44.000000
DEV_67b8dc1d9d,13,1,2025-01-01 05:55:32.000000
DEV_67c262f4d6,9,1,2025-01-10 10:17:46.000000
DEV_67c2b41c9e,10,1,2025-01-02 08:25:22.000000
DEV_67c6b1106b,15,1,2025-01-06 12:19:47.000000
DEV_67c76e61fe,13,1,2025-01-12 16:18:58.000000
DEV_67cbed3450,9,1,2025-02-19 17:28:09.000000
DEV_67d206f4f8,10,1,2025-01-09 22:25:34.000000
DEV_67d866f1ed,13,1,2025-01-22 06:58:35.000000
DEV_67e0b04404,8,1,2025-01-24 08:41:46.000000
DEV_67e942bdcd,6,1,2025-03-21 02:51:49.000000
DEV_67ff69cf4e,14,1,2025-01-07 01:33:56.000000
DEV_6804a6352d,10,1,2025-02-27 06:24:54.000000
DEV_680f31293e,9,1,2025-01-16 16:19:04.000000
DEV_680ff27b61,15,1,2025-02-04 19:46:43.000000
DEV_681bd27a3a,11,1,2025-02-14 07:47:36.000000
DEV_681f476af0,10,1,2025-03-30 00:48:33.000000
DEV_682e60d122,14,1,2025-01-02 11:37:31.000000
DEV_682f28d629,1,1,2025-01-03 02:41:17.000000
DEV_68398c96f0,7,1,2025-01-24 01:19:42.000000
DEV_68436118ba,14,1,2025-01-01 11:03:10.000000
DEV_6848eb5fdd,10,1,2025-01-30 15:54:47.000000
DEV_685afb4efa,7,1,2025-02-20 11:36:36.000000
DEV_685b9a3f0b,12,1,2025-02-13 06:49:41.000000
DEV_685d53205b,11,1,2025-01-21 01:04:08.000000
DEV_6866db813c,1,1,2025-02-25 06:09:42.000000
DEV_686aa7cb43,6,1,2025-03-24 06:43:23.000000
DEV_686c960242,15,1,2025-01-25 19:09:02.000000
DEV_68739f3d05,12,1,2025-02-04 10:11:22.000000
DEV_6879dbdeb2,10,1,2025-01-07 04:34:36.000000
DEV_687a29fe03,8,1,2025-02-07 20:00:48.000000
DEV_687b1a023d,8,1,2025-01-02 07:08:50.000000
DEV_687f862400,7,1,2025-01-30 12:05:56.000000
DEV_6885aa60e2,7,1,2025-03-11 11:57:17.000000
DEV_68a3da50aa,10,1,2025-01-19 20:32:51.000000
DEV_68a6c7e59b,10,1,2025-03-24 14:45:25.000000
DEV_68a925265d,2,1,2025-01-24 20:50:07.000000
DEV_68aaa73a11,16,1,2025-01-02 01:20:49.000000
DEV_68aaf27dcb,15,1,2025-01-02 05:51:49.000000
DEV_68bfb8c00b,11,1,2025-01-08 15:34:29.000000
DEV_68c427c03c,22,1,2025-05-08 18:10:15.000000
DEV_68c6fd97ae,12,1,2025-01-19 14:57:41.000000
DEV_68d2f431fe,9,1,2025-01-17 03:27:46.000000
DEV_68d69d42c1,8,1,2025-01-17 12:00:39.000000
DEV_68de47b147,17,1,2025-02-21 21:27:05.000000
DEV_68e901cb30,11,1,2025-02-13 03:25:58.000000
DEV_68ea6fc291,15,1,2025-01-10 21:59:59.000000
DEV_68ed6e9c54,1,1,2025-02-08 12:46:23.000000
DEV_68f83cf31f,9,1,2025-02-10 11:45:43.000000
DEV_68f966e358,6,1,2025-01-25 14:04:16.000000
DEV_68fc8d0d3b,12,1,2025-02-04 06:43:54.000000
DEV_6913cfce49,7,1,2025-03-23 20:50:48.000000
DEV_6914e5f0e1,14,1,2025-01-14 11:03:33.000000
DEV_692b3f7481,11,1,2025-01-02 09:48:16.000000
DEV_692bf45fbe,11,1,2025-01-21 07:04:13.000000
DEV_6932226630,10,1,2025-03-02 11:32:54.000000
DEV_6935cb0f7e,17,1,2025-03-04 15:54:44.000000
DEV_6935d63751,12,1,2025-01-15 20:15:52.000000
DEV_69378db6c3,12,1,2025-01-27 07:36:22.000000
DEV_6945c5183d,11,1,2025-01-07 23:37:18.000000
DEV_695eb360c8,9,1,2025-01-06 21:07:59.000000
DEV_6974be4d55,25,1,2025-02-27 18:28:32.000000
DEV_6978bf1577,14,1,2025-01-22 14:58:16.000000
DEV_697aebbeb8,12,1,2025-01-18 01:41:52.000000
DEV_698a3359cf,11,1,2025-01-01 07:23:49.000000
DEV_6991e98587,10,1,2025-01-19 05:27:45.000000
DEV_69978b2d7d,10,1,2025-03-17 13:46:11.000000
DEV_69a222c925,17,1,2025-01-04 05:22:58.000000
DEV_69a51f49b3,16,1,2025-01-09 08:33:13.000000
DEV_69b0b042c1,13,1,2025-02-06 15:53:52.000000
DEV_69b2611f54,21,1,2025-01-06 17:48:38.000000
DEV_69b5905f3b,9,1,2025-02-02 02:30:59.000000
DEV_69c66548d7,19,1,2025-01-01 06:34:47.000000
DEV_69c8ad4623,7,1,2025-02-03 14:03:09.000000
DEV_69d03f1fb2,15,1,2025-01-10 20:26:40.000000
DEV_69d94e07df,10,1,2025-04-27 14:51:28.000000
DEV_69de52fde3,14,1,2025-01-07 21:37:16.000000
DEV_69e3a14975,9,1,2025-01-25 15:14:17.000000
DEV_69eb196a57,13,1,2025-03-08 18:47:16.000000
DEV_69f617b41e,12,1,2025-01-05 00:27:32.000000
DEV_6a0ab743bd,19,1,2025-02-01 22:54:02.000000
DEV_6a0c7b47fe,14,1,2025-01-08 01:54:57.000000
DEV_6a0e39c4a0,11,1,2025-02-01 10:10:40.000000
DEV_6a10c8ef80,14,1,2025-02-08 14:11:26.000000
DEV_6a1650489f,22,1,2025-01-02 04:37:33.000000
DEV_6a1e94e6f5,10,1,2025-01-16 01:27:04.000000
DEV_6a2188de74,8,1,2025-01-30 14:33:12.000000
DEV_6a2d299593,14,1,2025-01-08 07:29:30.000000
DEV_6a304cd3c7,9,1,2025-02-23 01:36:47.000000
DEV_6a3514b57c,14,1,2025-01-29 17:58:00.000000
DEV_6a3b529abb,7,1,2025-03-25 10:28:05.000000
DEV_6a4afd9bab,8,1,2025-01-04 20:16:21.000000
DEV_6a637803bb,12,1,2025-02-24 17:29:08.000000
DEV_6a6a8106ef,13,1,2025-01-15 10:14:51.000000
DEV_6a6d2d6a4f,11,1,2025-01-08 03:49:49.000000
DEV_6a7a27a46f,7,1,2025-03-06 11:03:11.000000
DEV_6a86688623,13,1,2025-01-01 19:22:05.000000
DEV_6a9bf49a7f,13,1,2025-02-20 10:01:13.000000
DEV_6aafafcbb4,10,1,2025-01-12 15:14:48.000000
DEV_6ab1617fcd,12,1,2025-01-06 21:48:26.000000
DEV_6ac434a1a3,8,1,2025-05-28 02:00:29.000000
DEV_6acb6d3ca2,8,1,2025-01-19 17:11:57.000000
DEV_6ace9a0ccd,9,1,2025-01-26 07:00:06.000000
DEV_6adacb6f58,17,1,2025-01-23 20:34:04.000000
DEV_6add1c2118,7,1,2025-03-08 22:16:00.000000
DEV_6af4b670e6,11,1,2025-01-30 19:39:48.000000
DEV_6afdbf7085,1,1,2025-10-07 19:10:20.000000
DEV_6b044ac45b,13,1,2025-01-03 09:14:57.000000
DEV_6b04ef4686,11,1,2025-01-05 02:59:21.000000
DEV_6b17677071,11,1,2025-01-16 18:45:00.000000
DEV_6b182afc34,18,1,2025-01-20 10:01:15.000000
DEV_6b18aea7e0,8,1,2025-01-29 22:39:40.000000
DEV_6b19a42d6b,12,1,2025-01-13 00:35:41.000000
DEV_6b286d3f5d,12,1,2025-01-06 21:21:28.000000
DEV_6b2a8ec200,13,1,2025-01-03 07:40:02.000000
DEV_6b30b25559,10,1,2025-01-07 07:08:10.000000
DEV_6b3e084ca6,13,1,2025-01-15 21:26:13.000000
DEV_6b40608273,16,1,2025-01-11 05:34:22.000000
DEV_6b43d23154,12,1,2025-02-21 11:02:41.000000
DEV_6b50bd6acb,8,1,2025-01-17 00:13:24.000000
DEV_6b65f6eb22,13,1,2025-01-03 12:05:00.000000
DEV_6b6cfccdff,16,1,2025-01-11 19:43:13.000000
DEV_6b7c1bffb6,14,1,2025-01-09 23:28:18.000000
DEV_6b7d777932,14,1,2025-01-31 03:28:16.000000
DEV_6b89b9ee5b,10,1,2025-01-24 18:15:03.000000
DEV_6b8cd3fc70,3,1,2025-06-11 16:15:27.000000
DEV_6b8eeac144,16,1,2025-01-17 07:16:32.000000
DEV_6b9ae026c2,16,1,2025-01-05 18:25:33.000000
DEV_6b9fa253d9,13,1,2025-01-03 09:01:47.000000
DEV_6ba40757b8,13,1,2025-01-19 07:38:46.000000
DEV_6ba41f1c2d,12,1,2025-01-25 06:22:57.000000
DEV_6ba4342a12,5,1,2025-01-09 14:58:41.000000
DEV_6ba5e25a75,15,1,2025-01-12 11:48:43.000000
DEV_6bad0d6df4,8,1,2025-01-06 15:25:32.000000
DEV_6bad9a9105,19,1,2025-01-02 00:42:43.000000
DEV_6bb5b6403e,13,1,2025-01-29 05:46:51.000000
DEV_6bc1d411fe,3,1,2025-04-24 15:19:25.000000
DEV_6bcc7b27c7,11,1,2025-02-08 20:34:45.000000
DEV_6bdddb900c,12,1,2025-03-01 23:00:58.000000
DEV_6be18733c8,12,1,2025-01-10 23:48:36.000000
DEV_6bea20996a,7,1,2025-02-17 14:16:38.000000
DEV_6bebc365e0,9,1,2025-02-17 18:55:25.000000
DEV_6bef816272,14,1,2025-02-10 11:32:07.000000
DEV_6bff5b9b1c,7,1,2025-04-05 13:31:51.000000
DEV_6c138c4dc0,5,1,2025-04-25 09:48:28.000000
DEV_6c16a02063,16,1,2025-01-12 23:51:33.000000
DEV_6c1bd0b848,12,1,2025-01-16 16:30:01.000000
DEV_6c21d5a865,16,1,2025-01-12 08:23:58.000000
DEV_6c252d6319,14,1,2025-01-14 06:30:36.000000
DEV_6c2b29c494,9,1,2025-01-18 09:09:46.000000
DEV_6c2de3b3f5,11,1,2025-01-06 19:34:18.000000
DEV_6c3e3d164f,13,1,2025-01-07 04:36:44.000000
DEV_6c3e6ecd0c,14,1,2025-01-22 01:21:26.000000
DEV_6c55b2510e,8,1,2025-01-07 09:21:58.000000
DEV_6c58e8101a,13,1,2025-01-23 02:02:35.000000
DEV_6c597d1566,17,1,2025-01-01 14:40:00.000000
DEV_6c6404e82f,11,1,2025-02-02 19:13:19.000000
DEV_6c68dbf8e9,11,1,2025-01-20 00:07:13.000000
DEV_6c777e6810,7,1,2025-01-25 05:36:03.000000
DEV_6c79b0d88a,8,1,2025-03-22 18:55:06.000000
DEV_6c8a2be91e,10,1,2025-02-26 15:39:23.000000
DEV_6c8a3ba264,14,1,2025-02-03 14:13:13.000000
DEV_6c950d556e,11,1,2025-03-16 21:30:28.000000
DEV_6c97bdfee8,9,1,2025-03-23 09:30:54.000000
DEV_6ca8a0e6c1,10,1,2025-02-01 06:58:04.000000
DEV_6caa71f97e,6,1,2025-03-08 12:03:01.000000
DEV_6caca582f6,10,1,2025-03-10 00:29:03.000000
DEV_6ccaae0cbe,10,1,2025-02-02 12:16:47.000000
DEV_6cced2d344,1,1,2025-04-09 18:43:17.000000
DEV_6cedea74de,4,1,2025-04-05 18:40:00.000000
DEV_6cf050f61c,9,1,2025-01-22 05:34:07.000000
DEV_6d09402672,11,1,2025-01-11 01:24:35.000000
DEV_6d0a6880e6,17,1,2025-01-16 10:41:46.000000
DEV_6d13331203,16,1,2025-01-20 01:11:16.000000
DEV_6d1d4eb8cd,9,1,2025-01-15 06:47:16.000000
DEV_6d1df932a2,15,1,2025-02-01 12:47:32.000000
DEV_6d25ca66f8,14,1,2025-01-07 01:00:22.000000
DEV_6d2a1b63ab,1,1,2025-08-06 22:26:41.000000
DEV_6d2d28c8cf,10,1,2025-01-29 19:32:49.000000
DEV_6d32a310fc,7,1,2025-02-23 12:26:52.000000
DEV_6d32ab2248,16,1,2025-01-06 10:03:12.000000
DEV_6d3785fe52,16,1,2025-01-01 13:36:50.000000
DEV_6d4f39514c,10,1,2025-02-27 22:39:12.000000
DEV_6d62235bff,1,1,2025-05-01 01:58:29.000000
DEV_6d6895d8a1,5,1,2025-01-09 00:11:16.000000
DEV_6d6c78e06b,9,1,2025-01-20 13:19:52.000000
DEV_6d703aac24,12,1,2025-01-21 13:05:25.000000
DEV_6d778d9853,20,1,2025-02-10 18:06:37.000000
DEV_6d88e320cf,15,1,2025-01-21 19:07:55.000000
DEV_6d9166f523,16,1,2025-01-09 18:47:45.000000
DEV_6d97c17587,12,1,2025-01-09 06:01:53.000000
DEV_6d9c782b1b,10,1,2025-01-01 21:31:22.000000
DEV_6da6bb9e58,16,1,2025-01-06 01:20:22.000000
DEV_6db8041075,13,1,2025-01-17 18:00:03.000000
DEV_6dbda18ba4,11,1,2025-01-12 05:48:43.000000
DEV_6dc4e1e785,12,1,2025-01-02 00:57:19.000000
DEV_6dc7152366,6,1,2025-03-06 13:37:07.000000
DEV_6dc75cdebc,10,1,2025-01-11 18:42:25.000000
DEV_6dd569a214,16,1,2025-01-11 22:24:55.000000
DEV_6dfd9386c5,13,1,2025-01-02 23:52:24.000000
DEV_6e06aabe15,11,1,2025-01-05 01:16:54.000000
DEV_6e0cc59daa,17,1,2025-01-14 09:37:17.000000
DEV_6e0e156309,1,1,2025-01-01 10:54:05.000000
DEV_6e211358b6,13,1,2025-01-24 09:53:34.000000
DEV_6e21f624a8,9,1,2025-01-03 05:30:46.000000
DEV_6e234930f2,1,1,2025-08-20 12:38:44.000000
DEV_6e267532bf,18,1,2025-01-09 13:48:18.000000
DEV_6e2cd42cba,8,1,2025-02-20 20:36:05.000000
DEV_6e3012c5f9,8,1,2025-01-10 16:43:23.000000
DEV_6e34310b5d,10,1,2025-01-16 09:22:32.000000
DEV_6e46176ce4,15,1,2025-03-02 20:17:20.000000
DEV_6e4c22e90f,1,1,2025-02-26 13:43:56.000000
DEV_6e4d3d1581,14,1,2025-01-26 06:29:43.000000
DEV_6e5071d54d,13,1,2025-01-07 13:27:54.000000
DEV_6e5e915bec,14,1,2025-02-28 02:07:50.000000
DEV_6e75482454,14,1,2025-01-25 07:15:06.000000
DEV_6e77a50deb,13,1,2025-04-17 18:50:50.000000
DEV_6e85dedc32,9,1,2025-03-13 10:10:48.000000
DEV_6e93d91e7a,24,1,2025-01-06 05:14:14.000000
DEV_6e9851626c,6,1,2025-01-17 13:36:17.000000
DEV_6e9db0d95a,9,1,2025-01-03 04:10:50.000000
DEV_6e9fdf32ed,8,1,2025-01-02 21:49:16.000000
DEV_6ea474fde6,11,1,2025-02-15 07:21:47.000000
DEV_6eaa31dbed,15,1,2025-01-01 11:12:11.000000
DEV_6eaaf87fef,6,1,2025-02-08 04:30:09.000000
DEV_6eb7060d64,11,1,2025-01-03 03:50:02.000000
DEV_6ebb63fad0,12,1,2025-02-02 04:50:03.000000
DEV_6ebee6c879,10,1,2025-02-20 12:42:09.000000
DEV_6ec1848b23,10,1,2025-01-13 20:03:04.000000
DEV_6ece76bc14,9,1,2025-01-18 09:12:11.000000
DEV_6ed3e74fa0,20,1,2025-01-31 16:05:45.000000
DEV_6eddd2cce6,8,1,2025-04-16 06:06:35.000000
DEV_6ee4318f86,13,1,2025-01-05 17:10:07.000000
DEV_6eec2e96b2,11,1,2025-01-22 11:26:02.000000
DEV_6eeca39cd8,15,1,2025-01-08 17:51:03.000000
DEV_6ef037b2a0,8,1,2025-01-10 12:42:00.000000
DEV_6f00949366,9,1,2025-01-15 18:46:33.000000
DEV_6f053f4cda,18,1,2025-01-06 06:20:15.000000
DEV_6f05f3f2ca,14,1,2025-02-24 17:59:56.000000
DEV_6f0c6f9d65,10,1,2025-02-08 08:49:47.000000
DEV_6f0e9d4d56,13,1,2025-02-28 07:44:29.000000
DEV_6f1703150e,13,1,2025-02-28 21:29:30.000000
DEV_6f23ad2a41,17,1,2025-01-23 23:58:18.000000
DEV_6f263d2a6f,10,1,2025-01-06 22:50:03.000000
DEV_6f27761eb0,13,1,2025-02-20 05:14:37.000000
DEV_6f31a23668,8,1,2025-01-06 21:22:42.000000
DEV_6f31b0f1aa,10,1,2025-01-08 02:31:50.000000
DEV_6f3a1ed309,6,1,2025-01-22 10:40:40.000000
DEV_6f43ec3b7c,15,1,2025-01-01 01:53:20.000000
DEV_6f4be1603a,10,1,2025-06-06 16:25:33.000000
DEV_6f4cd8e5f9,10,1,2025-02-03 00:38:21.000000
DEV_6f50300dae,14,1,2025-01-03 10:54:38.000000
DEV_6f664b3c3d,19,1,2025-01-18 08:32:45.000000
DEV_6f6941f54c,7,1,2025-02-04 01:08:53.000000
DEV_6f6af9ba56,18,1,2025-01-14 06:52:31.000000
DEV_6f6c552a92,10,1,2025-01-07 00:21:30.000000
DEV_6f7301edba,8,1,2025-01-21 22:11:57.000000
DEV_6f8217ea43,9,1,2025-01-08 20:20:36.000000
DEV_6f82ff8a1e,14,1,2025-01-05 23:16:08.000000
DEV_6f8cff23d7,13,1,2025-01-04 02:15:52.000000
DEV_6f94385c53,12,1,2025-01-07 18:16:06.000000
DEV_6f9e2b6f03,11,1,2025-01-01 22:54:19.000000
DEV_6fa7bee4f8,9,1,2025-01-06 21:47:38.000000
DEV_6fb2d64169,1,1,2025-02-06 12:03:17.000000
DEV_6fb581c9df,10,1,2025-01-20 04:50:09.000000
DEV_6fb7298bde,11,1,2025-01-06 13:31:33.000000
DEV_6fbb1a859b,14,1,2025-01-09 11:16:37.000000
DEV_6fc49410e2,12,1,2025-01-09 18:42:56.000000
DEV_6fc6dfb943,1,1,2025-07-20 06:08:28.000000
DEV_6fd17195c5,13,1,2025-02-05 07:29:10.000000
DEV_6fd172daa8,9,1,2025-01-27 20:10:17.000000
DEV_6fd5a971b5,10,1,2025-01-17 09:04:49.000000
DEV_6fd6420cc9,15,1,2025-02-06 01:00:49.000000
DEV_6fe7510074,9,1,2025-01-04 14:23:57.000000
DEV_6fe79c113e,12,1,2025-01-30 00:32:38.000000
DEV_6ff1144e90,7,1,2025-01-27 03:48:06.000000
DEV_6ff82e6f54,8,1,2025-02-16 23:29:33.000000
DEV_6ffeede8a1,17,1,2025-01-04 18:24:37.000000
DEV_6fff817274,8,1,2025-02-05 00:26:57.000000
DEV_700567b8e4,9,1,2025-03-09 23:16:40.000000
DEV_700c09a772,13,1,2025-01-18 16:58:12.000000
DEV_7011d06219,19,1,2025-01-24 12:09:33.000000
DEV_7018eaf03f,30,1,2025-02-12 23:57:58.000000
DEV_7020fd02ac,10,1,2025-03-06 10:05:03.000000
DEV_70254d0f1d,4,1,2025-02-10 01:44:15.000000
DEV_702d9fb92d,12,1,2025-01-01 18:29:52.000000
DEV_70466c31c5,35,1,2025-01-04 20:34:34.000000
DEV_7047138611,9,1,2025-01-24 02:55:06.000000
DEV_704cbc0d01,15,1,2025-01-02 06:55:02.000000
DEV_704e38f927,12,1,2025-01-07 13:24:04.000000
DEV_704edea206,6,1,2025-01-05 06:50:53.000000
DEV_705f59e30b,13,1,2025-01-30 23:25:48.000000
DEV_7070fe0ee4,16,1,2025-01-09 11:37:42.000000
DEV_70782c9afd,12,1,2025-01-06 02:50:44.000000
DEV_7080fd4ff1,10,1,2025-02-10 15:04:29.000000
DEV_7081bd3174,13,1,2025-02-12 19:36:32.000000
DEV_7086576a70,14,1,2025-01-03 06:32:20.000000
DEV_708796751a,13,1,2025-03-12 13:19:29.000000
DEV_708e6c05de,11,1,2025-03-10 10:22:13.000000
DEV_7090b3d6f6,11,1,2025-01-28 14:08:43.000000
DEV_709304965c,12,1,2025-01-02 04:53:34.000000
DEV_709cdfd93d,11,1,2025-01-10 19:36:22.000000
DEV_70aa545414,15,1,2025-04-21 18:48:56.000000
DEV_70b1c9e8cc,9,1,2025-02-06 19:01:29.000000
DEV_70bbcdc3a6,18,1,2025-01-04 07:04:53.000000
DEV_70cc353157,13,1,2025-02-01 08:45:40.000000
DEV_70dacb9810,11,1,2025-02-05 04:15:04.000000
DEV_70deba365e,8,1,2025-01-27 13:37:21.000000
DEV_70e08ab64e,9,1,2025-02-22 01:08:04.000000
DEV_70e36b6af8,10,1,2025-01-01 23:56:59.000000
DEV_70f5d971f3,22,1,2025-01-16 11:23:29.000000
DEV_70fd9b734e,16,1,2025-02-16 13:18:39.000000
DEV_70fed3b2ca,13,1,2025-03-21 05:17:13.000000
DEV_7100293614,8,1,2025-01-02 12:12:26.000000
DEV_714b79ffcf,13,1,2025-01-10 21:45:14.000000
DEV_716dff2c7b,9,1,2025-01-11 07:37:18.000000
DEV_717202c5c2,10,1,2025-01-06 10:03:13.000000
DEV_717741fe44,10,1,2025-02-28 19:45:56.000000
DEV_717adf5add,8,3,2025-02-10 20:10:56.218435
DEV_717fe56a57,15,1,2025-01-25 21:56:05.000000
DEV_718e5cf107,8,1,2025-03-17 08:50:16.000000
DEV_7191050cc8,8,1,2025-04-03 18:18:51.000000
DEV_719e230ba3,22,8,2025-07-23 11:35:56.952480
DEV_71aa2051db,12,1,2025-02-08 15:56:22.000000
DEV_71bc90e57e,10,1,2025-01-01 22:12:15.000000
DEV_71c68d3118,13,1,2025-01-08 19:19:26.000000
DEV_71d83fc99d,9,1,2025-01-24 16:59:47.000000
DEV_71e0372dab,6,1,2025-01-12 15:03:55.000000
DEV_71e6102cc7,8,1,2025-06-04 06:31:38.000000
DEV_71e66ee7a6,11,1,2025-01-12 20:49:08.000000
DEV_71eaf4cbea,16,1,2025-02-01 03:51:59.000000
DEV_71ec1652d0,9,1,2025-01-25 18:13:00.000000
DEV_71f39fa1ca,9,1,2025-01-06 22:45:07.000000
DEV_71f580f726,12,1,2025-01-11 19:19:58.000000
DEV_71fa50e093,21,1,2025-01-15 20:21:38.000000
DEV_7208403fce,23,1,2025-02-18 15:44:45.000000
DEV_720a57613d,15,1,2025-01-07 23:34:34.000000
DEV_7210ed5ba2,14,1,2025-02-09 00:38:15.000000
DEV_7212aa721d,14,1,2025-01-13 01:54:18.000000
DEV_7216ed544d,14,1,2025-01-07 00:37:54.000000
DEV_721d0332d9,9,1,2025-01-02 16:02:40.000000
DEV_7222e90a5d,8,1,2025-02-26 12:20:36.000000
DEV_7234a022a1,19,1,2025-01-01 04:22:46.000000
DEV_7237467aa9,11,1,2025-01-27 09:14:00.000000
DEV_723eced523,12,1,2025-01-18 22:29:18.000000
DEV_723f67e7f6,14,1,2025-04-01 11:56:04.000000
DEV_7242772f05,11,1,2025-01-28 19:24:26.000000
DEV_72542d6190,9,1,2025-01-11 13:10:31.000000
DEV_726a88b8f0,13,1,2025-01-05 01:13:20.000000
DEV_7285d5ab58,11,1,2025-01-03 01:40:24.000000
DEV_7289a26f91,15,1,2025-01-16 01:58:10.000000
DEV_728ad122db,15,1,2025-02-19 21:42:10.000000
DEV_729c66a622,18,1,2025-01-17 21:15:34.000000
DEV_72a49b2ff9,14,1,2025-01-02 23:59:01.000000
DEV_72bde1fff5,10,1,2025-01-10 06:29:43.000000
DEV_72cb28e126,16,1,2025-03-08 23:58:24.000000
DEV_72cb40c8bd,9,1,2025-01-09 01:52:29.000000
DEV_72cfb47414,14,1,2025-01-03 16:43:45.000000
DEV_72d41cd544,7,1,2025-03-04 09:29:08.000000
DEV_72e0d109da,12,1,2025-01-25 20:54:50.000000
DEV_72e4fbaade,8,1,2025-01-07 22:57:19.000000
DEV_72e99c41fa,5,1,2025-03-12 05:31:40.000000
DEV_72ed34fad8,12,1,2025-01-03 08:35:15.000000
DEV_72f5d59e1f,13,1,2025-01-19 07:56:36.000000
DEV_72fdba299b,17,1,2025-01-20 15:24:22.000000
DEV_72ff26c052,13,1,2025-01-18 16:28:28.000000
DEV_72ffb711ea,19,1,2025-03-03 20:55:36.000000
DEV_7300191469,9,1,2025-01-01 19:10:46.000000
DEV_730211e5cc,12,1,2025-01-01 19:37:58.000000
DEV_730de3fe1c,12,1,2025-02-06 06:50:14.000000
DEV_73162f43ab,1,1,2025-05-23 19:48:22.000000
DEV_731a06dbe5,1,1,2025-02-08 11:25:32.000000
DEV_73224b6f8b,13,1,2025-01-01 01:59:10.000000
DEV_732312553a,7,1,2025-01-04 12:09:31.000000
DEV_73287bcc24,11,1,2025-01-30 12:22:19.000000
DEV_7329e7d027,14,1,2025-02-02 14:13:47.000000
DEV_732bf696cb,8,1,2025-01-29 01:54:02.000000
DEV_732f573b73,9,1,2025-01-11 18:16:37.000000
DEV_73314eb8b7,9,1,2025-02-26 06:29:43.000000
DEV_7333fc2f00,12,1,2025-01-28 11:12:13.000000
DEV_7336d16d54,15,1,2025-01-11 04:53:50.000000
DEV_733acebc81,10,1,2025-02-13 10:41:03.000000
DEV_733c442901,9,1,2025-01-07 10:34:30.000000
DEV_73420da744,8,1,2025-01-09 16:57:24.000000
DEV_73483ca73b,14,1,2025-01-06 13:14:54.000000
DEV_7351110beb,9,1,2025-01-16 02:09:22.000000
DEV_73516850b5,16,1,2025-01-02 03:47:58.000000
DEV_735e25c9a3,13,1,2025-01-19 02:52:33.000000
DEV_736d5d001b,14,1,2025-01-22 21:23:57.000000
DEV_737fa707d6,9,1,2025-01-21 23:42:43.000000
DEV_7381bc366a,9,1,2025-01-12 03:52:36.000000
DEV_73bed0cdb5,14,1,2025-01-23 21:29:31.000000
DEV_73c090e795,24,1,2025-01-02 16:39:02.000000
DEV_73cff5e723,13,1,2025-01-07 17:07:03.000000
DEV_73d8bbeb01,9,1,2025-03-12 01:57:24.000000
DEV_73de4436c9,14,1,2025-01-16 14:11:45.000000
DEV_73edca6631,8,1,2025-02-05 05:36:36.000000
DEV_73f360e85c,11,1,2025-02-24 07:13:49.000000
DEV_73f8cf3e17,14,1,2025-02-04 01:56:45.000000
DEV_73fc1eb530,2,1,2025-03-02 02:16:55.000000
DEV_73fffedd7f,13,1,2025-01-08 09:49:52.000000
DEV_740b1eb4dd,12,1,2025-01-02 03:57:03.000000
DEV_741282c814,13,1,2025-01-07 18:17:48.000000
DEV_7412b9bd2e,9,1,2025-01-09 10:39:12.000000
DEV_741b5475b6,16,1,2025-03-16 11:21:42.000000
DEV_741bda29e7,7,1,2025-03-05 03:12:41.000000
DEV_741d477012,12,1,2025-02-04 12:07:01.000000
DEV_741e4a05ba,10,1,2025-01-02 05:44:45.000000
DEV_7427b81262,15,1,2025-01-15 11:02:10.000000
DEV_7428b349c6,8,1,2025-02-17 21:59:54.000000
DEV_7428c0b75b,12,1,2025-02-10 05:17:17.000000
DEV_742a462362,15,1,2025-01-01 17:48:32.000000
DEV_742c02a941,11,1,2025-01-28 15:03:32.000000
DEV_742caf1e43,16,1,2025-01-08 06:12:27.000000
DEV_74311f3d0f,7,1,2025-02-03 23:38:31.000000
DEV_7435fe2db3,15,1,2025-01-07 03:07:03.000000
DEV_74383b22bf,2,1,2025-08-20 07:12:42.000000
DEV_7447430aab,12,1,2025-01-02 20:39:53.000000
DEV_74501b5226,9,1,2025-03-26 23:12:44.000000
DEV_745671c350,14,1,2025-01-27 08:19:25.000000
DEV_74612c3946,10,1,2025-01-06 16:43:10.000000
DEV_747214f54c,10,1,2025-01-09 02:58:16.000000
DEV_74789b16fc,16,1,2025-01-04 23:14:31.000000
DEV_748813f828,16,1,2025-01-15 03:40:32.000000
DEV_748f9da5e4,11,1,2025-01-03 15:04:55.000000
DEV_74b7cd1026,7,1,2025-02-21 20:25:31.000000
DEV_74bae6573a,19,1,2025-03-10 23:04:16.000000
DEV_74cb342219,12,1,2025-01-03 12:22:21.000000
DEV_74d93cac45,8,1,2025-03-15 17:47:37.000000
DEV_74db1f8ff7,12,1,2025-01-05 03:33:02.000000
DEV_74e571d1d5,13,1,2025-01-05 04:07:31.000000
DEV_74ee39ccc8,11,1,2025-01-11 08:10:38.000000
DEV_74f238569f,14,1,2025-01-01 10:48:11.000000
DEV_74f2605454,8,1,2025-05-26 13:50:56.000000
DEV_74f5027a62,6,1,2025-01-31 00:49:15.000000
DEV_74f6a692e7,16,1,2025-01-19 11:28:17.000000
DEV_74fb601965,14,1,2025-02-03 08:57:29.000000
DEV_7510758903,17,1,2025-01-06 05:54:50.000000
DEV_751dd58b75,14,1,2025-02-13 17:12:42.000000
DEV_751ed22519,13,1,2025-01-05 00:56:41.000000
DEV_751ef6e15a,10,1,2025-03-09 18:53:59.000000
DEV_752111d2d6,11,1,2025-01-20 09:08:06.000000
DEV_752c8dae93,9,1,2025-01-28 10:34:48.000000
DEV_752eae29db,13,1,2025-02-01 11:33:37.000000
DEV_7536173d80,5,1,2025-03-30 08:26:53.000000
DEV_753649c498,12,1,2025-04-13 08:33:02.000000
DEV_753dcb9bf1,11,1,2025-02-23 19:53:27.000000
DEV_753ee44903,13,1,2025-03-18 05:16:35.000000
DEV_753eedd27e,11,1,2025-01-02 20:55:16.000000
DEV_754af3c1fe,18,1,2025-01-16 15:37:16.000000
DEV_7551f0c2e4,10,1,2025-01-26 03:37:43.000000
DEV_7554db4352,11,1,2025-01-15 10:17:45.000000
DEV_75580d1a5a,18,1,2025-02-01 20:14:43.000000
DEV_75648790e8,17,1,2025-01-04 17:08:45.000000
DEV_756c139926,6,1,2025-01-06 04:13:13.000000
DEV_7570defc9c,7,1,2025-02-21 03:28:13.000000
DEV_75732ff8ea,17,1,2025-03-23 10:41:55.000000
DEV_757a1ba459,8,1,2025-01-23 14:13:23.000000
DEV_757d3e1e1a,15,1,2025-01-06 06:55:29.000000
DEV_757e649119,15,1,2025-01-01 16:07:11.000000
DEV_75a8c67ec3,8,1,2025-03-08 22:18:52.000000
DEV_75b45829a7,14,1,2025-01-15 23:02:47.000000
DEV_75bcb1a768,14,1,2025-01-04 18:32:35.000000
DEV_75ca3608aa,12,1,2025-02-24 04:38:01.000000
DEV_75ccb9cf47,10,1,2025-01-07 01:29:15.000000
DEV_75dee242ce,16,1,2025-01-30 18:47:22.000000
DEV_75e65a5b81,24,1,2025-01-26 12:55:52.000000
DEV_75fed1b757,6,1,2025-01-23 02:36:01.000000
DEV_76025a7f46,1,1,2025-06-20 01:05:30.000000
DEV_7602e9e5b5,15,1,2025-01-15 13:04:35.000000
DEV_7602f01a98,7,1,2025-01-03 20:51:15.000000
DEV_76266b5e84,15,1,2025-01-14 05:08:40.000000
DEV_762925674c,18,1,2025-01-01 10:41:08.000000
DEV_762a36add9,10,1,2025-01-03 18:13:28.000000
DEV_7631bf287e,13,1,2025-01-14 16:30:02.000000
DEV_76326e9e0e,14,1,2025-01-22 13:11:53.000000
DEV_7640314a84,11,1,2025-06-15 22:04:45.000000
DEV_76495097b1,18,1,2025-01-18 18:44:07.000000
DEV_764f7a6f97,16,1,2025-01-22 22:47:15.000000
DEV_7650ce304b,14,1,2025-01-10 17:52:19.000000
DEV_7651a4b30a,14,1,2025-01-15 02:04:38.000000
DEV_76556266a4,10,1,2025-01-29 17:46:24.000000
DEV_7658528402,8,1,2025-02-28 13:12:00.000000
DEV_765bf2cab2,9,1,2025-01-30 00:07:25.000000
DEV_7665cc1bbb,11,1,2025-01-02 01:30:48.000000
DEV_767ac3c8bc,14,1,2025-01-14 14:18:18.000000
DEV_76825d1cfd,7,1,2025-02-01 05:14:35.000000
DEV_7684e1ab32,15,1,2025-01-17 00:49:43.000000
DEV_76863ba42d,14,1,2025-01-29 11:59:36.000000
DEV_768988ec59,13,1,2025-01-21 18:40:59.000000
DEV_768cbe0fa4,12,1,2025-01-18 20:18:16.000000
DEV_76a071b27c,7,4,2025-05-30 00:42:11.339741
DEV_76ac7b8700,12,1,2025-01-16 17:05:51.000000
DEV_76b199ed09,10,1,2025-01-27 04:19:45.000000
DEV_76b4b2b97b,8,1,2025-02-01 17:10:49.000000
DEV_76b85ab0ab,9,1,2025-02-06 14:40:54.000000
DEV_76b895283d,9,1,2025-01-31 08:41:15.000000
DEV_76ccceea0d,8,1,2025-01-11 08:19:56.000000
DEV_76d5b46829,11,1,2025-01-02 03:09:13.000000
DEV_76daed0310,10,1,2025-01-08 09:30:40.000000
DEV_76df6f61ee,9,1,2025-01-31 22:13:40.000000
DEV_76e1b9f89f,11,1,2025-01-10 08:06:26.000000
DEV_76ea6a3b28,10,1,2025-04-11 09:34:57.000000
DEV_76ef377c0a,7,1,2025-02-13 07:36:15.000000
DEV_76f0e2b81f,16,1,2025-01-24 18:47:22.000000
DEV_76f41f0f5f,4,1,2025-02-10 11:53:45.000000
DEV_76f6622474,9,1,2025-01-15 09:46:53.000000
DEV_7712dc59aa,11,1,2025-02-15 07:57:45.000000
DEV_772688eb54,12,1,2025-01-07 17:15:33.000000
DEV_772d8c7382,13,1,2025-01-08 01:41:23.000000
DEV_77318eebe7,8,1,2025-04-28 08:59:30.000000
DEV_7737ca2d8a,11,1,2025-01-09 06:58:22.000000
DEV_7758c2036a,9,1,2025-01-06 04:37:54.000000
DEV_775d5ad3b9,14,1,2025-02-13 13:35:35.000000
DEV_775f1ede89,12,1,2025-01-16 07:15:18.000000
DEV_776113e95f,11,1,2025-01-13 00:25:15.000000
DEV_77638af528,9,1,2025-01-29 19:04:29.000000
DEV_7765245462,11,1,2025-01-31 23:43:41.000000
DEV_7765aac424,11,1,2025-01-14 08:07:46.000000
DEV_776aed9316,9,1,2025-01-08 17:31:47.000000
DEV_776cee2ffa,13,1,2025-01-10 19:28:41.000000
DEV_777b2ffcaa,14,1,2025-01-02 04:57:34.000000
DEV_777b5cca58,18,1,2025-03-13 18:57:55.000000
DEV_777f45a331,10,1,2025-02-25 02:31:48.000000
DEV_7787c86bf7,14,1,2025-01-12 18:38:40.000000
DEV_77935eee88,16,1,2025-02-06 23:05:50.000000
DEV_77936d9bab,1,1,2025-10-05 00:49:59.000000
DEV_77aa3776d1,21,1,2025-01-11 14:22:42.000000
DEV_77aa81202e,13,1,2025-01-26 22:22:06.000000
DEV_77acd18c82,11,1,2025-03-09 18:29:06.000000
DEV_77adfff8b1,10,1,2025-01-20 05:28:57.000000
DEV_77b02d58e0,11,1,2025-01-02 05:22:52.000000
DEV_77b4356b92,14,1,2025-02-05 19:22:17.000000
DEV_77b761c486,15,1,2025-01-02 22:45:22.000000
DEV_77c3fbe401,2,1,2025-10-12 14:29:12.000000
DEV_77c9c5c608,11,1,2025-01-11 15:23:24.000000
DEV_77e01aaae1,9,1,2025-01-01 15:58:23.000000
DEV_77e0ba52c2,13,1,2025-01-25 01:39:30.000000
DEV_77e2ce1ce7,14,1,2025-01-06 00:29:10.000000
DEV_77e86d5d37,12,1,2025-02-03 08:55:23.000000
DEV_77ec4abe70,9,1,2025-01-13 07:50:05.000000
DEV_77efc2f148,12,1,2025-01-13 23:55:32.000000
DEV_77f19dc465,11,1,2025-01-25 10:41:20.000000
DEV_77f89788a7,9,1,2025-01-05 00:31:37.000000
DEV_77fd31633a,8,1,2025-01-29 13:17:45.000000
DEV_780949b517,11,1,2025-01-07 10:21:26.000000
DEV_78171d497a,10,1,2025-03-28 16:53:40.000000
DEV_78229d5715,9,1,2025-01-04 13:18:37.000000
DEV_78232c3917,7,1,2025-02-18 10:00:50.000000
DEV_7828659c92,6,1,2025-04-07 11:50:15.000000
DEV_782b4a8330,15,1,2025-01-06 09:10:43.000000
DEV_782fe55ed9,13,1,2025-01-22 00:36:42.000000
DEV_7840bdc45b,11,1,2025-01-02 16:39:39.000000
DEV_7849fd17c9,11,1,2025-01-18 00:37:03.000000
DEV_785e7632b2,11,1,2025-01-26 00:20:23.000000
DEV_7867f70937,9,1,2025-01-11 15:07:47.000000
DEV_787384dd52,13,1,2025-01-24 16:58:43.000000
DEV_7881f1d148,14,1,2025-01-20 13:14:51.000000
DEV_788655b5b8,12,1,2025-01-01 06:38:16.000000
DEV_7886b29235,24,1,2025-01-19 06:03:08.000000
DEV_78900a7b94,11,1,2025-01-07 11:32:58.000000
DEV_7891a37859,12,1,2025-01-03 03:38:44.000000
DEV_78981211e9,7,1,2025-01-13 12:05:57.000000
DEV_789dd28301,9,1,2025-01-22 13:41:40.000000
DEV_78a54b653f,9,1,2025-01-01 00:34:55.000000
DEV_78a61a24a3,9,1,2025-01-01 06:51:25.000000
DEV_78a8ec8d6c,10,1,2025-01-09 12:50:52.000000
DEV_78ab81911d,12,1,2025-01-22 08:54:46.000000
DEV_78abbea194,14,1,2025-02-09 12:52:34.000000
DEV_78c3616783,12,1,2025-01-01 13:14:31.000000
DEV_78d06ec2f5,9,1,2025-01-10 08:41:17.000000
DEV_78d0b78f20,6,1,2025-01-07 18:32:46.000000
DEV_78d0bb32f8,9,1,2025-02-02 11:54:47.000000
DEV_78d6311cf8,21,1,2025-03-12 15:06:53.000000
DEV_78e5d742f1,10,1,2025-02-10 07:38:49.000000
DEV_78f43ac009,9,1,2025-05-24 01:33:56.000000
DEV_78f71bd4de,6,1,2025-01-04 15:29:48.000000
DEV_7906450ce9,14,1,2025-02-12 13:12:08.000000
DEV_79065a2f91,8,1,2025-01-24 03:53:11.000000
DEV_790fdf91d0,12,1,2025-01-02 18:44:32.000000
DEV_79143b030f,8,1,2025-01-07 03:41:17.000000
DEV_7915e778a5,11,1,2025-01-02 12:35:46.000000
DEV_79164360a7,16,1,2025-01-10 23:48:18.000000
DEV_7918a6dc74,12,1,2025-02-09 05:18:13.000000
DEV_79190a7f69,4,1,2025-01-15 10:55:02.000000
DEV_791abc09bf,13,1,2025-01-04 03:22:26.000000
DEV_7925b871f1,6,1,2025-01-23 04:40:03.000000
DEV_792740c334,2,1,2025-10-18 03:19:58.000000
DEV_793cb09518,11,1,2025-02-24 21:38:45.000000
DEV_79537821c9,15,1,2025-01-08 21:56:30.000000
DEV_7957a2caf9,9,1,2025-02-11 20:22:55.000000
DEV_795d9782a9,12,1,2025-01-14 16:44:09.000000
DEV_7977f5b9db,8,1,2025-01-19 14:19:56.000000
DEV_797cc90adf,13,1,2025-01-04 12:33:11.000000
DEV_797fd28ece,12,1,2025-01-24 03:10:21.000000
DEV_79871a9256,1,1,2025-02-19 02:56:55.000000
DEV_7996bde16a,19,1,2025-02-04 17:28:44.000000
DEV_79a5224ddd,7,1,2025-02-20 11:36:29.000000
DEV_79a8364055,10,1,2025-01-05 01:50:46.000000
DEV_79a948cb01,12,1,2025-01-08 13:39:29.000000
DEV_79aef0f707,13,1,2025-01-07 02:32:20.000000
DEV_79c4386848,13,1,2025-01-12 18:40:49.000000
DEV_79c63ea155,11,1,2025-01-09 22:36:05.000000
DEV_79cdcfd910,10,1,2025-01-26 13:52:46.000000
DEV_79e4170053,17,1,2025-01-17 20:41:35.000000
DEV_79e8f3b5e5,11,1,2025-02-20 22:47:38.000000
DEV_79eddd3387,10,1,2025-02-09 05:52:10.000000
DEV_79f30eef2f,14,1,2025-01-19 11:19:39.000000
DEV_7a00f91446,9,1,2025-04-12 09:37:24.000000
DEV_7a066744a7,9,1,2025-02-14 02:20:20.000000
DEV_7a06bfe8c0,13,1,2025-01-11 08:48:35.000000
DEV_7a0a0e623d,9,1,2025-02-27 19:18:30.000000
DEV_7a0aac3d11,21,1,2025-01-01 22:05:39.000000
DEV_7a100d4604,9,1,2025-02-01 06:14:36.000000
DEV_7a16dff89a,12,1,2025-01-09 15:09:13.000000
DEV_7a20f0bce7,12,1,2025-01-11 08:06:57.000000
DEV_7a319011fc,11,1,2025-02-05 15:41:45.000000
DEV_7a3a802227,9,1,2025-02-09 07:50:19.000000
DEV_7a41a544d2,10,1,2025-01-13 10:09:14.000000
DEV_7a4e713904,14,1,2025-01-14 05:51:16.000000
DEV_7a5b839b6c,14,1,2025-01-28 14:49:36.000000
DEV_7a5e29ae35,8,1,2025-03-03 07:43:30.000000
DEV_7a64345647,14,1,2025-01-01 17:07:33.000000
DEV_7a84867250,17,1,2025-01-08 15:30:08.000000
DEV_7a886d7ea7,14,1,2025-02-24 23:24:37.000000
DEV_7a8c54138e,7,1,2025-01-01 04:00:22.000000
DEV_7a8de29c18,12,1,2025-02-23 10:56:11.000000
DEV_7a913284a0,14,1,2025-01-20 22:34:54.000000
DEV_7a966ec135,9,1,2025-02-05 04:14:32.000000
DEV_7aa3f39aab,11,1,2025-01-04 14:23:55.000000
DEV_7aab098130,4,1,2025-01-28 01:02:47.000000
DEV_7aac5ec6be,13,1,2025-01-16 01:35:15.000000
DEV_7ab06cc2f9,17,1,2025-01-05 06:14:48.000000
DEV_7ab96f7b56,13,1,2025-01-13 08:19:45.000000
DEV_7ad17e426a,11,1,2025-01-19 15:38:33.000000
DEV_7ade04188f,13,1,2025-01-13 08:59:49.000000
DEV_7ade346a79,12,1,2025-02-16 10:27:54.000000
DEV_7ade5c20d6,12,1,2025-01-03 12:32:23.000000
DEV_7af0040817,11,1,2025-01-21 14:43:48.000000
DEV_7b02bc6a9a,9,1,2025-02-04 11:40:13.000000
DEV_7b090e9493,8,1,2025-02-14 17:21:07.000000
DEV_7b12be22eb,9,1,2025-01-02 12:10:00.000000
DEV_7b12d98ef8,10,1,2025-01-25 18:55:37.000000
DEV_7b162887bd,14,1,2025-01-26 20:41:35.000000
DEV_7b39b0d768,1,1,2025-01-12 18:17:02.000000
DEV_7b42f3ffa5,9,1,2025-01-25 13:10:06.000000
DEV_7b4cd9cc6a,10,1,2025-01-25 22:31:03.000000
DEV_7b4fdc002c,5,3,2025-04-14 11:53:24.230447
DEV_7b5bc075f6,7,1,2025-01-08 01:02:16.000000
DEV_7b5e2f1fa3,7,1,2025-01-07 19:39:34.000000
DEV_7b7da23b08,23,1,2025-01-08 14:37:12.000000
DEV_7b805fa1bd,1,1,2025-04-25 20:31:03.000000
DEV_7b92680aa1,15,1,2025-01-01 05:59:36.000000
DEV_7b95c7efdb,17,1,2025-01-03 06:28:24.000000
DEV_7b98956302,3,1,2025-10-03 13:37:38.000000
DEV_7b9a057dc8,9,1,2025-02-12 08:02:30.000000
DEV_7b9d8e54b4,10,1,2025-04-30 13:17:39.000000
DEV_7bae9b9a2c,10,1,2025-01-27 06:09:09.000000
DEV_7bb539eac1,17,1,2025-02-04 12:47:22.000000
DEV_7bb7f57cc6,15,1,2025-01-04 00:47:18.000000
DEV_7bb9a34e8d,10,1,2025-01-25 13:55:40.000000
DEV_7bbd77d21f,19,1,2025-01-18 01:59:23.000000
DEV_7bbfbfc8d4,12,1,2025-01-19 10:02:18.000000
DEV_7bc9904295,13,1,2025-02-17 22:51:51.000000
DEV_7bd13ef829,9,1,2025-02-03 17:29:31.000000
DEV_7bd939c96a,10,1,2025-02-22 03:27:02.000000
DEV_7bdd576c0c,14,1,2025-01-22 18:56:40.000000
DEV_7be640d053,8,1,2025-01-27 16:29:44.000000
DEV_7be7d89146,15,1,2025-01-22 17:51:44.000000
DEV_7be81925c2,14,1,2025-01-06 15:28:18.000000
DEV_7bfadc8990,11,1,2025-01-03 10:49:58.000000
DEV_7bfb463efe,2,1,2025-07-08 11:48:22.000000
DEV_7c04035b81,12,1,2025-02-14 02:17:38.000000
DEV_7c05467ecb,16,1,2025-01-18 17:13:37.000000
DEV_7c11733913,12,1,2025-01-06 18:23:13.000000
DEV_7c17ccca61,13,1,2025-01-31 02:58:03.000000
DEV_7c183d42ec,10,1,2025-02-09 18:53:24.000000
DEV_7c18792690,11,1,2025-01-16 03:31:19.000000
DEV_7c1958c95a,15,1,2025-01-03 03:43:04.000000
DEV_7c1a92154f,8,1,2025-01-04 18:39:24.000000
DEV_7c1e607571,10,1,2025-01-21 05:53:45.000000
DEV_7c2786b52f,15,1,2025-01-14 22:42:27.000000
DEV_7c3b28a921,14,1,2025-01-07 04:17:23.000000
DEV_7c3d34211b,2,1,2025-04-02 09:16:45.000000
DEV_7c572b1dc8,10,1,2025-01-28 16:28:29.000000
DEV_7c5a841a56,15,1,2025-02-23 05:12:29.000000
DEV_7c70109630,12,1,2025-01-08 01:15:58.000000
DEV_7c780faec0,9,1,2025-01-18 01:30:51.000000
DEV_7c7a34048d,9,1,2025-02-26 17:43:57.000000
DEV_7c7f0eb62d,14,1,2025-01-14 05:45:11.000000
DEV_7c8588de25,8,1,2025-01-20 01:35:53.000000
DEV_7c93c8600c,2,1,2025-01-31 00:53:39.000000
DEV_7c971a46f2,8,1,2025-02-13 03:16:46.000000
DEV_7c9bb8dabe,14,1,2025-01-06 03:31:56.000000
DEV_7c9d42bc58,12,1,2025-02-03 01:05:49.000000
DEV_7cbc2dd9a9,10,1,2025-01-17 10:38:55.000000
DEV_7cd1cb5ff8,8,1,2025-01-31 09:21:08.000000
DEV_7cd6cbd3d6,19,1,2025-01-04 23:26:45.000000
DEV_7cdb94550b,10,1,2025-03-20 22:37:40.000000
DEV_7ce86cda8e,9,1,2025-03-10 09:27:01.000000
DEV_7ce9b277b5,17,1,2025-01-28 06:50:30.000000
DEV_7cf229f216,2,1,2025-10-03 13:52:55.000000
DEV_7cf438d816,14,1,2025-03-10 12:09:06.000000
DEV_7d04b5089f,7,1,2025-02-25 15:06:26.000000
DEV_7d12ab5ba0,17,1,2025-01-13 11:19:17.000000
DEV_7d15466361,7,1,2025-01-08 09:00:19.000000
DEV_7d166cf160,1,1,2025-01-25 20:16:39.000000
DEV_7d173dbe87,10,1,2025-01-11 11:28:14.000000
DEV_7d18b45987,15,1,2025-01-27 17:48:27.000000
DEV_7d285968d1,14,1,2025-01-19 12:34:25.000000
DEV_7d38d2c311,16,1,2025-01-06 23:49:23.000000
DEV_7d4729e444,13,1,2025-02-21 07:36:17.000000
DEV_7d588432c7,6,1,2025-01-23 15:21:58.000000
DEV_7d5f9fafcd,10,1,2025-03-19 04:04:05.000000
DEV_7d600deeaf,8,1,2025-01-07 21:20:22.000000
DEV_7d694ba690,12,1,2025-01-31 23:57:28.000000
DEV_7d6b4cc1d9,8,1,2025-01-24 08:43:51.000000
DEV_7d762d9ed3,13,1,2025-01-16 07:36:37.000000
DEV_7d7b71f292,15,1,2025-02-10 20:28:12.000000
DEV_7d8304ea36,12,1,2025-02-03 04:39:53.000000
DEV_7d84d573e5,10,1,2025-01-04 07:45:53.000000
DEV_7d937b6997,14,1,2025-01-07 19:44:17.000000
DEV_7d95aa7d1b,17,1,2025-01-01 08:01:50.000000
DEV_7da1e6ba6f,18,1,2025-01-14 03:28:19.000000
DEV_7da9f0945b,12,1,2025-01-07 12:49:37.000000
DEV_7daeb2a397,16,1,2025-01-13 02:17:12.000000
DEV_7daf89178d,12,1,2025-01-30 13:57:00.000000
DEV_7db0491511,20,1,2025-01-18 14:50:10.000000
DEV_7db664af3f,7,1,2025-01-20 03:44:46.000000
DEV_7dc01b2bc2,8,1,2025-01-24 03:58:55.000000
DEV_7dc2e33940,13,1,2025-01-03 15:29:21.000000
DEV_7dc5c573f2,9,4,2025-03-31 22:06:11.166045
DEV_7dcac54c1c,10,1,2025-01-19 18:05:09.000000
DEV_7dd281e1bb,10,1,2025-04-10 06:39:40.000000
DEV_7de49871d9,12,1,2025-01-08 18:03:44.000000
DEV_7de723deb2,14,1,2025-01-25 07:02:28.000000
DEV_7df3f4d66c,2,1,2025-05-21 17:29:22.000000
DEV_7dfe908b88,13,1,2025-01-06 01:28:28.000000
DEV_7e0a54ea7b,19,1,2025-01-17 04:51:31.000000
DEV_7e0a5c4e2c,9,1,2025-01-02 23:35:47.000000
DEV_7e128e25f8,9,1,2025-03-01 14:33:15.000000
DEV_7e1733471b,13,1,2025-01-07 19:03:23.000000
DEV_7e19cd0517,19,1,2025-01-26 00:20:43.000000
DEV_7e315f6f05,11,1,2025-01-23 05:52:49.000000
DEV_7e34d786c7,13,1,2025-01-13 15:58:50.000000
DEV_7e3d20aa93,13,1,2025-01-15 03:06:19.000000
DEV_7e4450d939,13,1,2025-02-02 05:29:13.000000
DEV_7e44e33ea9,9,1,2025-01-25 02:12:39.000000
DEV_7e46dac38a,15,1,2025-01-18 14:12:50.000000
DEV_7e50cedfff,5,1,2025-01-03 16:14:40.000000
DEV_7e52e01957,16,1,2025-02-28 14:11:44.000000
DEV_7e5d65d4d7,12,1,2025-01-01 10:36:51.000000
DEV_7e70b2d06c,12,1,2025-01-12 14:46:35.000000
DEV_7e712ca098,11,1,2025-01-29 20:54:16.000000
DEV_7e8204944c,9,1,2025-01-11 04:16:53.000000
DEV_7e8282028a,13,1,2025-01-19 01:37:01.000000
DEV_7e85391c47,13,1,2025-02-03 23:15:42.000000
DEV_7e85a9c59b,23,1,2025-01-10 03:08:26.000000
DEV_7e884c9877,16,1,2025-01-07 23:16:29.000000
DEV_7e8dad9d65,15,1,2025-01-22 11:04:32.000000
DEV_7e8ed47970,10,1,2025-02-12 00:44:16.000000
DEV_7e991e969d,8,1,2025-04-06 22:26:43.000000
DEV_7ea0619c86,13,1,2025-01-24 05:05:54.000000
DEV_7ea9366cb2,9,1,2025-06-18 04:29:25.000000
DEV_7eb83d4eba,9,1,2025-01-03 15:54:37.000000
DEV_7ebd82f7d0,16,1,2025-01-06 20:35:47.000000
DEV_7ec2b327ad,12,1,2025-02-12 04:44:16.000000
DEV_7ec5afa96f,10,1,2025-01-19 21:54:43.000000
DEV_7ec81a6400,10,1,2025-03-26 08:54:04.000000
DEV_7ed451b3a3,11,1,2025-01-06 09:06:25.000000
DEV_7ee0b19dcf,9,1,2025-01-21 11:43:12.000000
DEV_7ee560d45f,3,1,2025-02-13 15:28:54.000000
DEV_7eecac2164,11,1,2025-02-14 20:52:11.000000
DEV_7eeecf17cd,12,1,2025-01-12 08:19:25.000000
DEV_7ef0685463,19,1,2025-05-25 03:38:21.000000
DEV_7ef30e49a4,10,1,2025-04-12 13:40:03.000000
DEV_7efea7764f,10,1,2025-02-23 13:12:18.000000
DEV_7f05a4f546,7,1,2025-05-08 02:26:56.000000
DEV_7f0e0168f4,1,1,2025-05-17 21:43:58.000000
DEV_7f10a962df,9,1,2025-02-18 19:08:41.000000
DEV_7f13c65e79,12,1,2025-01-03 05:56:04.000000
DEV_7f1e61b281,19,1,2025-02-07 01:32:59.000000
DEV_7f1ec289a3,13,1,2025-01-12 03:33:03.000000
DEV_7f22add632,12,1,2025-01-12 22:33:11.000000
DEV_7f2d278627,17,1,2025-03-06 19:16:06.000000
DEV_7f39d01e62,9,1,2025-03-19 05:39:36.000000
DEV_7f48869871,8,1,2025-02-05 02:04:30.000000
DEV_7f4fe604c7,14,1,2025-01-08 20:59:16.000000
DEV_7f622593f6,7,1,2025-03-05 19:00:35.000000
DEV_7f6ceefac8,13,1,2025-01-05 14:39:26.000000
DEV_7f6ee17bd4,11,1,2025-02-16 16:25:54.000000
DEV_7f71852b5c,22,1,2025-01-19 09:50:35.000000
DEV_7f752b1b11,12,1,2025-01-20 14:32:44.000000
DEV_7f784e9592,5,1,2025-01-06 18:28:58.000000
DEV_7f7d2ee6ec,9,1,2025-01-12 12:34:23.000000
DEV_7f87eb5c7d,15,1,2025-01-03 17:44:15.000000
DEV_7f8d0a1fef,14,1,2025-01-10 02:27:01.000000
DEV_7fa0f057de,4,1,2025-03-27 11:22:06.000000
DEV_7fa5d1d855,12,1,2025-01-14 04:45:44.000000
DEV_7fa82f5929,15,1,2025-01-27 15:17:06.000000
DEV_7faa46f2b8,14,1,2025-01-10 13:36:47.000000
DEV_7fac6df387,11,1,2025-01-15 13:21:20.000000
DEV_7fb4b849e5,13,1,2025-01-07 13:17:47.000000
DEV_7fb5523660,9,1,2025-01-10 19:59:22.000000
DEV_7fce5a4181,12,1,2025-02-02 06:27:14.000000
DEV_7fe2ff614b,10,1,2025-03-13 05:03:46.000000
DEV_7fec9977c8,8,1,2025-01-03 03:15:05.000000
DEV_7feec267e3,8,1,2025-02-02 05:52:58.000000
DEV_7ff7b3b9e5,7,1,2025-02-01 09:31:45.000000
DEV_800213b0d3,18,1,2025-01-16 23:59:17.000000
DEV_8007e9b7a3,15,1,2025-01-06 09:51:34.000000
DEV_801029266d,14,1,2025-01-06 14:25:51.000000
DEV_801c6a7a29,9,1,2025-02-08 05:03:18.000000
DEV_802b1f43a5,2,1,2025-09-16 07:32:31.000000
DEV_8041ee4d85,16,1,2025-01-05 22:49:55.000000
DEV_804593ce20,15,1,2025-04-12 15:01:36.000000
DEV_8048802e2e,7,1,2025-01-03 09:35:25.000000
DEV_8048bcc200,17,1,2025-01-13 10:43:14.000000
DEV_805c883db8,12,1,2025-01-20 08:34:34.000000
DEV_8062a961cf,17,1,2025-01-12 21:31:08.000000
DEV_8065d4bb95,10,1,2025-02-18 23:32:46.000000
DEV_806d506d7c,13,1,2025-01-17 12:59:32.000000
DEV_807f257ee6,12,1,2025-02-02 05:50:23.000000
DEV_8087c471b0,17,1,2025-02-03 19:18:08.000000
DEV_808fc8e160,11,1,2025-02-04 14:04:40.000000
DEV_80a493e606,11,1,2025-03-01 08:15:14.000000
DEV_80b42e8db7,1,1,2025-09-28 07:33:12.000000
DEV_80c03a94b5,8,1,2025-01-22 08:11:17.000000
DEV_80c3bbfdee,11,1,2025-04-26 21:49:54.000000
DEV_80c9c4814d,11,1,2025-01-25 02:50:12.000000
DEV_80d2b3dd00,11,1,2025-01-25 04:36:35.000000
DEV_80f40357ba,11,1,2025-01-28 13:00:30.000000
DEV_80f89ed686,11,1,2025-01-11 08:24:50.000000
DEV_80fcf60b92,9,1,2025-02-18 02:20:10.000000
DEV_8103f4ec59,11,1,2025-01-05 07:01:57.000000
DEV_81098d7cf5,14,1,2025-01-01 14:04:50.000000
DEV_810cf21bd1,14,1,2025-02-02 01:21:09.000000
DEV_810e5e4b08,16,1,2025-01-11 01:29:44.000000
DEV_811ca873e8,8,1,2025-01-08 19:39:04.000000
DEV_8142b4374b,14,1,2025-01-10 22:17:56.000000
DEV_814d13dcc5,12,1,2025-01-01 20:13:51.000000
DEV_8150676296,10,1,2025-03-06 09:58:28.000000
DEV_8151dc2ef2,9,1,2025-01-03 00:17:12.000000
DEV_81724cbcc1,10,1,2025-02-09 03:42:50.000000
DEV_8173e1e029,14,1,2025-01-04 01:16:49.000000
DEV_817416f28d,8,1,2025-02-06 17:30:34.000000
DEV_817c31379b,20,1,2025-02-17 05:01:07.000000
DEV_81861ab9fe,15,1,2025-01-23 00:34:21.000000
DEV_818736abae,15,1,2025-01-07 14:19:43.000000
DEV_81887a7a5c,12,1,2025-02-17 12:17:00.000000
DEV_8188f73e14,8,1,2025-01-16 00:50:53.000000
DEV_818d56efc1,10,1,2025-04-23 07:04:38.000000
DEV_8194431233,9,1,2025-01-13 08:24:19.000000
DEV_81a1f915a1,10,1,2025-01-21 17:32:56.000000
DEV_81a20b0dd5,10,1,2025-01-16 12:38:30.000000
DEV_81aaa46114,7,1,2025-01-07 02:23:47.000000
DEV_81aebfedda,12,1,2025-01-27 11:10:10.000000
DEV_81bd8c2b01,13,1,2025-01-14 00:36:30.000000
DEV_81cd41e9c4,15,1,2025-02-04 01:04:27.000000
DEV_81d7c53120,10,1,2025-01-04 05:24:14.000000
DEV_81dc44bcbe,1,1,2025-04-07 07:57:57.000000
DEV_81dca58e3a,25,1,2025-01-22 21:47:51.000000
DEV_81e04be6bf,9,1,2025-02-16 07:46:46.000000
DEV_81e0fb8c2a,8,1,2025-01-04 09:07:08.000000
DEV_81e2197cb4,14,1,2025-01-04 17:29:25.000000
DEV_81e6dea2c8,16,1,2025-01-04 16:26:30.000000
DEV_81eb1bdf63,18,1,2025-02-03 16:14:30.000000
DEV_820685cfc6,19,1,2025-01-04 07:02:34.000000
DEV_8207f685c9,10,1,2025-01-20 12:03:37.000000
DEV_8224913c35,12,1,2025-01-23 07:20:11.000000
DEV_822a8ed203,19,1,2025-01-28 07:58:35.000000
DEV_822c46f70e,9,1,2025-01-07 02:23:00.000000
DEV_82381d7a31,12,1,2025-01-03 20:39:06.000000
DEV_824130450a,14,1,2025-01-13 21:06:59.000000
DEV_824b75616b,19,1,2025-01-04 16:23:01.000000
DEV_825445583a,11,1,2025-03-02 09:46:52.000000
DEV_82603ac341,16,1,2025-02-28 19:53:16.000000
DEV_826be1b7b6,10,1,2025-01-03 23:31:50.000000
DEV_826fe85ba7,18,1,2025-01-24 13:19:24.000000
DEV_82726bcfaa,12,1,2025-01-18 23:52:58.000000
DEV_82752f0f73,15,1,2025-01-12 08:07:28.000000
DEV_82842f0535,14,1,2025-01-03 06:06:59.000000
DEV_828b5e4e26,16,1,2025-01-17 09:34:43.000000
DEV_828ed18f74,16,1,2025-01-16 04:10:33.000000
DEV_828f839227,12,1,2025-01-18 13:02:17.000000
DEV_829542f5a5,14,1,2025-01-01 08:39:16.000000
DEV_829786a85a,9,1,2025-01-13 10:51:04.000000
DEV_829a121a3b,15,1,2025-02-15 02:18:33.000000
DEV_829aa1b639,10,1,2025-01-05 01:27:57.000000
DEV_829c283444,15,1,2025-01-21 21:57:59.000000
DEV_82a0657d9a,10,1,2025-02-25 13:03:46.000000
DEV_82a2a77a39,13,1,2025-01-08 22:57:02.000000
DEV_82b43b2237,15,1,2025-02-17 14:49:52.000000
DEV_82bafb319f,15,1,2025-01-11 22:49:47.000000
DEV_82bcd32abb,19,1,2025-01-31 21:10:59.000000
DEV_82beed5ff1,15,1,2025-01-07 16:38:00.000000
DEV_82cf39f270,7,1,2025-01-15 10:36:22.000000
DEV_82d9587ffb,14,1,2025-01-20 20:25:49.000000
DEV_82e1dde5b2,2,1,2025-08-17 21:38:17.000000
DEV_82ea05938b,12,1,2025-01-12 15:30:38.000000
DEV_82eb26fa4c,9,1,2025-02-18 06:11:58.000000
DEV_82f58f837a,11,1,2025-02-15 13:32:39.000000
DEV_82f7b6fec6,10,1,2025-03-25 16:45:16.000000
DEV_830194ea01,19,1,2025-01-20 21:41:29.000000
DEV_8310fe69df,9,1,2025-05-31 20:22:46.000000
DEV_831c14ff27,12,1,2025-02-06 13:56:20.000000
DEV_8321cbed13,23,1,2025-01-31 13:37:38.000000
DEV_83247663d4,12,1,2025-02-23 00:49:15.000000
DEV_8324ff511d,8,1,2025-01-18 20:42:29.000000
DEV_8327396a2f,20,1,2025-04-02 12:37:13.000000
DEV_8330a01960,11,1,2025-02-08 08:47:45.000000
DEV_8335b6377b,14,1,2025-02-02 06:33:16.000000
DEV_833b600d3b,15,1,2025-01-18 03:40:23.000000
DEV_833c4f5f5a,15,1,2025-01-13 03:25:30.000000
DEV_8342286bfb,7,1,2025-03-12 12:34:43.000000
DEV_83543f2c3a,15,1,2025-01-18 08:57:25.000000
DEV_83612dc82a,13,1,2025-01-03 12:12:44.000000
DEV_836560f173,13,1,2025-01-26 16:41:34.000000
DEV_8369dabb24,20,1,2025-01-13 06:04:59.000000
DEV_836e312c05,11,1,2025-01-21 00:24:18.000000
DEV_836f770200,13,1,2025-01-04 02:35:31.000000
DEV_83734140a4,9,1,2025-01-07 11:13:52.000000
DEV_837cb92d60,12,1,2025-01-18 14:16:25.000000
DEV_837e986cdd,7,1,2025-03-26 13:52:34.000000
DEV_83810351cf,15,1,2025-01-03 07:09:40.000000
DEV_8387f91fdd,12,1,2025-01-22 14:58:47.000000
DEV_83a166bdb3,13,1,2025-01-05 02:14:54.000000
DEV_83a6697090,15,1,2025-01-15 06:13:08.000000
DEV_83ac9c0bc2,10,1,2025-02-20 00:14:26.000000
DEV_83ae85d61f,18,1,2025-01-25 04:32:09.000000
DEV_83bc752dd0,7,1,2025-02-11 11:35:35.000000
DEV_83d7d4e722,15,1,2025-01-08 16:12:16.000000
DEV_83da03527a,7,1,2025-01-02 08:30:43.000000
DEV_83dd9ea7fb,8,1,2025-01-02 12:01:47.000000
DEV_83ddcf97e6,13,1,2025-01-03 11:44:24.000000
DEV_83e0a12ae1,11,1,2025-02-05 14:45:51.000000
DEV_83e5821620,14,1,2025-02-05 18:44:14.000000
DEV_83e8620011,9,1,2025-02-15 14:22:14.000000
DEV_83edda5daf,18,1,2025-01-17 20:28:24.000000
DEV_840139c0a6,2,1,2025-04-16 22:13:41.000000
DEV_8404670d78,1,1,2025-05-29 00:14:09.000000
DEV_8406f87e00,7,1,2025-01-07 22:45:14.000000
DEV_840fda8831,8,1,2025-01-19 07:42:13.000000
DEV_844135ea60,7,1,2025-01-20 01:36:37.000000
DEV_84478e546f,3,1,2025-09-08 03:43:28.000000
DEV_844ad37af5,15,1,2025-02-13 22:23:23.000000
DEV_844c8ded75,9,1,2025-01-29 09:58:39.000000
DEV_84559a7776,8,1,2025-01-16 04:06:44.000000
DEV_846577cd97,13,1,2025-02-18 20:48:52.000000
DEV_846ec04515,10,1,2025-01-24 12:32:01.000000
DEV_8474206f02,12,1,2025-02-20 08:37:43.000000
DEV_84790f450f,15,1,2025-01-04 10:55:10.000000
DEV_847d6eaffc,13,1,2025-01-02 20:53:07.000000
DEV_8485c8b0e3,10,1,2025-02-06 05:01:33.000000
DEV_848635d1e5,8,1,2025-03-04 07:30:45.000000
DEV_8490d40c99,7,1,2025-02-19 08:08:09.000000
DEV_84a6d6b84e,13,5,2025-06-24 05:22:29.655142
DEV_84b012711c,11,1,2025-01-13 15:46:23.000000
DEV_84d1675e93,13,1,2025-02-01 10:24:11.000000
DEV_84d36a7c14,9,1,2025-01-18 00:53:16.000000
DEV_84d8c872f2,8,1,2025-02-11 14:37:06.000000
DEV_84df0cd0aa,1,1,2025-08-26 00:34:08.000000
DEV_84e29d007e,12,1,2025-02-11 12:22:11.000000
DEV_84e88d8a60,8,1,2025-03-19 22:34:51.000000
DEV_84f5ccbadd,11,1,2025-01-29 07:01:06.000000
DEV_850f685f4e,15,1,2025-01-01 09:57:59.000000
DEV_852211f9c4,7,1,2025-01-01 23:33:35.000000
DEV_852d837a09,10,1,2025-01-11 22:51:34.000000
DEV_853116c49d,1,1,2025-09-24 21:55:08.000000
DEV_8536a3152f,11,1,2025-02-11 13:28:20.000000
DEV_8538a5fb2f,12,1,2025-01-03 18:42:46.000000
DEV_853e33582a,10,1,2025-01-26 10:36:36.000000
DEV_85481dd5a3,10,1,2025-01-13 17:09:36.000000
DEV_8549a560cf,19,1,2025-01-02 16:40:02.000000
DEV_8551972cdc,9,1,2025-01-20 15:55:24.000000
DEV_85519b60d3,21,1,2025-01-03 14:16:11.000000
DEV_8553c64406,13,1,2025-01-19 07:22:22.000000
DEV_85609953a0,11,1,2025-01-07 22:09:59.000000
DEV_85614871a6,8,1,2025-01-30 18:57:21.000000
DEV_856505d84a,15,1,2025-01-25 21:45:48.000000
DEV_8566c0e8b5,9,1,2025-02-05 12:54:22.000000
DEV_8568abe12c,13,1,2025-01-16 17:39:53.000000
DEV_856ed30e0f,9,1,2025-01-07 21:19:50.000000
DEV_857066ae2c,6,1,2025-01-02 23:26:01.000000
DEV_858115d323,12,1,2025-01-12 21:53:37.000000
DEV_858bf89475,16,1,2025-01-15 15:56:35.000000
DEV_858c7f1284,10,1,2025-01-03 08:32:29.000000
DEV_859e6ff296,15,1,2025-02-07 07:27:08.000000
DEV_85a1747b9c,9,1,2025-01-12 04:54:19.000000
DEV_85a6def23d,23,1,2025-01-12 03:12:25.000000
DEV_85b45d330f,12,1,2025-01-04 00:37:10.000000
DEV_85b7d9aa0b,9,1,2025-01-06 19:40:37.000000
DEV_85e41594ce,13,1,2025-01-16 15:57:22.000000
DEV_85e598da19,15,1,2025-01-05 23:40:20.000000
DEV_85e81f913d,11,1,2025-03-01 00:23:57.000000
DEV_85f244cdd5,10,1,2025-01-20 08:54:40.000000
DEV_85f3c38ad1,9,1,2025-01-15 18:28:07.000000
DEV_85fd6a1018,21,1,2025-01-12 21:09:32.000000
DEV_85fedbca30,11,1,2025-01-01 16:47:55.000000
DEV_8602135317,12,1,2025-02-23 12:33:41.000000
DEV_86064db1f8,8,1,2025-02-03 13:35:48.000000
DEV_860dfd8346,9,1,2025-01-27 01:53:46.000000
DEV_8619d6e5ff,14,1,2025-01-25 03:34:43.000000
DEV_8621062d58,9,1,2025-01-28 13:48:05.000000
DEV_86218b2090,17,1,2025-01-05 14:55:24.000000
DEV_862b1b2bf3,5,1,2025-01-02 16:49:00.000000
DEV_86313050a8,11,1,2025-01-06 00:22:12.000000
DEV_8634df2b38,14,1,2025-01-08 19:40:56.000000
DEV_863e178d9c,17,1,2025-02-01 17:50:21.000000
DEV_863fc32e39,9,1,2025-01-20 04:08:47.000000
DEV_864f91d9dc,8,1,2025-01-09 14:52:55.000000
DEV_8655fb08e9,7,1,2025-05-27 05:57:40.000000
DEV_8658666f13,10,1,2025-01-08 16:27:11.000000
DEV_865c7f54c1,14,1,2025-01-25 09:09:43.000000
DEV_8664dbb90d,15,1,2025-01-09 11:07:02.000000
DEV_8666875cc0,9,1,2025-01-06 19:53:01.000000
DEV_8666fe8c13,9,1,2025-02-09 18:01:46.000000
DEV_86762b6d95,12,1,2025-02-20 04:36:50.000000
DEV_868fefbe82,11,1,2025-01-10 00:22:34.000000
DEV_869243cde2,12,1,2025-01-01 03:40:42.000000
DEV_86a4ee6434,4,1,2025-03-05 01:46:44.000000
DEV_86a57ff4a6,12,1,2025-01-20 21:43:39.000000
DEV_86adae76b8,15,1,2025-01-02 23:11:59.000000
DEV_86b6ed2531,23,10,2025-06-05 08:20:15.500376
DEV_86bcee1b82,8,1,2025-02-15 07:53:34.000000
DEV_86bf4275f4,10,1,2025-01-08 03:23:19.000000
DEV_86c584eda3,2,1,2025-06-01 23:22:12.000000
DEV_86ddc25098,12,1,2025-01-03 21:18:31.000000
DEV_86e17c3047,9,1,2025-01-07 15:36:56.000000
DEV_86e64e02b7,15,1,2025-01-19 21:30:50.000000
DEV_86ee4e94df,9,1,2025-01-08 06:54:11.000000
DEV_86f83ad223,12,1,2025-01-26 02:33:24.000000
DEV_8703c6bce9,13,1,2025-01-06 08:49:20.000000
DEV_870bb119d9,17,1,2025-01-16 20:15:13.000000
DEV_87293759bd,6,1,2025-03-01 06:13:30.000000
DEV_8737a46dd6,13,1,2025-01-11 08:21:11.000000
DEV_873ce160ab,14,1,2025-01-06 20:40:25.000000
DEV_87467c2a37,10,1,2025-01-06 00:22:29.000000
DEV_8747b2fc29,8,1,2025-01-09 23:11:53.000000
DEV_874975dfb7,11,1,2025-02-15 04:33:09.000000
DEV_874ad60008,12,1,2025-01-05 05:02:53.000000
DEV_875a9480ea,13,1,2025-01-07 08:39:15.000000
DEV_87635ead21,12,1,2025-01-14 09:44:39.000000
DEV_8766cdd1f1,13,1,2025-02-04 13:31:30.000000
DEV_87741432ba,13,1,2025-01-05 11:20:06.000000
DEV_8786099621,9,1,2025-02-03 10:12:53.000000
DEV_879204b2b5,7,1,2025-01-26 23:47:45.000000
DEV_879a4b09cc,12,1,2025-01-16 10:40:36.000000
DEV_87a2826792,9,1,2025-01-25 00:31:22.000000
DEV_87a5385367,12,1,2025-01-11 09:20:19.000000
DEV_87aea2e5c4,9,1,2025-03-16 12:26:35.000000
DEV_87cb690be2,12,1,2025-01-21 08:48:17.000000
DEV_87e4c9952f,12,1,2025-01-17 15:28:43.000000
DEV_87e7c67587,6,1,2025-01-11 03:24:53.000000
DEV_87e9cb171b,13,1,2025-01-14 00:34:36.000000
DEV_87eb8f345e,6,1,2025-04-09 13:11:37.000000
DEV_87ee2bc81f,12,1,2025-01-26 03:59:06.000000
DEV_87f8e19b14,14,1,2025-02-10 12:58:21.000000
DEV_87fc115c5e,13,1,2025-01-22 05:23:40.000000
DEV_87ff035b84,10,1,2025-01-21 13:07:56.000000
DEV_88020786fd,8,1,2025-01-17 08:23:48.000000
DEV_8809d8e1dc,8,1,2025-01-04 17:28:46.000000
DEV_880f9bc140,11,1,2025-01-05 13:17:54.000000
DEV_8817e4d374,8,1,2025-02-11 00:06:17.000000
DEV_881814766c,4,1,2025-02-04 02:30:33.000000
DEV_88217fb7c7,13,1,2025-01-22 22:58:12.000000
DEV_88291b1005,16,1,2025-01-06 16:13:16.000000
DEV_882f0786c9,13,1,2025-01-14 04:50:13.000000
DEV_8839acfa0f,9,1,2025-01-08 00:02:55.000000
DEV_883fbfc4c2,13,1,2025-01-27 16:43:42.000000
DEV_883fdaad09,13,1,2025-02-25 20:24:11.000000
DEV_88450fdb40,5,1,2025-03-12 13:00:07.000000
DEV_8849236a3f,10,1,2025-03-04 01:33:58.000000
DEV_884b4fa268,2,1,2025-03-06 23:08:10.588426
DEV_885445c750,16,7,2025-06-19 16:17:04.064868
DEV_8857c9e182,8,1,2025-01-08 01:08:13.000000
DEV_8876bb4875,11,1,2025-02-03 00:02:40.000000
DEV_887e8a5c64,16,1,2025-01-20 08:27:32.000000
DEV_888a72904a,16,1,2025-01-22 18:45:34.000000
DEV_888b397401,11,1,2025-01-01 06:22:03.000000
DEV_88957819fe,13,1,2025-01-18 05:58:27.000000
DEV_88986f6ca1,1,1,2025-06-10 18:35:55.000000
DEV_889c8a9ed5,4,1,2025-03-15 14:52:09.000000
DEV_88ab8edb9f,11,1,2025-04-14 22:44:54.000000
DEV_88ad631dba,10,1,2025-03-17 04:36:39.000000
DEV_88adcc4214,14,1,2025-01-14 05:36:28.000000
DEV_88b411d83d,8,1,2025-01-18 07:46:58.000000
DEV_88b572b5dc,23,1,2025-01-27 14:02:36.000000
DEV_88bb00c947,8,1,2025-01-16 12:19:44.000000
DEV_88c2970f4e,7,1,2025-02-06 08:48:54.000000
DEV_88cf94afd5,13,1,2025-01-17 23:20:54.000000
DEV_88d51a035c,7,1,2025-02-04 04:53:53.000000
DEV_88d5f02b8b,1,1,2025-09-07 15:56:21.000000
DEV_88d745b4b8,1,1,2025-05-19 19:46:29.000000
DEV_88d76bf64c,15,1,2025-01-08 21:22:11.000000
DEV_88f2487a10,13,1,2025-01-28 03:39:31.000000
DEV_8908545d27,14,1,2025-01-09 06:12:55.000000
DEV_891217cfed,9,1,2025-01-13 06:54:57.000000
DEV_89155f3cbb,10,1,2025-01-03 14:16:29.000000
DEV_891e3f94b1,15,1,2025-01-23 12:06:17.000000
DEV_892f9c4582,11,1,2025-01-21 19:27:44.000000
DEV_894429f3e3,7,1,2025-03-08 02:29:42.000000
DEV_8954235f4c,13,1,2025-01-11 18:42:49.000000
DEV_8956ebd575,8,1,2025-04-22 04:55:25.000000
DEV_896aef1a13,11,1,2025-01-06 11:04:20.000000
DEV_896bf7fe9a,8,1,2025-04-14 02:12:12.000000
DEV_8974218c27,13,1,2025-01-31 10:21:35.000000
DEV_897a0c6bab,17,1,2025-01-25 12:25:51.000000
DEV_897cc5dc50,14,1,2025-02-23 05:16:13.000000
DEV_897d5c029e,14,1,2025-01-08 15:49:33.000000
DEV_899b567490,33,1,2025-03-16 19:12:54.000000
DEV_899d699bde,7,1,2025-01-19 12:59:35.000000
DEV_89a0286734,12,1,2025-02-26 10:37:02.000000
DEV_89ac73e4b8,8,1,2025-01-13 22:44:31.000000
DEV_89b8c773be,15,1,2025-01-04 09:57:04.000000
DEV_89c501b79b,8,1,2025-04-25 09:52:35.000000
DEV_89c99afa54,15,1,2025-02-04 23:34:26.000000
DEV_89d5e7cec1,8,1,2025-01-21 21:59:16.000000
DEV_89d75f8a57,9,1,2025-01-12 04:40:39.000000
DEV_89da775171,13,1,2025-01-02 02:37:39.000000
DEV_89e4716d7c,12,1,2025-02-16 22:44:00.000000
DEV_89e763628e,9,1,2025-01-03 00:34:17.000000
DEV_89e9e88cfa,15,1,2025-03-09 15:57:45.000000
DEV_89e9f780db,17,1,2025-01-07 10:03:54.000000
DEV_89ee4e5d20,7,1,2025-02-12 16:48:17.000000
DEV_8a00d61669,7,1,2025-01-13 03:22:06.000000
DEV_8a0cea1e0b,12,1,2025-01-25 12:41:50.000000
DEV_8a0f81f09a,27,1,2025-01-24 11:17:56.000000
DEV_8a11cc739f,7,1,2025-03-16 04:19:55.000000
DEV_8a1963ffca,19,1,2025-01-09 06:00:57.000000
DEV_8a1ab4c916,8,1,2025-01-02 03:55:46.000000
DEV_8a1d3b1b76,14,1,2025-01-24 07:10:11.000000
DEV_8a1fee28ec,16,1,2025-01-10 21:32:35.000000
DEV_8a20f1bada,11,1,2025-01-06 09:24:02.000000
DEV_8a216cf1fb,14,1,2025-01-06 15:27:09.000000
DEV_8a32bc1342,13,1,2025-01-03 09:33:07.000000
DEV_8a3a704280,18,1,2025-01-24 22:48:43.000000
DEV_8a3e58d4f9,12,1,2025-01-28 05:31:11.000000
DEV_8a43dc4271,15,1,2025-03-06 03:00:19.000000
DEV_8a4e75a92e,12,1,2025-01-29 21:45:53.000000
DEV_8a556d17d1,13,1,2025-01-10 22:37:21.000000
DEV_8a5d25c01f,13,1,2025-01-11 03:27:42.000000
DEV_8a6023b652,12,1,2025-01-07 01:29:57.000000
DEV_8a6d63399f,12,1,2025-01-06 10:56:58.000000
DEV_8a72a4622f,15,1,2025-01-02 17:04:09.000000
DEV_8a76d3f637,22,1,2025-01-07 13:10:47.000000
DEV_8a7fff024c,10,1,2025-01-29 09:59:09.000000
DEV_8a976f674e,13,1,2025-01-08 00:18:30.000000
DEV_8aa2d3db83,14,1,2025-01-15 10:52:34.000000
DEV_8aab8462ea,12,1,2025-01-10 01:42:25.000000
DEV_8ab52ab86d,11,1,2025-01-30 09:39:44.000000
DEV_8ab62cd199,11,1,2025-03-25 08:10:41.000000
DEV_8abedaad79,7,1,2025-01-02 08:23:51.000000
DEV_8acafd1711,9,1,2025-01-28 18:54:23.000000
DEV_8ad93ffc57,10,1,2025-01-16 10:12:52.000000
DEV_8aed080e69,2,1,2025-06-18 19:35:51.000000
DEV_8af1eccb52,6,1,2025-01-06 08:06:00.000000
DEV_8afc459e44,10,1,2025-02-12 23:21:32.000000
DEV_8afff4ba06,10,1,2025-01-04 21:59:11.000000
DEV_8b011eefa2,12,1,2025-01-06 17:53:36.000000
DEV_8b030a0d32,19,1,2025-01-03 12:44:26.000000
DEV_8b03c912e7,10,1,2025-01-24 23:09:01.000000
DEV_8b0d955e11,9,1,2025-02-07 12:39:52.000000
DEV_8b1415371d,12,1,2025-04-03 09:17:15.000000
DEV_8b19276a0d,8,1,2025-01-03 05:17:42.000000
DEV_8b1c938471,16,1,2025-01-24 06:51:51.000000
DEV_8b215f9231,14,1,2025-01-13 09:29:34.000000
DEV_8b335d33d4,12,1,2025-01-02 20:15:12.000000
DEV_8b41f377ad,9,1,2025-01-13 21:54:02.000000
DEV_8b43b3dc0b,11,1,2025-02-05 22:26:25.000000
DEV_8b481a9de2,13,1,2025-02-02 15:25:41.000000
DEV_8b4c577d7e,19,1,2025-02-01 14:08:37.000000
DEV_8b5650f8d9,17,1,2025-02-28 12:15:35.000000
DEV_8b632a2e2d,16,1,2025-01-12 17:05:43.000000
DEV_8b7481dedc,13,1,2025-04-06 11:49:55.000000
DEV_8b754917e9,11,1,2025-02-03 23:04:23.000000
DEV_8b7bbe07fe,16,1,2025-01-03 16:10:45.000000
DEV_8b83d90b19,11,1,2025-01-16 19:17:56.000000
DEV_8b90ad3d87,8,1,2025-02-16 06:06:52.000000
DEV_8b9285ca38,3,1,2025-01-29 16:49:08.000000
DEV_8b975dccfe,11,1,2025-02-12 20:48:26.000000
DEV_8b99d7535e,15,1,2025-01-02 15:06:48.000000
DEV_8ba062b1dc,7,1,2025-01-12 18:57:27.000000
DEV_8ba1786387,15,1,2025-01-25 09:56:45.000000
DEV_8bab3ce68d,13,1,2025-01-17 06:53:10.000000
DEV_8bba9eb6ac,1,1,2025-06-05 01:42:25.000000
DEV_8bdffdabb2,11,1,2025-01-28 09:10:12.000000
DEV_8bf868f5c5,11,1,2025-01-13 05:37:18.000000
DEV_8bfe6f04d3,14,1,2025-01-07 06:14:12.000000
DEV_8c02c2e13a,14,1,2025-01-12 09:09:20.000000
DEV_8c19fa5052,15,1,2025-01-22 02:10:32.000000
DEV_8c2388e353,9,1,2025-01-04 04:03:38.000000
DEV_8c27ffa3da,13,1,2025-01-27 13:14:15.000000
DEV_8c4a6fa730,1,1,2025-05-17 17:39:18.000000
DEV_8c6058f205,9,1,2025-01-06 02:36:02.000000
DEV_8c6dd5b152,8,1,2025-02-03 02:19:45.000000
DEV_8c7e6b7ec8,15,1,2025-01-20 07:48:39.000000
DEV_8c865a42eb,10,1,2025-01-02 04:19:26.000000
DEV_8c86a17e77,15,1,2025-01-07 14:49:49.000000
DEV_8cb4193320,11,1,2025-01-17 03:43:55.000000
DEV_8cb9735163,12,1,2025-01-05 17:27:37.000000
DEV_8cbba1d7b9,14,1,2025-01-14 18:23:21.000000
DEV_8cc157b7be,12,1,2025-01-20 12:01:03.000000
DEV_8ccf9f8925,12,1,2025-01-01 10:41:51.000000
DEV_8cd23f57c3,18,1,2025-02-23 04:19:11.000000
DEV_8cd694d926,9,1,2025-01-18 13:16:50.000000
DEV_8cef86fa91,15,1,2025-01-08 11:37:31.000000
DEV_8cf1991769,16,1,2025-01-11 12:46:30.000000
DEV_8cf7479a6f,7,1,2025-03-12 05:32:40.000000
DEV_8cfce959a1,6,1,2025-01-07 06:19:49.000000
DEV_8d16fa26f2,10,1,2025-01-02 22:23:04.000000
DEV_8d19190e78,10,1,2025-01-16 07:41:13.000000
DEV_8d1d0e2cfc,13,1,2025-02-01 03:20:58.000000
DEV_8d33269297,5,1,2025-03-29 11:41:10.000000
DEV_8d3e38737a,12,1,2025-01-06 13:26:05.000000
DEV_8d55fcd253,5,1,2025-03-18 17:37:49.000000
DEV_8d58d29dcc,12,1,2025-02-05 14:29:43.000000
DEV_8d6266951b,10,1,2025-01-05 04:26:49.000000
DEV_8d6dc91d3e,12,1,2025-02-14 07:37:05.000000
DEV_8d70018098,12,1,2025-01-11 15:07:19.000000
DEV_8d76947012,9,1,2025-01-02 08:23:52.000000
DEV_8d799970e8,15,1,2025-01-10 03:45:30.000000
DEV_8d79fb5ba7,14,1,2025-01-03 16:07:24.000000
DEV_8d7e20c2d6,15,1,2025-01-08 01:53:22.000000
DEV_8d7e36262e,14,1,2025-01-31 23:01:00.000000
DEV_8d7e98ff5d,10,1,2025-01-15 19:50:02.000000
DEV_8d922a1f35,17,1,2025-01-10 12:51:56.000000
DEV_8d98beba6c,11,1,2025-02-15 23:33:33.000000
DEV_8da191053e,10,1,2025-01-04 11:48:13.000000
DEV_8da4b09470,8,1,2025-02-11 09:54:36.000000
DEV_8da62e25e3,16,1,2025-02-02 20:07:14.000000
DEV_8dade9b0c9,14,1,2025-01-23 10:14:11.000000
DEV_8dafd7d1a6,7,1,2025-01-03 20:04:29.000000
DEV_8dbe6497e5,9,1,2025-02-24 14:31:14.000000
DEV_8dcd36c114,10,1,2025-02-13 12:42:08.000000
DEV_8dceb4d9ac,17,1,2025-02-05 08:25:22.000000
DEV_8dcee2952e,9,1,2025-01-13 10:12:15.000000
DEV_8dd3e879c5,11,1,2025-01-20 18:54:47.000000
DEV_8ddfbd70a7,15,1,2025-01-15 19:30:16.000000
DEV_8df2f5e3aa,14,1,2025-01-27 04:16:55.000000
DEV_8e044f0576,16,1,2025-01-06 20:13:16.000000
DEV_8e050f48e9,14,1,2025-01-03 17:43:36.000000
DEV_8e07263a95,11,1,2025-01-12 12:55:33.000000
DEV_8e0ca45fe0,13,1,2025-01-02 03:23:47.000000
DEV_8e28fd3925,14,1,2025-02-23 21:45:48.000000
DEV_8e2b57a591,10,1,2025-02-24 23:49:15.000000
DEV_8e307fa69c,19,1,2025-01-27 10:21:47.000000
DEV_8e335f908d,1,1,2025-08-19 06:50:04.000000
DEV_8e47c1113d,16,1,2025-01-05 22:48:47.000000
DEV_8e4a414e21,9,1,2025-01-23 11:35:23.000000
DEV_8e4c5400e4,8,1,2025-01-17 23:22:11.000000
DEV_8e5283cc28,13,1,2025-01-06 06:28:20.000000
DEV_8e573c94da,1,1,2025-10-10 20:19:15.000000
DEV_8e573d7738,7,1,2025-02-17 06:25:24.000000
DEV_8e5aa5d1ff,10,1,2025-01-30 14:09:18.000000
DEV_8e5ffa46d0,1,1,2025-06-02 09:37:49.000000
DEV_8e60e17595,8,1,2025-01-13 19:27:55.000000
DEV_8e634ba1f0,16,1,2025-01-17 13:03:15.000000
DEV_8e6b117017,14,1,2025-01-31 22:43:55.000000
DEV_8e6f5ad5f0,16,1,2025-01-21 12:18:27.000000
DEV_8e834ccb82,11,1,2025-01-23 11:55:39.000000
DEV_8e86d3a625,3,1,2025-06-21 19:44:28.000000
DEV_8e8ceb0bf6,10,1,2025-01-20 01:47:21.000000
DEV_8e8de54e54,15,1,2025-01-07 03:51:58.000000
DEV_8e8e3b3dbe,9,1,2025-02-07 01:31:48.000000
DEV_8e9b1224ab,2,1,2025-06-23 22:54:29.000000
DEV_8e9e9327ce,7,1,2025-01-27 12:54:06.000000
DEV_8e9eaac966,14,1,2025-01-11 20:38:02.000000
DEV_8ea16db08a,10,1,2025-01-31 19:42:54.000000
DEV_8eab936172,7,1,2025-02-07 10:11:10.000000
DEV_8eb5834dd2,10,1,2025-01-02 12:48:57.000000
DEV_8ebe14d675,8,1,2025-01-04 07:27:56.000000
DEV_8ec01b4210,9,1,2025-01-20 10:53:30.000000
DEV_8ec4f38eaf,11,1,2025-01-21 19:53:51.000000
DEV_8ed0f7759f,17,1,2025-01-09 07:13:34.000000
DEV_8eda10b875,3,1,2025-03-03 07:55:30.000000
DEV_8edee571f0,8,1,2025-02-06 01:31:54.000000
DEV_8ee2010b03,14,1,2025-01-04 02:56:03.000000
DEV_8eea072200,13,1,2025-01-22 10:09:25.000000
DEV_8ef690b43b,4,1,2025-01-29 23:23:28.000000
DEV_8ef974e8d6,9,1,2025-01-10 19:20:30.000000
DEV_8f00eb12a4,13,1,2025-01-23 19:17:34.000000
DEV_8f0138e95b,6,1,2025-02-18 07:10:06.000000
DEV_8f0a5fbc54,19,1,2025-02-04 18:41:18.000000
DEV_8f1bb366f7,11,1,2025-01-12 22:13:18.000000
DEV_8f1bc33b18,10,1,2025-01-08 16:41:08.000000
DEV_8f3bbf58f6,13,1,2025-01-28 16:18:43.000000
DEV_8f56f66e83,21,1,2025-03-11 10:12:15.000000
DEV_8f7de9e9a1,14,1,2025-01-23 22:43:41.000000
DEV_8f7f3185cf,10,1,2025-01-18 14:40:43.000000
DEV_8f80e14a25,11,1,2025-01-21 12:56:32.000000
DEV_8f8b65aba3,14,1,2025-01-16 10:40:39.000000
DEV_8f8b6ce441,13,1,2025-01-30 02:33:36.000000
DEV_8f8ee20da3,10,1,2025-01-23 06:48:43.000000
DEV_8fb0f3ec72,10,1,2025-01-13 22:53:50.000000
DEV_8fb9f5d460,6,1,2025-01-05 04:48:03.000000
DEV_8fc31bff2a,16,1,2025-02-09 11:28:56.000000
DEV_8fd595087e,10,1,2025-01-17 22:42:21.000000
DEV_8fd6775140,10,1,2025-03-14 06:04:43.000000
DEV_8fee51362b,15,1,2025-01-02 09:14:54.000000
DEV_8fef331366,12,1,2025-01-19 04:42:22.000000
DEV_8fefa76f52,12,1,2025-01-08 19:34:09.000000
DEV_8ffcce7c41,11,1,2025-01-25 18:16:19.000000
DEV_9001b18884,13,1,2025-02-12 07:07:19.000000
DEV_9003d27b18,11,1,2025-02-09 23:43:09.000000
DEV_900d5e0438,10,1,2025-01-25 07:09:57.000000
DEV_900eef0127,14,1,2025-01-27 19:52:58.000000
DEV_9018a0f92f,7,1,2025-01-28 12:10:55.000000
DEV_90205245ee,14,1,2025-01-25 08:43:46.000000
DEV_902f3be37f,8,1,2025-01-06 04:24:22.000000
DEV_9034c51737,12,1,2025-01-16 09:23:18.000000
DEV_903737783d,15,1,2025-01-27 03:01:49.000000
DEV_903747725e,12,1,2025-01-07 23:30:41.000000
DEV_903a59ed8b,8,1,2025-01-05 20:32:50.000000
DEV_903d124b91,9,1,2025-03-08 23:03:28.000000
DEV_903febfa82,17,1,2025-02-24 02:50:24.000000
DEV_90442219ed,18,1,2025-01-16 11:07:40.000000
DEV_904852099d,8,1,2025-01-23 23:52:32.000000
DEV_904aeae93e,15,1,2025-02-07 13:02:23.000000
DEV_9062f8321d,7,1,2025-02-01 07:00:14.000000
DEV_90657169a6,10,1,2025-01-10 02:25:57.000000
DEV_9074e2ff70,7,1,2025-02-08 15:08:18.000000
DEV_9075bbb894,14,1,2025-01-02 16:41:27.000000
DEV_9076c40f9c,25,1,2025-01-11 10:12:46.000000
DEV_90791328f7,18,1,2025-01-05 21:44:04.000000
DEV_9080d693fb,11,1,2025-01-10 04:43:53.000000
DEV_908903b051,11,1,2025-01-11 14:24:39.000000
DEV_908cce70e6,10,1,2025-01-22 17:24:17.000000
DEV_9098fa4ec7,15,1,2025-01-03 12:49:28.000000
DEV_909d8b2200,17,1,2025-01-02 16:08:38.000000
DEV_90a0139c50,1,1,2025-03-20 14:48:52.000000
DEV_90a50a8414,9,1,2025-02-09 21:03:43.000000
DEV_90abf8dbab,17,1,2025-01-08 08:13:43.000000
DEV_90b12c51ad,9,1,2025-02-01 01:11:24.000000
DEV_90baaa86e1,5,1,2025-01-25 08:09:29.000000
DEV_90c3c527ee,17,1,2025-01-07 12:33:06.000000
DEV_90d19189d0,12,1,2025-01-15 22:51:22.000000
DEV_90d2988bfd,10,1,2025-01-15 02:32:21.000000
DEV_90d4892075,8,1,2025-01-18 18:10:07.000000
DEV_90d5151182,12,1,2025-01-23 21:48:51.000000
DEV_90de6f754b,18,1,2025-01-14 08:04:14.000000
DEV_90ef7d43b5,16,1,2025-02-15 10:10:10.000000
DEV_90f13c8285,13,1,2025-02-02 09:35:58.000000
DEV_90ffe69bc7,16,1,2025-01-06 23:01:31.000000
DEV_910d134d44,13,1,2025-01-11 20:06:48.000000
DEV_910f68e25c,3,1,2025-02-04 16:25:13.000000
DEV_911813b279,11,1,2025-04-09 13:57:16.000000
DEV_911a4579ff,13,1,2025-01-02 14:20:58.000000
DEV_911e5523bf,15,1,2025-01-21 14:29:56.000000
DEV_91217cfdd3,9,1,2025-01-02 22:52:45.000000
DEV_91230be1c0,8,1,2025-03-16 12:16:58.000000
DEV_9123a487ff,12,1,2025-03-11 07:06:52.000000
DEV_91280fdf38,13,1,2025-01-06 20:36:26.000000
DEV_91319306bb,9,1,2025-01-05 10:22:40.000000
DEV_913220d6d3,16,1,2025-01-28 11:56:38.000000
DEV_91340ffbe0,12,1,2025-03-03 08:25:42.000000
DEV_913a668f62,12,1,2025-01-16 23:30:09.000000
DEV_914683e602,14,1,2025-01-04 01:29:25.000000
DEV_9148111892,11,1,2025-01-02 19:46:08.000000
DEV_914d06979a,10,1,2025-01-02 09:02:55.000000
DEV_91524e2553,13,1,2025-01-02 10:33:47.000000
DEV_9159ff44ac,11,1,2025-02-23 09:40:22.000000
DEV_915de6ec76,16,1,2025-01-01 23:44:26.000000
DEV_915e232252,10,1,2025-01-11 19:21:31.000000
DEV_916b37dcfd,1,1,2025-04-26 08:55:06.000000
DEV_9170f2eb22,1,1,2025-10-05 10:37:23.000000
DEV_9175cf0c98,12,1,2025-01-20 07:52:28.000000
DEV_9182aa809d,5,1,2025-01-16 19:26:52.000000
DEV_91a811c9c5,8,1,2025-01-07 08:12:45.000000
DEV_91b07417a5,10,1,2025-01-05 16:00:52.000000
DEV_91b276355f,9,1,2025-01-22 04:57:43.000000
DEV_91b3100257,1,1,2025-03-05 23:11:06.000000
DEV_91c1408537,12,1,2025-01-30 07:17:19.000000
DEV_91c752afc1,13,1,2025-01-21 00:36:36.000000
DEV_91d274f21f,15,1,2025-02-08 04:22:16.000000
DEV_91d31caa42,11,1,2025-02-10 15:06:42.000000
DEV_91d530655b,14,1,2025-01-12 03:03:49.000000
DEV_91e3e246fb,16,1,2025-01-16 14:12:43.000000
DEV_91f5ff837b,8,1,2025-02-04 22:14:09.000000
DEV_91f76d7081,11,1,2025-01-08 16:08:49.000000
DEV_9202c09094,11,1,2025-01-16 03:33:52.000000
DEV_921a779184,14,1,2025-02-27 13:23:57.000000
DEV_92248ed2de,13,1,2025-01-02 20:27:47.000000
DEV_922aef4ad5,16,1,2025-01-13 12:00:05.000000
DEV_922c0da665,17,1,2025-01-06 05:05:46.000000
DEV_9230c84f10,17,1,2025-01-03 02:17:43.000000
DEV_9232c0e625,16,1,2025-01-17 20:27:41.000000
DEV_92423f7dfe,13,1,2025-01-01 19:00:23.000000
DEV_92441fb93b,13,1,2025-01-05 23:09:57.000000
DEV_924f6abcc1,12,1,2025-01-02 11:29:53.000000
DEV_9255aaa3d9,3,1,2025-04-22 17:03:26.000000
DEV_9269a40ab1,8,1,2025-01-18 07:48:14.000000
DEV_926c069213,12,1,2025-02-10 08:00:00.000000
DEV_927a39843c,13,1,2025-02-12 02:03:23.000000
DEV_9282302eb6,14,1,2025-01-22 06:07:00.000000
DEV_92844b5f0e,9,1,2025-02-02 21:49:47.000000
DEV_9290ff93b5,12,1,2025-01-12 11:35:18.000000
DEV_9294cc0ce8,8,1,2025-03-05 16:50:12.000000
DEV_929c6fdde9,15,1,2025-01-01 21:35:39.000000
DEV_92a33cb1b2,14,1,2025-01-09 18:50:57.000000
DEV_92b919d2b9,15,1,2025-01-16 17:28:30.000000
DEV_92bb2b6d87,8,1,2025-03-10 19:07:35.000000
DEV_92bde568f0,14,1,2025-01-13 15:19:37.000000
DEV_92c6ada8c9,8,1,2025-01-10 09:19:41.000000
DEV_92c73f0291,15,1,2025-02-01 02:01:05.000000
DEV_92c7b1a1b3,22,1,2025-01-13 21:44:18.000000
DEV_92cb647c37,10,1,2025-01-04 00:34:37.000000
DEV_92cbfc73f3,16,1,2025-01-02 04:19:24.000000
DEV_92cf61c9a5,13,1,2025-01-09 02:46:49.000000
DEV_92d5723b20,7,1,2025-01-01 01:07:16.000000
DEV_92e3a6b729,12,1,2025-02-04 11:14:34.000000
DEV_92eafb8430,13,1,2025-01-14 16:27:46.000000
DEV_92ed435995,12,1,2025-01-17 16:01:01.000000
DEV_92f3c161d2,11,1,2025-02-14 07:11:24.000000
DEV_92f47e288a,19,6,2025-05-09 09:49:14.877158
DEV_92f7b2d255,8,1,2025-02-01 00:12:28.000000
DEV_92f907f299,10,1,2025-01-23 11:44:28.000000
DEV_92ff02d1a1,16,1,2025-01-19 05:44:59.000000
DEV_9315c7107e,12,1,2025-04-01 02:16:04.000000
DEV_9315fe7be2,15,1,2025-01-11 21:57:17.000000
DEV_9317377176,17,1,2025-01-09 06:10:13.000000
DEV_931752c546,12,1,2025-01-19 07:27:36.000000
DEV_9317bc5b9c,8,1,2025-04-05 16:54:53.000000
DEV_9318e13699,13,1,2025-01-13 08:33:36.000000
DEV_931b959316,8,1,2025-01-02 12:14:53.000000
DEV_93339b2bbc,8,1,2025-03-22 05:40:39.000000
DEV_933d499fc6,10,1,2025-01-09 02:48:03.000000
DEV_934402ab8f,9,1,2025-01-02 15:34:52.000000
DEV_9345608acd,12,1,2025-01-01 02:19:43.000000
DEV_934ee04117,13,1,2025-01-17 07:18:40.000000
DEV_935e69354c,12,1,2025-01-24 19:26:23.000000
DEV_93645407e4,21,9,2025-10-21 13:30:30.644518
DEV_9368dc7556,8,1,2025-04-04 15:50:44.000000
DEV_936a290b48,14,1,2025-01-23 20:43:11.000000
DEV_936eb700d8,10,1,2025-02-05 14:44:31.000000
DEV_9383d936cc,15,1,2025-01-13 02:51:31.000000
DEV_9386a43e58,10,1,2025-01-07 15:38:25.000000
DEV_938e7dc39b,11,1,2025-01-15 03:00:43.000000
DEV_93907d6011,1,1,2025-06-04 01:40:11.000000
DEV_939179b009,22,1,2025-01-10 02:00:58.000000
DEV_93922fd98a,14,1,2025-01-05 08:46:25.000000
DEV_939ccb6bcf,15,1,2025-01-07 09:23:52.000000
DEV_939d10ba7c,10,1,2025-02-03 14:49:02.000000
DEV_93a4e9cf57,12,1,2025-01-05 06:24:43.000000
DEV_93b4a2dc63,9,1,2025-02-22 11:38:47.000000
DEV_93b5f14aca,10,1,2025-02-04 07:40:12.000000
DEV_93b715bdb1,16,1,2025-01-26 18:07:09.000000
DEV_93b9e4f0da,10,1,2025-03-08 03:35:34.000000
DEV_93bdee1eeb,8,5,2025-02-18 20:36:37.096692
DEV_93c1774265,9,1,2025-01-17 21:58:00.000000
DEV_93c893d769,18,1,2025-01-01 07:45:07.000000
DEV_93d421ff99,13,1,2025-02-14 12:22:10.000000
DEV_93e5ea7715,13,1,2025-01-11 10:35:47.000000
DEV_93e658d488,24,1,2025-01-27 00:42:55.000000
DEV_93e84c88de,28,1,2025-01-19 02:30:53.000000
DEV_93eaae91ef,12,1,2025-02-13 22:21:57.000000
DEV_93efb94c25,12,1,2025-01-09 17:34:33.000000
DEV_93f2233e5c,16,1,2025-01-08 03:16:02.000000
DEV_93f3e94be3,11,1,2025-01-07 08:21:21.000000
DEV_93f8060c16,12,1,2025-02-10 05:33:57.000000
DEV_93f8d26895,11,1,2025-02-26 22:01:54.000000
DEV_940edcd112,4,1,2025-04-19 19:25:15.000000
DEV_941f6e9372,9,1,2025-01-09 13:16:55.000000
DEV_94263a127d,16,1,2025-01-10 06:29:41.000000
DEV_942668fffb,14,1,2025-02-06 16:50:24.000000
DEV_94326c50a7,9,1,2025-01-14 03:18:50.000000
DEV_943fdb1d73,13,1,2025-01-25 07:12:46.000000
DEV_94467427ea,9,1,2025-01-17 09:41:23.000000
DEV_944b32e471,17,1,2025-01-13 17:12:02.000000
DEV_9451c9ae75,13,1,2025-01-13 02:33:23.000000
DEV_94548cf4e1,19,1,2025-01-05 20:03:00.000000
DEV_945615a542,14,1,2025-01-11 14:55:03.000000
DEV_94577f0ca6,14,1,2025-01-09 08:38:20.000000
DEV_945fcfd041,6,1,2025-01-15 00:27:27.000000
DEV_9460417858,15,1,2025-01-05 10:44:48.000000
DEV_9463465509,14,1,2025-01-03 01:26:46.000000
DEV_9466f3905c,13,1,2025-01-18 00:39:48.000000
DEV_9472bdce57,14,1,2025-02-19 23:28:25.000000
DEV_94791f1c22,10,1,2025-01-05 05:47:44.000000
DEV_947a74cb77,15,1,2025-02-07 20:50:38.000000
DEV_949054fd14,12,1,2025-02-10 10:25:30.000000
DEV_949bd3aced,5,1,2025-04-06 11:29:45.000000
DEV_94b5df5ab8,8,1,2025-01-12 17:59:05.000000
DEV_94b609c92d,11,1,2025-02-08 09:22:39.000000
DEV_94b61265c8,6,1,2025-03-12 05:48:53.000000
DEV_94bcf3982e,10,1,2025-01-04 20:33:35.000000
DEV_94c7c9d4e6,7,1,2025-01-23 01:14:21.000000
DEV_94d3464639,7,1,2025-01-23 10:36:35.000000
DEV_94e1f49358,14,1,2025-01-25 02:42:21.000000
DEV_94efa93360,11,1,2025-02-02 13:07:18.000000
DEV_94f1a7794b,8,1,2025-02-24 19:33:04.000000
DEV_94f46d6631,15,1,2025-01-01 00:58:58.000000
DEV_950a3720f4,8,1,2025-01-11 16:39:21.000000
DEV_95185dbe23,18,1,2025-02-05 16:46:33.000000
DEV_951b101521,15,1,2025-01-18 13:54:16.000000
DEV_953f525335,11,1,2025-01-31 14:35:18.000000
DEV_95403f3fe7,15,1,2025-01-04 22:43:04.000000
DEV_9547f2c42f,7,1,2025-02-06 17:36:29.000000
DEV_954a462621,4,1,2025-04-13 02:31:06.907597
DEV_954c6efe1e,13,1,2025-02-19 15:42:44.000000
DEV_95551745a3,17,1,2025-02-11 14:44:22.000000
DEV_955a31ac6b,16,1,2025-01-14 09:19:20.000000
DEV_955b9037e6,13,1,2025-02-04 16:21:52.000000
DEV_95612179c6,8,1,2025-01-29 12:10:34.000000
DEV_95755c3567,11,1,2025-01-31 23:40:31.000000
DEV_958a400f98,10,1,2025-01-17 19:11:25.000000
DEV_958c6f4d1c,5,2,2025-07-01 11:53:08.957897
DEV_959053b9c7,14,1,2025-01-04 14:12:49.000000
DEV_959291eb0a,12,1,2025-02-03 05:01:55.000000
DEV_9594729821,9,1,2025-01-14 00:07:52.000000
DEV_959d312b65,19,1,2025-01-17 11:42:16.000000
DEV_95ab0ee1eb,13,1,2025-01-01 05:47:24.000000
DEV_95b03451a8,20,1,2025-01-08 00:55:27.000000
DEV_95be3054f9,21,1,2025-01-01 13:56:26.000000
DEV_95bf5af4df,18,1,2025-01-12 21:57:16.000000
DEV_95c38d6b3b,7,1,2025-03-17 05:08:52.000000
DEV_95d65196f1,9,1,2025-01-31 22:53:15.000000
DEV_95de72931a,15,1,2025-01-13 21:20:04.000000
DEV_95e8296910,14,1,2025-02-13 02:05:23.000000
DEV_95ed177065,6,1,2025-02-20 11:25:06.000000
DEV_95ee7a6218,13,1,2025-01-02 20:14:47.000000
DEV_95f07b5e5f,13,1,2025-01-03 11:48:39.000000
DEV_95f1adc6c9,13,1,2025-01-08 06:51:50.000000
DEV_9600acc13a,21,1,2025-02-28 12:11:44.000000
DEV_96048b5337,10,1,2025-02-06 18:53:12.000000
DEV_960b52604e,18,1,2025-01-28 19:15:31.000000
DEV_960f43a0ef,14,1,2025-01-05 01:59:26.000000
DEV_96137d0b24,11,1,2025-01-02 19:50:54.000000
DEV_9619a39764,13,1,2025-01-08 12:06:27.000000
DEV_961c33d67f,12,1,2025-01-20 23:41:17.000000
DEV_961c81e929,12,1,2025-01-20 02:23:31.000000
DEV_9628bffe29,8,1,2025-05-10 03:45:02.000000
DEV_9647790f7e,14,1,2025-01-27 21:38:05.000000
DEV_965df517f7,12,1,2025-02-03 18:31:46.000000
DEV_966384fc52,24,1,2025-01-01 12:23:14.000000
DEV_9666b5b2de,21,6,2025-10-25 05:30:10.851230
DEV_9675e4d376,30,1,2025-01-03 20:18:53.000000
DEV_96760ba98e,10,1,2025-02-10 21:58:47.000000
DEV_96790d6180,5,1,2025-03-01 21:14:40.000000
DEV_967c168d9f,8,1,2025-01-02 21:32:37.000000
DEV_968b68f1eb,13,1,2025-01-22 21:00:07.000000
DEV_968cde001c,7,1,2025-01-21 19:40:05.000000
DEV_969170e7b7,15,1,2025-01-04 05:53:18.000000
DEV_96968e1034,11,1,2025-01-18 04:41:13.000000
DEV_96974aa603,7,1,2025-01-17 04:32:34.000000
DEV_96a27d9e29,22,1,2025-02-27 12:10:08.000000
DEV_96b42c9adc,9,1,2025-01-26 14:18:13.000000
DEV_96c414f0af,13,1,2025-01-20 04:09:06.000000
DEV_96cd64c193,18,1,2025-01-12 17:19:01.000000
DEV_96d1fd46fc,14,1,2025-01-05 18:31:44.000000
DEV_96e727cd82,10,1,2025-01-12 09:36:03.000000
DEV_96e76fb7db,11,1,2025-01-03 07:34:11.000000
DEV_96f4d4e733,7,1,2025-04-23 21:24:27.000000
DEV_970e0b792e,2,1,2025-08-08 11:31:35.000000
DEV_970ed11b84,2,1,2025-01-08 10:26:27.000000
DEV_97107cfe88,8,1,2025-01-15 22:22:56.000000
DEV_971559b154,6,1,2025-01-08 04:49:00.000000
DEV_97183523f5,10,1,2025-02-05 07:59:45.000000
DEV_971a7302f6,10,1,2025-01-12 15:09:18.000000
DEV_971de31473,12,1,2025-01-04 07:09:30.000000
DEV_97206b6b85,10,1,2025-02-17 03:13:52.000000
DEV_972143af5f,13,1,2025-01-02 16:33:23.000000
DEV_9729aef25c,1,1,2025-08-14 04:47:32.000000
DEV_97429df76c,10,1,2025-01-23 20:57:21.000000
DEV_97450f708e,25,1,2025-01-16 16:57:55.000000
DEV_97576666dc,10,1,2025-03-09 04:09:59.000000
DEV_975fa8f759,17,1,2025-01-15 10:47:25.000000
DEV_976721f597,8,1,2025-02-04 14:39:52.000000
DEV_977800fa3c,11,1,2025-01-15 22:16:08.000000
DEV_978050d799,12,1,2025-01-13 15:16:57.000000
DEV_978160d3a0,7,1,2025-01-08 14:41:25.000000
DEV_97880afb9f,10,1,2025-03-12 03:01:38.000000
DEV_978dfa5e19,8,1,2025-03-06 12:44:22.000000
DEV_97983546b8,10,1,2025-01-14 14:51:54.000000
DEV_979ac55f92,12,1,2025-03-03 02:33:45.000000
DEV_97a131817e,16,1,2025-01-18 05:34:03.000000
DEV_97a1ca47c0,12,1,2025-01-10 09:30:20.000000
DEV_97a71a8eaa,16,1,2025-01-08 05:14:51.000000
DEV_97abb4e17a,16,1,2025-01-28 23:07:07.000000
DEV_97b32efeab,15,1,2025-01-03 20:21:08.000000
DEV_97c5222aa6,11,1,2025-01-09 08:26:36.000000
DEV_97ccec392b,12,1,2025-01-28 10:25:33.000000
DEV_97d1f140d8,10,1,2025-01-19 09:46:54.000000
DEV_97d620ca4a,11,1,2025-01-04 14:02:43.000000
DEV_97dce78d94,17,1,2025-01-04 04:14:32.000000
DEV_97e3fde08f,1,1,2025-07-16 02:12:28.000000
DEV_97f569da3e,7,1,2025-02-02 07:00:17.000000
DEV_97f8b74981,10,1,2025-02-04 01:55:37.000000
DEV_97fbb2d7c0,15,1,2025-01-12 07:26:24.000000
DEV_97ffa5ee14,7,1,2025-01-26 17:29:19.000000
DEV_982aeb6d58,10,1,2025-01-11 00:40:55.000000
DEV_982d50dcb5,30,1,2025-02-14 10:03:23.000000
DEV_982faa0ab8,9,1,2025-01-01 13:43:35.000000
DEV_9835b036d6,10,1,2025-01-19 19:33:15.000000
DEV_983f13a617,1,1,2025-09-16 00:26:26.000000
DEV_9842421597,28,1,2025-01-15 22:46:43.000000
DEV_98435aad1e,13,1,2025-02-17 22:46:34.000000
DEV_9845f858b1,1,1,2025-10-03 17:02:42.000000
DEV_9849d2c3fb,2,1,2025-06-20 04:04:54.000000
DEV_9852446366,6,1,2025-04-09 12:24:15.000000
DEV_9866ad11d0,11,1,2025-01-07 20:13:03.000000
DEV_987e5169dd,7,1,2025-02-02 00:15:17.000000
DEV_98863d93eb,2,1,2025-03-21 16:47:39.000000
DEV_988aca3e39,14,1,2025-01-30 03:08:51.000000
DEV_988b672e05,11,1,2025-01-07 10:06:19.000000
DEV_9891d3358d,9,1,2025-02-13 01:26:19.000000
DEV_98926a6aed,15,1,2025-01-15 07:01:47.000000
DEV_98960d5306,14,1,2025-01-17 03:37:46.000000
DEV_989b9afa49,9,1,2025-02-16 16:47:07.000000
DEV_989d77eebc,1,1,2025-04-22 11:06:06.000000
DEV_98a38fc643,12,1,2025-03-10 07:53:29.000000
DEV_98a569077e,17,1,2025-01-29 17:50:42.000000
DEV_98b1d3274f,3,1,2025-06-03 02:34:36.000000
DEV_98b2bbd2ab,5,1,2025-02-03 01:07:35.000000
DEV_98b6ab236a,11,1,2025-02-13 07:22:24.000000
DEV_98cb23f7e8,19,1,2025-01-25 01:03:58.000000
DEV_98d5fee6b7,11,1,2025-04-07 04:04:04.000000
DEV_98dd62eadf,2,1,2025-01-30 09:04:03.000000
DEV_98e33b3aa5,4,1,2025-03-13 14:36:18.000000
DEV_98e63b9ea3,14,1,2025-01-01 08:02:49.000000
DEV_98ea17d94b,16,1,2025-02-03 12:28:40.000000
DEV_98f155bdd4,10,1,2025-01-02 08:23:13.000000
DEV_98fdeba5df,11,1,2025-01-08 16:47:44.000000
DEV_99014f87d8,7,1,2025-04-18 13:45:46.000000
DEV_991ba3cf45,11,1,2025-03-02 17:37:28.000000
DEV_991eed5724,3,1,2025-02-19 01:13:00.000000
DEV_9927ebc076,17,1,2025-01-11 07:34:48.000000
DEV_992857426c,16,1,2025-01-12 18:51:49.000000
DEV_9928903bea,8,1,2025-02-14 12:08:48.000000
DEV_992acf9625,13,1,2025-01-20 22:21:17.000000
DEV_992f1ab9a6,14,1,2025-01-25 04:25:32.000000
DEV_9933f5ab88,15,1,2025-01-01 13:21:31.000000
DEV_9939282c81,15,1,2025-01-08 09:55:54.000000
DEV_993e096649,22,1,2025-02-02 17:13:38.000000
DEV_993e2351a8,8,1,2025-01-14 21:15:38.000000
DEV_9949084164,10,1,2025-01-16 11:17:18.000000
DEV_994d817924,14,1,2025-01-09 23:13:47.000000
DEV_996f70fe1c,18,1,2025-01-27 01:08:23.000000
DEV_997413c058,12,1,2025-01-05 14:14:00.000000
DEV_998248a6a8,16,1,2025-01-11 03:32:38.000000
DEV_99857714eb,15,1,2025-01-08 06:44:55.000000
DEV_9993fdfc70,18,1,2025-01-23 16:52:04.000000
DEV_9999bcc751,12,1,2025-01-06 05:55:25.000000
DEV_99a2af8ade,9,1,2025-01-16 14:56:53.000000
DEV_99a40bcd91,9,1,2025-02-19 05:29:08.000000
DEV_99a6f22dc8,16,1,2025-01-18 02:02:49.000000
DEV_99b673292f,12,1,2025-01-16 05:07:05.000000
DEV_99ba80d348,10,1,2025-01-17 14:27:42.000000
DEV_99bd34cd47,10,1,2025-01-07 15:51:56.000000
DEV_99c41b343a,9,1,2025-01-05 22:32:02.000000
DEV_99c496ae91,10,1,2025-02-03 06:12:18.000000
DEV_99ee6e48e3,11,1,2025-02-10 09:22:34.000000
DEV_99f0a1a76d,12,1,2025-01-06 10:18:13.000000
DEV_99f8198e60,8,1,2025-01-16 11:11:24.000000
DEV_9a0f462157,8,1,2025-01-05 08:47:34.000000
DEV_9a16ee4315,7,1,2025-01-17 18:47:15.000000
DEV_9a184906a9,17,1,2025-01-08 00:22:39.000000
DEV_9a188387e6,11,1,2025-01-08 11:28:35.000000
DEV_9a18c67a08,6,1,2025-01-01 18:10:46.000000
DEV_9a34e5beb6,9,1,2025-01-22 14:52:35.000000
DEV_9a4b20f11b,9,1,2025-03-03 00:27:56.000000
DEV_9a5eabe77b,9,1,2025-01-16 05:16:45.000000
DEV_9a6cce50d6,12,1,2025-01-20 07:25:48.000000
DEV_9a6f6e737f,1,1,2025-01-03 02:05:02.000000
DEV_9a73f22e95,9,1,2025-02-01 02:13:53.000000
DEV_9a746051ec,22,1,2025-01-15 03:47:30.000000
DEV_9a795f55f5,19,1,2025-01-06 12:17:04.000000
DEV_9a82ded53d,11,1,2025-01-31 22:45:01.000000
DEV_9a9a21f5a5,17,1,2025-01-04 21:00:15.000000
DEV_9aa3d40206,6,1,2025-02-05 09:38:39.000000
DEV_9aa61c9888,7,1,2025-03-03 07:08:35.000000
DEV_9aad464b00,14,1,2025-01-25 21:23:32.000000
DEV_9ab69f962c,8,1,2025-01-15 01:29:32.000000
DEV_9ac6be0138,7,1,2025-01-24 11:33:06.000000
DEV_9ac7e09d4b,10,1,2025-01-12 23:46:40.000000
DEV_9ac9c86083,10,1,2025-03-21 22:17:02.000000
DEV_9acd191a14,17,1,2025-01-16 23:55:20.000000
DEV_9ad219a72c,17,1,2025-01-06 11:58:03.000000
DEV_9ad64ac571,13,1,2025-02-04 15:15:26.000000
DEV_9aee616b03,10,1,2025-01-12 21:10:15.000000
DEV_9aff66ce0f,14,1,2025-01-13 09:47:36.000000
DEV_9b0aaedcb3,9,1,2025-01-11 10:31:59.000000
DEV_9b144702de,16,1,2025-01-20 06:16:13.000000
DEV_9b1d605cf5,11,1,2025-01-11 21:46:31.000000
DEV_9b2635d122,9,1,2025-01-30 04:47:01.000000
DEV_9b36348473,15,1,2025-01-14 04:09:02.000000
DEV_9b539280db,3,1,2025-01-22 06:31:51.000000
DEV_9b5bf18bdd,10,1,2025-01-10 02:58:43.000000
DEV_9b61362446,10,1,2025-02-03 10:33:43.000000
DEV_9b66f94ecb,11,1,2025-02-23 06:40:10.000000
DEV_9b68fb7f92,22,1,2025-01-28 02:29:58.000000
DEV_9b8099494c,11,1,2025-01-07 01:42:16.000000
DEV_9b81bb6a5d,10,1,2025-03-04 04:30:02.000000
DEV_9b8216b466,18,1,2025-01-07 19:13:37.000000
DEV_9b844b68ae,12,1,2025-01-12 17:35:10.000000
DEV_9b8684db0d,12,1,2025-01-06 23:14:52.000000
DEV_9b9fc9af23,8,1,2025-03-31 07:50:44.000000
DEV_9b9fd8647d,14,1,2025-03-03 13:23:30.000000
DEV_9bb1a3a7d3,10,1,2025-02-07 06:14:26.000000
DEV_9bb3dd0ffa,11,1,2025-01-08 09:50:14.000000
DEV_9bb99bbb0a,10,1,2025-01-17 13:58:36.000000
DEV_9bbd429351,15,1,2025-01-23 13:55:31.000000
DEV_9bc0499997,11,1,2025-03-29 20:00:22.000000
DEV_9bc2719b38,13,1,2025-01-03 23:33:34.000000
DEV_9bc2c7fece,12,1,2025-01-03 02:01:14.000000
DEV_9bdb1da6c8,12,1,2025-01-25 02:35:00.000000
DEV_9bf329dec3,8,1,2025-01-09 10:49:14.000000
DEV_9c141f1481,2,1,2025-01-12 13:47:00.000000
DEV_9c1e5516ba,12,1,2025-01-24 12:34:47.000000
DEV_9c2143bac7,1,1,2025-05-21 15:58:24.000000
DEV_9c23fc12d3,8,1,2025-02-24 10:56:44.000000
DEV_9c272fa44d,10,1,2025-01-04 17:04:01.000000
DEV_9c2759fd63,12,1,2025-01-28 01:48:41.000000
DEV_9c3b7e83af,22,1,2025-01-11 07:19:51.000000
DEV_9c3f1e5137,1,1,2025-07-17 13:43:55.000000
DEV_9c408c5a1a,9,1,2025-04-12 12:53:54.000000
DEV_9c410e2608,15,1,2025-02-10 10:34:54.000000
DEV_9c610c6ee0,11,1,2025-01-18 14:53:22.000000
DEV_9c626aeca1,10,1,2025-01-16 12:04:43.000000
DEV_9c6755b7b0,14,1,2025-01-21 20:48:58.000000
DEV_9c731d232d,14,1,2025-02-02 12:40:28.000000
DEV_9c74f5e72a,8,1,2025-01-07 23:41:30.000000
DEV_9c75197162,1,1,2025-03-23 13:20:15.000000
DEV_9c7a4d8f35,7,1,2025-02-23 03:36:07.000000
DEV_9c83b36230,17,1,2025-01-31 08:20:16.000000
DEV_9c8479d9db,13,1,2025-01-23 12:44:56.000000
DEV_9c85a228cb,8,1,2025-02-23 05:30:44.000000
DEV_9c8dcec0c6,22,1,2025-01-05 17:06:53.000000
DEV_9c90289678,15,1,2025-01-10 01:37:10.000000
DEV_9c90399153,18,1,2025-01-23 09:36:42.000000
DEV_9c9ad0db52,13,1,2025-01-13 06:14:52.000000
DEV_9cabc483ae,7,1,2025-02-14 21:05:12.000000
DEV_9cb4c20fa6,19,1,2025-01-03 13:29:15.000000
DEV_9cc7bb16bf,15,1,2025-02-18 23:22:31.000000
DEV_9ccaeb6ba3,2,1,2025-08-20 17:49:08.000000
DEV_9cccfb749d,13,1,2025-01-05 02:08:24.000000
DEV_9cda9ff4d0,10,1,2025-01-11 03:16:33.000000
DEV_9ce5346076,13,1,2025-02-05 13:56:59.000000
DEV_9ce630b5dc,9,1,2025-01-21 06:31:46.000000
DEV_9ceaf4af1c,1,1,2025-01-28 14:47:38.000000
DEV_9cef1965b6,9,1,2025-01-11 00:20:38.000000
DEV_9d0cc813fc,12,1,2025-02-02 13:18:17.000000
DEV_9d0dc9bb9c,7,1,2025-02-03 22:06:12.000000
DEV_9d180929a9,9,1,2025-01-07 13:15:44.000000
DEV_9d21e285ac,7,1,2025-01-07 09:56:19.000000
DEV_9d2c4f18a8,20,1,2025-02-02 12:19:38.000000
DEV_9d2c8ceeec,12,1,2025-02-22 14:15:19.000000
DEV_9d305eea22,13,1,2025-01-04 05:32:43.000000
DEV_9d3290c567,8,1,2025-03-10 19:20:00.000000
DEV_9d3780f0af,10,1,2025-02-18 10:44:49.000000
DEV_9d3ba06100,10,1,2025-04-02 20:59:42.000000
DEV_9d3e5def94,11,1,2025-01-02 20:12:57.000000
DEV_9d4092943e,16,1,2025-01-10 13:45:50.000000
DEV_9d452c3751,16,1,2025-01-07 22:00:58.000000
DEV_9d4e3fb1eb,15,1,2025-03-21 00:50:37.000000
DEV_9d5706b41e,14,1,2025-01-01 18:48:50.000000
DEV_9d5b61b281,15,1,2025-01-09 13:23:57.000000
DEV_9d5fad910d,5,1,2025-01-03 18:19:21.000000
DEV_9d601282dc,1,1,2025-08-07 09:10:38.000000
DEV_9d6608d208,14,1,2025-01-06 20:58:57.000000
DEV_9d67456dcf,10,1,2025-02-16 16:35:01.000000
DEV_9d6b42e2c2,15,1,2025-03-05 06:33:54.000000
DEV_9d73f5f30c,15,1,2025-02-15 08:19:54.000000
DEV_9d8533e6ac,16,1,2025-01-02 10:00:00.000000
DEV_9d8745f60d,11,1,2025-02-10 18:42:33.000000
DEV_9d8884afb0,6,1,2025-01-27 16:27:34.000000
DEV_9d8f452f42,13,1,2025-01-02 06:20:01.000000
DEV_9d96f35442,10,1,2025-01-16 14:23:03.000000
DEV_9da88b4bf4,14,1,2025-01-04 13:14:40.000000
DEV_9daca31ac3,14,1,2025-01-25 19:30:11.000000
DEV_9db30bfeaa,14,1,2025-01-22 08:58:59.000000
DEV_9db3ba5779,14,1,2025-01-24 13:34:24.000000
DEV_9db3bd8f1c,9,1,2025-02-14 01:20:17.000000
DEV_9dc93e4869,14,1,2025-01-08 23:47:04.000000
DEV_9dd0172093,10,1,2025-01-13 23:05:51.000000
DEV_9ddc1ae9a8,12,1,2025-02-23 16:28:23.000000
DEV_9de8094b5d,10,1,2025-01-10 22:29:06.000000
DEV_9deef278d5,11,1,2025-03-04 13:03:45.000000
DEV_9df97473ab,15,1,2025-01-18 01:55:44.000000
DEV_9e07dee17a,13,1,2025-01-02 16:31:55.000000
DEV_9e09c53ae3,17,1,2025-01-01 22:46:06.000000
DEV_9e0d0d4b24,19,1,2025-01-10 09:59:34.000000
DEV_9e192a407a,1,1,2025-06-24 13:03:21.000000
DEV_9e1c29a110,11,3,2025-07-09 07:23:32.189056
DEV_9e289b697a,20,1,2025-01-03 19:03:34.000000
DEV_9e2c5f1695,13,1,2025-02-23 15:30:19.000000
DEV_9e36477455,7,1,2025-02-18 18:44:42.000000
DEV_9e36ef3eeb,11,1,2025-01-27 02:40:54.000000
DEV_9e447983cb,7,1,2025-01-06 02:52:11.000000
DEV_9e518ff0e4,11,1,2025-01-30 05:03:49.000000
DEV_9e5b5c48a0,11,1,2025-01-12 05:43:06.000000
DEV_9e6317a6f9,8,1,2025-01-30 11:30:47.000000
DEV_9e6ba17a8a,11,1,2025-01-30 03:49:18.000000
DEV_9e6e85bc12,16,1,2025-01-10 17:16:46.000000
DEV_9e6f9e9048,8,1,2025-02-25 03:02:49.000000
DEV_9e7e75d40b,15,1,2025-01-01 07:54:30.000000
DEV_9e87bb5c9e,13,1,2025-01-06 22:02:19.000000
DEV_9e8c6c393c,9,1,2025-01-04 21:14:21.000000
DEV_9e9ccef236,14,1,2025-01-06 21:29:06.000000
DEV_9ea2c09387,15,1,2025-01-02 22:51:38.000000
DEV_9ea2e778f1,8,1,2025-02-11 16:46:59.000000
DEV_9eb0bf5b5e,19,1,2025-01-11 17:43:39.000000
DEV_9eb2a326c3,1,1,2025-02-21 04:55:33.000000
DEV_9eb77857c8,10,1,2025-01-01 04:48:10.000000
DEV_9ec91ca158,16,1,2025-02-15 06:36:03.000000
DEV_9ed520d56a,1,1,2025-08-04 09:25:37.000000
DEV_9ed92c368c,8,1,2025-05-09 01:41:11.000000
DEV_9edb0eff64,15,1,2025-01-03 02:14:54.000000
DEV_9ee1ea8aa0,8,1,2025-01-13 14:43:30.000000
DEV_9ee66ee01b,17,1,2025-01-09 18:05:46.000000
DEV_9ef9ac8f45,8,1,2025-01-14 07:19:53.000000
DEV_9f0fb78b26,5,1,2025-01-18 05:50:50.000000
DEV_9f10fc507d,7,1,2025-04-12 02:46:14.000000
DEV_9f1b706f78,1,1,2025-04-04 12:42:49.000000
DEV_9f1e4f20ae,7,1,2025-03-22 00:19:24.000000
DEV_9f1e8217e1,8,1,2025-02-10 23:25:57.000000
DEV_9f2be3697d,11,1,2025-02-23 18:08:08.000000
DEV_9f308c5ca7,15,1,2025-01-09 19:51:46.000000
DEV_9f37aa5f7c,9,1,2025-05-02 07:51:13.000000
DEV_9f43292fef,1,1,2025-05-08 16:57:54.000000
DEV_9f4ee00f80,10,1,2025-01-24 01:20:41.000000
DEV_9f534d1f0a,14,1,2025-01-08 17:26:37.000000
DEV_9f54e014e8,17,1,2025-01-01 19:55:47.000000
DEV_9f5621fee1,2,1,2025-06-08 03:24:53.000000
DEV_9f7121f29b,13,1,2025-01-24 04:46:41.000000
DEV_9f80be78dc,13,1,2025-02-06 22:19:52.000000
DEV_9f8e6ad05e,7,1,2025-04-08 08:39:17.000000
DEV_9f939c89e0,12,1,2025-01-28 01:09:26.000000
DEV_9f96ce76c5,12,1,2025-01-08 14:05:59.000000
DEV_9f9d721313,21,1,2025-01-09 14:40:14.000000
DEV_9f9f2f27c1,13,1,2025-01-03 23:20:46.000000
DEV_9f9f96568d,15,1,2025-01-04 18:50:53.000000
DEV_9fa7bb10ec,11,1,2025-01-21 18:35:19.000000
DEV_9fab0e5d38,11,1,2025-03-04 08:34:24.000000
DEV_9fb06fa394,9,1,2025-01-07 16:10:12.000000
DEV_9fb783510c,14,1,2025-01-29 10:11:50.000000
DEV_9fbc15054e,8,1,2025-04-07 11:50:54.000000
DEV_9fbe828ac3,11,1,2025-02-04 00:39:12.000000
DEV_9fbfbb853b,11,1,2025-01-05 22:42:24.000000
DEV_9fd43cfe10,17,1,2025-01-28 14:41:17.000000
DEV_9fd8c9349d,10,1,2025-01-17 07:26:30.000000
DEV_9fda75873f,20,1,2025-01-15 14:40:43.000000
DEV_9ff98c31c0,15,1,2025-01-19 22:29:52.000000
DEV_a00add8557,12,1,2025-01-13 09:49:11.000000
DEV_a00bb735db,8,1,2025-02-17 07:37:34.000000
DEV_a00da86350,9,1,2025-01-06 00:35:32.000000
DEV_a0100ca1c4,1,1,2025-06-15 22:42:32.000000
DEV_a010604005,11,1,2025-01-06 12:54:40.000000
DEV_a01486fda7,21,1,2025-02-16 19:09:22.000000
DEV_a01fa4603b,8,1,2025-01-13 06:27:34.000000
DEV_a023f92b69,3,1,2025-09-13 06:31:02.000000
DEV_a0278799af,11,1,2025-01-24 18:54:25.000000
DEV_a036b05f3a,12,1,2025-01-14 03:18:58.000000
DEV_a03ff1b5ec,13,1,2025-02-07 07:07:31.000000
DEV_a04052b116,15,1,2025-01-07 07:00:56.000000
DEV_a0454abc99,6,1,2025-01-03 21:48:00.000000
DEV_a048f497fa,5,2,2025-04-22 21:07:39.144697
DEV_a049be6e8f,13,1,2025-02-11 06:57:36.000000
DEV_a04c922b91,13,1,2025-02-23 23:25:41.000000
DEV_a057886f22,15,1,2025-01-21 18:23:16.000000
DEV_a0640cf6f8,9,1,2025-01-18 21:00:07.000000
DEV_a06b952852,11,1,2025-01-09 00:13:21.000000
DEV_a06dd30427,7,1,2025-02-09 14:01:32.000000
DEV_a072badf9a,8,1,2025-01-10 20:22:14.000000
DEV_a073912f96,7,1,2025-02-14 19:16:35.000000
DEV_a075aaf619,12,1,2025-02-23 06:50:58.000000
DEV_a081ed546a,12,1,2025-01-06 00:25:16.000000
DEV_a088f315a7,10,1,2025-02-20 11:24:09.000000
DEV_a0a8df1b5f,13,1,2025-01-08 12:38:35.000000
DEV_a0bad0b37c,4,1,2025-02-24 23:04:28.000000
DEV_a0c5d5b7bd,11,1,2025-01-04 17:39:21.000000
DEV_a0c90cee2f,11,1,2025-01-16 15:04:06.000000
DEV_a0d89e4a80,10,1,2025-01-30 18:05:11.000000
DEV_a0eb89bada,23,1,2025-02-22 06:19:56.000000
DEV_a0ef034285,13,1,2025-01-12 22:55:58.000000
DEV_a0fb530ab6,14,1,2025-01-27 09:38:54.000000
DEV_a0fdc7de12,15,1,2025-01-04 12:40:24.000000
DEV_a10057f09d,10,1,2025-02-07 21:08:23.000000
DEV_a10ae64faf,10,1,2025-02-15 00:04:22.000000
DEV_a10b85dd1f,13,1,2025-01-05 12:53:47.000000
DEV_a12ec5063c,14,1,2025-01-14 18:33:11.000000
DEV_a1319b3458,10,1,2025-03-14 10:57:20.000000
DEV_a15da34a2d,5,1,2025-05-10 11:54:35.000000
DEV_a16380f34b,7,1,2025-02-13 03:26:42.000000
DEV_a16619397e,15,1,2025-01-08 12:18:20.000000
DEV_a16b1e6c6e,15,6,2025-03-02 01:38:59.275849
DEV_a179c499aa,2,1,2025-09-06 12:09:34.000000
DEV_a1868306c4,9,1,2025-01-27 00:59:53.000000
DEV_a18eef2876,15,1,2025-01-18 13:29:20.000000
DEV_a190f61eee,13,1,2025-01-02 01:25:21.000000
DEV_a196f96471,12,1,2025-01-14 11:36:49.000000
DEV_a1a16ce4ae,9,1,2025-04-07 14:39:50.000000
DEV_a1a3aaaa12,12,1,2025-01-29 22:27:24.000000
DEV_a1a7197628,12,1,2025-01-22 02:39:13.000000
DEV_a1b2cd1d23,16,1,2025-01-05 16:30:53.000000
DEV_a1b53f164d,11,1,2025-02-07 07:03:12.000000
DEV_a1b558c184,11,1,2025-01-12 20:08:07.000000
DEV_a1b64aa9b9,13,1,2025-02-01 02:54:37.000000
DEV_a1b99a07cf,14,1,2025-01-05 08:26:22.000000
DEV_a1c2233383,19,1,2025-01-30 06:01:41.000000
DEV_a1c3936eaa,10,1,2025-01-24 18:04:05.000000
DEV_a1c520e7aa,10,1,2025-01-07 09:02:52.000000
DEV_a1d45aa150,6,1,2025-01-11 06:35:51.000000
DEV_a1d8359222,5,1,2025-04-03 02:15:00.000000
DEV_a1d907183e,6,1,2025-01-07 21:32:11.000000
DEV_a1db2a9aca,7,1,2025-02-09 13:54:56.000000
DEV_a1e200551c,18,1,2025-01-09 10:39:12.000000
DEV_a1eddfd444,12,1,2025-01-20 09:35:40.000000
DEV_a1f22bc305,10,3,2025-10-22 00:47:08.480798
DEV_a1f643947d,11,1,2025-01-06 05:59:36.000000
DEV_a1fb5e98e6,13,1,2025-01-29 12:01:06.000000
DEV_a20159550f,8,1,2025-01-02 00:54:07.000000
DEV_a21e8ac0cb,14,1,2025-01-02 09:21:38.000000
DEV_a23ef4ef60,12,1,2025-01-09 21:43:05.000000
DEV_a251313ee1,13,1,2025-01-08 11:36:29.000000
DEV_a25f9c3411,10,1,2025-02-12 08:24:40.000000
DEV_a263dba455,13,1,2025-01-07 11:47:17.000000
DEV_a2665a9d71,11,1,2025-01-24 10:52:14.000000
DEV_a2671e2426,12,1,2025-01-19 00:25:10.000000
DEV_a26950db2e,9,1,2025-01-29 19:53:11.000000
DEV_a275678007,1,1,2025-01-21 09:12:54.000000
DEV_a2771f290a,11,1,2025-01-08 07:53:24.000000
DEV_a277f143bc,10,1,2025-01-17 11:46:14.000000
DEV_a27843d213,9,1,2025-01-21 06:31:18.000000
DEV_a27ca39c70,14,1,2025-01-06 21:04:24.000000
DEV_a28a93a66e,15,1,2025-01-18 19:20:52.000000
DEV_a29a6ed900,8,1,2025-02-16 00:59:11.000000
DEV_a2a46e6c19,11,1,2025-03-07 10:53:52.000000
DEV_a2a84618aa,9,1,2025-02-06 01:18:45.000000
DEV_a2aae91e35,14,1,2025-02-11 16:27:41.000000
DEV_a2bc08c4e7,14,1,2025-01-20 21:00:42.000000
DEV_a2bd06b632,11,1,2025-02-18 06:00:52.000000
DEV_a2ce582a74,11,1,2025-01-06 06:43:15.000000
DEV_a2cf1883ac,9,1,2025-01-06 00:14:52.000000
DEV_a2dd91ecb1,10,1,2025-02-11 18:58:37.000000
DEV_a2e9194086,15,1,2025-01-28 12:19:55.000000
DEV_a2f48cd068,15,1,2025-02-09 10:31:05.000000
DEV_a2f523c3af,16,1,2025-01-01 12:54:11.000000
DEV_a2ff4c4724,7,1,2025-01-14 01:54:19.000000
DEV_a3065bd29c,16,1,2025-01-13 23:56:11.000000
DEV_a30d223e8c,10,1,2025-02-06 04:44:52.000000
DEV_a3106e70de,10,1,2025-01-20 20:08:40.000000
DEV_a3172a33d4,3,1,2025-07-18 03:45:00.000000
DEV_a31ae7b9f5,13,1,2025-03-25 22:01:20.000000
DEV_a326471c2c,10,1,2025-01-24 06:22:50.000000
DEV_a3295c3168,7,1,2025-01-25 20:48:53.000000
DEV_a32ff6547f,12,1,2025-01-30 02:10:28.000000
DEV_a3397af68d,14,1,2025-01-05 12:11:24.000000
DEV_a344d8ddd8,12,1,2025-01-16 09:07:28.000000
DEV_a34e5293fb,18,1,2025-01-14 13:28:19.000000
DEV_a35581bb52,14,1,2025-01-13 15:32:22.000000
DEV_a35c85c765,12,1,2025-01-18 00:46:10.000000
DEV_a35f24f686,10,1,2025-02-17 23:14:51.000000
DEV_a37112920e,7,1,2025-02-22 18:10:31.000000
DEV_a381752b79,20,1,2025-01-06 15:17:41.000000
DEV_a38188f32c,9,1,2025-01-16 21:13:48.000000
DEV_a38d67e129,1,1,2025-03-22 04:29:02.000000
DEV_a38db8f26d,8,1,2025-02-15 04:30:03.000000
DEV_a3a8a22b9c,9,1,2025-01-20 09:31:41.000000
DEV_a3bb3d9cc0,6,1,2025-01-10 12:37:58.000000
DEV_a3ced1880a,11,1,2025-02-02 05:43:00.000000
DEV_a3d5a4c154,15,1,2025-01-11 08:47:35.000000
DEV_a3d995d063,16,1,2025-01-17 15:43:01.000000
DEV_a3e4afb407,10,1,2025-03-28 10:50:36.000000
DEV_a3ea1b435b,6,1,2025-01-11 23:02:17.000000
DEV_a4039b9d31,13,1,2025-01-19 08:50:35.000000
DEV_a41005deb4,7,1,2025-01-03 13:23:50.000000
DEV_a41221ee14,12,1,2025-02-09 10:43:06.000000
DEV_a418be26c3,8,1,2025-01-15 21:11:50.000000
DEV_a4191e5e7f,3,1,2025-09-16 15:39:46.000000
DEV_a4208d4c7a,1,1,2025-04-09 05:03:54.000000
DEV_a433417c43,16,1,2025-01-02 02:46:22.000000
DEV_a44141d916,7,1,2025-01-08 04:07:02.000000
DEV_a44fa6c2c8,16,1,2025-01-23 17:37:03.000000
DEV_a45341bcb7,8,1,2025-01-17 14:24:57.000000
DEV_a457e08343,10,1,2025-02-06 09:37:53.000000
DEV_a45b3d1f72,12,1,2025-05-03 08:47:06.000000
DEV_a463cfbe7e,20,1,2025-02-18 06:32:34.000000
DEV_a46d29ee68,12,1,2025-01-15 05:43:52.000000
DEV_a47046988b,2,1,2025-03-15 05:29:09.000000
DEV_a4713362ed,15,1,2025-01-05 23:32:56.000000
DEV_a471755e3d,13,1,2025-03-12 22:08:51.000000
DEV_a480d9e240,8,1,2025-03-27 22:15:11.000000
DEV_a488f6e79a,7,1,2025-02-26 00:45:54.000000
DEV_a48b80f63c,12,1,2025-01-28 01:31:03.000000
DEV_a4918bcc6f,8,1,2025-03-07 18:29:25.000000
DEV_a494137479,5,2,2025-03-05 05:42:17.497092
DEV_a4b2435b6f,27,1,2025-01-24 03:48:42.000000
DEV_a4b903fd0e,12,1,2025-03-20 08:15:41.000000
DEV_a4bf2886aa,15,1,2025-01-07 14:20:50.000000
DEV_a4c0f3c8cb,13,1,2025-02-06 20:23:31.000000
DEV_a4ccc3b20d,8,1,2025-03-01 05:17:41.000000
DEV_a4d3a4e294,2,1,2025-01-08 12:35:53.000000
DEV_a4d8d59940,14,1,2025-01-14 12:49:38.000000
DEV_a4db4e1b53,18,1,2025-01-06 17:31:01.000000
DEV_a4de17f3e2,7,1,2025-01-30 07:23:26.000000
DEV_a4e5d46a65,8,1,2025-01-03 18:37:15.000000
DEV_a4e8cfeecc,7,1,2025-01-24 23:46:52.000000
DEV_a4f0cbaf4e,8,1,2025-01-27 21:21:27.000000
DEV_a4fbba7402,9,1,2025-01-28 00:13:05.000000
DEV_a4fd202583,1,1,2025-07-09 18:47:38.000000
DEV_a501b122ae,14,1,2025-03-08 14:49:23.000000
DEV_a508be5a9a,10,1,2025-02-13 02:14:31.000000
DEV_a50e21368b,11,1,2025-01-08 21:06:12.000000
DEV_a50e7bce99,9,1,2025-01-17 06:35:01.000000
DEV_a511e3f353,12,1,2025-01-24 02:31:25.000000
DEV_a51874fd6e,11,1,2025-01-03 20:47:42.000000
DEV_a51fc1684f,17,1,2025-01-08 20:08:46.000000
DEV_a5208c9f17,8,1,2025-02-19 04:21:14.000000
DEV_a523926217,10,1,2025-01-05 22:27:54.000000
DEV_a53ae7f1b5,11,1,2025-01-14 22:31:49.000000
DEV_a53d18b2a5,8,1,2025-02-13 08:56:55.000000
DEV_a5409c824e,8,1,2025-01-18 22:45:31.000000
DEV_a54d4d3c22,11,1,2025-01-25 00:28:20.000000
DEV_a5524c6611,9,1,2025-01-16 18:20:13.000000
DEV_a558f70e6a,8,1,2025-01-05 21:11:56.000000
DEV_a559ea5c7a,6,1,2025-01-13 15:20:27.000000
DEV_a55e2ed429,12,1,2025-01-24 14:58:28.000000
DEV_a5727e6d08,15,1,2025-01-09 07:33:08.000000
DEV_a57cbf1393,10,1,2025-01-02 23:07:36.000000
DEV_a57dee16d5,8,1,2025-01-03 05:44:18.000000
DEV_a58418e75c,8,1,2025-02-04 10:12:12.000000
DEV_a58c0b80c6,19,1,2025-02-06 16:18:45.000000
DEV_a58dbb8306,7,1,2025-02-26 03:29:55.000000
DEV_a5a2ed92bd,12,1,2025-01-02 05:05:07.000000
DEV_a5af17de84,9,1,2025-01-14 19:38:50.000000
DEV_a5b8b39cb6,17,1,2025-01-07 09:49:17.000000
DEV_a5c24ffe13,7,1,2025-03-03 17:39:59.000000
DEV_a5de9ff7d2,14,1,2025-01-21 04:00:45.000000
DEV_a5dfced249,7,1,2025-03-08 04:28:16.000000
DEV_a5ec5daffb,9,1,2025-02-05 18:30:52.000000
DEV_a5f023104f,10,1,2025-03-17 20:34:40.000000
DEV_a5f06e9ef0,19,1,2025-01-02 07:10:28.000000
DEV_a5fdbfc8cb,5,1,2025-01-16 18:47:28.000000
DEV_a6035d4f93,6,1,2025-02-21 03:39:55.000000
DEV_a617e6626f,10,1,2025-01-13 01:46:56.000000
DEV_a61c493236,11,1,2025-01-22 09:12:30.000000
DEV_a61cba2a8b,10,1,2025-01-16 22:32:09.000000
DEV_a61cea784c,14,1,2025-01-01 08:10:22.000000
DEV_a61fa48a29,8,1,2025-02-24 14:20:52.000000
DEV_a626893672,13,1,2025-01-16 11:43:29.000000
DEV_a62c0b5968,15,1,2025-01-05 21:28:52.000000
DEV_a631d4e819,9,1,2025-01-12 06:31:39.000000
DEV_a639bc066b,17,1,2025-01-16 04:03:00.000000
DEV_a64573b4fa,14,1,2025-01-09 12:26:36.000000
DEV_a64875bb3c,8,1,2025-01-10 22:50:57.000000
DEV_a652088af2,11,1,2025-01-08 16:57:45.000000
DEV_a6642ca2cb,15,1,2025-01-15 00:55:07.000000
DEV_a6808cdb6b,11,1,2025-01-08 08:43:36.000000
DEV_a6869ed64c,15,1,2025-01-16 09:17:29.000000
DEV_a68af75a9d,8,1,2025-01-01 17:04:49.000000
DEV_a68fbed14e,9,1,2025-01-24 17:32:05.000000
DEV_a6922761d0,11,1,2025-01-06 01:26:06.000000
DEV_a6998408a3,16,1,2025-01-27 20:11:44.000000
DEV_a6a3e2a5f7,10,1,2025-01-14 11:57:40.000000
DEV_a6a681765f,14,1,2025-01-16 10:32:45.000000
DEV_a6a7b12740,10,1,2025-02-11 00:47:10.000000
DEV_a6b22e5cf4,14,1,2025-02-27 01:50:39.000000
DEV_a6b9f9d720,12,1,2025-01-25 23:27:07.000000
DEV_a6c4010c5d,10,1,2025-01-20 11:27:34.000000
DEV_a6cceb3df2,3,1,2025-02-01 22:46:23.000000
DEV_a6d307285c,11,1,2025-01-03 00:37:58.000000
DEV_a6d54f72e6,12,1,2025-03-16 09:46:03.000000
DEV_a6daa7531c,16,1,2025-01-13 09:46:22.000000
DEV_a6e9455c48,17,1,2025-01-17 16:35:14.000000
DEV_a6eb52685b,8,1,2025-01-09 19:25:21.000000
DEV_a6eb885c5e,2,1,2025-05-10 15:46:29.000000
DEV_a6ebd243a0,9,1,2025-01-01 11:55:33.000000
DEV_a6ef116211,1,1,2025-02-27 09:32:36.000000
DEV_a6f6b3054f,13,1,2025-01-19 13:22:10.000000
DEV_a6fb489f61,3,1,2025-03-06 18:43:20.000000
DEV_a70f12449d,10,1,2025-01-12 02:24:25.000000
DEV_a711da91c2,8,1,2025-01-07 11:26:17.000000
DEV_a714772300,12,1,2025-01-15 02:44:29.000000
DEV_a716f9d5f8,10,1,2025-03-28 18:29:40.000000
DEV_a71961310c,8,1,2025-01-26 19:34:07.000000
DEV_a71a96e197,10,1,2025-02-01 07:59:03.000000
DEV_a7210ffd17,9,1,2025-02-03 00:54:30.000000
DEV_a727a2db11,12,1,2025-01-05 17:28:22.000000
DEV_a72a19c4a0,13,1,2025-01-05 21:20:36.000000
DEV_a72e2a957e,14,1,2025-01-03 23:43:18.000000
DEV_a7335453ef,7,1,2025-01-04 06:39:00.000000
DEV_a73432bb18,5,1,2025-06-10 20:46:43.000000
DEV_a7401f33dd,12,4,2025-06-15 14:34:52.198571
DEV_a7429c15f0,15,1,2025-01-12 11:12:07.000000
DEV_a742ed5e61,3,1,2025-04-24 08:15:55.000000
DEV_a74dc5a913,12,1,2025-01-18 08:09:59.000000
DEV_a763d08757,24,1,2025-01-14 17:30:18.000000
DEV_a76adb185b,12,1,2025-01-24 00:06:19.000000
DEV_a77040837f,9,1,2025-02-10 07:19:48.000000
DEV_a773b2b0f0,13,1,2025-01-12 15:32:57.000000
DEV_a775a7fd59,8,1,2025-02-25 04:12:13.000000
DEV_a776930b1c,15,1,2025-02-17 10:52:47.000000
DEV_a77cf6e06c,13,1,2025-02-04 07:36:40.000000
DEV_a78f8b4ccf,12,1,2025-01-03 17:28:48.000000
DEV_a79234610c,9,1,2025-02-08 22:05:59.000000
DEV_a79c4ad770,9,1,2025-01-20 13:56:38.000000
DEV_a7a255d204,11,1,2025-01-22 11:26:18.000000
DEV_a7af2abb1e,13,1,2025-01-26 14:47:27.000000
DEV_a7b9d5cd01,12,1,2025-01-03 23:49:23.000000
DEV_a7d3f26c7b,14,1,2025-01-01 03:40:00.000000
DEV_a7d4dc22f4,11,1,2025-01-09 20:42:43.000000
DEV_a7d4f120f9,9,1,2025-01-19 10:29:47.000000
DEV_a7d8c9ba6f,13,1,2025-01-05 11:43:21.000000
DEV_a7e0d8e21e,8,1,2025-01-28 16:34:13.000000
DEV_a7e493a4a3,2,1,2025-04-18 13:44:36.000000
DEV_a7e4d5c531,1,1,2025-06-30 11:36:11.000000
DEV_a7edc317b9,10,1,2025-01-23 21:53:21.000000
DEV_a7ef52716e,7,1,2025-01-11 04:30:36.000000
DEV_a7f7176942,1,1,2025-02-07 13:23:52.000000
DEV_a7f9bfeaa2,12,1,2025-02-03 00:22:09.000000
DEV_a7ffb9ba95,24,1,2025-02-02 19:20:22.000000
DEV_a8094f2c95,13,1,2025-01-04 12:14:11.000000
DEV_a80fc03878,19,1,2025-02-02 12:56:11.000000
DEV_a8140ffa69,16,1,2025-01-11 19:28:00.000000
DEV_a815a4c388,12,1,2025-03-05 03:29:19.000000
DEV_a81b903d3a,14,1,2025-01-01 20:10:22.000000
DEV_a81b939f97,18,1,2025-01-05 02:29:44.000000
DEV_a81dcee473,7,1,2025-01-21 19:21:31.000000
DEV_a820c3553b,14,1,2025-01-05 21:03:04.000000
DEV_a82d902c99,15,1,2025-01-03 20:45:39.000000
DEV_a8328fbe09,16,1,2025-01-08 04:52:09.000000
DEV_a833854f98,8,2,2025-01-15 15:16:13.966975
DEV_a834104c20,14,1,2025-01-13 00:39:30.000000
DEV_a85259eb42,13,1,2025-02-11 21:29:05.000000
DEV_a855db0a63,19,1,2025-02-05 05:41:34.000000
DEV_a86408647e,15,1,2025-01-22 05:33:11.000000
DEV_a86d81b181,11,1,2025-02-21 07:17:18.000000
DEV_a8789ec72c,15,1,2025-01-17 19:50:38.000000
DEV_a885493c6f,7,1,2025-01-30 02:59:49.000000
DEV_a89f74c081,7,1,2025-01-08 02:52:32.000000
DEV_a8a1509275,14,1,2025-01-11 01:43:24.000000
DEV_a8a5b4ab1c,11,1,2025-01-15 17:27:46.000000
DEV_a8a5e75d60,9,1,2025-04-02 07:44:25.000000
DEV_a8a63ad52d,12,1,2025-02-10 09:27:42.000000
DEV_a8b2a77baf,12,1,2025-01-22 01:54:44.000000
DEV_a8c19bafaa,11,1,2025-01-25 06:15:44.000000
DEV_a8cea13a14,15,1,2025-03-09 00:59:06.000000
DEV_a8d4745d8d,14,1,2025-01-04 18:33:30.000000
DEV_a8da8bcf1c,8,1,2025-03-08 03:08:57.000000
DEV_a8dbaf27f4,12,1,2025-01-11 08:08:04.000000
DEV_a8e511caa9,11,1,2025-01-13 20:01:43.000000
DEV_a8e91b762c,10,1,2025-02-09 15:32:57.000000
DEV_a8eaab154d,6,1,2025-01-18 18:51:14.000000
DEV_a8eabab9cd,22,1,2025-01-07 03:55:55.000000
DEV_a8ec5e669b,8,1,2025-02-01 09:51:03.000000
DEV_a8edb48121,15,1,2025-01-09 21:14:27.000000
DEV_a8ef007ca9,14,1,2025-01-02 11:30:11.000000
DEV_a9078f5af4,13,1,2025-01-21 20:05:22.000000
DEV_a920e61fe5,14,1,2025-01-05 03:31:30.000000
DEV_a92968ad87,14,1,2025-01-27 22:11:38.000000
DEV_a92a3a876a,11,1,2025-01-04 04:57:18.000000
DEV_a931287acb,12,1,2025-02-07 22:03:47.000000
DEV_a93356f686,13,1,2025-01-05 20:37:03.000000
DEV_a93c95a4a1,13,1,2025-02-14 12:29:21.000000
DEV_a941aa34b8,4,1,2025-09-14 05:26:24.614184
DEV_a957c68fd4,9,1,2025-03-23 13:38:36.000000
DEV_a9754bbd1c,15,1,2025-03-03 10:19:33.000000
DEV_a9864616e1,10,1,2025-01-26 16:36:57.000000
DEV_a9a1056f7f,13,1,2025-01-12 15:29:25.000000
DEV_a9b7a6e643,17,1,2025-01-06 02:37:23.000000
DEV_a9e862b99f,15,1,2025-02-13 17:20:09.000000
DEV_a9e99d4cd5,15,1,2025-01-01 16:41:43.000000
DEV_a9f0561f7e,10,1,2025-01-01 11:43:19.000000
DEV_a9f2c4c81a,6,1,2025-02-05 22:42:45.000000
DEV_a9fb2c8767,12,1,2025-01-14 20:36:47.000000
DEV_aa06378461,13,1,2025-02-02 06:17:10.000000
DEV_aa13f912b9,13,1,2025-01-06 07:39:58.000000
DEV_aa19c1e991,11,1,2025-02-06 03:53:05.000000
DEV_aa1ecb3f68,1,1,2025-05-04 00:48:10.000000
DEV_aa2037160f,8,1,2025-01-07 14:22:38.000000
DEV_aa25e22be0,12,1,2025-01-14 06:44:25.000000
DEV_aa27b72355,1,1,2025-03-22 08:26:05.000000
DEV_aa38a1df4c,15,1,2025-01-12 02:57:28.000000
DEV_aa3a64a2bd,12,1,2025-01-12 18:45:02.000000
DEV_aa3f859083,7,1,2025-01-01 18:28:41.000000
DEV_aa450f6c62,12,1,2025-01-09 05:10:30.000000
DEV_aa46326527,8,1,2025-01-30 19:06:14.000000
DEV_aa55ac642c,17,1,2025-01-12 05:59:44.000000
DEV_aa56fdbc65,11,1,2025-01-17 01:28:53.000000
DEV_aa651af4a7,18,1,2025-01-07 05:08:27.000000
DEV_aa65527f7a,14,1,2025-03-30 11:10:11.000000
DEV_aa6cd4f61e,23,1,2025-01-03 21:20:01.000000
DEV_aa764a3662,16,1,2025-01-17 00:57:23.000000
DEV_aa89ef4e17,14,1,2025-02-09 04:24:58.000000
DEV_aa974efb05,13,1,2025-01-22 11:20:31.000000
DEV_aaa69db939,7,1,2025-02-05 04:29:56.000000
DEV_aaab886bb8,12,1,2025-01-13 21:42:11.000000
DEV_aaaef599f9,7,1,2025-04-14 01:05:55.000000
DEV_aab22b600e,10,1,2025-03-04 11:33:59.000000
DEV_aab4c50e29,9,1,2025-03-21 21:11:24.000000
DEV_aab4d95184,11,1,2025-01-16 10:58:51.000000
DEV_aab50cb620,2,1,2025-03-26 23:23:48.000000
DEV_aab7ff0f63,8,1,2025-04-02 23:09:42.000000
DEV_aac31ab690,10,1,2025-01-28 12:01:00.000000
DEV_aac804a841,12,1,2025-02-16 22:46:52.000000
DEV_aacc43193f,11,1,2025-02-26 10:05:12.000000
DEV_aad02a38fc,15,1,2025-01-06 01:56:52.000000
DEV_aae3f463ef,10,1,2025-01-31 08:03:31.000000
DEV_aae6c4f796,11,1,2025-01-03 16:21:54.000000
DEV_aae7a4c22b,10,1,2025-03-08 21:57:42.000000
DEV_aaed0efbb3,18,1,2025-01-05 13:16:26.000000
DEV_ab03607ff5,11,1,2025-01-03 09:23:49.000000
DEV_ab04c35dc2,9,1,2025-02-16 11:04:32.000000
DEV_ab09e93794,7,1,2025-01-09 20:18:22.000000
DEV_ab0f425925,9,1,2025-02-19 07:14:10.000000
DEV_ab1348f1ff,10,1,2025-01-15 21:25:04.000000
DEV_ab15e63338,17,1,2025-01-09 11:36:41.000000
DEV_ab1995902e,18,1,2025-01-29 22:10:37.000000
DEV_ab25587be3,14,1,2025-02-03 07:44:40.000000
DEV_ab2598a866,10,1,2025-02-24 00:47:51.000000
DEV_ab344466d9,21,1,2025-01-05 15:48:14.000000
DEV_ab3a3376cb,16,1,2025-01-03 17:43:02.000000
DEV_ab42cdf6f9,14,1,2025-01-26 21:35:15.000000
DEV_ab5e45b8ef,21,1,2025-01-04 04:49:44.000000
DEV_ab6ba95e12,7,1,2025-01-23 21:23:20.000000
DEV_ab7d104611,16,1,2025-01-05 12:22:01.000000
DEV_ab819e87b0,12,1,2025-01-06 22:09:32.000000
DEV_ab844d10e3,11,1,2025-01-11 23:01:34.000000
DEV_ab85769b9b,12,1,2025-01-11 18:01:04.000000
DEV_ab90581e22,14,1,2025-01-30 07:40:18.000000
DEV_ab9ecc3da0,7,1,2025-01-22 10:54:15.000000
DEV_aba1509c93,17,1,2025-02-26 02:05:51.000000
DEV_aba2281ba2,2,1,2025-09-24 20:37:20.000000
DEV_aba2c0947c,11,1,2025-01-30 13:03:16.000000
DEV_abbf5e8a5d,16,1,2025-01-16 20:46:39.000000
DEV_abc463bd1b,7,1,2025-01-06 08:04:17.000000
DEV_abcebbcec5,16,1,2025-02-02 19:41:27.000000
DEV_abde027de6,10,1,2025-01-11 07:12:29.000000
DEV_abe136092c,16,1,2025-01-11 11:03:48.000000
DEV_abea8bf054,11,1,2025-01-01 16:04:28.000000
DEV_abed490671,10,1,2025-01-20 20:38:03.000000
DEV_abf7d5127d,30,1,2025-01-02 21:05:23.000000
DEV_abfe9d3412,15,1,2025-01-27 18:13:30.000000
DEV_abff8f6677,12,1,2025-01-05 03:02:34.000000
DEV_ac11c797b4,13,1,2025-01-01 21:11:33.000000
DEV_ac15befc0d,13,1,2025-01-14 14:51:31.000000
DEV_ac1e2102a1,14,1,2025-01-09 04:36:29.000000
DEV_ac2db7e1c5,14,1,2025-01-08 20:32:01.000000
DEV_ac2fd4f756,12,1,2025-04-11 22:34:56.000000
DEV_ac34f1d62b,8,3,2025-02-18 23:22:26.338719
DEV_ac38e6ff75,11,1,2025-02-11 06:11:30.000000
DEV_ac3b4ee753,13,1,2025-01-10 05:13:34.000000
DEV_ac3e4eba86,21,1,2025-01-11 09:01:54.000000
DEV_ac49d23b59,7,1,2025-04-03 16:36:58.000000
DEV_ac4d4fba4b,2,1,2025-08-12 00:24:09.000000
DEV_ac546a2061,2,1,2025-07-05 11:02:58.000000
DEV_ac5a074b20,16,1,2025-01-14 05:39:11.000000
DEV_ac5c20c688,14,1,2025-01-14 00:59:11.000000
DEV_ac6032715b,10,1,2025-02-16 21:21:21.000000
DEV_ac65bf2e83,8,1,2025-01-10 17:25:10.000000
DEV_ac65de6ec2,10,1,2025-04-19 23:39:38.000000
DEV_ac6a6cc260,12,1,2025-02-23 22:11:36.000000
DEV_ac7e0e4cd7,15,1,2025-01-03 11:53:53.000000
DEV_ac8047e6af,11,1,2025-01-11 09:45:22.000000
DEV_ac8cd12e45,2,1,2025-09-05 23:00:23.000000
DEV_ac94841a1c,10,1,2025-03-19 09:00:30.000000
DEV_ac9b772946,17,1,2025-03-02 08:10:15.000000
DEV_aca5cc89f7,8,1,2025-01-03 08:14:08.000000
DEV_aca69b2bcc,15,1,2025-01-09 18:28:04.000000
DEV_acb6317b2b,7,1,2025-01-04 12:09:01.000000
DEV_acb79bf76e,8,1,2025-02-26 12:41:17.000000
DEV_acbef60c9e,18,1,2025-01-12 20:03:58.000000
DEV_acc2e829bd,13,1,2025-02-03 20:11:56.000000
DEV_accb789fcf,1,1,2025-09-10 02:29:21.000000
DEV_acdab97b6b,10,1,2025-01-22 15:49:56.000000
DEV_acdbfbe89e,17,1,2025-02-01 02:50:43.000000
DEV_acdc9d547f,10,1,2025-01-27 07:36:25.000000
DEV_ace8f2c208,14,1,2025-01-26 07:05:43.000000
DEV_acf83cd101,8,1,2025-02-16 16:00:10.000000
DEV_acfda1ec6b,11,1,2025-01-05 07:33:46.000000
DEV_ad25428ae1,2,1,2025-09-20 10:26:38.000000
DEV_ad2af1b49e,20,1,2025-01-04 08:38:29.000000
DEV_ad2d7b372a,15,1,2025-02-12 08:05:18.000000
DEV_ad300e815c,1,1,2025-02-11 19:16:17.000000
DEV_ad31d41656,7,1,2025-01-08 03:37:51.000000
DEV_ad3403bc2e,10,1,2025-02-02 00:32:40.000000
DEV_ad37047bf5,9,1,2025-01-22 15:51:35.000000
DEV_ad54476e5c,12,1,2025-01-10 00:44:56.000000
DEV_ad76072151,15,1,2025-01-03 16:35:40.000000
DEV_ad77d28f0a,10,1,2025-01-23 09:08:16.000000
DEV_ad879f090a,14,1,2025-01-10 16:50:48.000000
DEV_ad9113bc5f,13,1,2025-01-17 14:22:55.000000
DEV_ad99725322,9,1,2025-01-22 16:52:16.000000
DEV_ada62d250e,12,1,2025-01-19 10:54:30.000000
DEV_ada7435c1c,8,1,2025-01-29 19:32:34.000000
DEV_ada99fa529,4,1,2025-03-20 20:49:03.000000
DEV_adb775aea5,9,1,2025-02-11 04:45:18.000000
DEV_adbe46afed,11,1,2025-01-02 23:55:56.000000
DEV_adbf03f38a,15,1,2025-01-27 11:09:56.000000
DEV_adc369d112,15,1,2025-02-17 23:52:28.000000
DEV_adc65150a6,14,1,2025-02-06 23:00:07.000000
DEV_adcef6f0b3,7,1,2025-02-13 15:12:39.000000
DEV_add29b2157,11,1,2025-02-27 06:54:39.000000
DEV_ade97d3d53,9,1,2025-01-05 03:57:17.000000
DEV_adee1120c5,16,1,2025-03-18 00:07:06.000000
DEV_adf0e1c32a,9,1,2025-01-18 17:03:43.000000
DEV_adf9d93c24,16,5,2025-09-29 19:21:41.994746
DEV_adfd76c2f6,19,1,2025-01-08 23:50:54.000000
DEV_ae02a2d760,15,1,2025-01-13 05:11:50.000000
DEV_ae034de765,14,5,2025-09-14 19:03:36.750018
DEV_ae08df0d46,12,1,2025-02-06 16:10:03.000000
DEV_ae0a8020e4,9,1,2025-01-06 01:15:12.000000
DEV_ae0ec169d7,10,1,2025-01-29 18:15:56.000000
DEV_ae0ed6efbe,13,1,2025-02-17 08:12:40.000000
DEV_ae0eddd2e0,7,1,2025-01-11 14:40:58.000000
DEV_ae14a0ed89,11,1,2025-01-18 20:36:37.000000
DEV_ae167c1354,2,1,2025-05-03 03:31:06.000000
DEV_ae1fcecc36,13,1,2025-01-16 02:24:55.000000
DEV_ae2e1e802e,8,1,2025-01-05 02:09:01.000000
DEV_ae3ab16456,7,1,2025-02-17 02:31:23.000000
DEV_ae4a080d14,2,1,2025-03-07 07:26:35.000000
DEV_ae5600fbd8,12,1,2025-02-08 22:51:12.000000
DEV_ae56bc951e,10,1,2025-01-20 19:47:44.000000
DEV_ae5ae9ed9b,19,1,2025-01-18 02:25:32.000000
DEV_ae5bdbf087,11,1,2025-01-04 09:10:29.000000
DEV_ae603206f1,15,1,2025-01-21 17:17:25.000000
DEV_ae658379e6,11,1,2025-02-17 19:48:59.000000
DEV_ae8608c013,14,1,2025-02-05 03:07:27.000000
DEV_ae8fb93099,16,1,2025-03-16 00:50:05.000000
DEV_aea3d639cc,20,1,2025-03-22 04:23:43.000000
DEV_aea7d8949b,11,1,2025-02-21 02:34:00.000000
DEV_aeabd50793,8,2,2025-06-26 23:32:11.802626
DEV_aebae7f24e,11,1,2025-01-07 13:48:26.000000
DEV_aecb082b32,16,1,2025-01-20 19:03:16.000000
DEV_aecdab9d30,9,1,2025-01-17 06:17:53.000000
DEV_aed0dac12d,1,1,2025-09-16 15:43:01.000000
DEV_aed6005906,13,1,2025-01-07 02:55:18.000000
DEV_aedfca5cec,12,1,2025-01-09 03:18:54.000000
DEV_aee41ebe64,15,1,2025-01-12 02:52:29.000000
DEV_aee9ff8d0f,9,1,2025-02-26 22:29:04.000000
DEV_aefe55e469,14,1,2025-01-08 02:20:12.000000
DEV_af0306c08c,5,1,2025-02-19 20:36:59.000000
DEV_af07fbef6d,18,1,2025-01-05 23:45:50.000000
DEV_af0d11fc29,12,1,2025-01-05 18:42:14.000000
DEV_af18cd7796,15,1,2025-02-26 01:38:30.000000
DEV_af190477b6,7,1,2025-02-20 00:14:56.000000
DEV_af1b9b529b,10,1,2025-02-10 18:46:07.000000
DEV_af1bf8cafb,13,1,2025-02-04 11:28:47.000000
DEV_af2c241109,11,1,2025-01-13 06:37:45.000000
DEV_af30777af5,8,1,2025-01-02 03:57:26.000000
DEV_af354aa456,9,1,2025-01-14 06:42:02.000000
DEV_af375f7bcc,12,1,2025-01-03 18:37:24.000000
DEV_af37665b46,15,1,2025-01-02 06:20:08.000000
DEV_af3b9c842d,21,1,2025-01-08 01:14:18.000000
DEV_af3c41b9b6,11,1,2025-02-04 00:47:06.000000
DEV_af4d7b0be8,11,1,2025-01-04 18:26:26.000000
DEV_af63ec04dd,11,1,2025-01-12 05:26:34.000000
DEV_af6697bbad,15,1,2025-01-08 11:46:54.000000
DEV_af682025f1,17,1,2025-01-31 11:59:45.000000
DEV_af830babb1,9,1,2025-01-07 15:38:15.000000
DEV_af87e92ec3,6,1,2025-01-26 14:51:18.000000
DEV_afabc544de,15,1,2025-01-02 04:54:17.000000
DEV_afb2e131cb,13,1,2025-01-01 14:38:52.000000
DEV_afbcc320a2,18,1,2025-01-08 19:38:13.000000
DEV_afcebb7c4d,12,1,2025-02-02 09:26:57.000000
DEV_afd02fa96f,13,1,2025-02-03 12:26:12.000000
DEV_afdaf379b9,14,1,2025-01-16 03:07:52.000000
DEV_afdcb8101a,16,1,2025-01-19 18:01:01.000000
DEV_afe2cc38e7,11,6,2025-05-28 10:22:32.478390
DEV_afe6d7f0fe,12,1,2025-01-23 00:56:05.000000
DEV_b010693e4a,12,1,2025-01-10 12:24:04.000000
DEV_b017583b61,16,1,2025-01-03 11:18:42.000000
DEV_b0186b3c10,14,1,2025-01-08 04:01:26.000000
DEV_b01e36a335,13,1,2025-01-13 20:09:25.000000
DEV_b01e8a82ae,19,1,2025-02-06 16:08:26.000000
DEV_b024d737cf,10,1,2025-01-29 07:23:19.000000
DEV_b02e63151f,14,1,2025-02-24 19:19:51.000000
DEV_b032fc1be8,10,1,2025-01-22 18:29:08.000000
DEV_b033d6e05a,12,1,2025-01-10 21:21:15.000000
DEV_b04acf34b9,10,1,2025-02-07 09:55:36.000000
DEV_b04ecd8f0c,9,1,2025-02-03 23:37:45.000000
DEV_b0558b0d42,13,1,2025-01-01 00:29:52.000000
DEV_b0668bdbde,8,1,2025-04-06 11:08:11.000000
DEV_b06f7ef4c1,17,1,2025-01-14 22:08:07.000000
DEV_b079163110,14,1,2025-01-07 05:19:45.000000
DEV_b07bb676af,12,1,2025-01-11 04:55:32.000000
DEV_b09128aa49,8,1,2025-01-11 04:45:12.000000
DEV_b092a37808,8,1,2025-02-01 09:32:12.000000
DEV_b09b77765f,8,1,2025-01-03 10:40:35.000000
DEV_b0a4e3b5c9,2,1,2025-09-23 22:59:47.000000
DEV_b0a5584ec4,12,1,2025-01-08 11:40:54.000000
DEV_b0a5f26255,10,1,2025-01-29 04:43:21.000000
DEV_b0b84730c9,13,1,2025-01-01 00:48:15.000000
DEV_b0bd81a82f,8,1,2025-02-15 16:51:17.000000
DEV_b0cb5d4542,17,1,2025-01-04 13:14:13.000000
DEV_b0cfab22a2,4,1,2025-03-12 09:34:00.000000
DEV_b0d15453b3,24,1,2025-01-23 23:40:14.000000
DEV_b0eb32ae93,12,1,2025-02-09 18:41:41.000000
DEV_b0ec899eda,3,1,2025-08-16 19:43:12.000000
DEV_b0ed68cdf9,7,1,2025-01-24 22:51:22.000000
DEV_b0f224ff90,15,1,2025-01-10 16:07:28.000000
DEV_b0f43940d5,12,1,2025-02-03 20:42:05.000000
DEV_b0fcd26448,8,1,2025-02-10 17:01:38.000000
DEV_b105e5eca3,18,1,2025-01-13 20:58:45.000000
DEV_b10662be74,9,1,2025-02-04 10:40:51.000000
DEV_b10a50b2b2,11,1,2025-01-09 12:21:44.000000
DEV_b10c1b0499,19,1,2025-01-04 06:59:40.000000
DEV_b11a899648,10,1,2025-01-10 19:30:27.000000
DEV_b13077b09e,16,1,2025-01-26 22:23:13.000000
DEV_b13590e7ef,12,1,2025-01-24 18:11:14.000000
DEV_b138452586,18,1,2025-01-23 17:36:22.000000
DEV_b13bacb69f,11,1,2025-01-05 01:47:25.000000
DEV_b1402c69a1,18,1,2025-01-03 15:24:30.000000
DEV_b1456d9f29,9,1,2025-01-07 06:42:02.000000
DEV_b147dc5567,15,1,2025-01-02 22:13:25.000000
DEV_b14a973f35,15,1,2025-01-28 01:46:50.000000
DEV_b15034aece,8,1,2025-03-15 11:09:18.000000
DEV_b15d1b4e61,14,1,2025-02-20 16:04:50.000000
DEV_b15d76071c,15,1,2025-02-03 09:25:11.000000
DEV_b15da4dd0a,11,1,2025-01-09 06:56:30.000000
DEV_b16558b50d,13,1,2025-01-17 10:44:07.000000
DEV_b16e7fd104,13,1,2025-01-04 19:15:02.000000
DEV_b17b240b89,15,1,2025-01-24 11:58:04.000000
DEV_b17d464a5e,13,1,2025-01-18 11:11:15.000000
DEV_b1807f2537,16,1,2025-01-07 10:28:05.000000
DEV_b182bbbe19,12,1,2025-01-25 17:01:37.000000
DEV_b185b4b494,11,1,2025-01-01 23:48:47.000000
DEV_b18cb5e628,13,1,2025-01-27 16:41:30.000000
DEV_b1936b6230,11,1,2025-01-19 21:52:35.000000
DEV_b1947ca34d,5,1,2025-02-25 08:13:59.000000
DEV_b1a080bf40,10,1,2025-01-30 15:35:37.000000
DEV_b1a791fff2,12,1,2025-01-04 14:03:56.000000
DEV_b1afca4039,12,1,2025-01-10 18:19:09.000000
DEV_b1b7820789,12,1,2025-01-05 22:44:13.000000
DEV_b1bcbd69a3,10,1,2025-02-02 17:58:07.000000
DEV_b1c12288e6,10,1,2025-01-12 00:57:41.000000
DEV_b1c3362a42,11,1,2025-01-11 19:52:11.000000
DEV_b1c66d9572,8,1,2025-01-07 17:55:07.000000
DEV_b1c681ee99,9,1,2025-01-11 17:37:08.000000
DEV_b1c796d2ea,12,1,2025-02-23 12:56:06.000000
DEV_b1cdb95394,15,1,2025-01-02 17:52:54.000000
DEV_b1e0960498,18,1,2025-01-14 09:55:36.000000
DEV_b1e0d7dc89,6,1,2025-01-02 23:06:36.000000
DEV_b1e67927ef,8,1,2025-01-14 06:36:19.000000
DEV_b1ee1c33c3,18,1,2025-01-02 03:11:11.000000
DEV_b1f2746f9c,11,1,2025-02-20 09:05:20.000000
DEV_b1f43af8e5,9,1,2025-01-26 13:36:32.000000
DEV_b1fdb923b1,9,1,2025-01-29 20:57:08.000000
DEV_b21b298201,15,1,2025-02-09 16:27:02.000000
DEV_b2235bee40,18,1,2025-01-24 20:25:11.000000
DEV_b2319c5374,11,1,2025-01-09 20:36:47.000000
DEV_b24b21edcb,12,1,2025-02-21 20:00:20.000000
DEV_b24fc74712,21,1,2025-01-08 19:59:57.000000
DEV_b25165f227,7,1,2025-04-17 17:19:09.000000
DEV_b2595ef04b,12,1,2025-03-03 04:07:44.000000
DEV_b26123da58,8,1,2025-01-21 23:38:34.000000
DEV_b272a4cee1,25,1,2025-01-06 15:20:02.000000
DEV_b2833fd121,9,1,2025-02-09 21:32:19.000000
DEV_b2937537fa,14,1,2025-01-06 04:39:07.000000
DEV_b29c231b9b,16,1,2025-01-05 15:50:17.000000
DEV_b29d2d4812,10,1,2025-01-21 23:40:21.000000
DEV_b2a8e81ffe,10,1,2025-03-03 12:15:57.000000
DEV_b2b2c55361,12,1,2025-01-06 12:27:05.000000
DEV_b2b39055bc,2,1,2025-04-04 02:07:43.000000
DEV_b2c1260cbc,2,1,2025-03-16 01:31:29.147295
DEV_b2c4729711,15,1,2025-01-16 01:30:15.000000
DEV_b2ce094ca6,13,1,2025-01-03 14:42:19.000000
DEV_b2de344130,8,1,2025-01-18 15:36:34.000000
DEV_b2e5362129,8,1,2025-01-06 11:47:34.000000
DEV_b2e89aea87,13,1,2025-01-04 04:53:43.000000
DEV_b2ee4c3d2b,19,1,2025-02-12 16:08:12.000000
DEV_b2fe691908,16,1,2025-02-03 09:21:39.000000
DEV_b2ff04009d,19,1,2025-01-18 11:27:26.000000
DEV_b3173f5b38,13,1,2025-01-01 03:07:39.000000
DEV_b31efb78bd,2,1,2025-09-12 07:42:02.000000
DEV_b31feae94a,16,1,2025-01-05 12:26:33.000000
DEV_b3210c9342,13,1,2025-01-01 20:30:40.000000
DEV_b3218dbaa7,8,1,2025-02-16 03:38:25.000000
DEV_b32695c69a,11,1,2025-01-18 04:51:58.000000
DEV_b32fc3bf48,15,1,2025-01-02 09:35:14.000000
DEV_b3372fe094,14,1,2025-01-08 22:29:34.000000
DEV_b339542ac5,14,1,2025-01-16 13:56:43.000000
DEV_b33d16662f,11,1,2025-01-13 15:47:21.000000
DEV_b352423272,11,1,2025-01-13 08:04:31.000000
DEV_b356eb9a76,11,1,2025-02-07 05:45:55.000000
DEV_b35871e9c8,20,1,2025-01-16 07:57:17.000000
DEV_b36403bdbb,6,1,2025-01-22 17:43:08.000000
DEV_b37ee51f11,21,1,2025-01-27 23:27:29.000000
DEV_b38bef3932,13,1,2025-01-16 01:10:42.000000
DEV_b3971c9f68,13,1,2025-01-11 01:13:05.000000
DEV_b3a2180587,12,1,2025-02-06 12:12:17.000000
DEV_b3a39072bc,3,1,2025-10-07 00:06:19.000000
DEV_b3a3add469,14,1,2025-01-22 18:00:40.000000
DEV_b3a5bd44d2,22,1,2025-02-03 21:24:12.000000
DEV_b3a6af1eef,11,1,2025-02-15 01:12:13.000000
DEV_b3ab0144c0,9,1,2025-01-29 21:14:09.000000
DEV_b3b7bb3d5d,12,1,2025-01-10 15:54:23.000000
DEV_b3c1155564,10,1,2025-03-27 18:16:27.000000
DEV_b3e283fcfd,16,1,2025-01-12 09:28:21.000000
DEV_b3e5ded009,6,1,2025-03-23 02:46:54.000000
DEV_b3eff61ac0,13,1,2025-01-15 19:12:31.000000
DEV_b3f266d777,13,1,2025-01-05 09:04:29.000000
DEV_b4022e440e,17,1,2025-01-02 03:06:05.000000
DEV_b40250827a,1,1,2025-09-29 11:06:14.000000
DEV_b40c09960a,15,1,2025-01-01 17:11:34.000000
DEV_b411a3c9ab,11,1,2025-01-28 21:20:34.000000
DEV_b41345fa1b,9,1,2025-01-16 11:56:34.000000
DEV_b41c50bc27,6,1,2025-01-27 09:49:16.000000
DEV_b41fc4794f,15,1,2025-01-09 18:59:15.000000
DEV_b4228b4946,13,1,2025-01-03 21:50:49.000000
DEV_b42da65d35,13,1,2025-02-03 15:35:14.000000
DEV_b4317ee461,8,1,2025-03-04 06:28:36.000000
DEV_b438a7e0eb,11,1,2025-01-21 10:38:01.000000
DEV_b43e198d47,13,1,2025-01-07 06:51:58.000000
DEV_b445bb62fa,26,1,2025-01-10 02:38:32.000000
DEV_b450e1fee7,15,1,2025-01-15 02:48:54.000000
DEV_b45b869dc6,10,1,2025-01-27 20:06:51.000000
DEV_b46a7e62b8,14,1,2025-01-13 14:00:11.000000
DEV_b4727d6010,18,1,2025-02-15 12:57:37.000000
DEV_b48232935c,17,1,2025-01-16 02:08:29.000000
DEV_b4876835f7,12,1,2025-01-12 02:10:36.000000
DEV_b48d331917,20,1,2025-01-14 02:23:23.000000
DEV_b496acae5b,10,1,2025-01-12 20:01:36.000000
DEV_b4981c17dd,8,1,2025-01-24 14:00:24.000000
DEV_b4a4bba3b5,1,1,2025-06-05 21:00:41.000000
DEV_b4ae87d90c,12,1,2025-02-08 21:32:37.000000
DEV_b4c28dfc3c,14,1,2025-01-12 21:42:14.000000
DEV_b4c7902765,10,1,2025-01-18 04:16:13.000000
DEV_b4d5f25949,14,1,2025-01-18 14:59:07.000000
DEV_b4de36c58f,11,1,2025-01-16 16:08:21.000000
DEV_b4edc4fcfa,14,1,2025-04-06 17:10:31.000000
DEV_b4f55a2eda,9,1,2025-01-18 09:16:34.000000
DEV_b50d7963d1,13,1,2025-01-23 09:36:15.000000
DEV_b5182af219,13,1,2025-03-03 06:53:40.000000
DEV_b521cc5e98,8,1,2025-03-15 05:33:12.000000
DEV_b52b171cda,18,1,2025-01-20 17:11:17.000000
DEV_b52f45c0cc,9,1,2025-01-26 03:03:33.000000
DEV_b53b753bf8,13,1,2025-01-22 06:11:23.000000
DEV_b54d0c6277,9,1,2025-01-17 06:58:10.000000
DEV_b555a0c27f,11,1,2025-01-07 22:52:35.000000
DEV_b5639c9d32,1,1,2025-08-18 20:51:01.519334
DEV_b56c349a39,8,1,2025-01-11 01:55:51.000000
DEV_b5703f36a5,6,1,2025-03-18 16:10:54.000000
DEV_b570b1e41d,8,1,2025-01-20 15:35:43.000000
DEV_b574a444ef,13,1,2025-02-07 15:40:19.000000
DEV_b5776f83fa,10,1,2025-01-28 03:00:20.000000
DEV_b58a7a7628,11,1,2025-02-19 00:48:14.000000
DEV_b59329feca,1,1,2025-05-14 21:45:25.000000
DEV_b5961a8997,2,1,2025-09-28 22:41:54.000000
DEV_b59edea668,10,1,2025-03-25 13:16:36.000000
DEV_b5a2696d06,12,1,2025-02-10 03:20:31.000000
DEV_b5a6d74fe9,16,1,2025-01-10 06:43:07.000000
DEV_b5b03cc5e3,10,1,2025-02-16 12:11:38.000000
DEV_b5b0ab90b1,16,1,2025-02-28 09:51:35.000000
DEV_b5b2533a96,21,1,2025-01-07 20:13:49.000000
DEV_b5b2601d5b,10,1,2025-02-19 21:50:39.000000
DEV_b5b6a12d6c,14,1,2025-01-10 21:59:51.000000
DEV_b5be28a769,5,1,2025-01-16 20:37:21.000000
DEV_b5c56b65b6,1,1,2025-02-04 18:05:43.000000
DEV_b5d4f8e796,11,1,2025-01-24 02:26:31.000000
DEV_b5d7cb5e4e,12,1,2025-01-05 03:31:49.000000
DEV_b5e472076c,12,1,2025-01-14 04:40:43.000000
DEV_b5e7034f49,12,1,2025-01-05 11:25:59.000000
DEV_b5f6ddafca,10,1,2025-02-25 00:55:39.000000
DEV_b5fb2a7091,9,1,2025-01-12 07:22:24.000000
DEV_b60371c98d,14,1,2025-01-01 03:18:54.000000
DEV_b62588138e,8,1,2025-02-06 05:04:13.000000
DEV_b627d8310e,16,1,2025-01-09 05:47:15.000000
DEV_b6280b67df,15,1,2025-01-03 03:14:08.000000
DEV_b630a134ad,15,1,2025-01-13 12:51:30.000000
DEV_b64d4e1dae,9,1,2025-01-02 23:42:38.000000
DEV_b667678a86,17,1,2025-01-08 11:39:47.000000
DEV_b67b2c3f69,11,1,2025-01-18 03:56:29.000000
DEV_b67e3bb067,11,1,2025-01-17 02:11:10.000000
DEV_b688dc7c9f,13,1,2025-01-11 19:38:05.000000
DEV_b688eb5046,11,1,2025-01-11 20:29:46.000000
DEV_b6932797f0,16,1,2025-02-02 09:10:36.000000
DEV_b6a424e218,11,1,2025-01-14 05:03:52.000000
DEV_b6aa24bb22,9,1,2025-02-11 18:51:49.000000
DEV_b6aaecf546,13,1,2025-01-12 22:10:18.000000
DEV_b6af71d99f,18,1,2025-02-05 13:02:14.000000
DEV_b6b506d16e,3,1,2025-04-06 11:14:27.000000
DEV_b6befcc0cd,6,1,2025-01-04 08:22:15.000000
DEV_b6cbdc1cc0,12,1,2025-01-01 15:06:32.000000
DEV_b6dac1da2c,9,1,2025-01-17 07:44:07.000000
DEV_b6decb4a81,8,1,2025-01-16 20:09:14.000000
DEV_b6e75b7ff0,9,1,2025-01-08 17:40:36.000000
DEV_b6f01510c5,22,1,2025-01-31 23:53:23.000000
DEV_b6fbb550fd,8,1,2025-04-02 08:49:32.000000
DEV_b6ff7767ba,1,1,2025-02-12 09:26:27.000000
DEV_b70026f7a7,12,1,2025-01-06 22:59:55.000000
DEV_b70172ce49,10,1,2025-01-13 13:02:29.000000
DEV_b7068c0681,7,1,2025-03-14 00:52:07.000000
DEV_b70951325a,10,1,2025-01-19 03:38:56.000000
DEV_b70ac99514,13,1,2025-01-23 00:16:58.000000
DEV_b7107f2106,9,1,2025-01-25 07:00:30.000000
DEV_b710c0bf1d,15,1,2025-02-18 09:37:36.000000
DEV_b71fdb1ed9,11,1,2025-03-25 13:39:48.000000
DEV_b722faadc6,14,1,2025-03-11 01:12:10.000000
DEV_b72c7beab3,9,1,2025-01-17 18:16:21.000000
DEV_b738ac63a0,7,1,2025-02-16 13:57:21.000000
DEV_b73a2e8a93,10,1,2025-01-09 07:13:30.000000
DEV_b73ea68cc7,15,1,2025-01-05 11:05:30.000000
DEV_b751be8137,13,1,2025-01-10 04:38:54.000000
DEV_b757c0aa1f,14,1,2025-01-17 19:01:17.000000
DEV_b766086209,8,1,2025-01-13 03:53:17.000000
DEV_b7905ad97a,8,1,2025-01-09 10:14:39.000000
DEV_b793d07882,13,1,2025-02-09 04:07:08.000000
DEV_b796f422b7,18,1,2025-01-16 04:22:28.000000
DEV_b7979a5a87,8,1,2025-02-01 16:22:45.000000
DEV_b7a19eba27,11,1,2025-01-31 11:58:06.000000
DEV_b7db4fa6fa,14,1,2025-01-14 16:12:56.000000
DEV_b7e42420b8,13,1,2025-01-28 00:29:46.000000
DEV_b7ead69cfc,12,1,2025-02-12 20:57:52.000000
DEV_b805a890ad,1,1,2025-01-15 12:04:22.000000
DEV_b805f8f21b,4,1,2025-02-22 13:18:17.000000
DEV_b80864c5c0,12,1,2025-02-04 03:29:41.000000
DEV_b80b7783b3,7,1,2025-02-10 06:37:22.000000
DEV_b80ccf6399,12,1,2025-04-08 03:47:12.000000
DEV_b80d9eb3bb,9,1,2025-01-11 09:38:43.000000
DEV_b81cd754a3,12,4,2025-05-07 19:50:43.620485
DEV_b82051efb4,13,1,2025-01-16 16:39:45.000000
DEV_b8230e1573,12,1,2025-02-06 10:57:45.000000
DEV_b826dc086e,11,1,2025-02-05 12:58:28.000000
DEV_b82baefeb7,10,1,2025-01-27 22:10:18.000000
DEV_b82ef9502d,11,1,2025-01-15 04:28:38.000000
DEV_b83671df91,10,1,2025-01-20 22:28:02.000000
DEV_b83b5682b9,11,1,2025-01-21 03:52:58.000000
DEV_b843eebeb8,9,1,2025-01-06 08:09:14.000000
DEV_b84ec45c26,14,1,2025-01-29 20:39:27.000000
DEV_b85455054e,10,1,2025-01-12 00:32:28.000000
DEV_b856b73904,7,1,2025-01-02 15:41:02.000000
DEV_b865f43c6b,8,1,2025-02-25 16:05:26.000000
DEV_b879434259,8,1,2025-03-15 02:56:09.000000
DEV_b87f13f6c8,6,1,2025-01-31 05:50:19.000000
DEV_b880d86a57,7,1,2025-01-02 12:38:31.000000
DEV_b8968c685d,13,1,2025-02-01 23:30:50.000000
DEV_b8988c7019,10,1,2025-02-19 15:57:14.000000
DEV_b8aa532cad,11,1,2025-02-12 05:19:24.000000
DEV_b8b0f79d7f,11,1,2025-01-08 21:41:17.000000
DEV_b8c18ac9b4,15,1,2025-01-11 19:45:55.000000
DEV_b8c3df6792,10,1,2025-01-05 16:21:46.000000
DEV_b8c47077c1,12,1,2025-02-22 06:17:24.000000
DEV_b8c4d8ad99,8,1,2025-01-26 23:09:29.000000
DEV_b8cc90af8f,11,1,2025-01-05 19:20:25.000000
DEV_b8cfe5818b,8,1,2025-02-28 05:30:49.000000
DEV_b8d59078e1,12,1,2025-01-25 17:44:50.000000
DEV_b8d6627f04,6,4,2025-07-19 10:34:27.663740
DEV_b8eb077e1d,6,1,2025-01-26 21:14:11.000000
DEV_b8ec1bbf55,16,1,2025-01-27 19:59:24.000000
DEV_b8ee815c00,11,1,2025-01-23 12:53:29.000000
DEV_b8eefe4eb1,13,1,2025-01-08 08:05:09.000000
DEV_b8f4d859d3,13,1,2025-02-14 22:37:24.000000
DEV_b8f92ceb94,9,1,2025-01-17 05:45:51.000000
DEV_b90d0c28ee,22,1,2025-01-01 14:30:42.000000
DEV_b90e56e0ba,3,1,2025-04-18 07:47:13.000000
DEV_b91f4700d4,9,1,2025-01-09 04:42:05.000000
DEV_b92e054ffb,7,1,2025-03-08 06:41:41.000000
DEV_b935951a08,6,1,2025-02-05 18:43:46.000000
DEV_b939dcd43b,12,1,2025-01-16 15:51:50.000000
DEV_b93ba996e6,12,1,2025-01-09 13:44:32.000000
DEV_b94000d5c5,8,1,2025-01-09 16:40:30.000000
DEV_b94057e9f1,2,1,2025-05-31 23:09:36.000000
DEV_b944ee4302,14,1,2025-01-20 02:15:18.000000
DEV_b95c059fb4,11,1,2025-01-28 03:08:09.000000
DEV_b9668ba7ed,10,1,2025-02-11 00:20:01.000000
DEV_b967220b5b,16,1,2025-01-17 01:34:11.000000
DEV_b96de45cde,18,1,2025-01-29 02:30:29.000000
DEV_b97ee77584,11,1,2025-02-11 19:52:38.000000
DEV_b988889df6,15,1,2025-01-02 07:25:11.000000
DEV_b98ea903d5,7,1,2025-01-23 21:37:52.000000
DEV_b98ebe8655,10,1,2025-02-03 16:45:16.000000
DEV_b996ca0d87,16,1,2025-01-06 02:22:32.000000
DEV_b99bf11da9,17,1,2025-01-28 04:40:33.000000
DEV_b99f935071,12,1,2025-01-18 08:40:41.000000
DEV_b9a1dd6420,12,1,2025-02-24 20:41:07.000000
DEV_b9a627aea8,9,1,2025-01-03 16:22:47.000000
DEV_b9aba704d8,8,1,2025-01-20 22:32:20.000000
DEV_b9b0f414a6,29,1,2025-01-07 01:07:12.000000
DEV_b9deba2c95,8,1,2025-02-17 04:24:22.000000
DEV_b9e71c5457,1,1,2025-02-24 05:05:03.000000
DEV_b9e9930860,10,1,2025-02-03 09:04:18.000000
DEV_b9eb8a3ab1,7,1,2025-03-14 06:11:54.000000
DEV_b9edb0b751,13,1,2025-01-04 16:33:36.000000
DEV_b9ef1bc86a,9,1,2025-02-08 09:11:16.000000
DEV_b9ffd61ffb,10,1,2025-02-10 17:16:53.000000
DEV_ba063e79ed,1,1,2025-10-15 01:06:35.000000
DEV_ba0d0b6d86,10,1,2025-01-08 15:39:23.000000
DEV_ba15bd2d1b,12,1,2025-01-17 21:19:16.000000
DEV_ba1c60e40d,11,1,2025-01-29 04:04:47.000000
DEV_ba1c6fd65f,11,1,2025-01-02 23:59:15.000000
DEV_ba1d40e9e8,2,1,2025-04-24 16:19:56.000000
DEV_ba229c1b02,15,1,2025-02-06 06:41:10.000000
DEV_ba3019fd02,12,1,2025-01-04 15:49:43.000000
DEV_ba34e207d8,11,1,2025-01-27 06:49:01.000000
DEV_ba41fba2f0,9,1,2025-01-03 03:09:10.000000
DEV_ba4e73380a,11,1,2025-01-29 23:27:37.000000
DEV_ba4ea613cd,11,1,2025-02-11 18:07:12.000000
DEV_ba5bbc88f3,13,1,2025-01-01 07:53:40.000000
DEV_ba5f0a0546,8,1,2025-02-19 00:44:27.000000
DEV_ba61784ab9,16,1,2025-01-26 15:20:24.000000
DEV_ba61feda6a,7,1,2025-01-31 12:30:29.000000
DEV_ba6445befc,13,1,2025-01-23 18:13:04.000000
DEV_ba66d1a7c8,15,1,2025-01-28 11:18:35.000000
DEV_ba6e6e8b9f,1,1,2025-07-08 09:07:03.000000
DEV_ba73d4a722,14,1,2025-01-06 03:13:20.000000
DEV_ba7479ac84,14,1,2025-01-23 14:28:08.000000
DEV_ba7ee7ef5a,8,1,2025-01-19 21:48:49.000000
DEV_ba84bef1e7,7,1,2025-01-19 19:53:18.000000
DEV_ba8847578c,19,1,2025-01-18 16:47:42.000000
DEV_ba88f3ee86,3,1,2025-08-04 15:48:25.000000
DEV_baa171dff2,13,1,2025-01-10 11:10:08.000000
DEV_baa49123b8,18,1,2025-01-12 18:09:50.000000
DEV_baae798462,11,1,2025-02-05 20:52:03.000000
DEV_baaeb9161a,13,1,2025-01-16 15:32:10.000000
DEV_bab2679b12,5,1,2025-03-04 17:33:09.000000
DEV_babd40216d,7,1,2025-01-20 15:47:10.000000
DEV_babf5479d6,13,1,2025-01-24 01:11:36.000000
DEV_bac998dd85,1,1,2025-05-23 03:24:17.000000
DEV_bace237da3,4,1,2025-04-24 08:07:48.912134
DEV_bad255b281,12,1,2025-01-01 17:23:41.000000
DEV_bad6432bc2,6,1,2025-01-23 18:55:08.000000
DEV_bad6ceaa27,12,1,2025-01-02 03:35:33.000000
DEV_bafea21285,16,1,2025-01-07 21:52:53.000000
DEV_bb0212f0a3,12,1,2025-02-05 05:32:53.000000
DEV_bb03dfcc06,6,1,2025-01-17 06:14:59.000000
DEV_bb06643e62,11,1,2025-01-11 15:50:28.000000
DEV_bb10787d93,13,1,2025-01-02 21:38:02.000000
DEV_bb142da0b0,8,1,2025-01-16 13:47:06.000000
DEV_bb2388c09d,14,1,2025-01-18 23:50:49.000000
DEV_bb350b16f8,2,1,2025-10-21 13:33:33.000000
DEV_bb374d2f5e,14,1,2025-01-15 20:22:22.000000
DEV_bb3a9319f4,12,1,2025-01-11 12:25:21.000000
DEV_bb4b30ce5c,9,1,2025-01-31 06:36:35.000000
DEV_bb5bf79de3,12,1,2025-01-09 00:16:59.000000
DEV_bb63d12d65,14,1,2025-01-01 16:36:29.000000
DEV_bb6e79e51e,14,1,2025-01-28 09:58:12.000000
DEV_bb778d6458,1,1,2025-05-26 14:16:11.000000
DEV_bb7fe1df4d,7,1,2025-04-07 13:51:26.000000
DEV_bb81b2dece,14,1,2025-01-06 23:03:21.000000
DEV_bb89e3452a,7,1,2025-01-04 09:10:57.000000
DEV_bb8a6f0782,1,1,2025-02-22 17:07:48.000000
DEV_bb9437ad4a,15,1,2025-01-16 14:47:42.000000
DEV_bb97747243,14,1,2025-01-03 16:18:16.000000
DEV_bb998082ed,7,1,2025-01-03 21:49:23.000000
DEV_bb9c6856f3,8,1,2025-01-11 21:01:11.000000
DEV_bba105ab54,12,1,2025-01-19 05:11:19.000000
DEV_bba547646e,13,1,2025-02-12 05:31:04.000000
DEV_bbb05c5c9f,14,1,2025-01-16 22:37:57.000000
DEV_bbb8fa6b87,11,1,2025-02-19 02:31:15.000000
DEV_bbbe796aad,7,1,2025-01-22 17:30:20.000000
DEV_bbc6ac5d86,16,1,2025-01-18 05:20:31.000000
DEV_bbc6f16d39,15,1,2025-01-17 12:44:01.000000
DEV_bbce6e64ee,11,1,2025-03-03 18:43:13.000000
DEV_bbd49a0c05,12,1,2025-02-13 02:16:57.000000
DEV_bbdba16931,10,1,2025-02-25 21:45:11.000000
DEV_bbdca0bfab,3,1,2025-01-20 12:01:53.000000
DEV_bbdf52a2a3,11,1,2025-01-09 17:46:13.000000
DEV_bbfb34a89e,6,1,2025-01-16 17:15:50.000000
DEV_bc0a4942bb,10,1,2025-01-08 23:34:35.000000
DEV_bc0e44b20c,12,1,2025-01-23 02:43:24.000000
DEV_bc120b2b38,10,1,2025-01-15 08:37:25.000000
DEV_bc17dd8fd3,16,1,2025-01-12 23:42:20.000000
DEV_bc1a117516,6,1,2025-01-06 12:00:44.000000
DEV_bc234e09b0,7,1,2025-02-06 04:21:36.000000
DEV_bc26be42d9,14,1,2025-01-08 11:36:33.000000
DEV_bc2a146222,10,1,2025-01-03 11:39:57.000000
DEV_bc32030d5f,3,1,2025-03-21 07:48:34.000000
DEV_bc3ab8b0bf,16,1,2025-01-08 01:33:13.000000
DEV_bc432fb49f,10,1,2025-02-11 10:52:20.000000
DEV_bc4680986b,9,1,2025-01-25 23:23:24.000000
DEV_bc4f2f81f6,16,1,2025-01-15 13:06:25.000000
DEV_bc5dee2b42,1,1,2025-08-09 13:34:45.000000
DEV_bc60b18d82,14,1,2025-01-16 04:00:34.000000
DEV_bc611a26c4,11,1,2025-01-10 00:47:35.000000
DEV_bc69e4590b,6,1,2025-06-10 08:55:08.000000
DEV_bc6eca0fce,13,1,2025-01-09 16:02:51.000000
DEV_bc71ae115b,13,1,2025-01-20 06:40:55.000000
DEV_bc7de09429,11,1,2025-03-04 20:05:13.000000
DEV_bc88f14bf2,9,1,2025-01-13 17:58:46.000000
DEV_bc8af46c96,5,1,2025-03-15 10:01:41.000000
DEV_bc9905f2b4,15,1,2025-01-07 17:41:14.000000
DEV_bc9aa25400,11,4,2025-09-14 01:48:21.651988
DEV_bc9b361981,16,1,2025-02-04 15:52:56.000000
DEV_bc9facc2d1,1,1,2025-04-13 04:35:29.000000
DEV_bca077b0c0,19,1,2025-01-22 03:11:34.000000
DEV_bca3d1efe9,17,1,2025-01-21 17:05:30.000000
DEV_bcb17a6535,3,1,2025-08-09 09:05:16.000000
DEV_bcb7e595d9,7,1,2025-01-09 13:52:42.000000
DEV_bcc2a8c673,9,1,2025-01-26 22:56:38.000000
DEV_bcc5a79790,15,1,2025-01-04 16:23:10.000000
DEV_bcca6443a7,13,1,2025-02-15 00:57:43.000000
DEV_bcd8766ec4,14,1,2025-01-13 04:44:29.000000
DEV_bcd90dd799,14,1,2025-01-03 08:26:23.000000
DEV_bceb1afb8e,13,1,2025-01-04 01:21:13.000000
DEV_bcfc613011,7,1,2025-02-23 19:57:58.000000
DEV_bd11607282,16,1,2025-01-29 14:20:20.000000
DEV_bd206301ef,9,1,2025-02-03 05:29:11.000000
DEV_bd20a5f3d6,13,1,2025-02-26 01:24:42.000000
DEV_bd2a14e2a1,7,1,2025-03-15 20:35:51.000000
DEV_bd2da65248,9,1,2025-01-02 16:12:19.000000
DEV_bd348ffc83,7,1,2025-02-15 02:51:53.000000
DEV_bd35509ad1,10,1,2025-01-10 11:49:48.000000
DEV_bd368183c1,19,1,2025-01-14 19:25:28.000000
DEV_bd39d7cc3d,1,1,2025-10-14 14:10:55.000000
DEV_bd42058b45,14,1,2025-01-02 22:46:10.000000
DEV_bd42a7e278,10,1,2025-02-18 17:54:25.000000
DEV_bd46ed9fdd,18,1,2025-02-02 23:03:09.000000
DEV_bd4a65f50a,11,1,2025-02-01 05:56:58.000000
DEV_bd4ee8b73a,11,1,2025-01-17 15:03:21.000000
DEV_bd52b0e351,9,1,2025-04-13 05:53:52.000000
DEV_bd537c651d,11,1,2025-02-17 13:30:12.000000
DEV_bd5526e290,9,1,2025-01-07 14:14:39.000000
DEV_bd74911b0b,3,1,2025-01-08 14:54:19.000000
DEV_bd7698371e,9,1,2025-01-30 22:09:40.000000
DEV_bd78e67fb7,8,1,2025-02-04 11:52:36.000000
DEV_bd7928ea02,7,1,2025-05-03 17:26:56.000000
DEV_bd8886c6cb,14,1,2025-01-12 14:26:59.000000
DEV_bd9969fed1,13,1,2025-01-20 14:33:20.000000
DEV_bdab582e73,12,1,2025-01-03 16:46:40.000000
DEV_bdacd68978,7,1,2025-04-28 20:40:14.000000
DEV_bdace83618,7,1,2025-02-08 10:19:06.000000
DEV_bdb0e9f452,8,1,2025-01-03 07:01:24.000000
DEV_bdc005f11b,8,1,2025-01-03 02:05:55.000000
DEV_bdc2145cb8,13,1,2025-02-19 06:23:48.000000
DEV_bdcec91a9b,8,1,2025-01-11 11:54:40.000000
DEV_bdcefc0a19,10,1,2025-01-19 17:17:45.000000
DEV_bdd70b03c0,9,1,2025-02-06 09:42:58.000000
DEV_bdde5c098f,10,1,2025-01-04 02:22:54.000000
DEV_bdf696f518,12,1,2025-02-03 23:18:53.000000
DEV_bdfd5fddcc,12,1,2025-02-12 19:42:27.000000
DEV_be004b3191,1,1,2025-06-09 20:54:58.000000
DEV_be182e2793,15,1,2025-01-20 09:41:02.000000
DEV_be280207b9,10,1,2025-03-03 18:55:02.000000
DEV_be28730c02,12,1,2025-02-11 15:48:59.000000
DEV_be342a66ec,13,1,2025-02-01 20:47:28.000000
DEV_be50317988,8,1,2025-01-08 16:22:58.000000
DEV_be52534136,16,1,2025-01-26 05:04:23.000000
DEV_be5bc6c152,15,1,2025-01-06 20:28:58.000000
DEV_be5c227c45,14,1,2025-01-06 16:18:02.000000
DEV_be5c7ce6b5,15,1,2025-01-12 09:56:40.000000
DEV_be5eed5868,10,1,2025-03-20 15:43:21.000000
DEV_be6271f02a,14,1,2025-01-12 18:47:06.000000
DEV_be6a346a86,13,1,2025-01-05 20:40:33.000000
DEV_be6c0056cf,12,1,2025-02-09 15:21:35.000000
DEV_be6cc570e1,14,1,2025-01-02 08:45:47.000000
DEV_be6e1c45d2,21,1,2025-01-07 23:38:03.000000
DEV_be75babe94,12,1,2025-02-02 13:36:51.000000
DEV_be75c2fe7c,15,1,2025-03-24 05:55:59.000000
DEV_be7b83849c,15,1,2025-01-05 07:59:27.000000
DEV_be85ab7194,10,1,2025-01-11 09:15:06.000000
DEV_be88339293,11,1,2025-03-22 18:34:15.000000
DEV_be96130949,11,1,2025-01-21 05:08:26.000000
DEV_be9dc922ec,14,1,2025-01-22 16:13:43.000000
DEV_beb65bc6ec,8,1,2025-02-08 02:33:33.000000
DEV_bec77e30e6,11,1,2025-01-13 09:00:08.000000
DEV_bece592ec2,16,1,2025-02-16 19:28:47.000000
DEV_bed405d301,7,1,2025-02-24 02:19:50.000000
DEV_bed4bb976d,16,1,2025-01-24 02:14:22.000000
DEV_bedaa10349,3,1,2025-05-13 06:54:20.000000
DEV_bedc9b6562,1,1,2025-01-21 18:12:26.000000
DEV_beed6d4079,9,1,2025-02-04 00:56:02.000000
DEV_befba9d3f0,10,1,2025-02-19 20:57:24.000000
DEV_bf02e22484,12,1,2025-02-20 18:12:31.000000
DEV_bf03821e08,15,1,2025-02-03 09:11:00.000000
DEV_bf046e5d71,13,1,2025-01-31 09:51:07.000000
DEV_bf08bfc60a,11,1,2025-01-10 21:54:38.000000
DEV_bf10ec0882,10,1,2025-01-17 15:07:04.000000
DEV_bf210a4284,10,1,2025-02-03 18:37:04.000000
DEV_bf4dcdbe38,18,1,2025-01-09 13:49:24.000000
DEV_bf5666e64d,11,1,2025-02-21 09:33:23.000000
DEV_bf5b72b871,13,1,2025-03-26 02:56:50.000000
DEV_bf653e427c,1,1,2025-07-18 05:03:47.000000
DEV_bf69bac143,16,1,2025-02-05 00:54:21.000000
DEV_bf6c3821b3,14,1,2025-01-24 15:56:45.000000
DEV_bf7df0f650,8,1,2025-01-04 09:48:08.000000
DEV_bf8058e23a,9,1,2025-01-18 17:33:06.000000
DEV_bf9a3ed0a6,17,1,2025-01-18 17:54:56.000000
DEV_bf9c4dafb8,10,1,2025-01-21 03:52:09.000000
DEV_bfa8401635,13,1,2025-03-06 16:13:47.000000
DEV_bfcd8ccc77,14,1,2025-01-04 13:16:44.000000
DEV_bfebf51f2a,12,1,2025-01-12 13:38:12.000000
DEV_bfec7e5d32,16,1,2025-01-29 01:39:59.000000
DEV_bff8b707dd,12,1,2025-03-31 10:53:40.000000
DEV_bffbe37efa,9,1,2025-02-23 14:33:27.000000
DEV_bffe3ed070,10,1,2025-01-05 01:22:00.000000
DEV_c0015196eb,5,1,2025-01-25 11:10:53.000000
DEV_c010793542,6,1,2025-01-14 07:56:18.000000
DEV_c0330192eb,12,1,2025-01-06 04:17:57.000000
DEV_c035de9875,12,1,2025-02-02 15:56:19.000000
DEV_c0475fa46a,12,1,2025-01-10 05:27:47.000000
DEV_c051a3315e,4,1,2025-04-05 04:29:26.000000
DEV_c056f6e6a6,11,1,2025-03-12 15:19:46.000000
DEV_c059f90f09,3,1,2025-09-12 03:32:43.000000
DEV_c05b89fbe5,9,1,2025-03-21 19:31:10.000000
DEV_c062731570,11,1,2025-01-22 10:33:21.000000
DEV_c06ebdba5f,8,1,2025-02-03 19:43:55.000000
DEV_c070a7d856,8,1,2025-01-02 22:38:22.000000
DEV_c083db6410,11,1,2025-01-05 14:09:36.000000
DEV_c08575eae7,14,1,2025-02-14 11:32:41.000000
DEV_c0866af6e0,20,1,2025-01-27 14:09:46.000000
DEV_c0867ceaa9,10,1,2025-01-24 08:30:30.000000
DEV_c08ce7a8b8,6,1,2025-03-16 08:38:09.000000
DEV_c08efd40b5,11,1,2025-02-19 21:35:41.000000
DEV_c092f94925,22,1,2025-01-08 15:15:55.000000
DEV_c09ea881af,17,1,2025-01-04 17:55:48.000000
DEV_c09fd427c5,12,1,2025-01-14 07:26:42.000000
DEV_c0a2186473,7,1,2025-01-13 17:17:53.000000
DEV_c0a2b6c2b4,8,1,2025-01-18 02:36:29.000000
DEV_c0a43c868f,15,1,2025-02-09 11:16:44.000000
DEV_c0a680b8f4,13,1,2025-01-16 04:13:13.000000
DEV_c0bf4e95e1,6,1,2025-03-11 00:27:28.000000
DEV_c0c1d6c749,7,1,2025-02-23 20:29:08.000000
DEV_c0c1ef117f,13,1,2025-01-28 06:18:50.000000
DEV_c0c3a3f099,7,1,2025-02-24 16:00:14.000000
DEV_c0c54709ee,13,1,2025-02-14 21:31:19.000000
DEV_c0c866ff09,10,1,2025-01-31 18:34:50.000000
DEV_c0d19aeaca,15,1,2025-01-28 12:13:54.000000
DEV_c0d4a76ebe,7,1,2025-02-24 15:29:20.000000
DEV_c0d7f8e61c,16,1,2025-01-05 01:06:46.000000
DEV_c0e64ce538,14,1,2025-01-12 07:29:01.000000
DEV_c0e748fc63,19,1,2025-01-15 20:36:02.000000
DEV_c0f34c86b9,9,1,2025-01-27 21:54:20.000000
DEV_c0faa133be,9,1,2025-01-20 10:18:51.000000
DEV_c101066c81,10,1,2025-01-26 16:12:19.000000
DEV_c102790564,16,1,2025-01-07 09:41:33.000000
DEV_c105677418,18,1,2025-02-16 23:32:37.000000
DEV_c108035b39,11,1,2025-02-20 23:58:11.000000
DEV_c10d486e60,2,1,2025-01-16 17:58:14.000000
DEV_c116a37e7e,20,1,2025-01-11 15:17:49.000000
DEV_c11d89c672,5,1,2025-05-27 01:32:15.000000
DEV_c122225c2d,9,1,2025-01-26 08:40:51.000000
DEV_c1231f4701,14,1,2025-01-04 22:27:20.000000
DEV_c125e300d9,7,1,2025-03-08 16:51:09.000000
DEV_c128b723ef,15,1,2025-01-11 21:24:46.000000
DEV_c12bfaedb8,10,1,2025-01-11 05:38:34.000000
DEV_c13c27cb68,10,1,2025-01-30 18:15:45.000000
DEV_c13ec32783,13,1,2025-02-01 20:55:34.000000
DEV_c145473ec9,4,1,2025-04-10 17:10:43.000000
DEV_c1476a7bde,8,1,2025-02-23 01:30:54.000000
DEV_c14de5c307,9,1,2025-01-24 10:10:54.000000
DEV_c153d25a80,7,1,2025-02-24 08:18:05.000000
DEV_c159ba3944,10,1,2025-01-01 08:30:43.000000
DEV_c161b4fcb6,9,1,2025-03-07 11:38:49.000000
DEV_c1666c4411,11,1,2025-02-02 15:49:57.000000
DEV_c167c7b787,12,1,2025-01-26 17:49:07.000000
DEV_c16bd5e41d,7,1,2025-01-22 09:50:12.000000
DEV_c17116cae0,15,1,2025-03-15 08:06:13.000000
DEV_c17518b29e,14,1,2025-01-15 20:56:52.000000
DEV_c18c5f0795,13,1,2025-01-10 11:29:40.000000
DEV_c18c7ec8b7,8,1,2025-01-31 23:58:37.000000
DEV_c18d972699,8,1,2025-01-28 08:23:07.000000
DEV_c191ee4c6c,11,1,2025-01-21 21:26:50.000000
DEV_c1961e979e,21,8,2025-06-24 09:44:21.860643
DEV_c1a19d6d72,5,1,2025-03-07 14:48:01.000000
DEV_c1a3c6310b,13,1,2025-01-01 09:28:09.000000
DEV_c1a86aa8e6,8,1,2025-02-27 22:24:26.000000
DEV_c1aa7bf3e0,14,1,2025-03-02 17:53:36.000000
DEV_c1b8aec584,13,1,2025-01-09 11:15:18.000000
DEV_c1ba233999,17,1,2025-02-02 12:39:20.000000
DEV_c1bcc14ee2,5,1,2025-01-18 01:38:11.000000
DEV_c1c3338255,12,1,2025-01-16 02:57:24.000000
DEV_c1c69d356e,1,1,2025-08-18 12:33:18.000000
DEV_c1ce1e67dc,14,1,2025-01-03 04:52:24.000000
DEV_c1d03c6c47,9,1,2025-01-16 16:04:24.000000
DEV_c1d4b857c0,9,1,2025-01-29 09:25:00.000000
DEV_c1d60a98b4,11,1,2025-01-20 07:49:35.000000
DEV_c1d9cdc31a,10,1,2025-01-21 09:23:30.000000
DEV_c1da3a12ae,14,1,2025-01-17 14:31:22.000000
DEV_c1e0ec1c43,10,1,2025-01-15 19:35:24.000000
DEV_c1e137b1e1,17,1,2025-01-12 02:55:02.000000
DEV_c1e2ee8048,13,1,2025-02-01 11:28:38.000000
DEV_c1ea27f902,13,1,2025-01-03 05:55:24.000000
DEV_c1ec823580,8,1,2025-02-24 17:10:52.000000
DEV_c1f0ad909d,11,1,2025-01-01 11:39:37.000000
DEV_c1f160345e,8,1,2025-01-21 04:03:40.000000
DEV_c1f19b5a17,9,1,2025-01-23 03:38:30.000000
DEV_c1f233dc0b,10,1,2025-01-26 07:11:47.000000
DEV_c1f2d62874,21,1,2025-01-30 21:50:37.000000
DEV_c1fa734b09,9,1,2025-01-02 06:36:14.000000
DEV_c202e1e1db,9,1,2025-03-22 10:33:06.000000
DEV_c20ad5dac1,16,1,2025-01-23 15:52:38.000000
DEV_c210ae5154,9,1,2025-01-25 13:33:43.000000
DEV_c210ebd736,8,1,2025-01-18 16:51:13.000000
DEV_c23e351adc,3,1,2025-09-28 05:52:31.000000
DEV_c244ea5983,10,1,2025-01-17 03:03:12.000000
DEV_c246751486,16,1,2025-01-06 09:41:22.000000
DEV_c24b14e59c,14,1,2025-03-23 17:25:33.000000
DEV_c25073dc7b,6,1,2025-03-29 21:10:34.000000
DEV_c251da03b3,23,1,2025-01-13 08:52:23.000000
DEV_c254a206a5,12,1,2025-03-02 00:20:13.000000
DEV_c25d97b177,21,1,2025-01-05 21:58:01.000000
DEV_c26466e94a,14,1,2025-03-28 03:53:31.000000
DEV_c2700f3da8,15,1,2025-01-17 20:26:14.000000
DEV_c27cb014ff,15,1,2025-01-18 09:36:53.000000
DEV_c287559e2e,8,1,2025-02-08 20:38:27.000000
DEV_c28c023e1a,5,2,2025-10-08 12:13:22.046833
DEV_c28f4b5c08,20,1,2025-01-04 11:22:01.000000
DEV_c296ef846d,14,1,2025-03-01 23:53:59.000000
DEV_c29864f1b3,12,1,2025-02-26 19:19:51.000000
DEV_c2988911d4,13,1,2025-01-12 14:11:37.000000
DEV_c29a3f56f8,7,1,2025-01-02 23:09:01.000000
DEV_c2ba7a801f,10,1,2025-01-13 03:27:10.000000
DEV_c2bbb04f3c,17,1,2025-01-10 12:36:33.000000
DEV_c2c6a6b666,13,1,2025-01-17 12:30:01.000000
DEV_c2ca04fa5b,12,1,2025-01-19 05:10:44.000000
DEV_c2ce942f87,11,1,2025-01-08 14:01:10.000000
DEV_c2d0696ce3,6,2,2025-05-11 22:59:01.353355
DEV_c2d2a16766,8,1,2025-01-23 08:31:49.000000
DEV_c2d8522b09,27,1,2025-01-09 16:39:23.000000
DEV_c2dff067b7,12,1,2025-01-21 12:00:17.000000
DEV_c2e45d848c,14,1,2025-02-26 01:13:15.000000
DEV_c2e865d0f5,12,1,2025-01-08 10:28:07.000000
DEV_c2e87afbe1,14,1,2025-01-04 15:44:41.000000
DEV_c2f0013aca,13,1,2025-01-17 23:28:46.000000
DEV_c2f5930443,9,1,2025-03-07 06:29:16.000000
DEV_c2f6d01b7e,9,1,2025-01-06 19:36:31.000000
DEV_c2ff73c9b0,9,1,2025-01-26 09:57:47.000000
DEV_c309e67482,12,1,2025-04-07 16:30:02.000000
DEV_c30e65b7d2,8,1,2025-01-24 02:45:59.000000
DEV_c312d13358,14,1,2025-02-02 09:18:11.000000
DEV_c31a621c32,13,1,2025-01-02 15:23:27.000000
DEV_c31b029417,18,1,2025-01-16 14:43:44.000000
DEV_c3306b88f5,12,1,2025-01-28 19:24:28.000000
DEV_c330bae202,10,1,2025-01-28 03:36:07.000000
DEV_c3358fd504,16,1,2025-01-28 18:20:58.000000
DEV_c337fa1f28,9,1,2025-01-09 23:48:37.000000
DEV_c33917817f,11,1,2025-01-28 20:12:25.000000
DEV_c33bfca5d5,11,1,2025-01-18 02:50:01.000000
DEV_c341872fbb,13,1,2025-01-18 18:48:52.000000
DEV_c34c1940ef,12,1,2025-01-06 11:22:22.000000
DEV_c34d96fb1b,9,1,2025-01-05 22:52:37.000000
DEV_c363d045c7,16,1,2025-01-22 09:19:42.000000
DEV_c36e326693,18,1,2025-01-08 00:46:24.000000
DEV_c370479a30,9,1,2025-01-23 04:29:43.000000
DEV_c372458ba5,12,1,2025-01-14 11:04:19.000000
DEV_c37392316b,11,1,2025-01-01 14:20:06.000000
DEV_c37a12bbdf,13,1,2025-01-13 23:11:00.000000
DEV_c37d21d8a3,12,1,2025-01-24 07:12:47.000000
DEV_c38431f4b6,8,1,2025-03-03 22:55:37.000000
DEV_c38cd80c68,16,1,2025-01-03 03:36:00.000000
DEV_c39353a3ea,10,1,2025-01-07 01:42:15.000000
DEV_c3a15a01b8,17,1,2025-01-23 14:05:48.000000
DEV_c3af8103c9,15,1,2025-01-03 03:32:23.000000
DEV_c3b3258a96,3,1,2025-05-29 18:45:22.733700
DEV_c3b34e6334,8,1,2025-01-27 02:46:45.000000
DEV_c3d587b88e,1,1,2025-03-15 09:35:31.000000
DEV_c3dfcd1049,11,1,2025-03-03 20:56:32.000000
DEV_c3e87f1c5d,6,1,2025-01-18 16:33:23.000000
DEV_c3eb5b86be,10,1,2025-01-08 22:31:38.000000
DEV_c3f11679d6,11,1,2025-02-05 20:26:35.000000
DEV_c3f566ed64,15,1,2025-01-25 14:01:20.000000
DEV_c3f5d56eea,14,1,2025-01-18 06:37:43.000000
DEV_c400218580,14,1,2025-01-13 02:04:40.000000
DEV_c41098ef59,17,1,2025-01-08 18:04:55.000000
DEV_c4252841e0,7,1,2025-02-14 07:07:24.000000
DEV_c4292564bf,18,1,2025-01-06 06:06:59.000000
DEV_c42eda2385,13,1,2025-02-22 16:37:47.000000
DEV_c43727c8ff,22,1,2025-01-06 12:48:38.000000
DEV_c43a88ca05,11,1,2025-02-20 21:23:00.000000
DEV_c443413b9d,9,1,2025-02-12 12:44:03.000000
DEV_c449d62549,12,1,2025-01-28 03:35:30.000000
DEV_c44b80a4fd,13,1,2025-01-07 08:30:56.000000
DEV_c45322e59a,7,1,2025-05-19 16:23:45.000000
DEV_c453d1347f,13,1,2025-01-11 20:59:22.000000
DEV_c45552d006,13,1,2025-01-02 06:34:59.000000
DEV_c45c985822,19,1,2025-01-01 02:59:20.000000
DEV_c45cd7f594,7,1,2025-01-22 13:33:58.000000
DEV_c46c14e734,5,1,2025-01-18 08:50:44.000000
DEV_c46edf2131,15,1,2025-01-05 08:16:12.000000
DEV_c47da9e3e5,9,1,2025-01-01 01:38:34.000000
DEV_c47f82c841,9,1,2025-01-27 07:25:13.000000
DEV_c48148720c,12,1,2025-01-13 05:29:36.000000
DEV_c482a82ecc,20,1,2025-03-04 06:24:25.000000
DEV_c48303c19c,9,1,2025-01-27 14:51:18.000000
DEV_c49f6022c7,3,1,2025-06-22 14:49:13.000000
DEV_c4a1382a27,9,1,2025-03-06 04:55:56.000000
DEV_c4a373b641,9,1,2025-01-17 12:20:08.000000
DEV_c4a8ea3444,12,1,2025-01-05 21:09:59.000000
DEV_c4b0c15f34,7,1,2025-02-22 02:41:00.000000
DEV_c4c1ba2f0a,11,1,2025-01-10 05:41:38.000000
DEV_c4c761fdc9,10,1,2025-01-19 15:02:20.000000
DEV_c4d8b85dc9,9,1,2025-01-06 10:54:25.000000
DEV_c4d9b86de5,15,1,2025-02-02 10:26:38.000000
DEV_c4df7afadf,18,1,2025-01-22 04:05:59.000000
DEV_c4fa2a0d93,13,1,2025-01-08 15:00:33.000000
DEV_c4fbea534c,8,1,2025-02-27 00:00:16.000000
DEV_c50b90d717,8,1,2025-04-04 10:58:51.000000
DEV_c50ddf3239,12,1,2025-02-16 22:01:15.000000
DEV_c51567674f,11,1,2025-01-03 17:09:17.000000
DEV_c51ff3cdb3,25,1,2025-01-19 04:56:30.000000
DEV_c523e9f8ab,14,1,2025-02-26 06:49:02.000000
DEV_c5298b6291,10,1,2025-03-31 15:16:30.000000
DEV_c53676e452,6,1,2025-03-21 22:50:55.000000
DEV_c559e632b5,20,1,2025-01-31 14:21:44.000000
DEV_c56721d063,13,1,2025-02-11 21:21:13.000000
DEV_c574a331dd,7,1,2025-01-10 13:03:13.000000
DEV_c5753a315c,8,1,2025-01-12 02:54:54.000000
DEV_c57c47299a,15,1,2025-01-12 03:01:07.000000
DEV_c57cf994a8,13,1,2025-01-13 05:57:59.000000
DEV_c57f985f1f,12,1,2025-04-03 23:31:44.000000
DEV_c5941aa3aa,13,1,2025-01-03 12:31:14.000000
DEV_c59a6f132c,12,1,2025-01-07 13:15:25.000000
DEV_c59f324e52,2,1,2025-02-15 17:12:01.000000
DEV_c5a55d8453,9,1,2025-02-13 07:56:24.000000
DEV_c5c3d50552,14,1,2025-02-13 18:38:57.000000
DEV_c5c9922a4c,1,1,2025-05-22 03:18:13.000000
DEV_c5d0d5b0fc,5,3,2025-08-07 21:06:58.466704
DEV_c5d38f8a9b,11,1,2025-01-11 18:29:28.000000
DEV_c5d64e1722,6,1,2025-02-09 11:49:21.000000
DEV_c5d936f303,14,1,2025-01-27 11:29:29.000000
DEV_c5da10359b,6,1,2025-01-21 19:56:19.000000
DEV_c5f23d8d43,11,1,2025-01-26 20:32:23.000000
DEV_c5fc7b45f9,15,1,2025-01-09 05:11:12.000000
DEV_c5fe338e7b,19,1,2025-01-15 15:44:26.000000
DEV_c60b621a35,8,1,2025-01-08 01:39:32.000000
DEV_c6281a0bbf,13,1,2025-01-27 00:43:37.000000
DEV_c62a81bae2,11,1,2025-03-09 04:52:47.000000
DEV_c62eb5a133,1,1,2025-06-07 10:08:00.000000
DEV_c630869485,9,1,2025-01-14 01:04:41.000000
DEV_c631c7a2a8,9,1,2025-01-23 16:28:10.000000
DEV_c643d80b24,1,1,2025-06-20 21:08:10.000000
DEV_c65c50fe89,15,1,2025-01-01 09:44:42.000000
DEV_c65e575c2f,17,1,2025-01-17 22:23:28.000000
DEV_c65f89579a,14,1,2025-02-13 23:42:02.000000
DEV_c66dc47a08,32,1,2025-01-13 21:38:45.000000
DEV_c6700c9ddb,8,1,2025-01-15 11:35:23.000000
DEV_c6750ddf55,11,1,2025-01-18 23:22:34.000000
DEV_c689c6dc92,11,1,2025-01-02 12:34:21.000000
DEV_c68a7dd402,7,1,2025-01-20 04:24:54.000000
DEV_c68c37f586,13,1,2025-01-20 21:56:21.000000
DEV_c6904749cd,9,1,2025-01-13 07:35:53.000000
DEV_c69691b6b1,13,1,2025-01-18 23:54:28.000000
DEV_c69f16eca1,1,1,2025-10-06 09:26:12.000000
DEV_c6a45fa2b9,8,1,2025-01-04 17:52:43.000000
DEV_c6af54e8e1,14,1,2025-01-24 10:27:38.000000
DEV_c6b43a87c1,13,1,2025-02-13 07:39:52.000000
DEV_c6ba309556,16,1,2025-01-08 11:58:25.000000
DEV_c6bf9afb36,10,1,2025-01-07 10:37:11.000000
DEV_c6d1ee0f3f,11,1,2025-01-04 08:02:17.000000
DEV_c6def59ae5,9,1,2025-01-24 02:37:14.000000
DEV_c6e42c9b2b,12,1,2025-01-07 02:04:38.000000
DEV_c6fa1e6754,10,1,2025-01-07 03:31:33.000000
DEV_c6fb5a3ee7,13,1,2025-01-17 05:04:35.000000
DEV_c70881d7c7,20,1,2025-01-18 08:03:20.000000
DEV_c7154a7428,13,1,2025-01-11 13:17:39.000000
DEV_c717127c39,1,1,2025-09-19 02:19:39.000000
DEV_c71ae48439,14,1,2025-01-04 20:21:51.000000
DEV_c71f7d21c9,16,1,2025-01-18 02:16:38.000000
DEV_c725480ef8,10,1,2025-01-03 05:19:44.000000
DEV_c72a347c91,17,1,2025-01-10 18:58:38.000000
DEV_c72fae6418,17,1,2025-01-02 11:38:00.000000
DEV_c73bb3fc3c,13,1,2025-01-01 13:39:51.000000
DEV_c73dcc7e1b,10,1,2025-01-06 05:35:56.000000
DEV_c745e30715,16,1,2025-01-04 15:53:41.000000
DEV_c747bd88f7,12,5,2025-10-08 10:39:28.324526
DEV_c7587bafbe,10,1,2025-02-11 08:39:29.000000
DEV_c75b2ec44c,13,1,2025-01-21 17:28:28.000000
DEV_c75d68f56c,9,1,2025-04-03 15:27:27.000000
DEV_c75ee8b797,12,1,2025-01-03 08:23:45.000000
DEV_c75ee95f75,11,1,2025-01-01 09:57:24.000000
DEV_c770e82163,13,1,2025-01-12 15:50:51.000000
DEV_c7784bb468,12,1,2025-01-07 23:40:43.000000
DEV_c7800665bf,15,1,2025-01-05 22:17:36.000000
DEV_c7966e3c47,11,1,2025-01-08 13:10:47.000000
DEV_c797beabf7,11,1,2025-01-28 11:46:42.000000
DEV_c7991ba6a5,18,1,2025-01-04 01:14:54.000000
DEV_c7a10d7784,10,1,2025-01-13 10:53:17.000000
DEV_c7b79cb3d8,12,1,2025-01-08 09:38:29.000000
DEV_c7be9af875,11,1,2025-01-04 20:29:14.000000
DEV_c7bfc3f56c,11,1,2025-04-03 13:53:17.000000
DEV_c7d352f867,11,1,2025-01-07 02:26:17.000000
DEV_c7dba7007a,13,1,2025-01-11 21:58:57.000000
DEV_c7dc022921,11,1,2025-01-16 01:04:41.000000
DEV_c7dce5a907,13,1,2025-01-06 23:17:50.000000
DEV_c7df1c94e5,8,1,2025-02-04 05:51:43.000000
DEV_c7e0bc466a,14,1,2025-03-04 02:24:11.000000
DEV_c7ea30e3a6,13,1,2025-01-28 03:46:32.000000
DEV_c7ecf9cd19,13,1,2025-01-01 21:07:31.000000
DEV_c7f5b99075,20,1,2025-01-16 21:54:56.000000
DEV_c7fdfd697a,15,1,2025-01-20 15:46:36.000000
DEV_c7ff11c1ce,12,1,2025-01-03 09:39:45.000000
DEV_c801b844f3,7,1,2025-01-11 04:26:59.000000
DEV_c802e62ed3,13,1,2025-03-09 21:21:49.000000
DEV_c80576eb77,10,1,2025-03-23 01:22:17.000000
DEV_c807d9d0f8,13,1,2025-02-20 17:40:45.000000
DEV_c813dd50d2,11,1,2025-01-01 08:43:04.000000
DEV_c81c2e7556,14,1,2025-01-05 19:23:07.000000
DEV_c8200c2d78,12,1,2025-01-06 08:13:46.000000
DEV_c8218d927f,11,1,2025-01-09 10:18:08.000000
DEV_c829f27bb2,15,1,2025-01-19 19:22:53.000000
DEV_c83078ca23,15,1,2025-01-31 13:18:22.000000
DEV_c83327e496,8,1,2025-02-14 01:10:39.000000
DEV_c83937732b,14,1,2025-01-02 12:21:36.000000
DEV_c83b022076,14,1,2025-04-11 02:49:28.000000
DEV_c8479546d8,13,1,2025-01-04 18:07:35.000000
DEV_c854c57b4e,10,1,2025-03-27 19:37:52.000000
DEV_c856ee4dc0,20,1,2025-03-12 02:48:24.000000
DEV_c86005e3e4,13,1,2025-02-05 12:55:55.000000
DEV_c86114a9dd,12,1,2025-02-22 00:42:49.000000
DEV_c862f95a28,1,1,2025-06-30 11:41:58.000000
DEV_c86d3b20da,9,1,2025-01-07 22:51:23.000000
DEV_c879b94d17,11,1,2025-02-05 15:57:31.000000
DEV_c88bfddf56,10,1,2025-01-06 12:24:25.000000
DEV_c88c309d38,11,1,2025-01-10 00:06:51.000000
DEV_c8957a4779,12,1,2025-01-25 09:47:02.000000
DEV_c8a9514f39,9,1,2025-01-02 00:04:05.000000
DEV_c8ab6da0ee,14,1,2025-01-21 16:12:31.000000
DEV_c8cd72056d,9,1,2025-02-03 11:36:28.000000
DEV_c8dd55a0be,13,1,2025-01-31 15:09:17.000000
DEV_c8e745c621,16,1,2025-01-03 00:19:37.000000
DEV_c8e7f066d4,6,1,2025-01-20 16:46:46.000000
DEV_c8ec648053,8,1,2025-01-19 09:01:18.000000
DEV_c9099d79c9,13,1,2025-01-08 07:42:31.000000
DEV_c90e5d38bf,17,1,2025-01-17 22:36:12.000000
DEV_c90ff64877,13,1,2025-02-09 08:50:53.000000
DEV_c912d62d5d,13,1,2025-01-07 18:03:25.000000
DEV_c91a3ebbcd,11,1,2025-02-04 07:33:46.000000
DEV_c91bf44266,8,1,2025-01-15 01:21:15.000000
DEV_c924e26b1f,12,1,2025-01-13 23:21:52.000000
DEV_c92ae68feb,18,1,2025-02-18 10:59:39.000000
DEV_c92ec1f86f,18,1,2025-01-08 04:12:31.000000
DEV_c93481fbc1,9,1,2025-02-04 19:51:24.000000
DEV_c94541a510,12,1,2025-01-24 08:54:51.000000
DEV_c945d7d713,11,1,2025-01-18 00:57:39.000000
DEV_c94ba0ec51,7,1,2025-02-08 14:40:13.000000
DEV_c9504698fc,18,1,2025-01-25 00:54:15.000000
DEV_c957873ca6,8,1,2025-01-05 23:05:51.000000
DEV_c96e2da92c,20,1,2025-01-11 16:27:15.000000
DEV_c9757ede24,7,1,2025-03-14 00:04:52.000000
DEV_c980884d7f,7,1,2025-01-26 01:22:19.000000
DEV_c988c0fb25,9,1,2025-05-11 12:15:49.000000
DEV_c98dd024f0,13,1,2025-01-23 01:27:48.000000
DEV_c98f4e4809,8,1,2025-02-02 06:56:34.000000
DEV_c9a041c2f5,9,1,2025-01-14 02:19:20.000000
DEV_c9a18d5fe2,9,1,2025-02-27 19:25:04.000000
DEV_c9a5435b00,13,1,2025-01-21 21:08:08.000000
DEV_c9aff5db1a,7,1,2025-02-20 12:09:04.000000
DEV_c9b07cdb09,9,1,2025-01-26 13:42:47.000000
DEV_c9b0f7c33e,2,1,2025-07-20 07:11:33.000000
DEV_c9b1c59225,12,1,2025-03-10 11:07:44.000000
DEV_c9b21b8b20,6,1,2025-02-19 04:59:54.000000
DEV_c9b7138730,20,1,2025-01-10 08:11:46.000000
DEV_c9b836badd,9,1,2025-01-24 02:27:45.000000
DEV_c9b8f52152,2,1,2025-02-05 23:25:36.000000
DEV_c9d305dd00,14,1,2025-01-05 02:06:39.000000
DEV_c9dc7a5956,17,1,2025-01-21 17:55:36.000000
DEV_c9e818b92e,7,1,2025-02-12 07:20:06.000000
DEV_c9f3ae3190,15,1,2025-01-20 01:52:58.000000
DEV_ca05e14bbc,9,1,2025-01-17 02:06:28.000000
DEV_ca120b3fed,13,1,2025-02-21 18:56:19.000000
DEV_ca1cf1b72c,12,1,2025-02-20 02:59:36.000000
DEV_ca262b6822,17,1,2025-01-10 05:07:33.000000
DEV_ca47cb526f,13,1,2025-03-16 15:21:19.000000
DEV_ca497672da,22,1,2025-01-13 05:40:36.000000
DEV_ca58f9bfeb,18,1,2025-02-23 01:18:18.000000
DEV_ca5cc123f3,1,1,2025-08-31 14:14:43.000000
DEV_ca604df4bc,6,1,2025-01-28 06:36:50.000000
DEV_ca6404b331,11,1,2025-02-11 08:35:03.000000
DEV_ca6b4b23f2,16,1,2025-01-09 19:27:07.000000
DEV_ca7d474e8e,12,1,2025-01-03 14:04:01.000000
DEV_ca87995230,16,1,2025-02-10 05:46:56.000000
DEV_caa68a4991,6,1,2025-03-17 04:39:45.000000
DEV_caa7c08140,10,1,2025-01-13 19:57:38.000000
DEV_cabd9476c3,14,1,2025-01-07 14:08:28.000000
DEV_cac16c279d,8,1,2025-02-15 17:14:26.000000
DEV_cac1d11578,1,1,2025-05-14 04:14:59.000000
DEV_cac39bf3ef,12,1,2025-01-08 11:36:41.000000
DEV_cac3dc702f,6,1,2025-01-09 08:54:13.000000
DEV_cacd947568,5,1,2025-01-18 02:05:21.000000
DEV_cad0bbef3a,8,1,2025-01-14 20:24:37.000000
DEV_cad2de43a0,10,1,2025-01-06 18:27:45.000000
DEV_cae8049f53,11,1,2025-01-24 16:30:31.000000
DEV_caeb015aed,16,1,2025-01-04 02:25:14.000000
DEV_caf37a645a,11,1,2025-01-15 22:41:34.000000
DEV_caf3b3b431,13,1,2025-02-27 23:34:15.000000
DEV_caf42d1e47,9,1,2025-01-18 23:54:14.000000
DEV_caf673ccbb,12,1,2025-02-05 02:06:01.000000
DEV_cb06c480fe,7,1,2025-01-05 15:52:15.000000
DEV_cb27474777,2,1,2025-08-16 05:53:31.000000
DEV_cb28789cbf,8,1,2025-03-12 06:17:14.000000
DEV_cb2a2cab87,11,1,2025-01-26 06:13:05.000000
DEV_cb349b9496,20,1,2025-01-09 16:26:01.000000
DEV_cb35e32ff4,10,1,2025-01-02 11:38:17.000000
DEV_cb3d60c8a2,10,1,2025-01-05 06:47:27.000000
DEV_cb4621df90,13,1,2025-01-11 01:30:23.000000
DEV_cb4c9b0874,11,1,2025-01-24 14:43:52.000000
DEV_cb524771d3,13,1,2025-01-15 00:07:50.000000
DEV_cb557359a2,11,1,2025-03-04 01:46:51.000000
DEV_cb5a5ee259,13,1,2025-02-07 15:00:19.000000
DEV_cb670ce887,13,1,2025-01-12 12:02:04.000000
DEV_cb6af64234,13,1,2025-01-25 21:36:13.000000
DEV_cb720543e8,10,1,2025-01-25 01:00:37.000000
DEV_cb85e362b7,6,1,2025-01-27 08:47:51.000000
DEV_cb8bf3c5c6,9,1,2025-01-02 18:03:19.000000
DEV_cb8eb4e9e5,12,1,2025-02-09 18:18:38.000000
DEV_cb9356a2c2,20,1,2025-01-05 20:04:16.000000
DEV_cb97dd8830,15,1,2025-01-27 13:22:16.000000
DEV_cb9fd86f83,16,1,2025-01-10 07:25:52.000000
DEV_cba04f26ee,5,1,2025-03-10 15:55:42.000000
DEV_cba07f4d9f,8,1,2025-03-02 03:24:30.000000
DEV_cba5e19401,13,1,2025-01-03 07:56:09.000000
DEV_cbabc14bfa,11,1,2025-03-22 12:43:26.000000
DEV_cbb2f6e5f2,1,1,2025-10-13 22:47:01.000000
DEV_cbbc852d7d,8,1,2025-01-15 16:14:49.000000
DEV_cbc3d9cd35,9,1,2025-01-30 04:51:17.000000
DEV_cbc572aaca,9,1,2025-01-17 03:29:38.000000
DEV_cbcee2c212,10,1,2025-03-02 18:36:41.000000
DEV_cbe0eadc77,12,1,2025-02-08 05:04:38.000000
DEV_cbe19bc7df,14,1,2025-01-14 02:25:27.000000
DEV_cbef83942a,8,1,2025-03-28 15:12:17.000000
DEV_cbef8d6123,9,1,2025-01-01 11:35:10.000000
DEV_cbf24ed7df,14,1,2025-01-29 01:12:01.000000
DEV_cbf89a9a90,14,1,2025-01-11 14:38:54.000000
DEV_cc059fcbed,16,1,2025-01-07 11:07:50.000000
DEV_cc0ed61cc3,9,1,2025-02-09 17:57:30.000000
DEV_cc25220081,12,1,2025-02-06 19:29:07.000000
DEV_cc2af47665,12,1,2025-01-07 16:25:34.000000
DEV_cc2bf827ad,12,1,2025-02-11 21:21:27.000000
DEV_cc3029fcdc,13,1,2025-01-22 07:41:07.000000
DEV_cc32fc8829,10,1,2025-01-07 08:44:22.000000
DEV_cc36899b8d,14,1,2025-01-17 23:47:02.000000
DEV_cc3ed1906e,7,1,2025-01-25 04:20:56.000000
DEV_cc41283f3e,13,1,2025-01-04 01:14:26.000000
DEV_cc42f05f20,17,1,2025-01-05 16:55:45.000000
DEV_cc46ce5b9b,10,1,2025-03-05 06:52:56.000000
DEV_cc47deee23,11,1,2025-01-05 18:51:51.000000
DEV_cc5027d121,13,1,2025-01-31 02:36:59.000000
DEV_cc629cc425,7,1,2025-01-30 08:36:39.000000
DEV_cc6ae2e9c4,10,1,2025-01-05 01:49:24.000000
DEV_cc764b5546,10,1,2025-01-17 20:54:50.000000
DEV_cc79abd7cc,13,1,2025-02-01 23:41:10.000000
DEV_ccafba2809,7,1,2025-02-20 12:50:05.000000
DEV_ccb315d3b8,6,1,2025-01-30 05:02:48.000000
DEV_ccbb711ab2,6,1,2025-03-07 00:08:06.000000
DEV_ccc540aae6,10,1,2025-01-29 11:32:26.000000
DEV_ccd1246d13,15,1,2025-01-01 23:18:32.000000
DEV_ccd52251c0,1,1,2025-02-27 10:12:47.000000
DEV_cce37c9443,26,10,2025-07-12 03:01:50.021655
DEV_cced0181fc,12,1,2025-01-09 21:10:06.000000
DEV_ccefb8bb90,18,1,2025-01-03 14:17:30.000000
DEV_ccf52f7327,12,1,2025-01-02 01:15:56.000000
DEV_cd0123cb39,10,1,2025-02-27 01:34:32.000000
DEV_cd066424b4,16,1,2025-01-16 17:08:56.000000
DEV_cd081daf6b,10,1,2025-01-20 03:57:10.000000
DEV_cd08c5bb58,12,1,2025-01-04 10:36:14.000000
DEV_cd09906c7d,9,1,2025-01-27 21:43:12.000000
DEV_cd0aa9a117,6,1,2025-01-27 19:53:28.000000
DEV_cd105a9df3,13,1,2025-02-18 17:52:14.000000
DEV_cd16d1252f,6,1,2025-02-15 17:05:09.000000
DEV_cd1c7aa50c,12,1,2025-01-16 00:04:04.000000
DEV_cd1c944c3e,14,1,2025-03-10 21:21:38.000000
DEV_cd1e686924,7,1,2025-03-01 00:39:40.000000
DEV_cd1f36c2e4,14,1,2025-01-15 02:05:44.000000
DEV_cd242964c7,7,1,2025-01-13 05:33:18.000000
DEV_cd28817789,11,1,2025-01-26 08:29:25.000000
DEV_cd2f77cfaf,13,1,2025-02-24 17:32:39.000000
DEV_cd2f8d31ce,11,1,2025-01-09 09:41:06.000000
DEV_cd32729277,7,1,2025-01-18 13:40:00.000000
DEV_cd34dcbc98,1,1,2025-04-27 20:51:43.000000
DEV_cd3e574108,8,1,2025-04-12 23:22:41.000000
DEV_cd4ffcac58,10,1,2025-01-16 15:36:59.000000
DEV_cd506e54c9,10,1,2025-01-05 01:30:22.000000
DEV_cd580a66cd,11,1,2025-02-25 21:55:45.000000
DEV_cd5f666617,12,1,2025-01-14 15:00:13.000000
DEV_cd63d9f463,14,1,2025-01-19 22:26:50.000000
DEV_cd6bfbd678,12,1,2025-01-19 05:07:05.000000
DEV_cd768879cf,15,1,2025-02-01 12:35:49.000000
DEV_cd7b1185d8,8,1,2025-01-02 05:32:41.000000
DEV_cd9117916a,11,1,2025-03-30 22:45:38.000000
DEV_cd9f041b84,14,1,2025-02-07 13:28:56.000000
DEV_cd9f679e24,14,1,2025-01-05 07:04:54.000000
DEV_cd9f880f47,18,1,2025-01-26 17:50:00.000000
DEV_cda26421ff,4,1,2025-01-27 23:27:15.000000
DEV_cda34768d8,6,1,2025-02-27 01:31:54.000000
DEV_cda8cd3015,9,1,2025-01-06 02:28:57.000000
DEV_cdaa3ad0c7,16,1,2025-01-14 08:36:03.000000
DEV_cdb6c6fa0c,2,1,2025-07-14 01:24:47.000000
DEV_cdb7b63939,8,1,2025-01-09 00:37:33.000000
DEV_cdc8e5636a,15,1,2025-01-04 21:55:14.000000
DEV_cdcc691abf,25,1,2025-01-25 03:02:22.000000
DEV_cdce5de7e9,9,1,2025-02-16 13:05:06.000000
DEV_cde6077f72,14,1,2025-01-04 07:59:45.000000
DEV_cde69bf129,16,1,2025-01-01 04:46:45.000000
DEV_cdee98e291,17,1,2025-01-03 11:41:27.000000
DEV_cdeef31fe9,10,1,2025-02-17 20:02:24.000000
DEV_cdef48f88a,9,1,2025-01-13 23:33:46.000000
DEV_cdf3263061,14,1,2025-02-18 10:29:24.000000
DEV_cdf6a5b507,9,1,2025-01-30 04:26:08.000000
DEV_cdff7ce178,8,1,2025-01-13 03:26:40.000000
DEV_ce11f0f3a1,8,1,2025-03-09 16:23:55.000000
DEV_ce158cc558,17,1,2025-01-19 07:01:45.000000
DEV_ce20d7db1c,11,1,2025-01-09 07:31:51.000000
DEV_ce214d9e9e,13,1,2025-02-12 20:08:15.000000
DEV_ce254d31be,1,1,2025-06-29 13:51:17.000000
DEV_ce2ca4ef7e,13,1,2025-01-26 16:10:33.000000
DEV_ce2e60eb3c,22,1,2025-02-01 06:07:43.000000
DEV_ce31a1c81f,17,1,2025-01-20 23:37:07.000000
DEV_ce31a512b6,11,1,2025-01-13 21:21:23.000000
DEV_ce407779f2,13,1,2025-01-14 07:23:09.000000
DEV_ce437cc220,4,1,2025-01-29 16:03:17.000000
DEV_ce439ea54a,30,1,2025-01-11 13:38:41.000000
DEV_ce49c187dc,11,1,2025-01-02 04:30:44.000000
DEV_ce50d101f4,9,1,2025-02-12 19:21:03.000000
DEV_ce57724007,10,1,2025-01-25 21:59:44.000000
DEV_ce7323f2e2,18,1,2025-01-09 18:53:18.000000
DEV_ce76d2029f,15,1,2025-02-15 02:32:07.000000
DEV_ce78ce2bd0,9,1,2025-02-01 11:24:05.000000
DEV_ce78d48b46,11,1,2025-02-17 17:14:19.000000
DEV_ce7acf145b,16,1,2025-01-03 00:53:04.000000
DEV_ce807baff1,11,1,2025-01-03 16:20:19.000000
DEV_ce8566c921,11,1,2025-01-28 03:44:53.000000
DEV_ce88bfc06f,9,1,2025-01-14 00:39:53.000000
DEV_ce8ae3e399,13,1,2025-01-15 21:57:51.000000
DEV_ce96f577c0,14,1,2025-01-26 03:09:53.000000
DEV_cea9b4df53,11,1,2025-01-15 10:21:18.000000
DEV_ceab1fb6a2,16,1,2025-01-13 04:25:06.000000
DEV_cebb751d77,10,1,2025-04-11 20:05:13.000000
DEV_cebc6e461c,15,1,2025-02-05 01:19:52.000000
DEV_cebfd495bf,11,1,2025-01-24 23:04:59.000000
DEV_cec02e1a3b,12,1,2025-01-22 03:39:07.000000
DEV_cec700864b,5,1,2025-03-29 09:24:56.000000
DEV_cec7fb80b3,11,1,2025-02-02 12:26:25.000000
DEV_cec8778e5e,14,1,2025-02-25 09:01:34.000000
DEV_cecddd3ce5,1,1,2025-04-17 15:07:42.000000
DEV_cedf6ae973,11,1,2025-02-12 09:13:37.000000
DEV_cef1a2f642,17,1,2025-01-22 00:59:21.000000
DEV_cef75cd6b4,11,1,2025-02-20 15:12:04.000000
DEV_cefffa332f,4,1,2025-07-06 13:52:09.000000
DEV_cf004f2716,16,1,2025-02-13 16:20:02.000000
DEV_cf03dfe12d,13,1,2025-01-02 03:16:07.000000
DEV_cf0903ecb6,8,1,2025-01-02 00:51:00.000000
DEV_cf0c08031c,14,1,2025-02-17 07:05:12.000000
DEV_cf0c639472,13,1,2025-01-08 00:26:51.000000
DEV_cf222f20c3,9,1,2025-01-16 20:58:52.000000
DEV_cf283c4a8d,12,1,2025-01-02 20:21:48.000000
DEV_cf28ef5abb,7,1,2025-01-02 04:47:17.000000
DEV_cf3b14386c,13,1,2025-01-18 22:44:35.000000
DEV_cf3b6dee1b,10,1,2025-01-26 05:25:44.000000
DEV_cf3c818844,4,2,2025-06-19 18:12:44.313408
DEV_cf3cf9e22d,11,1,2025-01-17 02:12:03.000000
DEV_cf3f5b3cd4,7,1,2025-01-13 16:10:28.000000
DEV_cf411e9052,9,1,2025-01-10 09:39:44.000000
DEV_cf42836913,11,1,2025-02-10 11:09:59.000000
DEV_cf4646bf59,10,1,2025-01-07 14:03:15.000000
DEV_cf48011085,11,1,2025-01-11 00:38:50.000000
DEV_cf4fa23cdb,11,1,2025-01-17 18:45:49.000000
DEV_cf55b5c76c,13,1,2025-01-06 19:41:25.000000
DEV_cf589ae93a,11,1,2025-01-22 18:51:00.000000
DEV_cf58c68967,9,1,2025-02-12 22:17:00.000000
DEV_cf5b490071,12,1,2025-01-17 15:09:27.000000
DEV_cf68d19209,5,1,2025-01-16 11:43:20.000000
DEV_cf7600d48c,12,1,2025-01-02 09:52:27.000000
DEV_cf765f875f,16,1,2025-02-02 20:13:01.000000
DEV_cf76695d45,17,1,2025-01-04 14:24:50.000000
DEV_cf7a466ddb,16,1,2025-01-14 13:03:12.000000
DEV_cf9ffcadee,22,1,2025-01-01 10:29:50.000000
DEV_cfa009acd4,20,1,2025-01-10 15:30:13.000000
DEV_cfc7ea1cd4,8,1,2025-03-06 09:37:50.000000
DEV_cfca9fb1ec,11,1,2025-04-03 08:47:15.000000
DEV_cfe096fd8e,8,1,2025-02-20 15:06:00.000000
DEV_cfe6ccfeae,11,1,2025-01-23 17:35:33.000000
DEV_cfe8d39fe8,13,1,2025-01-10 18:47:12.000000
DEV_cffd5d4aca,14,1,2025-01-23 00:50:36.000000
DEV_cffee8f0d3,12,1,2025-01-14 16:45:49.000000
DEV_d00174aeeb,10,1,2025-02-21 22:16:37.000000
DEV_d00d69c30a,11,1,2025-01-03 01:30:12.000000
DEV_d00dadc00a,4,1,2025-01-14 06:48:55.000000
DEV_d01039d9f9,14,1,2025-01-28 04:15:33.000000
DEV_d011ce7f2d,13,1,2025-03-21 17:07:44.000000
DEV_d01a099934,10,1,2025-02-13 13:10:25.000000
DEV_d020bb771b,22,1,2025-01-17 19:43:08.000000
DEV_d0242051a7,15,1,2025-01-14 21:43:33.000000
DEV_d03023d015,13,1,2025-01-14 16:46:43.000000
DEV_d039714244,16,1,2025-01-04 01:04:22.000000
DEV_d041c53f4a,11,1,2025-01-12 12:51:36.000000
DEV_d0494f0936,12,1,2025-01-19 23:52:50.000000
DEV_d04cbc77f3,8,1,2025-02-15 19:17:48.000000
DEV_d04cc6ecde,1,1,2025-02-20 23:45:35.000000
DEV_d04f61a77b,11,1,2025-01-11 03:13:28.000000
DEV_d055c24dc1,18,1,2025-02-17 10:11:19.000000
DEV_d05ab16856,10,1,2025-03-28 12:57:55.000000
DEV_d05d8e0ad0,12,1,2025-01-08 14:06:28.000000
DEV_d0608e393f,14,1,2025-01-15 13:04:08.000000
DEV_d06859f560,13,1,2025-01-01 07:14:08.000000
DEV_d06d8346e1,11,1,2025-01-08 17:57:52.000000
DEV_d06fe79aa1,9,1,2025-01-27 05:45:49.000000
DEV_d07c9dd6ca,17,1,2025-01-03 23:01:15.000000
DEV_d07ff42fb3,12,1,2025-01-06 16:47:58.000000
DEV_d083e09dd5,15,1,2025-01-05 16:02:53.000000
DEV_d0bf9f1ea7,10,1,2025-03-21 07:46:50.000000
DEV_d0c025833a,17,1,2025-01-02 06:33:56.000000
DEV_d0c519dc2a,12,1,2025-01-04 02:56:59.000000
DEV_d0d3265ec0,7,1,2025-05-29 07:27:19.000000
DEV_d0e34a9d79,2,1,2025-08-31 11:55:40.000000
DEV_d0e58b7209,12,1,2025-01-18 10:27:46.000000
DEV_d0e85790d6,15,1,2025-01-06 17:06:14.000000
DEV_d0f0405595,10,1,2025-01-28 10:24:17.000000
DEV_d0f22c85ce,14,1,2025-01-21 09:13:55.000000
DEV_d0f2599635,14,1,2025-01-28 19:04:21.000000
DEV_d0f3f3a081,15,1,2025-01-27 10:57:54.000000
DEV_d0fff27c43,13,1,2025-02-24 22:33:04.000000
DEV_d100cf55e6,7,1,2025-04-08 09:35:23.000000
DEV_d10dc0b9d7,16,1,2025-01-16 06:22:32.000000
DEV_d11b20fa58,13,1,2025-01-06 19:14:16.000000
DEV_d121d13eb3,12,1,2025-01-25 10:45:00.000000
DEV_d124f2909f,3,1,2025-01-24 05:20:58.000000
DEV_d12f51ea27,14,1,2025-01-24 23:30:47.000000
DEV_d1357c0508,18,6,2025-05-10 15:43:13.799091
DEV_d1423875fd,8,1,2025-02-02 20:27:27.000000
DEV_d1465a97a7,13,1,2025-01-19 04:11:19.000000
DEV_d16084236b,10,1,2025-01-30 11:34:22.000000
DEV_d16c1a433c,13,1,2025-01-10 03:41:02.000000
DEV_d16efd5d75,12,1,2025-01-03 06:42:33.000000
DEV_d1750992e5,12,1,2025-04-13 00:47:03.000000
DEV_d1858768c3,11,1,2025-01-24 14:26:56.000000
DEV_d187fb5234,12,1,2025-02-17 02:55:49.000000
DEV_d18b118f83,10,1,2025-01-14 01:54:12.000000
DEV_d1906a7936,10,1,2025-01-01 08:12:59.000000
DEV_d19ab33e9e,11,1,2025-01-07 07:42:21.000000
DEV_d1a140aa49,7,1,2025-02-05 02:22:31.000000
DEV_d1a1baddcf,14,1,2025-01-04 04:33:54.000000
DEV_d1a6a8e733,6,1,2025-01-26 22:43:37.000000
DEV_d1aa615017,9,1,2025-01-04 09:01:36.000000
DEV_d1b07c2444,9,1,2025-03-26 21:57:59.000000
DEV_d1baa9f708,13,1,2025-01-11 09:39:28.000000
DEV_d1bbb51930,12,1,2025-01-13 15:04:29.000000
DEV_d1bf5715ea,13,1,2025-01-02 02:45:51.000000
DEV_d1d3f53da2,13,1,2025-01-02 13:51:11.000000
DEV_d1d48346ee,12,1,2025-01-17 12:06:50.000000
DEV_d1da73b542,20,1,2025-01-02 00:44:12.000000
DEV_d1db532553,11,1,2025-01-01 01:51:58.000000
DEV_d1df44f5f4,11,1,2025-01-03 04:41:53.000000
DEV_d1e5de9752,14,1,2025-01-03 09:58:23.000000
DEV_d1ec3a2aeb,14,1,2025-01-03 10:36:52.000000
DEV_d1f115983d,12,1,2025-01-14 18:16:28.000000
DEV_d1f6c06109,8,1,2025-01-31 07:37:49.000000
DEV_d1f81a8dd3,12,1,2025-01-29 04:45:16.000000
DEV_d20fef7550,17,1,2025-01-24 07:39:49.000000
DEV_d21ca2deec,15,1,2025-01-20 08:41:43.000000
DEV_d220a6e221,11,1,2025-01-25 21:00:34.000000
DEV_d222e4a0d8,15,1,2025-01-25 18:01:59.000000
DEV_d227d33dff,12,1,2025-02-28 06:08:20.000000
DEV_d22a65b9b5,31,1,2025-01-07 06:34:21.000000
DEV_d22e36faf2,12,1,2025-03-15 06:40:59.000000
DEV_d24859d6e3,17,1,2025-01-13 10:17:08.000000
DEV_d24af28ae4,9,1,2025-03-13 05:03:53.000000
DEV_d24e3255e2,14,1,2025-01-20 03:34:40.000000
DEV_d252bda62c,17,1,2025-01-13 01:46:16.000000
DEV_d25a641846,12,1,2025-01-15 08:43:18.000000
DEV_d271f309ce,24,1,2025-01-03 21:00:42.000000
DEV_d2833e07c3,13,1,2025-01-06 07:27:46.000000
DEV_d28c6c8b45,13,1,2025-01-16 13:05:22.000000
DEV_d291a6903f,13,1,2025-02-07 02:11:52.000000
DEV_d291fe4b81,14,1,2025-04-08 04:24:43.000000
DEV_d29273991e,20,1,2025-02-17 20:55:18.000000
DEV_d293db5d02,21,1,2025-01-02 04:19:29.000000
DEV_d2978a5456,11,1,2025-02-18 17:19:14.000000
DEV_d2984e26ae,23,1,2025-01-06 12:06:42.000000
DEV_d2a9f726d5,15,1,2025-03-19 23:47:46.000000
DEV_d2ad5c3ab1,15,1,2025-01-09 02:38:10.000000
DEV_d2ae225df3,2,1,2025-09-29 23:24:20.000000
DEV_d2ae519db5,9,1,2025-03-08 09:49:52.000000
DEV_d2af530fbe,9,1,2025-04-22 00:28:12.000000
DEV_d2b3be0b43,18,1,2025-01-20 16:57:46.000000
DEV_d2b8c024e8,10,1,2025-03-04 17:34:43.000000
DEV_d2bd40bb12,12,1,2025-01-01 08:29:45.000000
DEV_d2bffd61de,14,1,2025-01-16 20:54:07.000000
DEV_d2c4d5f21a,11,1,2025-01-28 19:13:04.000000
DEV_d2c6719dc9,7,1,2025-04-20 20:34:01.000000
DEV_d2caca2f76,11,1,2025-01-08 22:12:34.000000
DEV_d2cbcb4e7d,8,1,2025-01-07 21:14:55.000000
DEV_d2dd2ef152,1,1,2025-02-03 20:59:43.000000
DEV_d2e074a36c,13,1,2025-01-03 08:41:08.000000
DEV_d2e9249188,11,1,2025-02-10 03:03:16.000000
DEV_d2ec039774,6,1,2025-01-23 01:14:38.000000
DEV_d2fb7f6713,12,1,2025-01-10 05:22:55.000000
DEV_d2ffbc6a6d,8,1,2025-03-08 06:40:19.000000
DEV_d30042c3c9,1,1,2025-09-01 11:48:11.000000
DEV_d303960103,9,1,2025-02-13 19:12:07.000000
DEV_d310821711,16,1,2025-01-08 21:37:05.000000
DEV_d312644752,7,1,2025-01-12 10:21:41.000000
DEV_d31bf7ffdb,13,1,2025-01-06 07:43:14.000000
DEV_d324f90b5b,16,1,2025-01-09 19:33:10.000000
DEV_d327bf2e82,14,1,2025-01-06 11:57:53.000000
DEV_d32b25eb6e,9,1,2025-02-09 11:44:57.000000
DEV_d32e5eb652,7,1,2025-01-05 06:20:41.000000
DEV_d330702b60,12,1,2025-03-13 13:17:58.000000
DEV_d333c82c65,22,1,2025-01-15 18:48:24.000000
DEV_d33580c53f,10,1,2025-01-14 04:29:08.000000
DEV_d33825cc2b,12,1,2025-01-25 17:11:07.000000
DEV_d33fc3ec61,12,1,2025-01-08 22:56:14.000000
DEV_d3412e208b,7,1,2025-02-03 15:33:52.000000
DEV_d348bc3817,9,1,2025-01-17 13:12:40.000000
DEV_d35a994e6b,17,1,2025-01-11 23:17:51.000000
DEV_d360619b06,9,1,2025-02-14 16:49:41.000000
DEV_d3632361fc,12,1,2025-01-09 22:26:04.000000
DEV_d36f0f5b94,8,1,2025-01-09 16:54:20.000000
DEV_d3715587df,11,1,2025-01-11 03:35:18.000000
DEV_d373ecdaeb,15,1,2025-01-21 18:10:54.000000
DEV_d3782fb795,9,1,2025-01-21 16:10:28.000000
DEV_d38161064f,13,1,2025-01-09 22:46:25.000000
DEV_d38bad5190,15,1,2025-02-21 10:47:53.000000
DEV_d398c08b31,1,1,2025-10-06 08:33:03.000000
DEV_d39aa8fd78,2,1,2025-09-11 00:57:54.000000
DEV_d3a023d30e,19,1,2025-01-30 21:27:15.000000
DEV_d3b70dc6c0,12,1,2025-01-11 16:22:22.000000
DEV_d3c628e52c,7,1,2025-01-26 17:53:22.000000
DEV_d3caecaee0,10,1,2025-01-07 14:43:36.000000
DEV_d3cc8495b9,3,1,2025-10-06 12:14:53.000000
DEV_d3cf96f5e1,10,1,2025-01-06 09:35:35.000000
DEV_d3d2a5c2ef,13,1,2025-01-20 23:27:19.000000
DEV_d3d7b4e816,10,1,2025-02-12 22:31:10.000000
DEV_d3e9c91d09,11,1,2025-02-14 23:08:43.000000
DEV_d3ef744262,1,1,2025-01-19 14:35:45.000000
DEV_d404e85c54,8,1,2025-01-22 02:12:30.000000
DEV_d40f4d50d7,17,1,2025-02-03 21:07:21.000000
DEV_d41bbe296b,10,1,2025-01-07 18:09:57.000000
DEV_d41c4c2132,10,1,2025-01-03 03:28:03.000000
DEV_d421cbf062,9,1,2025-01-13 20:16:14.000000
DEV_d43058b13d,1,1,2025-03-20 10:46:53.000000
DEV_d43cbababd,24,1,2025-01-14 09:43:36.000000
DEV_d44d388b6d,6,1,2025-01-31 21:04:22.000000
DEV_d4518d93d4,14,1,2025-02-22 18:40:26.000000
DEV_d45567946d,1,1,2025-05-20 20:46:54.000000
DEV_d457e6fb1a,10,1,2025-01-07 10:19:50.000000
DEV_d45866d0d1,7,1,2025-01-06 17:45:10.000000
DEV_d46327cf15,11,1,2025-02-04 23:55:29.000000
DEV_d46c1684d5,7,1,2025-02-10 14:01:37.000000
DEV_d48d6b8ab8,10,1,2025-01-03 14:00:14.000000
DEV_d49fe72fe1,36,1,2025-01-20 17:59:42.000000
DEV_d4ac1fe545,8,1,2025-01-05 23:08:03.000000
DEV_d4c32605a1,10,1,2025-01-01 19:45:07.000000
DEV_d4c83dd8be,9,1,2025-02-28 01:49:13.000000
DEV_d4cfa8a89a,10,1,2025-01-20 11:01:23.000000
DEV_d4d7fe7bee,10,1,2025-02-13 22:22:27.000000
DEV_d4d9fc2577,9,1,2025-01-02 04:15:23.000000
DEV_d4e0c8aac1,8,1,2025-01-26 19:24:50.000000
DEV_d4f560661a,17,1,2025-01-08 13:48:07.000000
DEV_d4fe1c3b38,11,1,2025-01-17 21:45:33.000000
DEV_d5060b7cf3,10,1,2025-02-08 23:22:29.000000
DEV_d50a4eb478,20,1,2025-01-02 05:13:04.000000
DEV_d50ec5bffa,20,1,2025-01-04 09:54:34.000000
DEV_d525c28904,9,1,2025-02-03 16:26:33.000000
DEV_d527c57dcd,13,1,2025-03-07 11:34:48.000000
DEV_d5289d2b27,11,1,2025-01-23 17:55:54.000000
DEV_d52e4c0c49,8,1,2025-01-29 13:23:20.000000
DEV_d53e6d6a7b,8,1,2025-01-27 00:11:55.000000
DEV_d5440044cd,16,1,2025-01-05 14:57:57.000000
DEV_d5454153b5,12,1,2025-01-23 18:59:47.000000
DEV_d547699fe0,7,1,2025-01-08 20:58:17.000000
DEV_d54f813369,12,1,2025-02-24 03:38:03.000000
DEV_d552295fe9,2,1,2025-06-05 04:02:42.000000
DEV_d5596c1575,7,1,2025-01-14 18:36:14.000000
DEV_d55bd3d319,9,1,2025-02-15 06:44:12.000000
DEV_d55d81b8a1,15,1,2025-01-05 11:44:59.000000
DEV_d563cdadab,25,1,2025-01-28 03:31:40.000000
DEV_d5669f180f,14,1,2025-01-04 06:37:33.000000
DEV_d56cbcf055,13,1,2025-01-11 04:43:17.000000
DEV_d56de33127,8,1,2025-01-19 23:51:01.000000
DEV_d56f5a4196,10,1,2025-01-08 06:05:15.000000
DEV_d570819ce1,9,1,2025-02-12 10:18:01.000000
DEV_d572b843ec,17,1,2025-02-27 22:53:20.000000
DEV_d5839b9ae1,9,1,2025-01-25 12:34:10.000000
DEV_d5905148f6,11,1,2025-01-23 19:37:09.000000
DEV_d593b7b5ee,1,1,2025-07-07 10:14:30.000000
DEV_d59553f23a,7,1,2025-02-11 17:16:26.000000
DEV_d59e5cb68f,18,1,2025-01-05 04:25:37.000000
DEV_d5aa3757da,12,1,2025-01-01 02:19:17.000000
DEV_d5af138e59,11,1,2025-02-10 08:44:42.000000
DEV_d5b007a961,2,1,2025-10-19 20:06:31.000000
DEV_d5b711e87b,7,1,2025-03-05 11:44:12.000000
DEV_d5c8256781,9,1,2025-01-25 04:48:50.000000
DEV_d5d82e65be,11,1,2025-01-10 10:57:39.000000
DEV_d5e6d7ee1c,5,1,2025-01-16 15:20:17.000000
DEV_d5f25c0759,6,1,2025-03-21 11:19:01.000000
DEV_d5f360c830,14,1,2025-01-25 20:09:54.000000
DEV_d5f6401531,11,1,2025-03-27 13:08:39.000000
DEV_d5f8c9f8ce,14,1,2025-01-15 14:32:53.000000
DEV_d609e08219,16,1,2025-01-31 15:03:21.000000
DEV_d60e80117c,8,1,2025-01-22 12:48:34.000000
DEV_d616ce8926,10,1,2025-02-12 00:14:48.000000
DEV_d6183fa360,10,1,2025-02-02 11:59:54.000000
DEV_d61c9e9a7a,12,1,2025-01-01 08:15:00.000000
DEV_d61f06e6c9,10,1,2025-01-06 01:20:54.000000
DEV_d632ac270c,9,1,2025-01-05 07:44:18.000000
DEV_d63379d9e4,12,4,2025-03-15 10:33:22.089162
DEV_d63628c624,10,1,2025-01-02 20:25:25.000000
DEV_d6366ac181,7,1,2025-01-07 19:26:45.000000
DEV_d651d29c1c,17,1,2025-01-17 08:00:06.000000
DEV_d654799a3a,15,1,2025-01-01 19:50:09.000000
DEV_d658881c11,9,1,2025-01-03 11:14:41.000000
DEV_d65a13dce8,16,1,2025-01-26 03:32:38.000000
DEV_d65ea8c505,6,1,2025-01-10 00:30:02.000000
DEV_d667b537e6,16,1,2025-01-26 08:53:39.000000
DEV_d66dde1011,7,1,2025-01-04 17:22:50.000000
DEV_d66eec9de7,5,3,2025-03-05 05:11:05.397719
DEV_d67404db5c,17,1,2025-02-16 20:38:20.000000
DEV_d67647dbb1,11,1,2025-01-03 18:12:19.000000
DEV_d692bc9fa6,10,1,2025-01-10 20:00:27.000000
DEV_d694aa5414,10,1,2025-01-21 12:37:59.000000
DEV_d69afa62fa,12,1,2025-01-29 12:05:52.000000
DEV_d69fdecc0d,3,1,2025-03-02 07:55:58.000000
DEV_d6a3868ad2,16,1,2025-02-09 17:47:56.000000
DEV_d6a65d1f61,9,1,2025-01-11 20:08:50.000000
DEV_d6af70d39d,11,6,2025-10-22 09:12:30.418467
DEV_d6bcda69a8,19,1,2025-02-02 22:48:32.000000
DEV_d6c15bfc49,6,1,2025-01-06 15:24:52.000000
DEV_d6c4d662f9,24,1,2025-01-20 06:40:40.000000
DEV_d6cbc13277,14,1,2025-01-15 17:58:38.000000
DEV_d6d9bcf9c9,11,1,2025-01-14 13:29:52.000000
DEV_d6df707aa5,10,1,2025-01-01 16:21:10.000000
DEV_d6e71698d0,1,1,2025-03-21 16:25:25.000000
DEV_d6ed037669,9,1,2025-03-06 07:25:57.000000
DEV_d6f225ebcb,2,1,2025-02-19 00:15:11.000000
DEV_d6f791e757,6,1,2025-01-10 00:35:18.000000
DEV_d6ff56bb67,9,1,2025-01-19 13:03:38.000000
DEV_d7002796cd,12,1,2025-01-13 22:45:56.000000
DEV_d705d7d942,13,1,2025-01-31 08:02:59.000000
DEV_d70e721239,7,1,2025-01-20 14:47:57.000000
DEV_d71147d3e2,11,1,2025-01-24 03:56:39.000000
DEV_d711cb666b,11,1,2025-03-04 09:21:34.000000
DEV_d71266dbb1,16,1,2025-03-06 19:28:01.000000
DEV_d7142e43e6,12,1,2025-01-29 02:50:58.000000
DEV_d71555aa8c,10,1,2025-01-17 09:02:56.000000
DEV_d7357f4143,17,1,2025-01-24 12:10:46.000000
DEV_d738ba4d3f,6,1,2025-02-25 01:57:18.000000
DEV_d73e3d91ae,5,1,2025-02-03 23:20:16.000000
DEV_d745ab7d49,14,1,2025-01-01 05:13:39.000000
DEV_d74794887a,10,1,2025-03-02 05:59:02.000000
DEV_d7486b32f5,11,1,2025-01-01 06:18:47.000000
DEV_d74cba5309,10,1,2025-01-22 17:41:24.000000
DEV_d75db2fcc3,12,1,2025-01-25 19:17:06.000000
DEV_d7628bce86,15,1,2025-01-08 02:18:00.000000
DEV_d76cdf3bcf,14,1,2025-01-29 22:30:19.000000
DEV_d772513ede,14,1,2025-01-09 10:41:47.000000
DEV_d78306a8d3,14,1,2025-01-02 16:45:21.000000
DEV_d787deb410,10,3,2025-06-26 18:44:07.181156
DEV_d78869e51c,7,1,2025-05-09 03:50:38.000000
DEV_d7897dda70,8,1,2025-01-03 23:33:06.000000
DEV_d78e28b9c6,2,1,2025-06-07 02:33:46.000000
DEV_d794685f3c,13,1,2025-02-03 16:02:29.000000
DEV_d7aa620ffa,10,1,2025-01-15 18:08:37.000000
DEV_d7b64b304c,15,1,2025-01-03 09:29:04.000000
DEV_d7b7e68f4c,14,1,2025-01-08 06:45:56.000000
DEV_d7b917005a,10,1,2025-01-12 04:22:55.000000
DEV_d7c22f2052,16,1,2025-01-25 23:29:51.000000
DEV_d7db1e85b6,27,1,2025-01-06 20:41:13.000000
DEV_d7de4e73e2,13,1,2025-01-03 15:23:17.000000
DEV_d7e0b489f2,6,1,2025-01-03 20:34:43.000000
DEV_d7e9d786d5,13,1,2025-01-06 04:10:56.000000
DEV_d7f65aea61,9,1,2025-01-30 11:55:40.000000
DEV_d7f6cc213b,3,1,2025-08-17 10:00:05.000000
DEV_d7f94011dd,10,1,2025-01-09 09:04:44.000000
DEV_d80766d5ab,7,1,2025-01-02 01:05:56.000000
DEV_d8130cbc2b,12,1,2025-01-16 04:01:51.000000
DEV_d8163508f3,15,1,2025-03-10 02:48:13.000000
DEV_d81647bbad,9,1,2025-01-28 17:38:34.000000
DEV_d82122a097,9,1,2025-01-11 17:20:21.000000
DEV_d82155e09b,14,1,2025-01-12 13:38:15.000000
DEV_d823ee6a6c,10,1,2025-03-28 21:20:03.000000
DEV_d828396766,8,1,2025-02-11 15:01:59.000000
DEV_d82e1ebbfc,10,1,2025-01-24 01:47:14.000000
DEV_d8424d8f81,12,1,2025-01-18 18:06:36.000000
DEV_d851a584d6,10,1,2025-01-11 05:02:53.000000
DEV_d85a9cb956,10,1,2025-02-05 14:28:29.000000
DEV_d86c14e913,12,1,2025-01-25 14:59:45.000000
DEV_d8742859fb,17,1,2025-01-02 21:01:22.000000
DEV_d8776c341b,14,1,2025-01-02 10:43:35.000000
DEV_d877bab34d,20,1,2025-01-20 14:19:12.000000
DEV_d8797e0936,16,1,2025-01-07 07:15:45.000000
DEV_d882ea1b74,15,1,2025-02-01 23:35:39.000000
DEV_d88424142a,12,1,2025-02-04 14:13:10.000000
DEV_d88803ffcc,7,1,2025-02-10 06:15:55.000000
DEV_d8945bc748,11,1,2025-01-12 15:04:38.000000
DEV_d8ac59dfe9,17,1,2025-01-10 12:04:12.000000
DEV_d8c8842d05,27,1,2025-01-06 11:30:19.000000
DEV_d8cbae1db0,16,1,2025-02-19 05:15:19.000000
DEV_d8ee65c93a,19,1,2025-01-12 20:04:57.000000
DEV_d909f73a7a,8,1,2025-01-22 22:57:54.000000
DEV_d90d732869,5,1,2025-01-09 01:07:11.000000
DEV_d9178d430e,21,1,2025-01-16 17:53:23.000000
DEV_d91868c6e8,8,1,2025-02-05 15:39:16.000000
DEV_d91e545204,8,1,2025-01-24 14:15:20.000000
DEV_d92188ed7f,3,1,2025-04-17 14:32:13.000000
DEV_d92209c41c,12,1,2025-01-19 08:33:50.000000
DEV_d92cc739ba,11,1,2025-02-10 18:59:35.000000
DEV_d932250ba0,12,1,2025-02-09 23:33:01.000000
DEV_d93e6d879d,10,1,2025-01-24 04:56:32.000000
DEV_d9475251a5,6,1,2025-02-09 14:42:08.000000
DEV_d947cb3942,11,1,2025-03-05 15:13:46.000000
DEV_d9546e5876,8,1,2025-04-24 05:54:57.000000
DEV_d956820794,15,1,2025-01-12 07:35:01.000000
DEV_d96a58df2c,15,1,2025-01-20 08:10:16.000000
DEV_d96be7fa52,9,1,2025-01-04 04:33:59.000000
DEV_d96d302d2f,12,1,2025-01-17 02:02:22.000000
DEV_d98c498fe4,12,1,2025-01-11 23:26:53.000000
DEV_d98c5ec286,22,1,2025-02-08 21:47:46.000000
DEV_d98ebb85c7,9,1,2025-01-13 08:33:17.000000
DEV_d98f7ff795,12,1,2025-03-03 14:42:48.000000
DEV_d992006213,9,1,2025-01-03 04:08:58.000000
DEV_d99e3eec87,11,1,2025-01-03 10:27:42.000000
DEV_d99f7794e9,14,1,2025-01-12 08:35:38.000000
DEV_d9a7817cb7,4,1,2025-03-07 17:09:44.000000
DEV_d9a93bd856,7,1,2025-03-03 00:38:06.000000
DEV_d9b6f3de9f,7,1,2025-01-10 01:35:10.000000
DEV_d9b82cc7d3,8,1,2025-01-10 14:49:03.000000
DEV_d9b9d23782,13,1,2025-01-06 02:56:09.000000
DEV_d9ce41045a,14,1,2025-03-22 16:58:50.000000
DEV_d9cfb54e80,14,1,2025-01-01 23:53:20.000000
DEV_d9d09dc1cf,16,1,2025-02-09 05:30:18.000000
DEV_d9d15466d8,14,1,2025-01-31 00:44:49.000000
DEV_d9d8835db0,9,1,2025-01-09 14:21:17.000000
DEV_d9e70fdf2b,10,1,2025-01-01 17:45:59.000000
DEV_d9e86351ad,7,1,2025-01-01 10:23:29.000000
DEV_d9ed8c2d97,11,1,2025-03-05 22:41:32.000000
DEV_d9f2646200,11,1,2025-02-11 00:40:13.000000
DEV_d9f3b352b9,16,1,2025-01-19 08:07:36.000000
DEV_d9f8cc1407,1,1,2025-03-30 14:22:05.000000
DEV_da0a4f65cf,12,1,2025-01-24 16:21:42.000000
DEV_da10d077e4,13,1,2025-01-06 04:36:15.000000
DEV_da122be26a,3,1,2025-09-13 02:23:59.000000
DEV_da1391300e,12,1,2025-01-08 18:25:01.000000
DEV_da18ac827f,7,1,2025-02-21 01:02:16.000000
DEV_da238986d6,9,1,2025-01-02 18:57:35.000000
DEV_da2c3f405a,19,1,2025-01-10 01:57:50.000000
DEV_da323a4abb,11,1,2025-01-10 11:50:44.000000
DEV_da33b823aa,10,1,2025-01-28 19:05:46.000000
DEV_da37d64a47,13,1,2025-01-05 09:01:57.000000
DEV_da3911aa13,14,1,2025-01-05 21:14:43.000000
DEV_da42403e07,12,1,2025-01-06 11:43:41.000000
DEV_da48339f49,10,1,2025-05-27 11:13:49.000000
DEV_da55bc4290,13,1,2025-01-10 19:34:03.000000
DEV_da5e10e110,18,1,2025-01-09 17:04:32.000000
DEV_da8224e7dc,10,1,2025-02-20 15:56:34.000000
DEV_da826d4a0a,13,1,2025-01-18 10:11:05.000000
DEV_da8281ee3d,21,1,2025-01-13 13:50:10.000000
DEV_da8559ac44,18,1,2025-01-29 21:09:57.000000
DEV_da98922eef,7,1,2025-01-25 06:42:57.000000
DEV_daa2e54b48,13,1,2025-01-15 19:24:18.000000
DEV_daaec494ea,13,5,2025-08-03 11:14:35.581962
DEV_daaf713e94,15,1,2025-01-19 02:58:20.000000
DEV_dab1fbbe08,9,1,2025-03-15 21:48:17.000000
DEV_dab6c05567,19,1,2025-01-01 10:43:46.000000
DEV_dac76f7977,8,1,2025-01-04 13:11:53.000000
DEV_dacf4b5766,15,1,2025-02-17 06:55:22.000000
DEV_daf7455b32,9,1,2025-02-21 13:19:47.000000
DEV_db0147c484,14,1,2025-02-06 16:28:58.000000
DEV_db04525cc0,9,1,2025-01-05 20:57:07.000000
DEV_db1cca88d3,9,1,2025-01-15 15:01:30.000000
DEV_db1f7b1e54,18,1,2025-01-09 07:03:03.000000
DEV_db2173c226,10,1,2025-01-11 08:43:35.000000
DEV_db275b6351,6,1,2025-01-06 08:47:40.000000
DEV_db32b3c58d,11,1,2025-01-06 15:06:31.000000
DEV_db34dda430,21,1,2025-01-04 08:56:19.000000
DEV_db3bf41b8c,11,1,2025-01-07 22:52:22.000000
DEV_db58c754f1,11,1,2025-01-18 22:14:12.000000
DEV_db59c20654,14,1,2025-01-18 09:05:54.000000
DEV_db5c6799cb,13,1,2025-01-18 13:01:47.000000
DEV_db63d90a5f,8,1,2025-01-24 22:04:53.000000
DEV_db6fd11e64,3,1,2025-10-26 11:12:14.000000
DEV_db70f8969d,10,1,2025-01-01 00:52:28.000000
DEV_db7eb6bde4,13,1,2025-01-07 15:10:33.000000
DEV_db7ed2a8b9,18,1,2025-01-09 22:19:42.000000
DEV_db82e06bee,15,1,2025-01-31 07:14:39.000000
DEV_db8701d8d5,14,1,2025-02-01 18:33:42.000000
DEV_db91a3f759,10,1,2025-04-05 14:27:47.000000
DEV_dba344f578,10,1,2025-01-24 19:54:04.000000
DEV_dba40928b9,11,1,2025-01-06 01:28:22.000000
DEV_dba4d009b7,11,1,2025-02-21 18:14:09.000000
DEV_dba4f6ac8e,6,1,2025-05-10 20:22:22.000000
DEV_dbaafe4821,15,1,2025-01-14 17:56:16.000000
DEV_dbb2fa0c65,13,1,2025-01-16 20:10:01.000000
DEV_dbb979b159,12,1,2025-02-21 17:59:55.000000
DEV_dbc01307d2,10,1,2025-02-03 12:25:29.000000
DEV_dbc814958b,12,1,2025-01-18 13:38:31.000000
DEV_dbc84abdfa,9,1,2025-02-24 13:47:07.000000
DEV_dbcd8f3d2a,11,1,2025-01-02 20:29:01.000000
DEV_dbcebecf66,7,1,2025-01-04 18:44:55.000000
DEV_dbda6dfa82,12,1,2025-01-05 01:12:40.000000
DEV_dbdb3e9762,10,1,2025-01-15 01:15:07.000000
DEV_dbe19f66a3,13,1,2025-01-22 10:47:50.000000
DEV_dbe39147f2,7,1,2025-01-30 00:47:31.000000
DEV_dbee4bbe45,1,1,2025-07-28 17:20:03.000000
DEV_dbee70533f,13,1,2025-01-11 22:52:18.000000
DEV_dc0ad01caf,8,1,2025-02-09 12:40:09.000000
DEV_dc180d24f6,16,1,2025-02-04 07:19:39.000000
DEV_dc27c315b6,8,1,2025-01-17 15:47:05.000000
DEV_dc2bc8b6e8,14,1,2025-01-01 01:41:21.000000
DEV_dc2dfac3d3,15,1,2025-01-01 17:10:19.000000
DEV_dc3d4bcb00,13,1,2025-01-14 18:13:29.000000
DEV_dc3d6f5c0a,10,1,2025-01-08 01:05:49.000000
DEV_dc4e8a59b6,10,1,2025-01-06 21:51:39.000000
DEV_dc5e79ad09,16,1,2025-01-23 00:00:51.000000
DEV_dc6876c53b,16,1,2025-01-06 01:01:17.000000
DEV_dc720b63ad,15,1,2025-02-03 08:53:23.000000
DEV_dc82dedf08,7,1,2025-01-11 03:42:53.000000
DEV_dc93a59b2f,14,1,2025-01-02 08:24:37.000000
DEV_dc9dfbca88,1,1,2025-02-25 22:30:47.000000
DEV_dca2db82ad,13,1,2025-03-05 20:19:04.000000
DEV_dca801e4b3,9,1,2025-01-25 01:26:45.000000
DEV_dcb107a391,14,1,2025-01-31 06:28:29.000000
DEV_dcb5f50796,18,1,2025-01-23 17:27:54.000000
DEV_dcb9f94a85,8,1,2025-02-04 00:52:12.000000
DEV_dcbd0c6f9b,9,1,2025-03-12 20:57:41.000000
DEV_dcc2a2e811,11,1,2025-01-15 21:00:46.000000
DEV_dcd2bdc624,14,1,2025-02-10 15:50:16.000000
DEV_dce3e11577,20,1,2025-02-05 12:37:19.000000
DEV_dce43a59e7,29,1,2025-01-02 22:12:31.000000
DEV_dce52f4b20,13,1,2025-01-24 01:38:56.000000
DEV_dce5c364c7,9,1,2025-01-04 14:36:31.000000
DEV_dce9233ad0,9,1,2025-01-06 03:35:43.000000
DEV_dcf581922a,14,1,2025-01-02 22:18:42.000000
DEV_dcf807f406,11,1,2025-01-24 17:36:13.000000
DEV_dd01fe57c8,10,1,2025-01-23 00:58:21.000000
DEV_dd03e78969,18,1,2025-01-01 18:12:27.000000
DEV_dd0535385b,7,1,2025-01-29 21:02:41.000000
DEV_dd14914c0e,9,1,2025-01-21 00:13:24.000000
DEV_dd200bc97e,8,1,2025-02-05 18:30:52.000000
DEV_dd36000c52,10,1,2025-03-01 21:09:22.000000
DEV_dd38e57c62,10,1,2025-01-31 04:00:41.000000
DEV_dd38ffece9,12,1,2025-04-06 19:14:14.000000
DEV_dd3d3bce3e,9,1,2025-03-10 09:33:34.000000
DEV_dd5acee4c5,12,1,2025-02-07 23:22:42.000000
DEV_dd621fc1b7,7,1,2025-01-25 03:48:27.000000
DEV_dd668054ec,13,1,2025-01-11 06:33:13.000000
DEV_dd6b758749,9,1,2025-01-14 14:48:38.000000
DEV_dd70520d86,7,1,2025-02-21 11:23:28.000000
DEV_dd7424e017,10,1,2025-02-18 02:29:43.000000
DEV_dd7d904281,11,1,2025-01-24 19:40:37.000000
DEV_dd8305e587,12,1,2025-01-03 21:24:25.000000
DEV_dd8e6dc715,8,1,2025-02-07 16:37:16.000000
DEV_dd9da4dac1,11,1,2025-02-06 06:02:49.000000
DEV_dda7bc2c7e,9,1,2025-01-05 13:42:18.000000
DEV_ddae8315c4,9,1,2025-01-10 13:32:22.000000
DEV_ddb2806e39,9,1,2025-01-26 11:42:30.000000
DEV_ddb5fcf2b9,1,1,2025-07-10 13:29:45.000000
DEV_ddc788aa5d,17,1,2025-01-27 21:52:42.000000
DEV_ddc8da66f5,17,1,2025-02-22 19:53:54.000000
DEV_ddce349934,9,1,2025-01-17 21:35:35.000000
DEV_ddd5851c9d,9,1,2025-01-21 13:08:45.000000
DEV_dddc91416a,16,1,2025-01-09 10:57:17.000000
DEV_dde7385213,1,1,2025-10-23 10:28:54.000000
DEV_ddf22c5000,22,1,2025-01-01 08:40:21.000000
DEV_ddf4569feb,10,1,2025-01-25 18:00:30.000000
DEV_ddf7b04c4c,18,1,2025-01-30 00:52:10.000000
DEV_de04211f07,14,1,2025-01-04 00:47:13.000000
DEV_de0ce45cad,15,1,2025-01-06 06:18:31.000000
DEV_de16b32d50,13,1,2025-01-08 09:30:31.000000
DEV_de1970d8e2,8,1,2025-02-15 09:33:34.000000
DEV_de1c48f996,15,1,2025-01-06 01:27:17.000000
DEV_de25f49327,13,1,2025-01-02 23:06:23.000000
DEV_de26d63767,19,1,2025-01-20 04:21:14.000000
DEV_de2c8d417b,13,6,2025-02-25 08:24:31.586885
DEV_de2d0f69d5,11,1,2025-03-27 13:14:58.000000
DEV_de2f7fa3f6,9,1,2025-02-27 22:28:48.000000
DEV_de3911b98b,16,1,2025-01-14 05:51:14.000000
DEV_de3eb01e69,12,1,2025-02-01 03:21:48.000000
DEV_de40ab9e15,8,1,2025-01-05 05:01:57.000000
DEV_de41bb213c,7,1,2025-01-08 09:11:29.000000
DEV_de447a99d2,19,1,2025-01-21 04:32:01.000000
DEV_de608bf676,1,1,2025-09-24 20:41:57.000000
DEV_de65f15a79,11,1,2025-01-06 18:38:02.000000
DEV_de69e2e843,8,1,2025-01-20 23:39:06.000000
DEV_de6e1f9cb4,17,1,2025-01-27 07:26:01.000000
DEV_de76b91836,8,1,2025-03-04 07:28:27.000000
DEV_de7912f0e7,6,1,2025-01-07 09:19:39.000000
DEV_de7b4852cc,8,1,2025-04-04 22:43:36.000000
DEV_de7efa1eab,14,1,2025-01-20 06:06:13.000000
DEV_de80ab7f6a,13,1,2025-01-18 01:50:55.000000
DEV_de89375726,19,1,2025-02-05 00:28:30.000000
DEV_de8e6d758c,14,1,2025-03-09 14:00:50.000000
DEV_de9af8ed85,5,1,2025-01-31 02:41:53.000000
DEV_dea088cb4a,14,1,2025-02-01 06:57:50.000000
DEV_deb12bc3e2,9,1,2025-01-12 03:14:22.000000
DEV_debf6635d9,11,1,2025-01-21 19:33:03.000000
DEV_dec1bc0180,10,1,2025-01-19 14:31:10.000000
DEV_dec7fbca77,11,1,2025-02-14 21:10:15.000000
DEV_dec890cd2b,14,1,2025-01-06 20:15:40.000000
DEV_decadbb431,11,1,2025-01-14 09:23:44.000000
DEV_deeb0f00c3,11,1,2025-01-10 03:04:13.000000
DEV_def21d9587,9,1,2025-01-31 16:18:42.000000
DEV_defe2e4f4f,12,1,2025-02-10 10:46:48.000000
DEV_df08e11d60,6,1,2025-02-17 11:25:22.000000
DEV_df15e166e0,9,1,2025-01-01 22:26:53.000000
DEV_df31a4a6ea,10,1,2025-02-05 13:42:44.000000
DEV_df39314449,10,1,2025-03-20 08:05:46.000000
DEV_df3f5dc2c7,7,1,2025-02-05 12:55:03.000000
DEV_df41ba07f6,8,1,2025-01-08 20:49:08.000000
DEV_df4427ade7,6,1,2025-02-05 02:50:55.000000
DEV_df48723317,9,1,2025-02-09 06:34:20.000000
DEV_df4afe65fd,19,1,2025-01-20 23:14:03.000000
DEV_df4b993afc,14,1,2025-01-30 14:44:31.000000
DEV_df579f0b14,1,1,2025-04-21 02:51:42.000000
DEV_df58f29409,6,1,2025-02-11 01:19:16.000000
DEV_df5dd4bda1,9,1,2025-02-08 19:02:42.000000
DEV_df628ab049,10,1,2025-01-14 22:03:21.000000
DEV_df63f4e48c,11,1,2025-03-10 09:33:49.000000
DEV_df71817fdb,12,1,2025-01-04 14:58:09.000000
DEV_df72d04409,13,1,2025-02-02 18:27:02.000000
DEV_df85a9b426,11,1,2025-01-01 18:06:28.000000
DEV_df998d3718,10,1,2025-01-16 08:13:36.000000
DEV_dfa143730e,3,1,2025-01-31 08:10:25.000000
DEV_dfb281cb8f,15,1,2025-01-11 02:22:44.000000
DEV_dfc18951b8,13,1,2025-01-11 22:24:49.000000
DEV_dfc5fc99fa,11,1,2025-03-02 22:10:09.000000
DEV_dfc9d7c4cb,10,1,2025-02-10 05:56:01.000000
DEV_dfd275a236,15,1,2025-01-10 21:01:33.000000
DEV_dfd593287e,10,1,2025-02-02 13:41:30.000000
DEV_dfde2f67fe,14,1,2025-01-03 11:04:44.000000
DEV_dfe0f4af98,10,1,2025-05-24 14:58:09.000000
DEV_e0022c6b6b,10,1,2025-02-01 04:29:27.000000
DEV_e0024d6375,10,1,2025-01-16 07:29:52.000000
DEV_e01a6336f4,10,1,2025-03-17 01:57:54.000000
DEV_e01bfb1bfc,11,1,2025-02-03 09:09:16.000000
DEV_e01c9cd20d,8,1,2025-02-21 20:09:26.000000
DEV_e0301bb57f,29,1,2025-01-16 06:55:50.000000
DEV_e038121642,19,1,2025-01-04 03:52:41.000000
DEV_e03ede4d0c,14,1,2025-01-10 01:41:58.000000
DEV_e04b66f72c,10,1,2025-01-02 16:17:53.000000
DEV_e055bc1fb8,6,1,2025-02-20 18:30:11.000000
DEV_e05d329f15,9,1,2025-01-11 23:33:43.000000
DEV_e05d565f17,7,1,2025-02-04 23:23:49.000000
DEV_e05d850843,10,1,2025-01-06 12:31:14.000000
DEV_e06c149d70,16,1,2025-01-08 02:37:16.000000
DEV_e06e918eb4,8,1,2025-03-02 04:43:01.000000
DEV_e07639f73c,11,1,2025-03-14 23:13:13.000000
DEV_e08cfb27b4,12,1,2025-01-16 04:14:09.000000
DEV_e08d2ea7b1,9,1,2025-01-19 13:22:39.000000
DEV_e08de4c94c,13,1,2025-01-04 21:25:48.000000
DEV_e08e9e31fb,14,1,2025-01-09 06:13:45.000000
DEV_e091f7cdd1,11,1,2025-01-08 05:00:37.000000
DEV_e09a669e23,13,1,2025-04-20 20:29:46.000000
DEV_e0a73eb3ce,9,1,2025-01-16 19:42:56.000000
DEV_e0b8bc1282,10,1,2025-01-19 05:14:21.000000
DEV_e0bfc40758,11,1,2025-01-16 00:04:19.000000
DEV_e0c059a467,10,1,2025-01-05 18:40:58.000000
DEV_e0dc136dd9,12,1,2025-01-04 17:17:13.000000
DEV_e0dcc3c946,9,1,2025-01-16 04:27:55.000000
DEV_e0e821c404,11,1,2025-02-04 16:09:35.000000
DEV_e0eeb4bd12,16,1,2025-01-23 21:44:52.000000
DEV_e0f39c671b,13,1,2025-01-23 03:20:31.000000
DEV_e1215013c1,11,1,2025-01-17 18:25:14.000000
DEV_e12163f756,6,1,2025-02-15 12:47:02.000000
DEV_e121abcb83,12,1,2025-02-08 02:13:43.000000
DEV_e12974fa06,19,1,2025-01-13 07:35:50.000000
DEV_e1475b8748,17,1,2025-01-17 23:03:29.000000
DEV_e147c8a9dd,11,1,2025-01-27 02:31:36.000000
DEV_e15a1b1dca,12,1,2025-01-04 17:00:19.000000
DEV_e162d8d835,7,1,2025-02-06 19:06:43.000000
DEV_e16cf95898,12,1,2025-02-26 03:38:32.000000
DEV_e17173b9ca,6,1,2025-01-19 00:24:05.000000
DEV_e1726ebb12,11,1,2025-01-07 10:12:00.000000
DEV_e17684ad80,24,1,2025-02-13 15:22:09.000000
DEV_e17b0e9506,12,1,2025-02-02 03:49:33.000000
DEV_e181192819,11,1,2025-01-22 18:04:25.000000
DEV_e1895ca2ca,12,1,2025-02-26 11:12:14.000000
DEV_e18bf04fe2,16,1,2025-01-02 03:59:49.000000
DEV_e18f5260d3,13,1,2025-01-17 01:53:21.000000
DEV_e1902c2fdc,12,1,2025-02-01 19:58:14.000000
DEV_e195be4736,6,1,2025-01-30 09:49:12.000000
DEV_e19613f9e3,11,1,2025-01-09 04:25:05.000000
DEV_e19ea10c4c,11,1,2025-02-04 02:58:47.000000
DEV_e1a06d0039,5,1,2025-01-19 06:10:54.000000
DEV_e1a5550f3b,17,1,2025-03-05 14:58:32.000000
DEV_e1a63adf73,12,1,2025-01-27 09:07:54.000000
DEV_e1a67bee69,13,1,2025-01-31 03:34:37.000000
DEV_e1a939e92a,13,1,2025-01-25 23:34:27.000000
DEV_e1b3f862f0,7,1,2025-01-07 11:21:41.000000
DEV_e1c9d7a28a,10,1,2025-01-09 08:42:50.000000
DEV_e1cc6f640b,1,1,2025-06-13 18:42:37.000000
DEV_e1d1bbeb94,8,1,2025-01-10 17:55:37.000000
DEV_e1d501955e,8,1,2025-02-10 17:05:20.000000
DEV_e1dd30bd35,1,1,2025-07-17 16:33:57.000000
DEV_e1ea72ed49,11,1,2025-01-10 09:09:23.000000
DEV_e1f67ea6cb,21,1,2025-01-01 07:08:18.000000
DEV_e1f781e097,9,1,2025-02-13 17:55:22.000000
DEV_e20060056b,6,1,2025-01-03 05:40:04.000000
DEV_e201376ae2,14,1,2025-01-31 21:47:24.000000
DEV_e2053e6560,10,1,2025-01-10 10:20:35.000000
DEV_e207fad540,8,1,2025-04-04 01:03:31.000000
DEV_e218c2d4e5,9,1,2025-01-15 11:36:52.000000
DEV_e2236521fa,11,1,2025-01-13 16:25:13.000000
DEV_e226e0f2f0,13,1,2025-01-21 13:28:22.000000
DEV_e22a1ff5b6,9,1,2025-01-29 03:59:32.000000
DEV_e238454593,11,1,2025-01-30 23:01:25.000000
DEV_e23a905b44,7,1,2025-03-04 08:41:00.000000
DEV_e24153a621,10,1,2025-01-04 14:20:22.000000
DEV_e24a834027,15,1,2025-01-07 11:36:35.000000
DEV_e24e372753,10,1,2025-01-31 23:48:06.000000
DEV_e250f29508,11,1,2025-01-15 20:24:43.000000
DEV_e25a7cbac7,7,1,2025-02-08 05:20:39.000000
DEV_e26451bd05,14,1,2025-01-09 06:11:57.000000
DEV_e2656fe77d,13,1,2025-01-02 13:54:29.000000
DEV_e27b90be68,11,1,2025-02-06 13:00:15.000000
DEV_e289f88c59,11,1,2025-01-03 00:39:37.000000
DEV_e29e4dd674,8,1,2025-01-27 22:01:58.000000
DEV_e2afceff79,10,1,2025-02-05 07:35:11.000000
DEV_e2b3986f07,12,1,2025-01-03 13:59:29.000000
DEV_e2b61f1c9a,1,1,2025-10-07 02:24:07.000000
DEV_e2b7598456,7,1,2025-01-01 22:37:30.000000
DEV_e2bb3fbec9,17,1,2025-01-24 16:16:06.000000
DEV_e2c69e9ff1,9,1,2025-01-03 00:47:55.000000
DEV_e2cf2e7663,10,1,2025-01-26 02:05:47.000000
DEV_e2d45f831a,12,1,2025-01-17 07:49:41.000000
DEV_e2d5e411d4,5,1,2025-02-18 23:17:11.000000
DEV_e2e56cb6d3,12,1,2025-01-10 07:06:56.000000
DEV_e2f4491afc,13,1,2025-01-05 13:29:57.000000
DEV_e2f6af1197,13,1,2025-01-27 15:56:40.000000
DEV_e2fc95c4c1,10,1,2025-02-09 03:45:33.000000
DEV_e2fdac9e5c,13,1,2025-01-21 01:47:25.000000
DEV_e30678b94f,11,1,2025-03-30 03:55:36.000000
DEV_e30c18acba,15,1,2025-03-11 11:39:22.000000
DEV_e30f8edf59,7,1,2025-04-05 05:34:16.000000
DEV_e31a9162b4,18,1,2025-01-05 14:55:23.000000
DEV_e31ad47431,8,1,2025-02-22 18:28:54.000000
DEV_e31d285833,17,1,2025-01-02 08:54:04.000000
DEV_e321ccaa95,9,1,2025-02-23 01:23:33.000000
DEV_e33f99f035,3,1,2025-03-22 02:34:47.000000
DEV_e35d328690,15,1,2025-01-29 01:41:41.000000
DEV_e369b5be17,9,1,2025-01-05 22:08:51.000000
DEV_e36abf6f26,20,1,2025-01-23 16:30:39.000000
DEV_e3742b44be,6,1,2025-02-11 09:01:55.000000
DEV_e389340658,11,1,2025-02-15 05:06:39.000000
DEV_e3a02cdb3d,15,1,2025-01-20 13:53:42.000000
DEV_e3a46bc250,9,1,2025-03-16 16:26:12.000000
DEV_e3a775cf6f,20,7,2025-09-21 17:53:12.956895
DEV_e3b6363412,14,1,2025-01-10 21:13:21.000000
DEV_e3c11bbf4b,18,1,2025-01-09 14:30:16.000000
DEV_e3c55114a7,13,1,2025-01-19 01:04:51.000000
DEV_e3c8b95afe,19,1,2025-01-24 22:07:36.000000
DEV_e3cc31d9a8,9,1,2025-03-17 00:02:33.000000
DEV_e3cdd1bbec,16,1,2025-01-06 17:00:42.000000
DEV_e3d9ac3afe,1,1,2025-02-13 17:36:00.000000
DEV_e3dcf4ddad,7,1,2025-01-18 13:48:59.000000
DEV_e3df74af6b,13,1,2025-01-23 20:03:20.000000
DEV_e3e0ae6240,14,1,2025-01-09 04:58:44.000000
DEV_e3e7106618,7,1,2025-02-10 04:32:09.000000
DEV_e3ec50839a,10,1,2025-01-07 04:47:53.000000
DEV_e3ecbb0165,8,1,2025-01-02 09:34:20.000000
DEV_e3f5c0799e,11,1,2025-02-16 01:16:50.000000
DEV_e3f624822a,14,1,2025-01-07 11:56:12.000000
DEV_e4068541aa,11,1,2025-01-02 00:37:12.000000
DEV_e406aa4b3f,17,1,2025-02-03 14:36:58.000000
DEV_e413d5b921,12,1,2025-01-13 11:20:36.000000
DEV_e414bd1f75,9,1,2025-05-09 01:11:46.000000
DEV_e41e9545db,17,1,2025-01-02 13:29:10.000000
DEV_e425921f8d,15,1,2025-01-23 01:00:19.000000
DEV_e42bc3d4b9,12,1,2025-01-12 05:46:43.000000
DEV_e4446f5e36,14,1,2025-01-05 20:37:18.000000
DEV_e44d812285,5,1,2025-01-09 13:32:05.000000
DEV_e44f37c584,7,1,2025-02-01 05:53:01.000000
DEV_e4580bbc7b,14,1,2025-01-16 10:38:29.000000
DEV_e4599ae293,7,1,2025-01-30 07:41:05.000000
DEV_e45eb0ed4e,9,1,2025-01-21 02:51:52.000000
DEV_e462506460,8,1,2025-01-28 14:08:16.000000
DEV_e4826998dc,14,1,2025-02-01 09:34:12.000000
DEV_e4882f3b1b,14,1,2025-01-09 07:56:27.000000
DEV_e4965a290f,12,1,2025-01-02 07:16:15.000000
DEV_e498753e50,12,1,2025-01-09 16:36:39.000000
DEV_e49c4d6854,12,1,2025-03-06 06:20:28.000000
DEV_e4a1777fcd,10,1,2025-02-24 22:49:11.000000
DEV_e4a46de00f,9,1,2025-01-20 04:24:36.000000
DEV_e4b2d2d1d3,16,1,2025-02-12 02:50:22.000000
DEV_e4bd31f1fd,1,1,2025-02-09 20:11:28.000000
DEV_e4bdb9781c,13,1,2025-01-14 22:59:16.000000
DEV_e4c5f91f15,14,1,2025-01-08 20:00:16.000000
DEV_e4e1beec8f,12,1,2025-03-11 18:54:10.000000
DEV_e4e4dec983,9,1,2025-01-07 23:53:47.000000
DEV_e4e8e25523,7,1,2025-01-19 21:38:21.000000
DEV_e4f254004d,12,1,2025-01-15 19:58:56.000000
DEV_e4fa6cbf97,13,1,2025-01-01 15:59:34.000000
DEV_e4facff843,13,1,2025-01-29 01:46:11.000000
DEV_e50a50e905,12,1,2025-01-20 13:47:05.000000
DEV_e50c583cce,10,1,2025-01-09 01:52:07.000000
DEV_e50e449e7c,21,1,2025-01-08 01:05:36.000000
DEV_e514e7220b,10,1,2025-01-14 09:45:13.000000
DEV_e515d591e9,12,1,2025-01-17 13:00:52.000000
DEV_e523d31bee,20,1,2025-01-03 03:30:22.000000
DEV_e52446f031,12,1,2025-01-11 17:45:03.000000
DEV_e53ee6bdc8,5,1,2025-02-04 04:18:27.000000
DEV_e54dc71a36,13,1,2025-01-05 13:14:16.000000
DEV_e5562f6a22,26,1,2025-01-02 17:38:07.000000
DEV_e55f85839a,12,1,2025-02-15 05:03:35.000000
DEV_e560fdbd93,5,1,2025-01-02 09:02:23.000000
DEV_e56c65587e,24,1,2025-01-16 23:12:41.000000
DEV_e5772f8b26,8,1,2025-01-24 12:41:11.000000
DEV_e577c76ed1,12,1,2025-01-21 23:45:32.000000
DEV_e57b2f9a4a,14,1,2025-01-16 12:34:37.000000
DEV_e584f7be23,10,1,2025-02-15 03:37:24.000000
DEV_e586ea15c5,11,1,2025-01-17 06:47:20.000000
DEV_e588dd4755,12,1,2025-01-02 20:27:49.000000
DEV_e58f62ff25,8,1,2025-01-19 21:48:35.000000
DEV_e5935157b1,9,1,2025-01-10 05:05:06.000000
DEV_e59ddf72d1,11,1,2025-01-12 12:43:33.000000
DEV_e59f05fbe4,13,1,2025-01-08 10:05:28.000000
DEV_e5a05b6e78,8,1,2025-02-14 22:41:54.000000
DEV_e5a0dc75b1,10,1,2025-01-24 00:39:40.000000
DEV_e5a2650a15,6,1,2025-01-09 04:19:38.000000
DEV_e5a3500c2b,17,1,2025-01-17 00:33:49.000000
DEV_e5a5c55368,10,1,2025-01-08 08:41:10.000000
DEV_e5af217d6e,16,1,2025-01-13 14:16:22.000000
DEV_e5baafdec7,12,1,2025-01-02 12:59:22.000000
DEV_e5bd7c4b0c,15,1,2025-01-21 02:46:18.000000
DEV_e5c5d71416,14,1,2025-02-12 11:34:28.000000
DEV_e5d08a4b7d,10,1,2025-01-25 16:55:20.000000
DEV_e5dbf89ecb,16,1,2025-01-30 14:52:57.000000
DEV_e5decc1c09,9,1,2025-01-21 07:22:21.000000
DEV_e5e0bcd1ff,7,1,2025-01-20 05:35:07.000000
DEV_e5e3b7e98f,10,1,2025-01-19 00:21:42.000000
DEV_e5e8bb1f36,17,1,2025-01-01 07:24:43.000000
DEV_e5f8e56691,11,1,2025-01-07 17:44:01.000000
DEV_e601bc69d0,13,1,2025-01-17 23:32:12.000000
DEV_e607cb1fe6,10,1,2025-01-07 21:56:27.000000
DEV_e60de00e39,13,1,2025-02-26 21:29:48.000000
DEV_e611c13ec8,8,1,2025-02-09 17:30:24.000000
DEV_e61835f579,9,1,2025-01-27 03:39:37.000000
DEV_e61a413299,7,1,2025-02-02 21:53:13.000000
DEV_e61c5e349c,13,1,2025-01-08 09:54:24.000000
DEV_e61edd3124,17,1,2025-01-06 05:19:42.000000
DEV_e6276a90ba,13,1,2025-01-03 00:52:42.000000
DEV_e62fe0bcde,9,1,2025-01-30 10:17:20.000000
DEV_e63129e248,11,1,2025-01-10 09:37:26.000000
DEV_e633cf5041,12,1,2025-01-02 15:03:10.000000
DEV_e63d015b31,13,1,2025-01-07 04:23:40.000000
DEV_e64c2c1e4b,8,1,2025-01-31 14:47:50.000000
DEV_e656a5be88,10,1,2025-03-07 16:43:42.000000
DEV_e66737884a,16,1,2025-01-22 13:30:12.000000
DEV_e66cd848cc,17,1,2025-01-17 09:19:52.000000
DEV_e682f57a2d,13,1,2025-01-10 13:43:15.000000
DEV_e687ca6262,23,1,2025-01-03 21:31:18.000000
DEV_e68fa062a3,9,1,2025-01-23 12:12:27.000000
DEV_e694e0c0ba,3,1,2025-01-12 07:13:29.000000
DEV_e69aa3e376,17,1,2025-01-09 14:33:54.000000
DEV_e6a5996dba,17,1,2025-01-07 02:04:13.000000
DEV_e6a6c6d1cf,5,1,2025-01-03 18:56:05.000000
DEV_e6aa1ace20,18,1,2025-01-09 06:12:24.000000
DEV_e6b230ca6d,7,1,2025-01-14 05:16:24.000000
DEV_e6b78c3228,13,1,2025-01-20 19:02:57.000000
DEV_e6c27adb2e,11,1,2025-02-11 12:35:09.000000
DEV_e6c69b0879,16,1,2025-01-04 05:09:26.000000
DEV_e6d1658590,12,1,2025-02-16 10:26:15.000000
DEV_e6d23f083c,17,1,2025-01-11 02:42:52.000000
DEV_e6d6d7750f,14,1,2025-01-11 21:50:54.000000
DEV_e6d77484b2,9,1,2025-01-01 05:50:23.000000
DEV_e6e3264118,11,1,2025-01-09 15:25:36.000000
DEV_e6e81315fd,15,1,2025-01-19 08:49:40.000000
DEV_e6ea3e0b6a,9,1,2025-02-18 21:00:01.000000
DEV_e70e9ea17a,8,1,2025-01-26 16:01:21.000000
DEV_e72c0735df,7,1,2025-01-11 22:04:38.000000
DEV_e72ca88e8a,11,1,2025-02-21 11:31:17.000000
DEV_e73139cfd6,15,1,2025-01-03 01:29:44.000000
DEV_e73160b41d,18,1,2025-03-06 16:06:40.000000
DEV_e732515b2b,4,1,2025-02-16 01:51:11.000000
DEV_e74215b838,3,1,2025-04-08 00:37:34.000000
DEV_e74543e7e4,14,1,2025-01-07 11:51:03.000000
DEV_e7465eb3d0,18,1,2025-01-13 11:34:33.000000
DEV_e74a6b9934,10,1,2025-01-02 06:03:07.000000
DEV_e75b09cbc6,12,1,2025-02-14 20:34:41.000000
DEV_e75c6ca266,13,1,2025-01-16 02:45:19.000000
DEV_e76108462c,10,1,2025-01-10 05:51:07.000000
DEV_e7645832ac,7,1,2025-01-09 21:24:30.000000
DEV_e777632e20,11,1,2025-02-25 10:09:10.000000
DEV_e785f1803a,12,1,2025-01-07 19:05:58.000000
DEV_e7901a3a3c,13,1,2025-01-03 18:26:28.000000
DEV_e79b9e3053,14,1,2025-01-25 00:44:03.000000
DEV_e7ba0551a5,1,1,2025-03-12 00:33:46.000000
DEV_e7cedcfc0c,1,1,2025-08-02 13:02:09.000000
DEV_e7e8b27dbe,20,1,2025-01-25 02:15:30.000000
DEV_e7eb7afaf4,9,1,2025-04-10 05:07:53.000000
DEV_e7eecf32b0,5,1,2025-01-07 12:56:06.000000
DEV_e7f7ce6fb2,15,1,2025-01-26 13:45:12.000000
DEV_e7f7f78e2d,7,1,2025-01-14 08:51:44.000000
DEV_e80bb1412d,1,1,2025-03-02 00:58:44.000000
DEV_e80fcb65bf,7,1,2025-02-22 19:25:58.000000
DEV_e81665a5a8,22,1,2025-01-11 22:32:31.000000
DEV_e81dc5b61f,1,1,2025-01-06 06:52:46.000000
DEV_e821e17d18,19,1,2025-01-28 06:33:30.000000
DEV_e82327b3f9,8,1,2025-01-23 13:29:49.000000
DEV_e8258cbd75,10,1,2025-01-20 21:44:31.000000
DEV_e82a73de70,17,1,2025-01-11 22:28:55.000000
DEV_e82a802ae6,17,1,2025-01-02 18:06:14.000000
DEV_e8481fb7b7,12,1,2025-01-10 03:27:01.000000
DEV_e84c1f3e2a,15,1,2025-01-20 17:04:45.000000
DEV_e84e1de1f4,14,1,2025-01-07 07:26:57.000000
DEV_e8513c5406,22,1,2025-01-23 20:27:27.000000
DEV_e85677885d,9,1,2025-02-12 22:27:56.000000
DEV_e86257d7d3,13,1,2025-01-22 11:29:21.000000
DEV_e8635b6a54,13,1,2025-02-06 15:28:02.000000
DEV_e866ac6d29,16,1,2025-01-12 06:21:30.000000
DEV_e86f097be6,4,1,2025-01-17 00:04:21.000000
DEV_e874503bf9,17,1,2025-01-14 15:18:30.000000
DEV_e88180ba26,10,1,2025-01-14 03:07:55.000000
DEV_e8852d87e0,11,1,2025-03-09 11:12:20.000000
DEV_e8888cbbbb,12,1,2025-01-27 11:35:09.000000
DEV_e88eb0c4a1,15,1,2025-02-15 11:21:43.000000
DEV_e89219124f,17,1,2025-01-05 04:52:37.000000
DEV_e8a00eb1ea,1,1,2025-10-25 17:46:40.000000
DEV_e8a60d1a83,13,1,2025-02-26 23:17:05.000000
DEV_e8b47ccdf6,11,1,2025-01-01 21:10:23.000000
DEV_e8b6b3636d,12,1,2025-01-01 08:26:57.000000
DEV_e8b9de13a0,11,1,2025-01-04 19:35:13.000000
DEV_e8be863af1,15,1,2025-01-05 16:50:50.000000
DEV_e8cc01b550,20,1,2025-01-08 15:17:32.000000
DEV_e8dc83c997,13,1,2025-01-10 12:21:19.000000
DEV_e8ec767558,9,1,2025-01-08 07:42:57.000000
DEV_e8f0963a7d,9,1,2025-01-13 10:38:46.000000
DEV_e8f1d9c52c,13,1,2025-01-02 12:36:35.000000
DEV_e8f8504ded,10,1,2025-01-05 17:54:48.000000
DEV_e90308a84e,18,1,2025-02-02 21:23:10.000000
DEV_e905dc149c,3,1,2025-06-25 03:30:21.000000
DEV_e9061ccd3e,6,1,2025-01-07 02:40:10.000000
DEV_e918241130,11,1,2025-01-01 07:39:22.000000
DEV_e91d466746,18,1,2025-01-08 06:06:16.000000
DEV_e92980f2e8,8,1,2025-01-22 09:55:25.000000
DEV_e9362d697c,6,1,2025-01-15 08:18:52.000000
DEV_e93c1a084b,14,1,2025-01-05 11:21:28.000000
DEV_e93efe93eb,13,1,2025-01-12 01:27:12.000000
DEV_e97fa5adc7,20,1,2025-01-03 20:50:04.000000
DEV_e9871155cf,9,1,2025-01-13 01:33:08.000000
DEV_e98f1a3e05,12,1,2025-03-03 18:07:50.000000
DEV_e99319bfa8,7,1,2025-01-03 03:10:32.000000
DEV_e9a2f24ef0,3,1,2025-10-23 23:30:08.000000
DEV_e9ab0fb1c3,10,1,2025-01-05 16:38:35.000000
DEV_e9b0b4629c,24,1,2025-01-12 17:36:10.000000
DEV_e9cd97c558,12,1,2025-03-10 20:56:32.000000
DEV_e9e30f8e19,9,1,2025-04-26 22:07:16.000000
DEV_e9f3043d36,9,1,2025-02-27 12:06:22.000000
DEV_ea1ac70a51,12,1,2025-01-05 21:34:51.000000
DEV_ea1baf7575,15,1,2025-01-09 01:03:40.000000
DEV_ea2a973347,10,1,2025-01-16 20:03:57.000000
DEV_ea31ba9bed,9,1,2025-03-20 16:02:21.000000
DEV_ea31bb3ab0,17,1,2025-01-08 10:12:10.000000
DEV_ea3934fe4a,8,1,2025-01-30 00:37:41.000000
DEV_ea41a20e21,16,1,2025-01-02 17:13:39.000000
DEV_ea4671a1a2,3,1,2025-07-18 07:16:39.000000
DEV_ea489d4da9,14,1,2025-01-14 14:15:32.000000
DEV_ea48a002d2,18,1,2025-01-12 01:55:48.000000
DEV_ea4d3b4f45,9,1,2025-01-18 19:36:44.000000
DEV_ea5c7f7649,14,1,2025-01-15 17:31:13.000000
DEV_ea696327b6,14,1,2025-01-12 07:04:26.000000
DEV_ea6e38aaa4,15,1,2025-01-09 22:16:01.000000
DEV_ea724f3efb,12,1,2025-01-20 15:57:21.000000
DEV_ea75e9ecec,8,1,2025-01-30 15:08:15.000000
DEV_ea8a7df0e1,16,1,2025-01-09 10:10:34.000000
DEV_ea8d97da61,9,1,2025-01-03 20:46:49.000000
DEV_ea954a4a51,3,1,2025-01-05 17:00:49.000000
DEV_ea95864fe7,1,1,2025-08-07 06:28:16.000000
DEV_ea97753c3d,8,1,2025-02-04 21:01:26.000000
DEV_ea9dd824c5,17,1,2025-01-06 04:34:02.000000
DEV_eaa6a2d1b5,6,1,2025-03-06 20:45:00.000000
DEV_ead23661f6,1,1,2025-03-03 03:31:41.000000
DEV_ead3eb3712,13,1,2025-04-23 00:05:51.000000
DEV_eade9502fa,13,1,2025-01-04 06:25:02.000000
DEV_eae081831e,14,1,2025-01-08 13:23:32.000000
DEV_eae33f6540,14,1,2025-01-15 22:54:41.000000
DEV_eaedcc728f,12,1,2025-01-21 05:00:21.000000
DEV_eaf8a4592a,11,1,2025-01-25 16:48:34.000000
DEV_eafa8d3c79,11,1,2025-02-21 01:22:40.000000
DEV_eafc3efc35,15,1,2025-01-04 02:29:48.000000
DEV_eaff30c7db,14,1,2025-01-03 15:09:41.000000
DEV_eb022dbc05,22,1,2025-02-02 08:44:55.000000
DEV_eb0822f7dd,12,1,2025-01-27 10:55:19.000000
DEV_eb0bf56fc5,1,1,2025-04-18 03:25:05.000000
DEV_eb0cb29d84,10,1,2025-03-10 18:46:20.000000
DEV_eb1170478d,11,1,2025-01-16 20:46:34.000000
DEV_eb1356b290,12,1,2025-02-27 14:54:27.000000
DEV_eb15241b48,11,1,2025-01-01 01:35:08.000000
DEV_eb2361aa30,11,1,2025-02-01 15:38:20.000000
DEV_eb2a3d2529,18,1,2025-01-04 18:58:47.000000
DEV_eb2fb069a3,15,1,2025-01-26 12:33:02.000000
DEV_eb34709ea8,11,1,2025-01-05 10:49:01.000000
DEV_eb3b014a84,8,1,2025-04-27 04:35:34.000000
DEV_eb4a164ccd,11,1,2025-01-25 14:27:35.000000
DEV_eb4abd28b0,10,1,2025-02-16 05:12:58.000000
DEV_eb61ba4c49,6,1,2025-05-09 18:31:42.000000
DEV_eb67672f84,5,1,2025-01-04 08:02:23.000000
DEV_eb687bf9b2,16,1,2025-01-10 14:38:27.000000
DEV_eb6bd9ee40,10,1,2025-01-09 18:35:44.000000
DEV_eb6c2213ad,12,1,2025-01-19 06:28:02.000000
DEV_eb6e8dedcb,1,1,2025-05-01 00:57:58.000000
DEV_eb73a8e796,1,1,2025-06-20 08:29:37.000000
DEV_eb7c552961,8,1,2025-01-12 12:44:32.000000
DEV_eb7ed90a24,13,1,2025-01-01 11:27:55.000000
DEV_eba039ad91,13,1,2025-01-28 15:40:44.000000
DEV_eba4fdfea3,10,1,2025-03-10 18:01:18.000000
DEV_eba6849bca,16,1,2025-02-01 00:51:36.000000
DEV_ebb73c79b7,15,1,2025-01-07 07:30:39.000000
DEV_ebba9f3ac6,14,1,2025-01-03 13:47:03.000000
DEV_ebca160bc7,8,1,2025-02-13 01:05:00.000000
DEV_ebcd5afb7b,13,1,2025-01-03 05:39:53.000000
DEV_ebd5125a70,4,1,2025-02-18 23:52:59.000000
DEV_ebd628af4e,14,1,2025-01-07 12:29:29.000000
DEV_ebd8dc97ff,11,1,2025-01-03 16:56:27.000000
DEV_ebe148c7e6,14,1,2025-01-22 12:04:18.000000
DEV_ebf49387e4,9,1,2025-03-17 01:09:59.000000
DEV_ebfd600475,7,1,2025-02-13 20:25:41.000000
DEV_ec05e5ee3a,10,1,2025-01-18 05:38:44.000000
DEV_ec29168d45,12,1,2025-01-07 08:29:55.000000
DEV_ec29ffa47f,10,1,2025-01-02 21:21:45.000000
DEV_ec2f9d6378,7,1,2025-02-18 03:01:52.000000
DEV_ec30973489,9,1,2025-03-11 12:21:54.000000
DEV_ec397bae65,8,1,2025-02-01 06:55:34.000000
DEV_ec52a5da51,3,1,2025-02-25 07:20:05.000000
DEV_ec53341f9c,12,1,2025-02-22 14:52:36.000000
DEV_ec5e6183f7,15,1,2025-02-12 08:55:58.000000
DEV_ec5e7aa37b,12,1,2025-01-08 17:48:07.000000
DEV_ec6071df6a,15,1,2025-01-07 21:23:23.000000
DEV_ec6ce5a68b,11,1,2025-01-30 19:45:49.000000
DEV_ec6d86b999,3,1,2025-01-11 11:21:40.000000
DEV_ec7a683628,18,1,2025-01-03 02:23:15.000000
DEV_ec7bf58589,5,1,2025-01-03 04:39:28.000000
DEV_ec8170e531,10,1,2025-01-27 22:18:56.000000
DEV_ec8c5bd88d,10,1,2025-03-16 10:40:21.000000
DEV_ec9491ac94,11,1,2025-01-03 11:09:47.000000
DEV_ec9793cf92,15,1,2025-01-12 08:18:12.000000
DEV_eca17d85bd,13,1,2025-01-04 15:00:37.000000
DEV_eca30edf30,6,1,2025-02-19 06:40:49.000000
DEV_eca5c43598,8,1,2025-01-02 10:54:50.000000
DEV_eca6a41b09,17,1,2025-01-12 11:14:49.000000
DEV_ecab2f02ff,11,1,2025-01-17 12:22:36.000000
DEV_ecad6b945c,14,1,2025-01-06 08:57:56.000000
DEV_ecb0a88137,16,1,2025-01-03 00:30:56.000000
DEV_ecb25b7478,9,1,2025-01-28 12:13:03.000000
DEV_ecb3087587,10,1,2025-01-19 13:46:08.000000
DEV_ecb371fa49,10,1,2025-01-31 07:19:50.000000
DEV_ecb6e6d689,11,1,2025-02-05 16:50:23.000000
DEV_ecbbfb6a74,12,1,2025-01-21 15:36:23.000000
DEV_ecc04a73ba,7,1,2025-02-03 00:23:43.000000
DEV_ecc7ad0e3e,11,1,2025-01-07 00:21:53.000000
DEV_eccfa781d0,8,1,2025-02-05 19:32:15.000000
DEV_ecdacf5c89,9,1,2025-01-01 05:46:05.000000
DEV_ece48fcd89,14,1,2025-01-03 22:03:50.000000
DEV_ecea5f1dc3,12,1,2025-02-07 19:09:46.000000
DEV_eceb523bf3,14,1,2025-01-11 05:55:23.000000
DEV_ecee3d3875,12,1,2025-02-04 06:09:19.000000
DEV_ecfd0041ce,10,1,2025-01-13 02:07:44.000000
DEV_ed01978dcf,7,1,2025-01-24 13:00:55.000000
DEV_ed03ca323d,16,1,2025-01-03 03:25:55.000000
DEV_ed0544fbc8,15,1,2025-01-11 11:25:26.000000
DEV_ed22809ee4,16,1,2025-01-24 09:03:38.000000
DEV_ed2511eab6,14,1,2025-02-05 21:41:34.000000
DEV_ed3639aa3e,11,1,2025-01-06 01:26:18.000000
DEV_ed3fc0f9c3,9,1,2025-01-16 19:56:25.000000
DEV_ed41dd88ab,8,1,2025-01-06 13:13:23.000000
DEV_ed425c5578,12,1,2025-01-16 08:14:46.000000
DEV_ed477118df,1,1,2025-06-15 15:29:14.000000
DEV_ed500983d9,12,1,2025-02-10 19:19:14.000000
DEV_ed61158adf,11,1,2025-02-04 13:47:27.000000
DEV_ed6e5881ae,13,1,2025-01-17 14:20:33.000000
DEV_ed74f01baa,15,1,2025-01-10 08:40:33.000000
DEV_ed753f1590,6,1,2025-01-06 17:22:56.000000
DEV_ed797d89dc,13,1,2025-01-16 10:26:03.000000
DEV_ed7fb2ba41,12,1,2025-01-14 01:07:59.000000
DEV_ed84dee9f5,8,1,2025-01-06 15:55:15.000000
DEV_ed8518326a,10,1,2025-05-01 14:06:46.000000
DEV_ed89132223,9,1,2025-02-28 04:31:23.000000
DEV_edaf3e661b,10,1,2025-01-04 03:06:14.000000
DEV_edafcab1ca,10,1,2025-01-15 14:25:03.000000
DEV_edbd410298,10,1,2025-01-13 10:41:15.000000
DEV_edcb35b15f,13,1,2025-01-30 13:23:35.000000
DEV_edcd37100b,13,1,2025-01-10 21:58:45.000000
DEV_edd0e07b99,14,1,2025-01-08 16:19:00.000000
DEV_edd6c80165,5,1,2025-03-23 11:48:50.000000
DEV_eddb65d1ec,13,1,2025-03-17 14:17:38.000000
DEV_eddbc12834,13,1,2025-01-04 04:25:19.000000
DEV_eddc5fbfd2,16,1,2025-01-04 13:20:06.000000
DEV_edec103f3b,10,1,2025-02-25 06:44:27.000000
DEV_edf0792d17,7,1,2025-01-28 20:45:27.000000
DEV_edf4a63c06,1,1,2025-01-05 10:17:34.000000
DEV_edfa157676,12,1,2025-01-16 23:32:27.000000
DEV_ee00298edb,12,1,2025-02-09 22:49:54.000000
DEV_ee08cbcc6b,10,1,2025-03-04 01:39:13.000000
DEV_ee09ac9d2e,9,1,2025-02-19 07:34:57.000000
DEV_ee0c287637,11,1,2025-01-20 10:28:04.000000
DEV_ee1156b86a,17,1,2025-01-18 09:09:48.000000
DEV_ee184da198,9,1,2025-01-14 03:53:36.000000
DEV_ee18d883a1,16,1,2025-02-02 02:39:28.000000
DEV_ee19fd1665,15,1,2025-01-14 06:48:30.000000
DEV_ee244cd3ab,13,1,2025-01-19 07:26:06.000000
DEV_ee2bd29bdb,16,1,2025-01-21 12:58:57.000000
DEV_ee3491cef9,14,1,2025-01-06 19:56:26.000000
DEV_ee44fefe7e,12,1,2025-01-14 11:47:08.000000
DEV_ee4848673b,7,1,2025-01-20 00:46:05.000000
DEV_ee4a2cd7c0,10,1,2025-05-06 14:02:24.000000
DEV_ee4a4af2c4,7,1,2025-02-04 21:05:29.000000
DEV_ee4d08fcf8,13,1,2025-01-11 16:09:46.000000
DEV_ee515bf958,19,1,2025-01-10 08:17:33.000000
DEV_ee6620bcd9,12,1,2025-01-03 02:36:12.000000
DEV_ee71674f51,9,1,2025-02-08 06:57:41.000000
DEV_ee7331b2df,1,1,2025-09-23 00:40:38.000000
DEV_ee7ad65ce5,14,1,2025-01-01 08:21:24.000000
DEV_ee7d0832bd,12,1,2025-02-07 07:47:57.000000
DEV_ee8553106f,13,1,2025-01-27 19:26:05.000000
DEV_ee884a91a9,14,1,2025-01-03 03:52:21.000000
DEV_ee8973d38c,6,1,2025-01-01 09:32:00.000000
DEV_ee8a169bba,10,1,2025-04-11 04:23:13.000000
DEV_ee908d10b6,12,1,2025-01-24 13:42:51.000000
DEV_ee9778e87d,10,1,2025-01-10 04:18:37.000000
DEV_eea297345a,2,1,2025-01-20 14:19:50.000000
DEV_eea3c658cd,1,1,2025-06-29 19:09:21.000000
DEV_eea3df59a7,17,1,2025-01-06 04:14:04.000000
DEV_eea87f90b6,8,1,2025-01-31 17:59:46.000000
DEV_eea8dfcc86,12,1,2025-01-11 08:38:26.000000
DEV_eeb33e1178,12,1,2025-01-09 04:17:27.000000
DEV_eebc90e274,8,1,2025-01-20 09:50:15.000000
DEV_eec1327cd6,10,1,2025-02-06 15:09:29.000000
DEV_eed46f2979,9,1,2025-02-08 14:42:32.000000
DEV_eedb488b39,10,1,2025-01-22 05:03:16.000000
DEV_eedbc8a7bb,13,1,2025-01-03 00:46:41.000000
DEV_eedc5fd700,8,1,2025-02-02 08:31:51.000000
DEV_eede323c2b,1,1,2025-03-31 05:19:41.000000
DEV_eeeb71544d,16,1,2025-02-25 17:05:23.000000
DEV_ef002fe4f6,18,1,2025-01-07 18:07:38.000000
DEV_ef08679e40,14,1,2025-01-03 11:40:08.000000
DEV_ef149c66c9,1,1,2025-04-25 01:18:29.000000
DEV_ef273fd5d5,11,1,2025-01-08 00:14:51.000000
DEV_ef2a257a25,13,1,2025-01-09 02:20:45.000000
DEV_ef2e548106,12,1,2025-01-17 04:15:44.000000
DEV_ef3691cc8c,14,1,2025-01-30 19:14:28.000000
DEV_ef4546ac09,16,1,2025-01-17 13:17:54.000000
DEV_ef53dd9307,6,1,2025-02-01 22:51:47.000000
DEV_ef654222b0,15,1,2025-03-09 12:10:40.000000
DEV_ef66cc4fee,16,1,2025-01-22 08:55:22.000000
DEV_ef6beabd1a,11,1,2025-01-16 06:46:44.000000
DEV_ef6ccb0e25,13,1,2025-01-07 16:12:39.000000
DEV_ef7c60940b,16,1,2025-01-02 21:02:43.000000
DEV_ef8200c39d,18,1,2025-01-07 17:22:52.000000
DEV_ef828734c1,14,1,2025-01-08 05:50:54.000000
DEV_ef87fc6908,22,1,2025-01-05 16:05:32.000000
DEV_ef979d84b0,12,1,2025-03-30 11:18:16.000000
DEV_efa25fecc6,3,1,2025-03-26 16:39:46.000000
DEV_efa79434ef,10,1,2025-01-03 15:59:10.000000
DEV_efac7995ed,15,1,2025-02-05 00:16:27.000000
DEV_efaf23531b,9,1,2025-01-20 22:49:43.000000
DEV_efafa1a56b,9,1,2025-02-13 14:55:17.000000
DEV_efb5e37e00,13,1,2025-01-03 13:07:58.000000
DEV_efb6c78d0a,12,1,2025-01-17 05:12:45.000000
DEV_efb9839662,9,1,2025-02-12 19:03:48.000000
DEV_efbd1422aa,20,1,2025-01-13 17:35:43.000000
DEV_efbe771306,28,1,2025-02-17 21:42:23.000000
DEV_efc1125042,10,1,2025-01-17 20:11:24.000000
DEV_efc35b9b56,16,1,2025-01-20 14:41:04.000000
DEV_efcad35e25,12,1,2025-01-06 15:11:57.000000
DEV_efce41d0b7,9,1,2025-01-29 18:29:34.000000
DEV_efd45b13ec,8,1,2025-03-16 13:12:25.000000
DEV_efe8730985,13,1,2025-01-16 20:04:22.000000
DEV_eff77a7a33,7,1,2025-03-10 07:43:42.000000
DEV_eff8dad24b,18,1,2025-02-12 17:33:38.000000
DEV_effa818545,9,1,2025-03-23 08:43:17.000000
DEV_f006a6c7ca,10,1,2025-02-24 19:20:38.000000
DEV_f00a6fd390,16,1,2025-01-06 21:12:55.000000
DEV_f00ad6d4eb,14,1,2025-01-07 15:08:38.000000
DEV_f01017b59a,9,1,2025-03-12 12:20:35.000000
DEV_f01da3918b,1,1,2025-03-24 12:24:27.000000
DEV_f02c521a55,9,1,2025-03-30 21:45:05.000000
DEV_f02d216d0c,11,1,2025-01-15 03:04:52.000000
DEV_f04607c7ff,8,1,2025-01-17 20:45:17.000000
DEV_f0476a95d5,11,1,2025-01-20 13:15:48.000000
DEV_f0584c6a99,14,1,2025-01-10 02:26:08.000000
DEV_f069d63800,19,8,2025-07-05 08:27:57.996050
DEV_f070da35f8,8,1,2025-01-27 18:52:15.000000
DEV_f088cc8082,12,1,2025-04-05 11:21:40.000000
DEV_f088d3a898,10,1,2025-01-27 22:35:24.000000
DEV_f08acb5482,12,1,2025-01-11 23:47:26.000000
DEV_f08f4a1248,1,1,2025-01-20 07:29:14.451782
DEV_f09273c850,10,1,2025-01-12 16:29:57.000000
DEV_f097d4d4cc,11,1,2025-01-21 17:05:57.000000
DEV_f09824e45c,8,1,2025-01-05 13:36:47.000000
DEV_f0a1fd70df,18,1,2025-02-04 23:22:51.000000
DEV_f0af91fd36,14,1,2025-02-08 19:57:08.000000
DEV_f0b61847c5,17,1,2025-01-05 07:17:29.000000
DEV_f0bbdee758,10,1,2025-02-11 07:32:34.000000
DEV_f0d1f44fce,14,1,2025-02-27 05:53:02.000000
DEV_f0d3a1ba8d,13,1,2025-01-06 12:56:28.000000
DEV_f0d5270c57,14,1,2025-01-17 10:43:11.000000
DEV_f0e31b1f3a,14,1,2025-01-27 15:14:37.000000
DEV_f0e7585af5,21,1,2025-01-13 05:46:34.000000
DEV_f100c238ea,10,1,2025-01-08 04:10:00.000000
DEV_f10bfa71b8,16,1,2025-01-16 01:09:03.000000
DEV_f10fa61fe8,6,1,2025-01-23 13:06:06.000000
DEV_f11a4d321e,11,1,2025-01-09 17:45:04.000000
DEV_f11b3c2138,16,1,2025-02-04 02:26:07.000000
DEV_f1266fe6dc,10,1,2025-01-18 22:20:18.000000
DEV_f126b716cd,6,1,2025-05-01 14:43:44.000000
DEV_f129d67d6b,9,1,2025-01-06 19:46:26.000000
DEV_f12b8286a6,11,1,2025-01-03 20:09:59.000000
DEV_f12cfd5b82,16,1,2025-01-23 08:22:07.000000
DEV_f12d9c5546,11,1,2025-01-10 08:57:51.000000
DEV_f1310f0e3b,21,1,2025-02-05 05:14:21.000000
DEV_f142f10e42,14,1,2025-03-03 18:43:29.000000
DEV_f143332daa,7,1,2025-02-23 09:52:47.000000
DEV_f16730e9b2,15,1,2025-01-02 18:50:03.000000
DEV_f16d71efa2,12,1,2025-02-12 06:32:20.000000
DEV_f170bc7219,9,4,2025-02-25 14:34:49.103806
DEV_f17af4fcbe,10,1,2025-01-29 20:43:44.000000
DEV_f183519fe1,12,1,2025-01-20 03:50:07.000000
DEV_f1882fada4,11,1,2025-01-29 18:10:37.000000
DEV_f18c9c61b5,8,1,2025-01-07 15:19:20.000000
DEV_f199f7177b,7,1,2025-02-07 19:46:28.000000
DEV_f1bc934ab2,7,1,2025-03-29 13:45:53.000000
DEV_f1ce8bb7bc,9,1,2025-01-09 02:21:01.000000
DEV_f1dd812a58,9,1,2025-02-08 20:16:08.000000
DEV_f1f1660bfc,11,1,2025-01-20 06:30:06.000000
DEV_f1f5230f72,17,1,2025-02-14 15:45:21.000000
DEV_f202361f1b,9,1,2025-01-18 08:45:01.000000
DEV_f205fe2a20,10,4,2025-03-15 12:44:01.102386
DEV_f20986dd9f,9,1,2025-02-09 02:52:16.000000
DEV_f21c61f5ed,9,1,2025-01-10 05:50:22.000000
DEV_f21dd59f70,13,1,2025-01-21 10:25:44.000000
DEV_f226e547a3,12,1,2025-01-22 23:43:52.000000
DEV_f232bff312,6,1,2025-02-16 09:02:12.000000
DEV_f232f2ff05,17,1,2025-01-20 13:28:27.000000
DEV_f23692413c,13,1,2025-01-21 00:06:07.000000
DEV_f2424b14e7,9,1,2025-02-05 05:24:44.000000
DEV_f24fd1c1d7,1,1,2025-09-24 15:05:03.000000
DEV_f260e9031f,12,1,2025-01-07 05:21:06.000000
DEV_f27b838d7a,15,1,2025-01-09 12:04:12.000000
DEV_f2838a0351,1,1,2025-04-12 22:33:22.000000
DEV_f291abe8e3,16,1,2025-01-07 00:13:07.000000
DEV_f295b1bee1,10,1,2025-01-30 07:22:30.000000
DEV_f2984c81ca,13,1,2025-01-03 03:04:13.000000
DEV_f2997e0f4b,8,1,2025-02-23 07:43:51.000000
DEV_f29ac4a22b,7,1,2025-02-25 23:45:29.000000
DEV_f2a15242e2,7,1,2025-01-06 20:13:26.000000
DEV_f2ae5ee0fe,5,1,2025-02-14 02:12:17.000000
DEV_f2b3ad5780,6,1,2025-02-11 01:47:18.000000
DEV_f2bb01aa97,14,1,2025-02-19 06:52:37.000000
DEV_f2c0511bdb,11,1,2025-01-24 09:25:15.000000
DEV_f2d5634cb1,14,1,2025-02-27 00:47:52.000000
DEV_f2dc912f26,14,1,2025-03-06 15:36:21.000000
DEV_f2dcbaec67,12,1,2025-01-27 01:09:46.000000
DEV_f2eaf1ec3d,11,1,2025-01-05 21:17:45.000000
DEV_f2eb8c3811,13,1,2025-02-01 13:07:47.000000
DEV_f2f2651bdf,10,1,2025-01-24 08:11:33.000000
DEV_f2fda5d81e,15,1,2025-02-18 15:00:04.000000
DEV_f2ff6ab0a1,16,1,2025-01-02 19:20:14.000000
DEV_f305350b0d,6,1,2025-05-08 14:52:27.000000
DEV_f30747fa28,12,1,2025-02-22 00:08:29.000000
DEV_f3078e3b33,8,1,2025-02-24 05:16:59.000000
DEV_f31e92ca65,7,1,2025-01-10 06:21:34.000000
DEV_f320ecf302,9,1,2025-03-03 21:31:52.000000
DEV_f32488affb,24,1,2025-01-13 18:35:24.000000
DEV_f32cfcc4a1,14,1,2025-01-30 22:59:46.000000
DEV_f33aafd5a7,17,1,2025-02-02 11:15:32.000000
DEV_f34755b5c4,11,1,2025-02-01 13:10:47.000000
DEV_f34adc1353,15,1,2025-01-13 10:03:44.000000
DEV_f34b3ba637,12,1,2025-02-28 06:14:50.000000
DEV_f356059dc7,4,1,2025-01-04 21:20:52.000000
DEV_f35b0b1786,16,1,2025-01-04 00:15:51.000000
DEV_f35d004a51,11,1,2025-01-18 12:18:55.000000
DEV_f35ee7327a,14,1,2025-01-20 14:16:08.000000
DEV_f35fd63d5b,11,1,2025-01-13 10:32:16.000000
DEV_f36fb084bd,8,1,2025-01-26 23:42:23.000000
DEV_f37f21949a,14,1,2025-01-01 10:25:19.000000
DEV_f38167daad,11,1,2025-03-21 02:24:37.000000
DEV_f3858374f0,13,1,2025-01-24 01:43:10.000000
DEV_f38cf7ed43,11,1,2025-01-13 19:32:34.000000
DEV_f3bc4aa329,14,1,2025-01-03 03:56:00.000000
DEV_f3c2195527,16,1,2025-01-11 01:03:00.000000
DEV_f3c2fffef9,12,1,2025-02-01 21:22:29.000000
DEV_f3cf20dd20,15,1,2025-01-04 01:35:14.000000
DEV_f3da14090a,13,1,2025-02-10 17:33:09.000000
DEV_f3e4ca1ae2,21,1,2025-01-16 22:14:17.000000
DEV_f3e620c41b,14,1,2025-01-10 18:12:58.000000
DEV_f3f0084718,1,1,2025-10-24 03:52:30.000000
DEV_f40797f210,18,1,2025-01-03 02:37:08.000000
DEV_f408876b3b,14,1,2025-04-05 18:37:27.000000
DEV_f40f6c3fcf,16,1,2025-01-16 18:52:49.000000
DEV_f410db1bd2,7,1,2025-01-29 22:39:55.000000
DEV_f412d6262a,10,1,2025-03-14 23:02:47.000000
DEV_f416c37f87,9,1,2025-01-27 04:35:59.000000
DEV_f418759833,18,1,2025-01-11 23:26:24.000000
DEV_f43c61da48,10,1,2025-02-10 12:00:52.000000
DEV_f440ca9983,9,1,2025-02-13 01:37:59.000000
DEV_f44c96eebf,13,1,2025-01-05 03:44:46.000000
DEV_f4647b9633,12,1,2025-01-27 04:13:56.000000
DEV_f46f417075,6,1,2025-04-30 18:31:57.000000
DEV_f471bbd1e1,12,1,2025-01-31 19:33:36.000000
DEV_f47d16a4be,16,1,2025-02-09 16:58:50.000000
DEV_f48261a1d1,9,1,2025-01-04 17:24:51.000000
DEV_f487f6e6f8,4,1,2025-02-25 14:19:17.000000
DEV_f48c6bf6c0,18,1,2025-01-06 17:17:41.000000
DEV_f48ce27e0f,11,1,2025-01-07 12:03:24.000000
DEV_f490aa233b,10,1,2025-02-07 12:22:04.000000
DEV_f49b661628,20,1,2025-01-07 20:20:33.000000
DEV_f49b6f3851,10,1,2025-01-12 18:43:38.000000
DEV_f4a19db1b3,16,1,2025-01-23 20:30:53.000000
DEV_f4a52b7518,10,1,2025-01-14 18:08:16.000000
DEV_f4a649888b,12,1,2025-02-02 08:03:15.000000
DEV_f4a7a225d4,8,1,2025-01-10 20:55:44.000000
DEV_f4ba10fc22,10,1,2025-01-20 11:48:15.000000
DEV_f4bf305ca5,11,1,2025-02-08 10:18:54.000000
DEV_f4c15639d0,7,1,2025-01-24 09:11:36.000000
DEV_f4c66c4fae,11,1,2025-01-02 10:16:35.000000
DEV_f4c82ce88b,2,1,2025-07-16 06:57:55.000000
DEV_f4d1daa1d1,9,1,2025-01-16 05:30:10.000000
DEV_f4e0f9c2fd,14,1,2025-01-13 08:24:10.000000
DEV_f4eb05a302,9,1,2025-01-01 11:54:19.000000
DEV_f4ed7652d8,15,1,2025-02-04 16:38:46.000000
DEV_f4f0a05f00,12,1,2025-02-04 06:41:00.000000
DEV_f501303c72,15,1,2025-01-16 19:32:21.000000
DEV_f50185cce5,10,1,2025-02-19 22:03:34.000000
DEV_f506823a3c,1,1,2025-03-18 06:13:13.000000
DEV_f514246ea4,10,1,2025-01-17 09:12:00.000000
DEV_f51bc6543c,11,1,2025-02-09 05:28:50.000000
DEV_f5223fc060,12,1,2025-03-03 04:58:10.000000
DEV_f52d39fb3c,26,1,2025-01-20 12:04:45.000000
DEV_f531ed8834,7,1,2025-01-03 09:10:40.000000
DEV_f53cbd2809,5,1,2025-01-13 20:02:06.000000
DEV_f5408eb5a9,12,1,2025-01-14 21:40:10.000000
DEV_f54b102dd5,12,1,2025-02-10 19:26:31.000000
DEV_f54daac9d6,13,1,2025-01-10 08:49:29.000000
DEV_f5619aaaaf,10,1,2025-01-02 07:42:30.000000
DEV_f56328d2e7,17,1,2025-01-18 20:55:09.000000
DEV_f5644e817d,8,1,2025-01-04 09:36:53.000000
DEV_f565977590,11,1,2025-01-19 06:02:33.000000
DEV_f581ed97b4,14,1,2025-01-17 02:08:19.000000
DEV_f586755bae,11,1,2025-01-28 23:50:51.000000
DEV_f5875255af,8,1,2025-01-16 03:28:33.000000
DEV_f59ef28f35,5,1,2025-02-04 02:03:58.000000
DEV_f5a74b9399,15,1,2025-01-26 14:14:39.000000
DEV_f5b29a0292,13,1,2025-01-13 01:44:06.000000
DEV_f5b2a47f38,12,1,2025-02-03 10:15:00.000000
DEV_f5b2f71ef0,12,1,2025-01-09 11:33:10.000000
DEV_f5b51edffb,13,1,2025-01-17 20:14:18.000000
DEV_f5bd391cb7,17,1,2025-01-12 02:36:04.000000
DEV_f5c4d4278a,16,1,2025-01-11 17:59:26.000000
DEV_f5cf1ab1df,7,1,2025-01-18 18:05:15.000000
DEV_f5d36e3fed,11,1,2025-01-20 13:09:04.000000
DEV_f5e1be74c7,14,1,2025-02-04 10:09:52.000000
DEV_f5e63a4d6e,14,1,2025-01-20 00:25:58.000000
DEV_f5e79d9d0a,10,1,2025-01-02 12:24:02.000000
DEV_f5f7f7ff10,16,1,2025-01-08 17:49:14.000000
DEV_f5fcbda43d,14,1,2025-02-27 08:15:03.000000
DEV_f6081ce6aa,15,1,2025-01-04 09:10:53.000000
DEV_f60c7c6cfd,18,1,2025-01-02 03:00:45.000000
DEV_f60e87daaa,13,1,2025-01-01 05:39:37.000000
DEV_f61d263619,14,1,2025-02-19 02:03:36.000000
DEV_f62c981b27,6,1,2025-03-12 01:29:11.000000
DEV_f636525953,14,1,2025-01-26 23:47:25.000000
DEV_f637b2acf8,8,1,2025-01-02 10:43:49.000000
DEV_f638bdf64e,12,1,2025-02-01 04:40:21.000000
DEV_f63c1fcfc5,12,1,2025-02-11 01:49:14.000000
DEV_f63c512975,11,1,2025-01-02 15:59:36.000000
DEV_f64aa6738b,13,1,2025-02-10 04:25:05.000000
DEV_f6593c29f3,8,1,2025-02-23 13:30:23.000000
DEV_f659eb8b2c,14,1,2025-01-16 02:51:49.000000
DEV_f65cf17bd7,17,1,2025-02-24 23:41:36.000000
DEV_f661f9a502,8,1,2025-02-02 02:06:05.000000
DEV_f6641730fb,3,1,2025-01-07 06:11:24.000000
DEV_f66a458409,13,1,2025-03-29 08:12:30.000000
DEV_f66d7a65d7,9,1,2025-02-25 21:26:47.000000
DEV_f66fe842f6,6,1,2025-03-26 04:35:12.000000
DEV_f675aa954f,14,1,2025-01-14 18:08:20.000000
DEV_f686dfc72f,14,1,2025-01-10 21:55:23.000000
DEV_f68cb3e331,5,1,2025-01-28 17:41:15.000000
DEV_f6993313ab,13,1,2025-01-08 09:19:39.000000
DEV_f6a1ca367e,12,1,2025-01-29 21:16:31.000000
DEV_f6a3a8cbc5,10,1,2025-01-26 02:47:28.000000
DEV_f6b90eb5e2,14,1,2025-02-19 06:17:18.000000
DEV_f6bf6c5e47,11,1,2025-01-04 04:26:36.000000
DEV_f6c49598b4,7,1,2025-03-25 14:12:39.000000
DEV_f6c7137891,7,1,2025-03-20 05:06:15.000000
DEV_f6c7d7f3ef,19,1,2025-01-07 23:55:46.000000
DEV_f6ce7bf8fb,11,1,2025-01-08 11:19:17.000000
DEV_f6d9bae944,10,1,2025-03-02 18:28:53.000000
DEV_f6df0732b8,11,1,2025-02-02 23:13:37.000000
DEV_f6e95b0d82,17,1,2025-02-11 01:09:50.000000
DEV_f6f85e04e8,4,1,2025-02-26 10:31:15.000000
DEV_f6fd8f5042,13,1,2025-01-07 00:19:06.000000
DEV_f6fe4e7564,9,1,2025-02-22 05:42:53.000000
DEV_f70150f70e,8,1,2025-01-30 11:43:16.000000
DEV_f70ba8e4d4,16,1,2025-01-11 12:57:50.000000
DEV_f711731cbd,14,1,2025-01-06 08:20:09.000000
DEV_f714683fda,10,1,2025-02-13 00:01:23.000000
DEV_f7183e8310,1,1,2025-07-11 19:29:46.000000
DEV_f7272756b7,16,1,2025-01-03 08:47:59.000000
DEV_f72c192b54,14,1,2025-01-02 02:31:01.000000
DEV_f730eeb0fe,18,1,2025-01-02 07:44:38.000000
DEV_f733d1af47,13,1,2025-01-10 11:04:17.000000
DEV_f734c26cb0,25,1,2025-01-14 14:03:34.000000
DEV_f735a618b3,12,1,2025-02-17 19:37:47.000000
DEV_f73f5b38f5,7,1,2025-01-16 20:09:23.000000
DEV_f7543181af,13,1,2025-01-07 01:57:49.000000
DEV_f755b8ec1a,14,1,2025-01-06 07:13:02.000000
DEV_f762fcf6dd,13,1,2025-01-04 03:12:19.000000
DEV_f768ebe2fd,12,1,2025-01-02 03:06:46.000000
DEV_f76fd115e1,3,1,2025-01-24 03:52:38.000000
DEV_f778de9239,11,1,2025-03-21 14:27:05.000000
DEV_f785b5934e,16,1,2025-01-02 07:56:58.000000
DEV_f78f6b8f1e,12,1,2025-01-06 01:39:37.000000
DEV_f796ff0716,15,1,2025-01-26 06:58:58.000000
DEV_f7b2a4f63f,13,1,2025-01-29 18:50:24.000000
DEV_f7bc0b845f,8,1,2025-01-31 22:30:51.000000
DEV_f7c8e7caa7,10,1,2025-04-02 13:47:05.000000
DEV_f7cb1d3c7b,10,1,2025-03-30 20:32:48.000000
DEV_f7cc178757,12,1,2025-01-13 14:42:35.000000
DEV_f7d1af058a,13,1,2025-01-06 13:56:54.000000
DEV_f7d3fa5e59,22,1,2025-01-18 21:31:23.000000
DEV_f7d5582206,13,1,2025-01-22 20:56:54.000000
DEV_f7d6fb54b1,17,1,2025-01-11 23:00:41.000000
DEV_f7db923750,18,1,2025-01-01 13:46:40.000000
DEV_f7ec283a39,6,1,2025-04-11 04:51:58.000000
DEV_f7f181a13b,15,1,2025-01-01 04:01:26.000000
DEV_f7f20e8f47,13,1,2025-01-05 15:53:22.000000
DEV_f7f6fdda0d,13,1,2025-01-16 22:36:25.000000
DEV_f7f700bb35,9,1,2025-03-15 01:59:26.000000
DEV_f7fdd2649b,9,1,2025-01-26 22:24:05.000000
DEV_f7fde5ccd6,12,1,2025-01-10 01:32:14.000000
DEV_f8022299e7,14,1,2025-02-06 16:53:06.000000
DEV_f8032ee0d4,6,1,2025-03-15 13:11:03.000000
DEV_f80474449a,8,1,2025-01-08 05:12:59.000000
DEV_f80c90a6cc,14,1,2025-02-04 18:22:16.000000
DEV_f80ee9ef35,18,1,2025-01-21 00:46:39.000000
DEV_f8144bc5b7,24,1,2025-01-03 17:11:34.000000
DEV_f818b3e5bb,11,1,2025-01-11 10:18:29.000000
DEV_f81aaf3b6b,6,1,2025-02-12 16:42:10.000000
DEV_f82d728fbb,10,1,2025-01-20 01:02:30.000000
DEV_f831ba77d7,21,1,2025-01-20 07:32:34.000000
DEV_f83ae3c115,2,1,2025-08-05 00:06:13.000000
DEV_f83bf1b08d,13,1,2025-01-05 12:13:53.000000
DEV_f851568978,18,1,2025-02-08 06:18:46.000000
DEV_f8550c3a52,14,1,2025-02-07 02:24:14.000000
DEV_f85d853f83,24,1,2025-01-16 06:05:23.000000
DEV_f875107d18,20,1,2025-01-05 15:14:41.000000
DEV_f877c80619,10,1,2025-01-11 21:27:32.000000
DEV_f889b6c847,12,1,2025-01-09 04:31:05.000000
DEV_f88ae44dde,10,1,2025-01-06 18:38:39.000000
DEV_f8a51d6d55,8,1,2025-02-05 22:19:24.000000
DEV_f8aa21fd91,12,1,2025-01-23 07:23:42.000000
DEV_f8ac2e3017,15,1,2025-01-09 05:20:58.000000
DEV_f8ad6609e8,19,1,2025-01-20 10:56:30.000000
DEV_f8b3a50950,11,1,2025-01-01 06:15:46.000000
DEV_f8c6d85253,11,1,2025-01-06 06:19:58.000000
DEV_f8c8f68a99,9,1,2025-01-15 02:14:17.000000
DEV_f8cdd9545f,14,1,2025-01-01 07:57:27.000000
DEV_f8e8836811,7,1,2025-01-25 15:31:44.000000
DEV_f8f0de8852,10,1,2025-01-12 06:13:31.000000
DEV_f8f304e0c2,17,1,2025-01-03 20:10:39.000000
DEV_f9115d8832,13,1,2025-01-08 06:21:31.000000
DEV_f912c8d94e,2,1,2025-05-12 01:22:10.000000
DEV_f91778e702,9,1,2025-06-04 11:36:38.000000
DEV_f91cd75d97,17,1,2025-01-26 09:44:31.000000
DEV_f91d9f8c1a,14,1,2025-01-13 23:02:29.000000
DEV_f920ec7544,10,1,2025-01-06 21:49:39.000000
DEV_f921dd05e1,23,1,2025-01-07 16:56:50.000000
DEV_f9238d8d34,13,1,2025-01-02 03:21:23.000000
DEV_f93ff5a109,13,1,2025-02-16 18:51:53.000000
DEV_f9426ba07f,9,1,2025-03-02 11:18:56.000000
DEV_f944cb6756,15,1,2025-01-26 17:17:20.000000
DEV_f94624c604,22,1,2025-01-14 17:11:34.000000
DEV_f9508c89b6,20,1,2025-01-15 04:16:51.000000
DEV_f956213edf,9,1,2025-03-23 02:08:32.000000
DEV_f95f6b5737,11,1,2025-01-08 06:58:05.000000
DEV_f961550611,14,1,2025-01-19 02:06:11.000000
DEV_f96169d8ea,15,1,2025-01-19 19:19:08.000000
DEV_f96672e019,13,1,2025-01-18 08:57:08.000000
DEV_f97572a3ef,10,1,2025-01-09 06:42:48.000000
DEV_f97c643d7a,3,1,2025-08-31 06:02:48.000000
DEV_f980d8a61e,8,3,2025-08-18 03:55:31.922906
DEV_f9951020f3,7,1,2025-01-04 14:06:07.000000
DEV_f996158085,10,1,2025-02-16 02:14:14.000000
DEV_f998e18141,8,1,2025-04-08 21:00:50.000000
DEV_f9b769ba7a,19,1,2025-01-05 05:12:29.000000
DEV_f9bfaa14b0,7,1,2025-01-23 22:27:50.000000
DEV_f9c9409fc9,3,1,2025-03-11 00:33:01.000000
DEV_f9ca2286ae,13,1,2025-01-13 18:13:36.000000
DEV_f9cbfde581,11,1,2025-01-13 22:53:38.000000
DEV_f9cf24ab92,9,1,2025-01-27 03:49:23.000000
DEV_f9d8662019,10,1,2025-02-04 20:23:12.000000
DEV_f9db035840,11,1,2025-01-12 06:29:07.000000
DEV_f9e3ca0515,15,1,2025-01-05 22:57:08.000000
DEV_f9ede2ef33,11,1,2025-01-11 11:19:08.000000
DEV_f9f4f8dd17,28,1,2025-02-14 21:08:25.000000
DEV_f9f911f70b,11,1,2025-01-15 03:23:25.000000
DEV_fa01f438e9,15,1,2025-01-19 12:59:10.000000
DEV_fa12566063,17,1,2025-01-11 09:20:16.000000
DEV_fa23059718,13,1,2025-01-02 10:20:01.000000
DEV_fa2f52f791,6,1,2025-03-03 22:33:16.000000
DEV_fa3313f8de,14,1,2025-02-17 17:43:05.000000
DEV_fa3388cf20,8,1,2025-01-26 12:10:09.000000
DEV_fa3c20dbc0,11,1,2025-01-22 23:38:49.000000
DEV_fa46d48f97,17,1,2025-01-18 03:43:53.000000
DEV_fa4e683fd2,9,1,2025-02-13 16:02:18.000000
DEV_fa5559f4d4,9,1,2025-01-21 14:11:23.000000
DEV_fa5e48fddb,6,1,2025-02-13 15:39:14.000000
DEV_fa6db016ba,11,1,2025-01-12 07:30:23.000000
DEV_fa75c217ae,11,1,2025-01-15 02:10:38.000000
DEV_fa7b3db8da,18,1,2025-01-11 19:38:56.000000
DEV_fa854a0fa0,15,1,2025-01-12 17:28:44.000000
DEV_fa98412633,26,1,2025-01-01 04:35:56.000000
DEV_faa7c914aa,19,1,2025-01-03 01:59:17.000000
DEV_faa9da8ec6,15,1,2025-01-15 16:52:56.000000
DEV_fab946c6a1,10,1,2025-02-19 16:09:51.000000
DEV_fac457fcee,9,1,2025-05-09 06:31:31.000000
DEV_fac4d26107,9,1,2025-01-11 14:55:48.000000
DEV_fad80b0dc0,20,1,2025-01-02 23:14:11.000000
DEV_fadc65abdc,12,1,2025-01-15 13:41:55.000000
DEV_fade460e49,9,1,2025-02-15 16:04:28.000000
DEV_fae37c3900,14,1,2025-01-01 00:43:35.000000
DEV_fae72411fc,8,1,2025-01-23 22:36:09.000000
DEV_faea49e2ae,15,1,2025-01-08 23:35:56.000000
DEV_faefaa2112,20,1,2025-01-13 05:16:03.000000
DEV_faf0ed2190,8,1,2025-01-14 05:06:39.000000
DEV_fafa4f2db8,11,1,2025-02-16 16:18:58.000000
DEV_fafc03c0ae,15,1,2025-01-12 05:47:04.000000
DEV_fb033f2568,10,1,2025-01-31 10:41:50.000000
DEV_fb0b8d10c7,17,1,2025-01-28 22:34:35.000000
DEV_fb0d6d8dbb,17,1,2025-02-02 07:48:27.000000
DEV_fb15483764,7,1,2025-01-08 12:47:45.000000
DEV_fb1703e4f0,5,1,2025-01-18 18:52:02.000000
DEV_fb20904dd6,13,1,2025-01-11 07:52:55.000000
DEV_fb20eb4a13,16,1,2025-01-20 14:43:30.000000
DEV_fb362b8f1e,17,1,2025-01-12 14:11:52.000000
DEV_fb3798f440,13,1,2025-01-02 10:45:39.000000
DEV_fb42f6f9fe,6,1,2025-01-23 18:10:30.000000
DEV_fb44177073,9,1,2025-01-05 22:41:12.000000
DEV_fb46242a8e,9,1,2025-02-08 01:53:35.000000
DEV_fb89a2c395,8,1,2025-02-08 08:09:08.000000
DEV_fbba04176b,8,1,2025-02-05 13:42:52.000000
DEV_fbccf7a11d,13,1,2025-01-22 00:02:15.000000
DEV_fbcff6c9ad,12,1,2025-01-13 04:34:05.000000
DEV_fbd2308a91,1,1,2025-08-29 20:42:27.000000
DEV_fbdbcfd474,7,1,2025-01-11 06:43:33.000000
DEV_fbdd304153,9,1,2025-01-26 19:07:34.000000
DEV_fbe14281d8,9,3,2025-06-26 21:41:40.400693
DEV_fbe5301736,9,1,2025-02-12 08:33:24.000000
DEV_fbe6f28ca5,12,1,2025-01-28 19:51:40.000000
DEV_fbe7c3f7b2,5,1,2025-02-26 10:16:59.000000
DEV_fbe94336cd,11,1,2025-01-19 01:27:17.000000
DEV_fbf190e6b6,8,1,2025-01-06 16:39:51.000000
DEV_fbf6867feb,11,1,2025-01-17 03:14:46.000000
DEV_fbfb1273f0,9,1,2025-01-02 02:57:13.000000
DEV_fbfb813884,10,1,2025-02-25 11:05:31.000000
DEV_fc0aeb5274,8,1,2025-01-01 19:35:05.000000
DEV_fc1043c188,14,1,2025-01-12 11:46:47.000000
DEV_fc162825d4,9,1,2025-01-02 12:14:52.000000
DEV_fc1832f707,12,1,2025-01-07 12:21:04.000000
DEV_fc1a990505,14,1,2025-04-03 16:01:10.000000
DEV_fc1eee5a6a,1,1,2025-06-17 13:26:50.000000
DEV_fc1fe64006,11,1,2025-01-01 02:16:16.000000
DEV_fc209bd44a,4,1,2025-05-07 05:34:33.000000
DEV_fc20e462bd,13,1,2025-01-31 21:53:46.000000
DEV_fc224ca671,1,1,2025-06-07 15:15:58.000000
DEV_fc23a9bb81,7,1,2025-01-20 10:14:13.000000
DEV_fc246c17a2,9,1,2025-01-17 02:05:32.000000
DEV_fc26733ad8,8,1,2025-03-01 05:10:40.000000
DEV_fc3503ffb6,14,1,2025-02-07 16:18:26.000000
DEV_fc3ded4ca0,18,1,2025-01-09 19:31:25.000000
DEV_fc4397b820,8,1,2025-02-21 08:26:37.000000
DEV_fc43f00233,12,1,2025-02-22 13:30:37.000000
DEV_fc46bab026,13,1,2025-03-03 13:16:40.000000
DEV_fc51daf826,8,1,2025-01-15 21:05:32.000000
DEV_fc552df5a8,10,1,2025-01-23 12:05:13.000000
DEV_fc57e3b994,13,1,2025-01-21 21:28:36.000000
DEV_fc5f182533,22,1,2025-02-04 03:56:36.000000
DEV_fc68c5b82e,16,1,2025-01-21 16:01:21.000000
DEV_fc6b8ecba2,12,1,2025-02-10 05:55:24.000000
DEV_fc754f7d50,9,1,2025-01-26 13:58:49.000000
DEV_fc7dd86988,14,1,2025-01-31 06:11:30.000000
DEV_fc80804c56,12,1,2025-01-13 06:04:46.000000
DEV_fc87d6d761,10,1,2025-01-10 01:32:19.000000
DEV_fc8d683d38,13,1,2025-02-16 18:28:17.000000
DEV_fc92fa9406,17,1,2025-01-28 14:37:52.000000
DEV_fc94a164b4,11,1,2025-01-08 04:22:13.000000
DEV_fc9586f220,12,1,2025-01-03 17:17:43.000000
DEV_fc97a611bf,1,1,2025-03-17 20:30:17.000000
DEV_fc9b4e6e08,11,1,2025-02-26 10:11:46.000000
DEV_fca78ea2a9,9,1,2025-01-22 11:03:48.000000
DEV_fcc4effa16,12,1,2025-02-14 03:55:46.000000
DEV_fcc9241d08,13,1,2025-02-26 15:29:42.000000
DEV_fcc939c756,11,1,2025-01-03 20:06:45.000000
DEV_fcca43effd,4,1,2025-01-25 10:18:24.000000
DEV_fcd003e080,13,1,2025-01-09 19:20:49.000000
DEV_fcd0091e34,1,1,2025-02-02 02:26:04.000000
DEV_fcd47cab66,13,1,2025-01-17 13:10:28.000000
DEV_fcdc9cac33,9,1,2025-03-01 19:34:21.000000
DEV_fd026aa6e3,12,1,2025-01-06 15:43:23.000000
DEV_fd0617ea33,8,1,2025-01-21 13:25:30.000000
DEV_fd090f857d,11,1,2025-01-05 12:34:44.000000
DEV_fd0f56ff5a,7,1,2025-05-22 03:34:49.000000
DEV_fd161e4e9e,13,1,2025-01-03 14:21:51.000000
DEV_fd1d81beba,13,1,2025-01-06 15:56:28.000000
DEV_fd2426599c,10,1,2025-01-15 16:39:20.000000
DEV_fd2851530d,7,1,2025-01-05 04:41:39.000000
DEV_fd2aa4b8b7,7,1,2025-03-06 18:09:03.000000
DEV_fd2bf218be,9,1,2025-01-05 10:36:19.000000
DEV_fd3d65d962,13,1,2025-01-15 10:22:01.000000
DEV_fd55dd97ba,3,1,2025-03-18 23:07:57.000000
DEV_fd57deedca,12,1,2025-01-10 00:42:14.000000
DEV_fd620fea67,11,1,2025-01-24 15:15:21.000000
DEV_fd67cee20d,10,1,2025-02-01 12:49:15.000000
DEV_fd69d6b4da,12,1,2025-02-24 22:27:17.000000
DEV_fd6b90b997,8,1,2025-01-13 23:48:39.000000
DEV_fd729d751c,1,1,2025-04-18 20:08:21.000000
DEV_fd86bde73e,3,1,2025-06-22 11:25:30.000000
DEV_fd91d475fb,15,1,2025-01-17 01:55:08.000000
DEV_fd99a0b221,8,1,2025-01-30 01:42:00.000000
DEV_fda06ef0f8,11,1,2025-02-01 19:57:18.000000
DEV_fdac577df6,18,1,2025-01-12 23:30:49.000000
DEV_fdb0f208c3,13,1,2025-01-04 13:00:31.000000
DEV_fdbba15dc1,1,1,2025-02-24 10:34:37.000000
DEV_fdbda0b98b,10,1,2025-01-22 12:23:08.000000
DEV_fdc80ab861,17,1,2025-01-15 17:14:30.000000
DEV_fdc97b18a7,9,1,2025-01-22 08:16:58.000000
DEV_fdcc920369,12,1,2025-01-08 03:14:58.000000
DEV_fdcca834f2,14,1,2025-02-09 16:27:54.000000
DEV_fdcfb6e74f,13,1,2025-01-06 15:12:23.000000
DEV_fdd3ace438,8,1,2025-03-07 14:09:17.000000
DEV_fddcaa8b8a,7,1,2025-04-08 15:16:25.000000
DEV_fde336eb41,17,1,2025-01-16 11:33:32.000000
DEV_fde45c0d77,10,1,2025-01-08 14:58:09.000000
DEV_fde5e09f7e,11,1,2025-01-07 06:17:26.000000
DEV_fdf762bba8,13,1,2025-01-06 18:48:06.000000
DEV_fdfb7a17e6,10,1,2025-01-07 08:42:50.000000
DEV_fdfc8a0fa7,12,1,2025-01-09 09:55:24.000000
DEV_fe06894f6e,9,1,2025-03-12 15:16:37.000000
DEV_fe0fc003fe,9,1,2025-01-06 21:11:48.000000
DEV_fe13e5964f,13,1,2025-01-26 03:16:55.000000
DEV_fe1677059a,12,1,2025-01-08 12:24:37.000000
DEV_fe19f41cc9,7,1,2025-01-25 18:34:51.000000
DEV_fe2390fb66,22,1,2025-02-10 09:33:40.000000
DEV_fe3ac822ee,15,1,2025-02-08 00:09:29.000000
DEV_fe3c856ffa,25,7,2025-06-22 08:39:59.971582
DEV_fe515cf7c8,9,1,2025-02-24 11:35:47.000000
DEV_fe5201ab2a,11,1,2025-01-08 04:06:21.000000
DEV_fe5207313d,9,1,2025-01-14 08:08:59.000000
DEV_fe54720917,16,1,2025-01-02 18:09:34.000000
DEV_fe563bbc54,8,1,2025-06-06 19:24:38.000000
DEV_fe578219b5,9,1,2025-03-19 17:59:48.000000
DEV_fe6f6e2a1f,12,1,2025-01-02 20:59:36.000000
DEV_fe87bcde33,11,1,2025-01-06 12:27:26.000000
DEV_fe9be2edc1,15,1,2025-01-16 00:30:08.000000
DEV_fe9c92132c,14,1,2025-01-07 11:47:22.000000
DEV_fea2afa6de,9,1,2025-01-11 12:34:53.000000
DEV_fea753434c,13,1,2025-01-21 09:29:21.000000
DEV_feab07b1ed,7,1,2025-01-02 12:23:53.000000
DEV_feabc892b1,8,1,2025-01-01 04:28:15.000000
DEV_feb45281a7,6,2,2025-10-25 08:02:57.757142
DEV_fec2d38c1e,8,1,2025-02-01 08:40:53.000000
DEV_fec6f98a62,14,1,2025-01-24 03:23:00.000000
DEV_fecf0ff7e4,11,1,2025-01-23 13:23:37.000000
DEV_feda26c68d,11,1,2025-01-17 20:12:45.000000
DEV_fee0dd304b,17,1,2025-01-14 13:02:06.000000
DEV_fee28a716c,20,1,2025-01-06 07:07:43.000000
DEV_fef9d97dd5,13,1,2025-02-07 12:07:52.000000
DEV_ff03c80f8c,3,1,2025-03-16 12:28:19.000000
DEV_ff075e17ee,4,1,2025-06-07 16:45:33.000000
DEV_ff0dcf2a97,10,1,2025-01-07 00:14:39.000000
DEV_ff18d05aaa,11,1,2025-01-14 04:47:56.000000
DEV_ff199b83f3,20,1,2025-03-02 05:31:51.000000
DEV_ff21581794,19,1,2025-01-15 21:30:55.000000
DEV_ff22a8c892,14,1,2025-01-27 22:04:38.000000
DEV_ff27ae6231,17,1,2025-01-03 23:42:28.000000
DEV_ff29b046f2,18,1,2025-01-05 11:07:09.000000
DEV_ff329efc9e,16,1,2025-01-05 05:50:56.000000
DEV_ff357a66f7,15,1,2025-01-19 05:46:40.000000
DEV_ff3697c2f6,7,1,2025-01-08 19:35:40.000000
DEV_ff376ce432,18,1,2025-01-03 01:46:42.000000
DEV_ff3787ccd9,18,1,2025-01-03 20:41:10.000000
DEV_ff3c7e51bf,12,1,2025-01-03 08:41:13.000000
DEV_ff41cd400b,8,1,2025-03-27 21:45:24.000000
DEV_ff4cb74eb7,10,1,2025-02-22 16:45:18.000000
DEV_ff56ce8774,15,1,2025-01-02 16:12:02.000000
DEV_ff57f4f9e7,10,1,2025-03-31 15:50:27.000000
DEV_ff5a607181,12,1,2025-02-15 15:34:24.000000
DEV_ff5ad51e23,8,1,2025-02-23 21:16:27.000000
DEV_ff5f4c8d8c,10,1,2025-02-15 12:37:44.000000
DEV_ff5fdf0fe0,9,1,2025-01-25 07:40:10.000000
DEV_ff6de1f57c,10,1,2025-01-04 03:08:26.000000
DEV_ff7014a8c6,1,1,2025-08-08 08:22:28.000000
DEV_ff712d6de1,15,1,2025-01-29 11:32:06.000000
DEV_ff7ddca123,11,1,2025-01-10 11:34:17.000000
DEV_ff83a79b7c,8,1,2025-01-14 13:06:12.000000
DEV_ff88c3a2ec,11,1,2025-02-06 12:53:02.000000
DEV_ff8e009cb3,16,1,2025-01-04 10:33:47.000000
DEV_ff8e57887b,6,1,2025-03-02 10:01:13.000000
DEV_ff91c2a01c,17,1,2025-01-15 17:36:46.000000
DEV_ff97bf5d86,7,1,2025-02-25 22:28:19.000000
DEV_ff9bcf8a3f,15,1,2025-04-01 03:10:32.000000
DEV_ff9d0fc31b,7,1,2025-01-19 18:18:32.000000
DEV_ffa0d449bb,5,1,2025-02-25 15:57:35.000000
DEV_ffa6efe4b2,14,1,2025-01-18 22:25:07.000000
DEV_ffa7d13743,8,1,2025-02-12 18:03:34.000000
DEV_ffafe7464a,12,1,2025-02-01 01:25:16.000000
DEV_ffcdae3416,8,1,2025-01-01 18:03:29.000000
DEV_ffcf526ea6,23,1,2025-01-18 07:06:26.000000
DEV_ffd7f065c7,1,1,2025-04-09 23:42:36.000000
DEV_ffdc620c2a,7,1,2025-01-21 17:32:20.000000
DEV_ffe2c19bfc,1,1,2025-06-24 16:16:44.000000
DEV_ffe892a904,14,1,2025-01-10 06:43:58.000000
DEV_ffea66e97e,16,1,2025-01-22 12:37:32.000000
DEV_fff1261484,19,1,2025-01-30 10:19:10.000000
DEV_fff8b442b6,12,1,2025-01-14 08:15:32.000000
