transaction_id,customer_id,merchant_id,timestamp,amount,currency,payment_method,device_id,ip_id,country,city,transaction_status,failure_reason,is_chargeback,is_refund,label,account_age_days,avg_transaction_amount,transaction_frequency_per_week,historical_chargebacks,historical_refunds,home_city,home_country,device_customer_count,device_transaction_count,device_first_seen,ip_customer_count,ip_transaction_count,historical_fraud_rate,merchant_avg_txn_value,amount_dev_ratio,amount_zscore_merchant,is_foreign_country,device_is_new,device_shared_flag,ip_shared_flag,prev_txn_time,seconds_since_prev_txn,velocity_5min,velocity_1hr,is_failed,failed_txn_count_24h
TXN_a841a6076e,CUST_00000,MER_0015,2025-01-31 10:41:50.000000,805.83,INR,card,DEV_fb033f2568,IP_80a5867fb0,IN,Chennai,success,,0,0,0,1373,870.24,6.15,0,0,Chennai,IN,1,10,2025-01-31 10:41:50.000000,1,10,0.0068,710.92,0.9259859349145064,0.1335030664491083,0,1,0,0,,999999.0,1,1,0,0
TXN_5264e0edef,CUST_00000,MER_0028,2025-02-14 08:37:00.000000,865.61,INR,netbanking,DEV_fb033f2568,IP_80a5867fb0,IN,Chennai,success,,0,0,0,1373,870.24,6.15,0,0,Chennai,IN,1,10,2025-01-31 10:41:50.000000,1,10,0.0099,504.52,0.9946796286082,0.7157099817648459,0,0,0,0,2025-01-31 10:41:50.000000,1202110.0,1,1,0,0
TXN_8c5152e587,CUST_00000,MER_0023,2025-03-03 18:36:00.000000,876.51,INR,wallet,DEV_fb033f2568,IP_80a5867fb0,IN,Chennai,success,,0,0,0,1373,870.24,6.15,0,0,Chennai,IN,1,10,2025-01-31 10:41:50.000000,1,10,0.0237,748.53,1.0072049089906232,0.17097511121798728,0,0,0,0,2025-02-14 08:37:00.000000,1504740.0,1,1,0,0
TXN_2bab93f33e,CUST_00000,MER_0003,2025-03-28 18:43:40.000000,804.25,INR,netbanking,DEV_fb033f2568,IP_80a5867fb0,IN,Chennai,success,,0,0,0,1373,870.24,6.15,0,0,Chennai,IN,1,10,2025-01-31 10:41:50.000000,1,10,0.0263,577.97,0.924170343813201,0.39150820976867307,0,0,0,0,2025-03-03 18:36:00.000000,2160460.0,1,1,0,0
TXN_59c375b9b3,CUST_00000,MER_0036,2025-05-03 16:03:12.000000,931.62,INR,wallet,DEV_fb033f2568,IP_80a5867fb0,IN,Chennai,success,,0,0,0,1373,870.24,6.15,0,0,Chennai,IN,1,10,2025-01-31 10:41:50.000000,1,10,0.0262,402.01,1.0705322669608384,1.31740503967563,0,0,0,0,2025-03-28 18:43:40.000000,3100772.0,1,1,0,0
TXN_bc1b244b24,CUST_00000,MER_0000,2025-05-10 00:08:23.000000,959.3,INR,upi,DEV_fb033f2568,IP_80a5867fb0,IN,Chennai,success,,0,0,0,1373,870.24,6.15,0,0,Chennai,IN,1,10,2025-01-31 10:41:50.000000,1,10,0.0225,896.08,1.1023395844824415,0.07055173645210239,0,0,0,0,2025-05-03 16:03:12.000000,547511.0,1,1,0,0
TXN_fb82b2e7b3,CUST_00000,MER_0025,2025-07-05 13:54:50.000000,871.24,INR,card,DEV_fb033f2568,IP_80a5867fb0,IN,Chennai,success,,0,0,0,1373,870.24,6.15,0,0,Chennai,IN,1,10,2025-01-31 10:41:50.000000,1,10,0.0075,737.17,1.0011491082919655,0.1818712101686179,0,0,0,0,2025-05-10 00:08:23.000000,4887987.0,1,1,0,0
TXN_6824d4c5e7,CUST_00000,MER_0020,2025-09-29 19:44:21.000000,988.41,INR,upi,DEV_fb033f2568,IP_80a5867fb0,IN,Chennai,success,,0,0,0,1373,870.24,6.15,0,0,Chennai,IN,1,10,2025-01-31 10:41:50.000000,1,10,0.0107,1089.56,1.1357901268615553,-0.0928356400748926,0,0,0,0,2025-07-05 13:54:50.000000,7451371.0,1,1,0,0
TXN_1129d6a015,CUST_00000,MER_0032,2025-09-30 23:02:34.000000,865.32,INR,upi,DEV_fb033f2568,IP_80a5867fb0,IN,Chennai,success,,0,0,0,1373,870.24,6.15,0,0,Chennai,IN,1,10,2025-01-31 10:41:50.000000,1,10,0.0022,443.12,0.9943463872035301,0.9527893121502077,0,0,0,0,2025-09-29 19:44:21.000000,98293.0,1,1,0,0
TXN_c10f3ecdb8,CUST_00000,MER_0032,2025-10-22 03:37:49.000000,462.97,INR,upi,DEV_fb033f2568,IP_80a5867fb0,IN,Chennai,success,,0,0,0,1373,870.24,6.15,0,0,Chennai,IN,1,10,2025-01-31 10:41:50.000000,1,10,0.0022,443.12,0.5320026659312374,0.04479599205632791,0,0,0,0,2025-09-30 23:02:34.000000,1830915.0,1,1,0,0
TXN_6641bc29a2,CUST_00001,MER_0039,2025-02-01 15:24:24.000000,188.18,INR,upi,DEV_08bafb63fe,IP_d46b32d9d6,IN,Pune,success,,0,0,0,1438,238.3,2.36,0,0,Pune,IN,1,13,2025-02-01 15:24:24.000000,1,13,0.0111,595.03,0.7896768778850188,-0.6837470379644723,0,1,0,0,,999999.0,1,1,0,0
TXN_b585a842a5,CUST_00001,MER_0022,2025-03-11 06:48:18.000000,201.85,INR,card,DEV_08bafb63fe,IP_d46b32d9d6,IN,Pune,success,,0,0,0,1438,238.3,2.36,0,0,Pune,IN,1,13,2025-02-01 15:24:24.000000,1,13,0.0291,299.79,0.8470415442719261,-0.3266953534140566,0,0,0,0,2025-02-01 15:24:24.000000,3252234.0,1,1,0,0
TXN_d6149f0d6a,CUST_00001,MER_0000,2025-03-24 02:49:39.000000,170.71,INR,card,DEV_08bafb63fe,IP_d46b32d9d6,IN,Pune,success,,0,0,0,1438,238.3,2.36,0,0,Pune,IN,1,13,2025-02-01 15:24:24.000000,1,13,0.0225,896.08,0.7163659253042384,-0.8094924560307115,0,0,0,0,2025-03-11 06:48:18.000000,1108881.0,1,1,0,0
TXN_134339f39c,CUST_00001,MER_0010,2025-04-12 21:04:15.000000,285.62,INR,card,DEV_08bafb63fe,IP_d46b32d9d6,IN,Pune,success,,0,0,0,1438,238.3,2.36,0,0,Pune,IN,1,13,2025-02-01 15:24:24.000000,1,13,0.0102,362.24,1.1985732270247587,-0.2115172261484099,0,0,0,0,2025-03-24 02:49:39.000000,1707276.0,1,1,0,0
TXN_fff433c27e,CUST_00001,MER_0038,2025-04-12 23:57:09.000000,317.42,INR,wallet,DEV_08bafb63fe,IP_d46b32d9d6,IN,Pune,success,,0,0,0,1438,238.3,2.36,0,0,Pune,IN,1,13,2025-02-01 15:24:24.000000,1,13,0.0107,498.94,1.3320184641208561,-0.3638112799134164,0,0,0,0,2025-04-12 21:04:15.000000,10374.0,1,1,0,0
TXN_3668cfe4c3,CUST_00001,MER_0006,2025-04-15 06:24:28.000000,337.88,INR,upi,DEV_08bafb63fe,IP_d46b32d9d6,IN,Pune,success,,0,0,0,1438,238.3,2.36,0,0,Pune,IN,1,13,2025-02-01 15:24:24.000000,1,13,0.0071,501.86,1.4178766261015525,-0.32674451042123304,0,0,0,0,2025-04-12 23:57:09.000000,196039.0,1,1,0,0
TXN_e5b755168e,CUST_00001,MER_0013,2025-04-24 09:22:42.000000,180.71,INR,netbanking,DEV_08bafb63fe,IP_d46b32d9d6,IN,Pune,success,,0,0,0,1438,238.3,2.36,0,0,Pune,IN,1,13,2025-02-01 15:24:24.000000,1,13,0.0164,580.87,0.7583298363407469,-0.6888976879508323,0,0,0,0,2025-04-15 06:24:28.000000,788294.0,1,1,0,0
TXN_fed06b8b9c,CUST_00001,MER_0024,2025-04-25 06:08:35.000000,240.48,INR,card,DEV_08bafb63fe,IP_d46b32d9d6,IN,Pune,success,,0,0,0,1438,238.3,2.36,0,0,Pune,IN,1,13,2025-02-01 15:24:24.000000,1,13,0.0045,1035.96,1.0091481326059588,-0.7678674852310899,0,0,0,0,2025-04-24 09:22:42.000000,74753.0,1,1,0,0
TXN_fe93a17e4e,CUST_00001,MER_0014,2025-06-20 19:52:07.000000,212.11,INR,card,DEV_08bafb63fe,IP_d46b32d9d6,IN,Pune,success,,0,0,0,1438,238.3,2.36,0,0,Pune,IN,1,13,2025-02-01 15:24:24.000000,1,13,0.019,479.8,0.890096516995384,-0.557919966652772,0,0,0,0,2025-04-25 06:08:35.000000,4887812.0,1,1,0,0
TXN_4b64845a2b,CUST_00001,MER_0012,2025-08-08 20:55:10.000000,214.97,INR,netbanking,DEV_08bafb63fe,IP_d46b32d9d6,IN,Pune,success,,0,0,0,1438,238.3,2.36,0,0,Pune,IN,1,13,2025-02-01 15:24:24.000000,1,13,0.0076,1602.61,0.9020981955518254,-0.865862561696233,0,0,0,0,2025-06-20 19:52:07.000000,4237383.0,1,1,0,0
TXN_d697217425,CUST_00001,MER_0009,2025-08-18 09:38:13.000000,85.06,INR,card,DEV_08bafb63fe,IP_d46b32d9d6,IN,Pune,success,,0,0,0,1438,238.3,2.36,0,0,Pune,IN,1,13,2025-02-01 15:24:24.000000,1,13,0.0102,211.04,0.35694502727654215,-0.5969484457922668,0,0,0,0,2025-08-08 20:55:10.000000,823383.0,1,1,0,0
TXN_ee779890a9,CUST_00001,MER_0012,2025-10-01 16:53:06.000000,189.95,INR,netbanking,DEV_08bafb63fe,IP_d46b32d9d6,IN,Pune,success,,0,0,0,1438,238.3,2.36,0,0,Pune,IN,1,13,2025-02-01 15:24:24.000000,1,13,0.0076,1602.61,0.7971044901384808,-0.8814745945676116,0,0,0,0,2025-08-18 09:38:13.000000,3827693.0,1,1,0,0
TXN_505927b228,CUST_00001,MER_0005,2025-10-20 14:15:12.000000,235.3,INR,card,DEV_08bafb63fe,IP_d46b32d9d6,IN,Pune,success,,0,0,0,1438,238.3,2.36,0,0,Pune,IN,1,13,2025-02-01 15:24:24.000000,1,13,0.0292,1054.12,0.9874108266890474,-0.7767806321860888,0,0,0,0,2025-10-01 16:53:06.000000,1632126.0,1,1,0,0
TXN_4ca0f08ca0,CUST_00002,MER_0029,2025-01-16 10:26:03.000000,346.68,INR,card,DEV_ed797d89dc,IP_73ef071a10,IN,Delhi,success,,0,0,0,1248,634.59,6.82,0,1,Delhi,IN,1,13,2025-01-16 10:26:03.000000,1,13,0.0172,1254.23,0.5463054885831796,-0.723591366814699,0,1,0,0,,999999.0,1,1,0,0
TXN_b5aa064f3c,CUST_00002,MER_0039,2025-01-19 00:06:43.000000,608.96,INR,card,DEV_ed797d89dc,IP_73ef071a10,IN,Delhi,success,,0,0,0,1248,634.59,6.82,0,1,Delhi,IN,1,13,2025-01-16 10:26:03.000000,1,13,0.0111,595.03,0.9596117178020455,0.02341058434028547,0,0,0,0,2025-01-16 10:26:03.000000,222040.0,1,1,0,0
TXN_f139a222e8,CUST_00002,MER_0038,2025-01-23 19:58:57.000000,635.1,INR,wallet,DEV_ed797d89dc,IP_73ef071a10,IN,Delhi,success,,0,1,0,1248,634.59,6.82,0,1,Delhi,IN,1,13,2025-01-16 10:26:03.000000,1,13,0.0107,498.94,1.0008036685103767,0.2728985449152203,0,0,0,0,2025-01-19 00:06:43.000000,417134.0,1,1,0,0
TXN_7a29040ab6,CUST_00002,MER_0033,2025-03-04 18:26:43.000000,538.47,INR,wallet,DEV_ed797d89dc,IP_73ef071a10,IN,Delhi,success,,0,0,0,1248,634.59,6.82,0,1,Delhi,IN,1,13,2025-01-16 10:26:03.000000,1,13,0.0248,960.07,0.848532123103106,-0.439134646432031,0,0,0,0,2025-01-23 19:58:57.000000,3450466.0,1,1,0,0
TXN_91ce45de65,CUST_00002,MER_0010,2025-04-07 10:35:35.000000,496.75,INR,card,DEV_ed797d89dc,IP_73ef071a10,IN,Delhi,success,,0,0,0,1248,634.59,6.82,0,1,Delhi,IN,1,13,2025-01-16 10:26:03.000000,1,13,0.0102,362.24,0.7827888873130683,0.37132840106007065,0,0,0,0,2025-03-04 18:26:43.000000,2909332.0,1,1,0,0
TXN_d7cc661744,CUST_00002,MER_0016,2025-04-27 02:44:20.000000,375.15,INR,wallet,DEV_ed797d89dc,IP_73ef071a10,IN,Delhi,success,,0,0,0,1248,634.59,6.82,0,1,Delhi,IN,1,13,2025-01-16 10:26:03.000000,1,13,0.0212,463.88,0.5911691013095068,-0.19127791670259553,0,0,0,0,2025-04-07 10:35:35.000000,1699725.0,1,1,0,0
TXN_198121edb4,CUST_00002,MER_0010,2025-04-28 10:48:50.000000,739.71,INR,card,DEV_ed797d89dc,IP_73ef071a10,IN,Delhi,success,,0,0,0,1248,634.59,6.82,0,1,Delhi,IN,1,13,2025-01-16 10:26:03.000000,1,13,0.0102,362.24,1.1656502623741314,1.042043948763251,0,0,0,0,2025-04-27 02:44:20.000000,115470.0,1,1,0,0
TXN_6056d4f651,CUST_00002,MER_0004,2025-05-09 10:15:35.000000,731.41,INR,card,DEV_ed797d89dc,IP_73ef071a10,IN,Delhi,success,,0,0,0,1248,634.59,6.82,0,1,Delhi,IN,1,13,2025-01-16 10:26:03.000000,1,13,0.0026,1715.62,1.1525709513229012,-0.5736759888553409,0,0,0,0,2025-04-28 10:48:50.000000,948405.0,1,1,0,0
TXN_63ff0af2fc,CUST_00002,MER_0004,2025-05-15 23:57:50.000000,479.64,INR,card,DEV_ed797d89dc,IP_73ef071a10,IN,Delhi,success,,0,0,0,1248,634.59,6.82,0,1,Delhi,IN,1,13,2025-01-16 10:26:03.000000,1,13,0.0026,1715.62,0.7558265967002316,-0.7204276005175972,0,0,0,0,2025-05-09 10:15:35.000000,567735.0,1,1,0,0
TXN_1cb62f64ca,CUST_00002,MER_0005,2025-07-30 10:00:52.000000,829.45,INR,card,DEV_ed797d89dc,IP_73ef071a10,IN,Delhi,success,,0,0,0,1248,634.59,6.82,0,1,Delhi,IN,1,13,2025-01-16 10:26:03.000000,1,13,0.0292,1054.12,1.3070644037882728,-0.2131351269305201,0,0,0,0,2025-05-15 23:57:50.000000,6516182.0,1,1,0,0
TXN_81e15c9113,CUST_00002,MER_0001,2025-08-29 12:04:39.000000,789.28,INR,card,DEV_ed797d89dc,IP_73ef071a10,IN,Delhi,success,,0,0,0,1248,634.59,6.82,0,1,Delhi,IN,1,13,2025-01-16 10:26:03.000000,1,13,0.0188,612.19,1.243763689941537,0.28927293814011973,0,0,0,0,2025-07-30 10:00:52.000000,2599427.0,1,1,0,0
TXN_510c4bb7aa,CUST_00002,MER_0024,2025-09-17 16:26:27.000000,556.31,INR,upi,DEV_ed797d89dc,IP_73ef071a10,IN,Delhi,success,,0,0,0,1248,634.59,6.82,0,1,Delhi,IN,1,13,2025-01-16 10:26:03.000000,1,13,0.0045,1035.96,0.8766447627602072,-0.4630005019498823,0,0,0,0,2025-08-29 12:04:39.000000,1657308.0,1,1,0,0
TXN_8bf61c7e19,CUST_00002,MER_0035,2025-10-14 00:49:35.000000,771.75,INR,card,DEV_ed797d89dc,IP_73ef071a10,IN,Delhi,success,,0,0,0,1248,634.59,6.82,0,1,Delhi,IN,1,13,2025-01-16 10:26:03.000000,1,13,0.0041,1163.01,1.216139554673096,-0.3364201511594913,0,0,0,0,2025-09-17 16:26:27.000000,2276588.0,1,1,0,0
TXN_399a89296e,CUST_00003,MER_0037,2025-01-11 22:27:39.000000,7595.32,INR,wallet,DEV_4c3a10ed44,IP_b35a66ea24,IN,Bangalore,success,,0,0,0,1094,5221.85,1.11,0,1,Bangalore,IN,1,13,2025-01-11 22:27:39.000000,1,13,0.0195,552.51,1.4545266524316094,12.746936707027926,0,1,0,0,,999999.0,1,1,0,0
TXN_0a3f94ea13,CUST_00003,MER_0027,2025-01-27 15:03:24.000000,3237.52,INR,netbanking,DEV_4c3a10ed44,IP_b35a66ea24,IN,Bangalore,success,,0,0,0,1094,5221.85,1.11,0,1,Bangalore,IN,1,13,2025-01-11 22:27:39.000000,1,13,0.0096,555.21,0.6199948294186926,4.831162983375659,0,0,0,0,2025-01-11 22:27:39.000000,1355745.0,1,1,0,0
TXN_0eaab318e2,CUST_00003,MER_0034,2025-02-14 02:28:59.000000,6423.19,INR,upi,DEV_4c3a10ed44,IP_b35a66ea24,IN,Bangalore,success,,0,0,0,1094,5221.85,1.11,0,1,Bangalore,IN,1,13,2025-01-11 22:27:39.000000,1,13,0.0236,1234.72,1.2300602276970805,4.202142995982895,0,0,0,0,2025-01-27 15:03:24.000000,1509935.0,1,1,0,0
TXN_9f0d648506,CUST_00003,MER_0027,2025-02-14 21:49:32.000000,4131.34,INR,card,DEV_4c3a10ed44,IP_b35a66ea24,IN,Bangalore,success,,0,0,0,1094,5221.85,1.11,0,1,Bangalore,IN,1,13,2025-01-11 22:27:39.000000,1,13,0.0096,555.21,0.7911640510547028,6.441040327083446,0,0,0,0,2025-02-14 02:28:59.000000,69633.0,1,1,0,0
TXN_57c24a5377,CUST_00003,MER_0030,2025-06-14 06:50:43.000000,6396.77,INR,netbanking,DEV_4c3a10ed44,IP_b35a66ea24,IN,Bangalore,success,,0,0,0,1094,5221.85,1.11,0,1,Bangalore,IN,1,13,2025-01-11 22:27:39.000000,1,13,0.0041,807.91,1.2250007181362927,6.917676473864664,0,0,0,0,2025-02-14 21:49:32.000000,10314071.0,1,1,0,0
TXN_f604a768dc,CUST_00003,MER_0023,2025-07-28 00:55:35.000000,4395.65,INR,netbanking,DEV_4c3a10ed44,IP_b35a66ea24,IN,Bangalore,success,,0,0,0,1094,5221.85,1.11,0,1,Bangalore,IN,1,13,2025-01-11 22:27:39.000000,1,13,0.0237,748.53,0.8417802119938335,4.872376524654991,0,0,0,0,2025-06-14 06:50:43.000000,3780292.0,1,1,0,0
TXN_09ac707146,CUST_00003,MER_0036,2025-08-18 17:08:47.000000,7764.45,INR,card,DEV_4c3a10ed44,IP_b35a66ea24,IN,Bangalore,success,,0,0,0,1094,5221.85,1.11,0,1,Bangalore,IN,1,13,2025-01-11 22:27:39.000000,1,13,0.0262,402.01,1.4869155567471297,18.314071789258975,0,0,0,0,2025-07-28 00:55:35.000000,1872792.0,1,1,0,0
TXN_5c14efcce9,CUST_00003,MER_0001,2025-08-31 03:37:00.000000,7319.46,INR,netbanking,DEV_4c3a10ed44,IP_b35a66ea24,IN,Bangalore,success,,0,0,0,1094,5221.85,1.11,0,1,Bangalore,IN,1,13,2025-01-11 22:27:39.000000,1,13,0.0188,612.19,1.4016986317109836,10.956190071709763,0,0,0,0,2025-08-18 17:08:47.000000,1074493.0,1,1,0,0
TXN_7e69bd0be9,CUST_00003,MER_0037,2025-10-13 05:57:57.000000,5826.55,INR,card,DEV_4c3a10ed44,IP_b35a66ea24,IN,Bangalore,success,,0,0,0,1094,5221.85,1.11,0,1,Bangalore,IN,1,13,2025-01-11 22:27:39.000000,1,13,0.0195,552.51,1.1158018709844213,9.545600984597565,0,0,0,0,2025-08-31 03:37:00.000000,3723657.0,1,1,0,0
TXN_df56ffecd1,CUST_00003,MER_0015,2025-10-14 12:16:05.000000,6812.64,INR,card,DEV_4c3a10ed44,IP_b35a66ea24,IN,Bangalore,success,,0,0,0,1094,5221.85,1.11,0,1,Bangalore,IN,1,13,2025-01-11 22:27:39.000000,1,13,0.0068,710.92,1.304641075480912,8.582850391042594,0,0,0,0,2025-10-13 05:57:57.000000,109088.0,1,1,0,0
TXN_bcca2c198b,CUST_00003,MER_0026,2025-10-22 03:22:16.000000,6789.02,INR,netbanking,DEV_4c3a10ed44,IP_b35a66ea24,IN,Bangalore,success,,0,0,0,1094,5221.85,1.11,0,1,Bangalore,IN,1,13,2025-01-11 22:27:39.000000,1,13,0.0129,620.55,1.3001177743520016,9.940327129159618,0,0,0,0,2025-10-14 12:16:05.000000,659171.0,1,1,0,0
TXN_abbdf92e61,CUST_00003,MER_0028,2025-10-26 08:17:45.000000,6383.12,INR,netbanking,DEV_4c3a10ed44,IP_b35a66ea24,IN,Bangalore,success,,0,1,0,1094,5221.85,1.11,0,1,Bangalore,IN,1,13,2025-01-11 22:27:39.000000,1,13,0.0099,504.52,1.2223867020308894,11.651867121224136,0,0,0,0,2025-10-22 03:22:16.000000,363329.0,1,1,0,0
TXN_e692f499ad,CUST_00003,MER_0024,2025-10-30 23:05:24.000000,4252.73,INR,netbanking,DEV_4c3a10ed44,IP_b35a66ea24,IN,Bangalore,success,,0,0,0,1094,5221.85,1.11,0,1,Bangalore,IN,1,13,2025-01-11 22:27:39.000000,1,13,0.0045,1035.96,0.8144106016067101,3.105110235916444,0,0,0,0,2025-10-26 08:17:45.000000,398859.0,1,1,0,0
TXN_3fe11729f1,CUST_00004,MER_0026,2025-01-18 17:13:37.000000,524.21,INR,card,DEV_7c05467ecb,IP_dfe8c42cb0,IN,Chennai,success,,0,0,0,335,523.71,1.96,0,2,Chennai,IN,1,16,2025-01-18 17:13:37.000000,1,16,0.0129,620.55,1.0009547268526475,-0.15524937555394397,0,1,0,0,,999999.0,1,1,0,0
TXN_129e3d384b,CUST_00004,MER_0037,2025-01-26 16:29:15.000000,538.51,INR,upi,DEV_7c05467ecb,IP_dfe8c42cb0,IN,Chennai,success,,0,0,0,335,523.71,1.96,0,2,Chennai,IN,1,16,2025-01-18 17:13:37.000000,1,16,0.0195,552.51,1.0282599148383647,-0.02533890789306981,0,0,0,0,2025-01-18 17:13:37.000000,688538.0,1,1,0,0
TXN_94ae998aa0,CUST_00004,MER_0028,2025-02-12 21:55:37.000000,339.35,INR,upi,DEV_7c05467ecb,IP_dfe8c42cb0,IN,Chennai,success,,0,0,0,335,523.71,1.96,0,2,Chennai,IN,1,16,2025-01-18 17:13:37.000000,1,16,0.0099,504.52,0.6479731148918294,-0.3273804804566716,0,0,0,0,2025-01-26 16:29:15.000000,1488382.0,1,1,0,0
TXN_256b37f144,CUST_00004,MER_0017,2025-02-16 09:49:08.000000,627.01,INR,card,DEV_7c05467ecb,IP_dfe8c42cb0,IN,Chennai,success,,0,0,0,335,523.71,1.96,0,2,Chennai,IN,1,16,2025-01-18 17:13:37.000000,1,16,0.0143,558.35,1.1972465677569646,0.12296946359810149,0,0,0,0,2025-02-12 21:55:37.000000,302011.0,1,1,0,0
TXN_7ff5a8db0c,CUST_00004,MER_0008,2025-03-20 21:42:29.000000,575.14,INR,upi,DEV_7c05467ecb,IP_dfe8c42cb0,IN,Chennai,success,,0,0,0,335,523.71,1.96,0,2,Chennai,IN,1,16,2025-01-18 17:13:37.000000,1,16,0.0141,769.07,1.0982032040633174,-0.2521617017956754,0,0,0,0,2025-02-16 09:49:08.000000,2807601.0,1,1,0,0
TXN_78b6cc21e4,CUST_00004,MER_0011,2025-03-26 21:17:06.000000,467.37,INR,wallet,DEV_7c05467ecb,IP_dfe8c42cb0,IN,Chennai,success,,0,0,0,335,523.71,1.96,0,2,Chennai,IN,1,16,2025-01-18 17:13:37.000000,1,16,0.0123,803.16,0.8924213782436844,-0.4180860600627521,0,0,0,0,2025-03-20 21:42:29.000000,516877.0,1,1,0,0
TXN_5a0eb26489,CUST_00004,MER_0030,2025-04-01 23:46:27.000000,344.91,INR,upi,DEV_7c05467ecb,IP_dfe8c42cb0,IN,Chennai,success,,0,0,0,335,523.71,1.96,0,2,Chennai,IN,1,16,2025-01-18 17:13:37.000000,1,16,0.0041,807.91,0.6585896774932691,-0.5730836355534651,0,0,0,0,2025-03-26 21:17:06.000000,527361.0,1,1,0,0
TXN_5d954d0d15,CUST_00004,MER_0000,2025-05-14 18:35:13.000000,381.44,INR,card,DEV_7c05467ecb,IP_dfe8c42cb0,IN,Chennai,success,,0,0,0,335,523.71,1.96,0,2,Chennai,IN,1,16,2025-01-18 17:13:37.000000,1,16,0.0225,896.08,0.7283420213476923,-0.5743237210963308,0,0,0,0,2025-04-01 23:46:27.000000,3696526.0,1,1,0,0
TXN_64a726415a,CUST_00004,MER_0008,2025-05-17 05:00:29.000000,343.94,INR,card,DEV_7c05467ecb,IP_dfe8c42cb0,IN,Chennai,success,,0,0,0,335,523.71,1.96,0,2,Chennai,IN,1,16,2025-01-18 17:13:37.000000,1,16,0.0141,769.07,0.6567375073991331,-0.5527845319671811,0,0,0,0,2025-05-14 18:35:13.000000,210316.0,1,1,0,0
TXN_5b345ac67a,CUST_00004,MER_0011,2025-05-27 19:26:57.000000,335.4,INR,card,DEV_7c05467ecb,IP_dfe8c42cb0,IN,Chennai,success,,0,0,0,335,523.71,1.96,0,2,Chennai,IN,1,16,2025-01-18 17:13:37.000000,1,16,0.0123,803.16,0.6404307727559144,-0.5823995218885403,0,0,0,0,2025-05-17 05:00:29.000000,915988.0,1,1,0,0
TXN_64e604a63b,CUST_00004,MER_0006,2025-07-05 16:22:21.000000,683.33,INR,netbanking,DEV_7c05467ecb,IP_dfe8c42cb0,IN,Chennai,success,,0,0,0,335,523.71,1.96,0,2,Chennai,IN,1,16,2025-01-18 17:13:37.000000,1,16,0.0071,501.86,1.3047870004391744,0.36159486709440886,0,0,0,0,2025-05-27 19:26:57.000000,3358524.0,1,1,0,0
TXN_37408ab7e2,CUST_00004,MER_0032,2025-08-01 02:18:54.000000,439.79,INR,wallet,DEV_7c05467ecb,IP_dfe8c42cb0,IN,Chennai,success,,0,1,0,335,523.71,1.96,0,2,Chennai,IN,1,16,2025-01-18 17:13:37.000000,1,16,0.0022,443.12,0.8397586450516507,-0.0075148943852680625,0,0,0,0,2025-07-05 16:22:21.000000,2282193.0,1,1,0,0
TXN_e992595ac7,CUST_00004,MER_0003,2025-09-20 15:26:18.000000,534.34,INR,wallet,DEV_7c05467ecb,IP_dfe8c42cb0,IN,Chennai,success,,0,0,0,335,523.71,1.96,0,2,Chennai,IN,1,16,2025-01-18 17:13:37.000000,1,16,0.0263,577.97,1.020297492887285,-0.07548834714604563,0,0,0,0,2025-08-01 02:18:54.000000,4367244.0,1,1,0,0
TXN_4049eb40e3,CUST_00004,MER_0014,2025-10-01 07:55:44.000000,651.56,INR,wallet,DEV_7c05467ecb,IP_dfe8c42cb0,IN,Chennai,success,,0,0,0,335,523.71,1.96,0,2,Chennai,IN,1,16,2025-01-18 17:13:37.000000,1,16,0.019,479.8,1.2441236562219546,0.35798249270529375,0,0,0,0,2025-09-20 15:26:18.000000,923366.0,1,1,0,0
TXN_5e25a629c9,CUST_00004,MER_0030,2025-10-27 02:39:38.000000,347.16,INR,upi,DEV_7c05467ecb,IP_dfe8c42cb0,IN,Chennai,success,,0,1,0,335,523.71,1.96,0,2,Chennai,IN,1,16,2025-01-18 17:13:37.000000,1,16,0.0041,807.91,0.6628859483301828,-0.570298671881769,0,0,0,0,2025-10-01 07:55:44.000000,2227434.0,1,1,0,0
TXN_a005147c76,CUST_00004,MER_0017,2025-10-29 06:33:37.000000,564.71,INR,netbanking,DEV_7c05467ecb,IP_dfe8c42cb0,IN,Chennai,success,,0,0,0,335,523.71,1.96,0,2,Chennai,IN,1,16,2025-01-18 17:13:37.000000,1,16,0.0143,558.35,1.0782876019170915,0.011390704755081962,0,0,0,0,2025-10-27 02:39:38.000000,186839.0,1,1,0,0
TXN_54534c17d7,CUST_00005,MER_0012,2025-02-03 14:42:25.000000,1075.2,INR,netbanking,DEV_342534d7ca,IP_78f080da29,IN,Ahmedabad,success,,0,0,0,778,927.48,2.54,0,0,Ahmedabad,IN,1,12,2025-02-03 14:42:25.000000,1,12,0.0076,1602.61,1.159270280760771,-0.3290944147359619,0,1,0,0,,999999.0,1,1,0,0
TXN_65c76bb3e1,CUST_00005,MER_0006,2025-02-05 01:29:22.000000,731.14,INR,card,DEV_342534d7ca,IP_78f080da29,IN,Ahmedabad,success,,0,0,0,778,927.48,2.54,0,0,Ahmedabad,IN,1,12,2025-02-03 14:42:25.000000,1,12,0.0071,501.86,0.7883081036787855,0.45686047901805277,0,0,0,0,2025-02-03 14:42:25.000000,125217.0,1,1,0,0
TXN_1893a4b457,CUST_00005,MER_0010,2025-03-12 01:14:27.000000,1190.47,INR,wallet,DEV_342534d7ca,IP_78f080da29,IN,Ahmedabad,success,,0,0,0,778,927.48,2.54,0,0,Ahmedabad,IN,1,12,2025-02-03 14:42:25.000000,1,12,0.0102,362.24,1.2835532841678527,2.2864123233215548,0,0,0,0,2025-02-05 01:29:22.000000,3023105.0,1,1,0,0
TXN_ee4bad4117,CUST_00005,MER_0026,2025-04-17 01:58:56.000000,957.02,INR,netbanking,DEV_342534d7ca,IP_78f080da29,IN,Ahmedabad,success,,0,0,0,778,927.48,2.54,0,0,Ahmedabad,IN,1,12,2025-02-03 14:42:25.000000,1,12,0.0129,620.55,1.031849743390693,0.5422125533800661,0,0,0,0,2025-03-12 01:14:27.000000,3113069.0,1,1,0,0
TXN_64360b05b0,CUST_00005,MER_0028,2025-05-08 17:44:48.000000,942.34,INR,card,DEV_342534d7ca,IP_78f080da29,IN,Ahmedabad,success,,0,0,0,778,927.48,2.54,0,0,Ahmedabad,IN,1,12,2025-02-03 14:42:25.000000,1,12,0.0099,504.52,1.0160219088282227,0.8677951320066599,0,0,0,0,2025-04-17 01:58:56.000000,1871152.0,1,1,0,0
TXN_22f0fb4641,CUST_00005,MER_0004,2025-05-18 20:55:33.000000,784.64,INR,wallet,DEV_342534d7ca,IP_78f080da29,IN,Ahmedabad,success,,0,0,0,778,927.48,2.54,0,0,Ahmedabad,IN,1,12,2025-02-03 14:42:25.000000,1,12,0.0026,1715.62,0.8459912882218484,-0.5426493046245672,0,0,0,0,2025-05-08 17:44:48.000000,875445.0,1,1,0,0
TXN_b870192286,CUST_00005,MER_0011,2025-06-30 01:27:04.000000,547.1,INR,upi,DEV_342534d7ca,IP_78f080da29,IN,Ahmedabad,success,,0,0,0,778,927.48,2.54,0,0,Ahmedabad,IN,1,12,2025-02-03 14:42:25.000000,1,12,0.0123,803.16,0.589877948850649,-0.31881567807161704,0,0,0,0,2025-05-18 20:55:33.000000,3645091.0,1,1,0,0
TXN_a327268264,CUST_00005,MER_0003,2025-07-22 05:28:08.000000,852.21,INR,netbanking,DEV_342534d7ca,IP_78f080da29,IN,Ahmedabad,success,,0,0,0,778,927.48,2.54,0,0,Ahmedabad,IN,1,12,2025-02-03 14:42:25.000000,1,12,0.0263,577.97,0.9188446112045543,0.4744882952402374,0,0,0,0,2025-06-30 01:27:04.000000,1915264.0,1,1,0,0
TXN_50e17f2202,CUST_00005,MER_0032,2025-08-06 19:11:05.000000,1558.75,INR,card,DEV_342534d7ca,IP_78f080da29,IN,Ahmedabad,success,,0,0,0,778,927.48,2.54,0,0,Ahmedabad,IN,1,12,2025-02-03 14:42:25.000000,1,12,0.0022,443.12,1.6806292318971838,2.517670157068063,0,0,0,0,2025-07-22 05:28:08.000000,1345377.0,1,1,0,0
TXN_000408db6d,CUST_00005,MER_0005,2025-08-09 03:09:40.000000,934.31,INR,card,DEV_342534d7ca,IP_78f080da29,IN,Ahmedabad,success,,0,0,0,778,927.48,2.54,0,0,Ahmedabad,IN,1,12,2025-02-03 14:42:25.000000,1,12,0.0292,1054.12,1.0073640401949366,-0.11365878647592301,0,0,0,0,2025-08-06 19:11:05.000000,201515.0,1,1,0,0
TXN_a0b2735aca,CUST_00005,MER_0022,2025-08-10 11:28:14.000000,1116.38,INR,wallet,DEV_342534d7ca,IP_78f080da29,IN,Ahmedabad,success,,0,0,0,778,927.48,2.54,0,0,Ahmedabad,IN,1,12,2025-02-03 14:42:25.000000,1,12,0.0291,299.79,1.2036701600034503,2.7238733780312887,0,0,0,0,2025-08-09 03:09:40.000000,116314.0,1,1,0,0
TXN_ad2ed657e5,CUST_00005,MER_0026,2025-08-23 01:58:13.000000,389.68,INR,wallet,DEV_342534d7ca,IP_78f080da29,IN,Ahmedabad,success,,0,0,0,778,927.48,2.54,0,0,Ahmedabad,IN,1,12,2025-02-03 14:42:25.000000,1,12,0.0129,620.55,0.42014922154655626,-0.37204093143179434,0,0,0,0,2025-08-10 11:28:14.000000,1088999.0,1,1,0,0
TXN_fa54c024df,CUST_00006,MER_0019,2025-01-14 09:37:17.000000,1762.48,INR,upi,DEV_6e0cc59daa,IP_20b30086db,IN,Pune,failed,bank_decline,0,0,0,1896,1386.48,1.62,0,0,Pune,IN,1,17,2025-01-14 09:37:17.000000,1,17,0.0275,352.61,1.2711903525474584,3.9983834831683724,0,1,0,0,,999999.0,1,1,1,1
TXN_99f2101634,CUST_00006,MER_0015,2025-03-02 19:41:45.000000,2126.2,INR,upi,DEV_6e0cc59daa,IP_20b30086db,IN,Pune,success,,0,0,0,1896,1386.48,1.62,0,0,Pune,IN,1,17,2025-01-14 09:37:17.000000,1,17,0.0068,710.92,1.5335237435808664,1.9907725201147806,0,0,0,0,2025-01-14 09:37:17.000000,4097068.0,1,1,0,0
TXN_fd2bbb06ae,CUST_00006,MER_0028,2025-03-08 14:11:26.000000,1103.87,INR,wallet,DEV_6e0cc59daa,IP_20b30086db,IN,Pune,success,,0,0,0,1896,1386.48,1.62,0,0,Pune,IN,1,17,2025-01-14 09:37:17.000000,1,17,0.0099,504.52,0.7961672725174542,1.1879608340600967,0,0,0,0,2025-03-02 19:41:45.000000,498581.0,1,1,0,0
TXN_a2c28fa8a6,CUST_00006,MER_0001,2025-03-21 10:48:41.000000,1625.92,INR,upi,DEV_6e0cc59daa,IP_20b30086db,IN,Pune,success,,0,0,0,1896,1386.48,1.62,0,0,Pune,IN,1,17,2025-01-14 09:37:17.000000,1,17,0.0188,612.19,1.172696324505222,1.6559074797040134,0,0,0,0,2025-03-08 14:11:26.000000,1111035.0,1,1,0,0
TXN_6cad00d021,CUST_00006,MER_0034,2025-04-13 04:19:54.000000,1597.14,INR,netbanking,DEV_6e0cc59daa,IP_20b30086db,IN,Pune,success,,0,0,0,1896,1386.48,1.62,0,0,Pune,IN,1,17,2025-01-14 09:37:17.000000,1,17,0.0236,1234.72,1.1519387225203392,0.29352403783853837,0,0,0,0,2025-03-21 10:48:41.000000,1963873.0,1,1,0,0
TXN_c293342fce,CUST_00006,MER_0029,2025-05-02 03:42:35.000000,1253.97,INR,netbanking,DEV_6e0cc59daa,IP_20b30086db,IN,Pune,success,,0,0,0,1896,1386.48,1.62,0,0,Pune,IN,1,17,2025-01-14 09:37:17.000000,1,17,0.0172,1254.23,0.9044270382551497,-0.00020729850186966577,0,0,0,0,2025-04-13 04:19:54.000000,1639361.0,1,1,0,0
TXN_726e54a1e0,CUST_00006,MER_0025,2025-05-08 01:43:57.000000,722.85,INR,wallet,DEV_6e0cc59daa,IP_20b30086db,IN,Pune,success,,0,0,0,1896,1386.48,1.62,0,0,Pune,IN,1,17,2025-01-14 09:37:17.000000,1,17,0.0075,737.17,0.5213562402631123,-0.01942564130390539,0,0,0,0,2025-05-02 03:42:35.000000,511282.0,1,1,0,0
TXN_b996254dfb,CUST_00006,MER_0009,2025-05-11 09:32:10.000000,1336.79,INR,upi,DEV_6e0cc59daa,IP_20b30086db,IN,Pune,success,,0,0,0,1896,1386.48,1.62,0,0,Pune,IN,1,17,2025-01-14 09:37:17.000000,1,17,0.0102,211.04,0.9641610409093532,5.334296815769522,0,0,0,0,2025-05-08 01:43:57.000000,287293.0,1,1,0,0
TXN_168cd99406,CUST_00006,MER_0011,2025-05-11 23:40:11.000000,885.11,INR,card,DEV_6e0cc59daa,IP_20b30086db,IN,Pune,success,,0,0,0,1896,1386.48,1.62,0,0,Pune,IN,1,17,2025-01-14 09:37:17.000000,1,17,0.0123,803.16,0.6383864174023426,0.10203446386772255,0,0,0,0,2025-05-11 09:32:10.000000,50881.0,1,1,0,0
TXN_191202bf0d,CUST_00006,MER_0023,2025-06-28 14:30:44.000000,1379.12,INR,card,DEV_6e0cc59daa,IP_20b30086db,IN,Pune,success,,0,0,0,1896,1386.48,1.62,0,0,Pune,IN,1,17,2025-01-14 09:37:17.000000,1,17,0.0237,748.53,0.994691593099071,0.842437844842558,0,0,0,0,2025-05-11 23:40:11.000000,4114233.0,1,1,0,0
TXN_a580e130b9,CUST_00006,MER_0025,2025-06-29 17:14:27.000000,1260.35,INR,wallet,DEV_6e0cc59daa,IP_20b30086db,IN,Pune,success,,0,0,0,1896,1386.48,1.62,0,0,Pune,IN,1,17,2025-01-14 09:37:17.000000,1,17,0.0075,737.17,0.9090286192372049,0.7097141771911499,0,0,0,0,2025-06-28 14:30:44.000000,96223.0,1,1,0,0
TXN_23f7145380,CUST_00006,MER_0028,2025-07-21 12:20:28.000000,989.31,INR,netbanking,DEV_6e0cc59daa,IP_20b30086db,IN,Pune,success,,0,0,0,1896,1386.48,1.62,0,0,Pune,IN,1,17,2025-01-14 09:37:17.000000,1,17,0.0099,504.52,0.7135407651029946,0.9608935225560928,0,0,0,0,2025-06-29 17:14:27.000000,1883161.0,1,1,0,0
TXN_eefa98a95b,CUST_00006,MER_0019,2025-07-25 03:08:06.000000,1455.53,INR,wallet,DEV_6e0cc59daa,IP_20b30086db,IN,Pune,success,,0,0,0,1896,1386.48,1.62,0,0,Pune,IN,1,17,2025-01-14 09:37:17.000000,1,17,0.0275,352.61,1.0498023772430904,3.127874989365021,0,0,0,0,2025-07-21 12:20:28.000000,312458.0,1,1,0,0
TXN_c72a1a8160,CUST_00006,MER_0013,2025-07-29 17:12:23.000000,1369.28,INR,card,DEV_6e0cc59daa,IP_20b30086db,IN,Pune,success,,0,0,0,1896,1386.48,1.62,0,0,Pune,IN,1,17,2025-01-14 09:37:17.000000,1,17,0.0164,580.87,0.987594483872829,1.3572916487337958,0,0,0,0,2025-07-25 03:08:06.000000,396257.0,1,1,0,0
TXN_f272262d8d,CUST_00006,MER_0025,2025-08-24 07:00:29.000000,1620.19,INR,netbanking,DEV_6e0cc59daa,IP_20b30086db,IN,Pune,failed,timeout,0,0,0,1896,1386.48,1.62,0,0,Pune,IN,1,17,2025-01-14 09:37:17.000000,1,17,0.0075,737.17,1.1685635566326236,1.1978512419116352,0,0,0,0,2025-07-29 17:12:23.000000,2209686.0,1,1,1,1
TXN_a4eb331dad,CUST_00006,MER_0021,2025-09-04 17:09:39.000000,1524.56,INR,netbanking,DEV_6e0cc59daa,IP_20b30086db,IN,Pune,success,,0,0,0,1896,1386.48,1.62,0,0,Pune,IN,1,17,2025-01-14 09:37:17.000000,1,17,0.0166,319.74,1.0995903294674283,3.7681241008319257,0,0,0,0,2025-08-24 07:00:29.000000,986950.0,1,1,0,0
TXN_d50a332547,CUST_00006,MER_0002,2025-09-06 21:28:17.000000,1645.7,INR,upi,DEV_6e0cc59daa,IP_20b30086db,IN,Pune,success,,0,0,0,1896,1386.48,1.62,0,0,Pune,IN,1,17,2025-01-14 09:37:17.000000,1,17,0.0036,577.96,1.1869626680514684,1.8474288878123053,0,0,0,0,2025-09-04 17:09:39.000000,188318.0,1,1,0,0
TXN_ec40b1dec1,CUST_00007,MER_0008,2025-03-28 09:50:15.000000,431.17,INR,netbanking,DEV_1f63cfe3f8,IP_5221b3ddfe,IN,Chennai,success,,0,0,0,1403,424.74,1.76,0,0,Chennai,IN,1,8,2025-03-28 09:50:15.000000,1,8,0.0141,769.07,1.0151386730705845,-0.439361826621764,0,1,0,0,,999999.0,1,1,0,0
TXN_4a782d68f4,CUST_00007,MER_0006,2025-03-30 14:21:16.000000,308.65,INR,upi,DEV_1f63cfe3f8,IP_5221b3ddfe,IN,Chennai,success,,0,0,0,1403,424.74,1.76,0,0,Chennai,IN,1,8,2025-03-28 09:50:15.000000,1,8,0.0071,501.86,0.7266798512030889,-0.3849878452157973,0,0,0,0,2025-03-28 09:50:15.000000,189061.0,1,1,0,0
TXN_12d2a32222,CUST_00007,MER_0016,2025-04-25 12:14:18.000000,533.04,INR,wallet,DEV_1f63cfe3f8,IP_5221b3ddfe,IN,Chennai,success,,0,0,0,1403,424.74,1.76,0,0,Chennai,IN,1,8,2025-03-28 09:50:15.000000,1,8,0.0212,463.88,1.2549795168809152,0.1490902819694748,0,0,0,0,2025-03-30 14:21:16.000000,2238782.0,1,1,0,0
TXN_0f9ae23395,CUST_00007,MER_0000,2025-05-25 01:57:23.000000,448.67,INR,upi,DEV_1f63cfe3f8,IP_5221b3ddfe,IN,Chennai,success,,0,0,0,1403,424.74,1.76,0,0,Chennai,IN,1,8,2025-03-28 09:50:15.000000,1,8,0.0225,896.08,1.0563403493902153,-0.4992969377734131,0,0,0,0,2025-04-25 12:14:18.000000,2554985.0,1,1,0,0
TXN_9606ae05d4,CUST_00007,MER_0023,2025-05-31 18:29:40.000000,308.42,INR,upi,DEV_1f63cfe3f8,IP_5221b3ddfe,IN,Chennai,success,,0,0,0,1403,424.74,1.76,0,0,Chennai,IN,1,8,2025-03-28 09:50:15.000000,1,8,0.0237,748.53,0.7261383434571739,-0.5879657461958773,0,0,0,0,2025-05-25 01:57:23.000000,577937.0,1,1,0,0
TXN_c4de17933b,CUST_00007,MER_0000,2025-06-11 13:15:31.000000,310.38,INR,wallet,DEV_1f63cfe3f8,IP_5221b3ddfe,IN,Chennai,success,,0,0,0,1403,424.74,1.76,0,0,Chennai,IN,1,8,2025-03-28 09:50:15.000000,1,8,0.0225,896.08,0.7307529312049724,-0.6536246763681814,0,0,0,0,2025-05-31 18:29:40.000000,931551.0,1,1,0,0
TXN_b2a145c53e,CUST_00007,MER_0022,2025-07-11 16:41:22.000000,386.43,INR,netbanking,DEV_1f63cfe3f8,IP_5221b3ddfe,IN,Chennai,success,,0,0,0,1403,424.74,1.76,0,0,Chennai,IN,1,8,2025-03-28 09:50:15.000000,1,8,0.0291,299.79,0.9098036445825681,0.2890023016111277,0,0,0,0,2025-06-11 13:15:31.000000,2604351.0,1,1,0,0
TXN_860320ec3b,CUST_00007,MER_0009,2025-09-27 22:56:25.000000,570.14,INR,netbanking,DEV_1f63cfe3f8,IP_5221b3ddfe,IN,Chennai,success,,0,0,0,1403,424.74,1.76,0,0,Chennai,IN,1,8,2025-03-28 09:50:15.000000,1,8,0.0102,211.04,1.3423270706785326,1.7015731614859744,0,0,0,0,2025-07-11 16:41:22.000000,6761703.0,1,1,0,0
TXN_f4466a2ae6,CUST_00008,MER_0006,2025-01-08 15:17:32.000000,998.18,INR,wallet,DEV_e8cc01b550,IP_696542c2e7,IN,Hyderabad,success,,0,0,0,1727,935.22,3.19,4,0,Hyderabad,IN,1,20,2025-01-08 15:17:32.000000,1,20,0.0071,501.86,1.067321058146746,0.9889610648387995,0,1,0,0,,999999.0,1,1,0,0
TXN_f56a093f9d,CUST_00008,MER_0003,2025-02-25 18:09:41.000000,1335.67,INR,wallet,DEV_e8cc01b550,IP_696542c2e7,IN,Hyderabad,success,,0,0,0,1727,935.22,3.19,4,0,Hyderabad,IN,1,20,2025-01-08 15:17:32.000000,1,20,0.0263,577.97,1.4281880199311392,1.3109676972853261,0,0,0,0,2025-01-08 15:17:32.000000,4157529.0,1,1,0,0
TXN_c349269d06,CUST_00008,MER_0031,2025-03-18 16:11:20.000000,1001.33,INR,upi,DEV_e8cc01b550,IP_696542c2e7,IN,Hyderabad,success,,0,0,0,1727,935.22,3.19,4,0,Hyderabad,IN,1,20,2025-01-08 15:17:32.000000,1,20,0.0296,527.92,1.0706892495883322,0.8967457190483409,0,0,0,0,2025-02-25 18:09:41.000000,1807299.0,1,1,0,0
TXN_6efe09798f,CUST_00008,MER_0006,2025-04-18 20:13:31.000000,945.18,INR,card,DEV_e8cc01b550,IP_696542c2e7,IN,Hyderabad,success,,0,0,0,1727,935.22,3.19,4,0,Hyderabad,IN,1,20,2025-01-08 15:17:32.000000,1,20,0.0071,501.86,1.0106499005581573,0.8833539234049335,0,0,0,0,2025-03-18 16:11:20.000000,2692931.0,1,1,0,0
TXN_2565f4441f,CUST_00008,MER_0030,2025-05-13 20:11:53.000000,910.04,INR,card,DEV_e8cc01b550,IP_696542c2e7,IN,Hyderabad,success,,0,0,0,1727,935.22,3.19,4,0,Hyderabad,IN,1,20,2025-01-08 15:17:32.000000,1,20,0.0041,807.91,0.9730758538097987,0.12641259546236586,0,0,0,0,2025-04-18 20:13:31.000000,2159902.0,1,1,0,0
TXN_9a93f8ed26,CUST_00008,MER_0030,2025-05-19 16:36:27.000000,759.67,INR,card,DEV_e8cc01b550,IP_696542c2e7,IN,Hyderabad,success,,0,0,0,1727,935.22,3.19,4,0,Hyderabad,IN,1,20,2025-01-08 15:17:32.000000,1,20,0.0041,807.91,0.8122901563268535,-0.0597096211211645,0,0,0,0,2025-05-13 20:11:53.000000,505474.0,1,1,0,0
TXN_8f39aca7a0,CUST_00008,MER_0002,2025-06-10 07:54:34.000000,1338.84,INR,upi,DEV_e8cc01b550,IP_696542c2e7,IN,Hyderabad,success,,0,0,0,1727,935.22,3.19,4,0,Hyderabad,IN,1,20,2025-01-08 15:17:32.000000,1,20,0.0036,577.96,1.4315775967152113,1.316492490829815,0,0,0,0,2025-05-19 16:36:27.000000,1869487.0,1,1,0,0
TXN_17f5d2ec6d,CUST_00008,MER_0035,2025-06-15 07:06:59.000000,652.98,INR,netbanking,DEV_e8cc01b550,IP_696542c2e7,IN,Hyderabad,failed,bank_decline,0,0,0,1727,935.22,3.19,4,0,Hyderabad,IN,1,20,2025-01-08 15:17:32.000000,1,20,0.0041,1163.01,0.6982100468339001,-0.4385430907730802,0,0,0,0,2025-06-10 07:54:34.000000,429145.0,1,1,1,1
TXN_e162fd70c8,CUST_00008,MER_0031,2025-07-06 20:10:09.000000,855.84,INR,netbanking,DEV_e8cc01b550,IP_696542c2e7,IN,Hyderabad,success,,0,0,0,1727,935.22,3.19,4,0,Hyderabad,IN,1,20,2025-01-08 15:17:32.000000,1,20,0.0296,527.92,0.9151215756720344,0.6211547204121839,0,0,0,0,2025-06-15 07:06:59.000000,1861390.0,1,1,0,0
TXN_7c3ad45eb2,CUST_00008,MER_0027,2025-07-25 05:50:22.619130,1689.96,INR,netbanking,DEV_719e230ba3,IP_97a7faaa18,IN,Kolkata,success,,0,0,1,1727,935.22,3.19,4,0,Hyderabad,IN,8,22,2025-07-23 11:35:56.952480,8,22,0.0096,555.21,1.8070186694039905,2.043821256821743,0,0,1,1,2025-07-06 20:10:09.000000,1590013.61913,1,1,0,0
TXN_e47b4bdd88,CUST_00008,MER_0027,2025-07-26 00:01:53.564341,2348.34,INR,upi,DEV_719e230ba3,IP_97a7faaa18,IN,Kolkata,success,,1,0,1,1727,935.22,3.19,4,0,Hyderabad,IN,8,22,2025-07-23 11:35:56.952480,8,22,0.0096,555.21,2.5110027587091808,3.2296428378451396,0,0,1,1,2025-07-25 05:50:22.619130,65490.945211,1,1,0,0
TXN_a557ec9a77,CUST_00008,MER_0027,2025-07-26 01:39:03.646718,596.2,INR,card,DEV_719e230ba3,IP_97a7faaa18,IN,Kolkata,success,,0,0,1,1727,935.22,3.19,4,0,Hyderabad,IN,8,22,2025-07-23 11:35:56.952480,8,22,0.0096,555.21,0.6374970595154081,0.07382792096684139,0,0,1,1,2025-07-26 00:01:53.564341,5830.082377,1,1,0,0
TXN_f4c0c35d16,CUST_00008,MER_0002,2025-08-08 20:33:23.000000,1048.9,INR,card,DEV_e8cc01b550,IP_696542c2e7,IN,Hyderabad,success,,0,0,0,1727,935.22,3.19,4,0,Hyderabad,IN,1,20,2025-01-08 15:17:32.000000,1,20,0.0036,577.96,1.1215542866919015,0.8148314762267286,0,0,0,0,2025-07-26 01:39:03.646718,1191259.353282,1,1,0,0
TXN_33efdc3d19,CUST_00008,MER_0029,2025-09-02 08:35:58.000000,1006.71,INR,wallet,DEV_e8cc01b550,IP_696542c2e7,IN,Hyderabad,success,,0,0,0,1727,935.22,3.19,4,0,Hyderabad,IN,1,20,2025-01-08 15:17:32.000000,1,20,0.0172,1254.23,1.076441906717136,-0.1973481737799287,0,0,0,0,2025-08-08 20:33:23.000000,2116955.0,1,1,0,0
TXN_65a550f95e,CUST_00008,MER_0009,2025-09-06 15:47:02.000000,554.88,INR,upi,DEV_e8cc01b550,IP_696542c2e7,IN,Hyderabad,success,,0,0,0,1727,935.22,3.19,4,0,Hyderabad,IN,1,20,2025-01-08 15:17:32.000000,1,20,0.0102,211.04,0.5933149419387951,1.6292645943896893,0,0,0,0,2025-09-02 08:35:58.000000,371464.0,1,1,0,0
TXN_d9f9262520,CUST_00008,MER_0030,2025-09-15 10:46:37.000000,782.09,INR,wallet,DEV_e8cc01b550,IP_696542c2e7,IN,Hyderabad,success,,0,0,0,1727,935.22,3.19,4,0,Hyderabad,IN,1,20,2025-01-08 15:17:32.000000,1,20,0.0041,807.91,0.836263125253951,-0.03195900533475256,0,0,0,0,2025-09-06 15:47:02.000000,759575.0,1,1,0,0
TXN_ced0521a37,CUST_00008,MER_0022,2025-10-28 09:44:16.000000,1330.01,INR,card,DEV_e8cc01b550,IP_696542c2e7,IN,Hyderabad,success,,0,0,1,1727,935.22,3.19,4,0,Hyderabad,IN,1,20,2025-01-08 15:17:32.000000,1,20,0.0291,299.79,1.4221359680075276,3.4364721972047096,0,0,0,0,2025-09-15 10:46:37.000000,3711459.0,1,1,0,0
TXN_eb36f5992e,CUST_00008,MER_0022,2025-10-28 09:44:57.000000,1243.6,INR,wallet,DEV_e8cc01b550,IP_696542c2e7,IN,Hyderabad,success,,0,0,1,1727,935.22,3.19,4,0,Hyderabad,IN,1,20,2025-01-08 15:17:32.000000,1,20,0.0291,299.79,1.3297405957956416,3.148237099302845,0,0,0,0,2025-10-28 09:44:16.000000,41.0,2,2,0,0
TXN_74e0d88aa5,CUST_00008,MER_0022,2025-10-28 09:45:08.000000,813.61,INR,upi,DEV_e8cc01b550,IP_696542c2e7,IN,Hyderabad,success,,1,0,1,1727,935.22,3.19,4,0,Hyderabad,IN,1,20,2025-01-08 15:17:32.000000,1,20,0.0291,299.79,0.8699664250122966,1.7139330864938787,0,0,0,0,2025-10-28 09:44:57.000000,11.0,3,3,0,0
TXN_20f8def66c,CUST_00008,MER_0022,2025-10-28 09:45:31.000000,927.09,INR,card,DEV_e8cc01b550,IP_696542c2e7,IN,Hyderabad,success,,1,0,1,1727,935.22,3.19,4,0,Hyderabad,IN,1,20,2025-01-08 15:17:32.000000,1,20,0.0291,299.79,0.9913068582793354,2.0924647253077153,0,0,0,0,2025-10-28 09:45:08.000000,23.0,4,4,0,0
TXN_276920595b,CUST_00008,MER_0022,2025-10-28 09:46:04.000000,1237.96,INR,upi,DEV_e8cc01b550,IP_696542c2e7,IN,Hyderabad,success,,1,0,1,1727,935.22,3.19,4,0,Hyderabad,IN,1,20,2025-01-08 15:17:32.000000,1,20,0.0291,299.79,1.3237099292145165,3.1294239300843922,0,0,0,0,2025-10-28 09:45:31.000000,33.0,5,5,0,0
TXN_78c410bc22,CUST_00008,MER_0022,2025-10-28 09:46:31.000000,1387.73,INR,netbanking,DEV_e8cc01b550,IP_696542c2e7,IN,Hyderabad,success,,0,0,1,1727,935.22,3.19,4,0,Hyderabad,IN,1,20,2025-01-08 15:17:32.000000,1,20,0.0291,299.79,1.4838540664228737,3.6290069715467492,0,0,0,0,2025-10-28 09:46:04.000000,27.0,6,6,0,0
TXN_09d5428bca,CUST_00008,MER_0022,2025-10-28 09:48:46.000000,909.17,INR,wallet,DEV_e8cc01b550,IP_696542c2e7,IN,Hyderabad,success,,0,0,1,1727,935.22,3.19,4,0,Hyderabad,IN,1,20,2025-01-08 15:17:32.000000,1,20,0.0291,299.79,0.9721455914116464,2.032689549351212,0,0,0,0,2025-10-28 09:46:31.000000,135.0,7,7,0,0
TXN_acae15e4c4,CUST_00009,MER_0007,2025-01-14 11:43:52.000000,1005.08,INR,netbanking,DEV_1c5677dd73,IP_17569435ef,IN,Mumbai,failed,timeout,0,0,0,470,1287.3,2.86,0,1,Mumbai,IN,1,14,2025-01-14 11:43:52.000000,1,14,0.0071,921.07,0.7807659442243456,0.09120913719912709,0,1,0,0,,999999.0,1,1,1,1
TXN_c53fc5fa80,CUST_00009,MER_0033,2025-01-27 11:36:12.000000,1396.88,INR,netbanking,DEV_1c5677dd73,IP_17569435ef,IN,Mumbai,success,,0,0,0,470,1287.3,2.86,0,1,Mumbai,IN,1,14,2025-01-14 11:43:52.000000,1,14,0.0248,960.07,1.0851239027421737,0.45497724124282607,0,0,0,0,2025-01-14 11:43:52.000000,1122740.0,1,1,0,0
TXN_3cbb89146f,CUST_00009,MER_0011,2025-03-16 00:57:41.000000,851.74,INR,card,DEV_1c5677dd73,IP_17569435ef,IN,Mumbai,success,,0,0,0,470,1287.3,2.86,0,1,Mumbai,IN,1,14,2025-01-14 11:43:52.000000,1,14,0.0123,803.16,0.6616484114037132,0.060486079984063,0,0,0,0,2025-01-27 11:36:12.000000,4108889.0,1,1,0,0
TXN_1f3f64b832,CUST_00009,MER_0002,2025-03-31 05:57:19.000000,1182.66,INR,upi,DEV_1c5677dd73,IP_17569435ef,IN,Mumbai,success,,0,0,0,470,1287.3,2.86,0,1,Mumbai,IN,1,14,2025-01-14 11:43:52.000000,1,14,0.0036,577.96,0.9187135865765557,1.0462661775901447,0,0,0,0,2025-03-16 00:57:41.000000,1313978.0,1,1,0,0
TXN_7089f407f0,CUST_00009,MER_0013,2025-05-03 21:09:43.000000,1916.92,INR,upi,DEV_1c5677dd73,IP_17569435ef,IN,Mumbai,success,,0,0,0,470,1287.3,2.86,0,1,Mumbai,IN,1,14,2025-01-14 11:43:52.000000,1,14,0.0164,580.87,1.4891012196069293,2.3000843562242848,0,0,0,0,2025-03-31 05:57:19.000000,2905944.0,1,1,0,0
TXN_6b1b3cf9cf,CUST_00009,MER_0027,2025-06-05 19:44:23.000000,913.39,INR,wallet,DEV_1c5677dd73,IP_17569435ef,IN,Mumbai,success,,0,0,0,470,1287.3,2.86,0,1,Mumbai,IN,1,14,2025-01-14 11:43:52.000000,1,14,0.0096,555.21,0.7095393459178125,0.645125267916644,0,0,0,0,2025-05-03 21:09:43.000000,2846080.0,1,1,0,0
TXN_e8e3f199a7,CUST_00009,MER_0004,2025-08-03 01:51:22.000000,1285.69,INR,wallet,DEV_1c5677dd73,IP_17569435ef,IN,Mumbai,success,,0,0,0,470,1287.3,2.86,0,1,Mumbai,IN,1,14,2025-01-14 11:43:52.000000,1,14,0.0026,1715.62,0.9987493202827624,-0.25059745165013225,0,0,0,0,2025-06-05 19:44:23.000000,5033219.0,1,1,0,0
TXN_623e3b432f,CUST_00009,MER_0022,2025-08-30 16:24:24.000000,1262.78,INR,upi,DEV_1c5677dd73,IP_17569435ef,IN,Mumbai,success,,0,0,0,470,1287.3,2.86,0,1,Mumbai,IN,1,14,2025-01-14 11:43:52.000000,1,14,0.0291,299.79,0.980952380952381,3.2122152173187897,0,0,0,0,2025-08-03 01:51:22.000000,2385182.0,1,1,0,0
TXN_c7ec536b92,CUST_00009,MER_0021,2025-09-02 15:39:18.000000,1129.97,INR,card,DEV_1c5677dd73,IP_17569435ef,IN,Mumbai,success,,0,0,0,470,1287.3,2.86,0,1,Mumbai,IN,1,14,2025-01-14 11:43:52.000000,1,14,0.0166,319.74,0.8777829565757788,2.534027647463564,0,0,0,0,2025-08-30 16:24:24.000000,256494.0,1,1,0,0
TXN_86cb4a0439,CUST_00009,MER_0010,2025-09-06 22:22:48.000000,1148.39,INR,wallet,DEV_1c5677dd73,IP_17569435ef,IN,Mumbai,success,,0,0,0,470,1287.3,2.86,0,1,Mumbai,IN,1,14,2025-01-14 11:43:52.000000,1,14,0.0102,362.24,0.8920919754524976,2.170246245583039,0,0,0,0,2025-09-02 15:39:18.000000,369810.0,1,1,0,0
TXN_4a03e96bcb,CUST_00009,MER_0002,2025-09-22 22:04:35.000000,1534.07,INR,wallet,DEV_1c5677dd73,IP_17569435ef,IN,Mumbai,success,,0,0,0,470,1287.3,2.86,0,1,Mumbai,IN,1,14,2025-01-14 11:43:52.000000,1,14,0.0036,577.96,1.191695797405422,1.6542840334971276,0,0,0,0,2025-09-06 22:22:48.000000,1381307.0,1,1,0,0
TXN_c821b9fbf7,CUST_00009,MER_0011,2025-10-11 17:36:07.000000,1832.11,INR,card,DEV_1c5677dd73,IP_17569435ef,IN,Mumbai,failed,bank_decline,0,0,0,470,1287.3,2.86,0,1,Mumbai,IN,1,14,2025-01-14 11:43:52.000000,1,14,0.0123,803.16,1.4232191408374115,1.2811270481597687,0,0,0,0,2025-09-22 22:04:35.000000,1625492.0,1,1,1,1
TXN_344355e730,CUST_00009,MER_0032,2025-10-26 18:38:55.000000,1121.21,INR,netbanking,DEV_1c5677dd73,IP_17569435ef,IN,Mumbai,success,,0,0,0,470,1287.3,2.86,0,1,Mumbai,IN,1,14,2025-01-14 11:43:52.000000,1,14,0.0022,443.12,0.8709780160024859,1.5302626827947283,0,0,0,0,2025-10-11 17:36:07.000000,1299768.0,1,1,0,0
TXN_1021d90c61,CUST_00009,MER_0017,2025-10-30 12:19:30.000000,1278.58,INR,wallet,DEV_1c5677dd73,IP_17569435ef,IN,Mumbai,success,,0,1,0,470,1287.3,2.86,0,1,Mumbai,IN,1,14,2025-01-14 11:43:52.000000,1,14,0.0143,558.35,0.9932261322147129,1.2899256738604816,0,0,0,0,2025-10-26 18:38:55.000000,322835.0,1,1,0,0
TXN_47d8f95d4b,CUST_00010,MER_0020,2025-01-18 15:44:00.000000,391.11,INR,wallet,DEV_164d55d905,IP_f1dd9a4723,IN,Mumbai,success,,0,0,0,1649,301.44,1.92,0,1,Mumbai,IN,1,16,2025-01-18 15:44:00.000000,1,16,0.0107,1089.56,1.2974721337579618,-0.6410385843826866,0,1,0,0,,999999.0,1,1,0,0
TXN_d24e125406,CUST_00010,MER_0000,2025-03-15 01:33:11.000000,134.05,INR,wallet,DEV_164d55d905,IP_f1dd9a4723,IN,Mumbai,success,,0,0,0,1649,301.44,1.92,0,1,Mumbai,IN,1,16,2025-01-18 15:44:00.000000,1,16,0.0225,896.08,0.444698779193206,-0.8504039817873403,0,0,0,0,2025-01-18 15:44:00.000000,4787351.0,1,1,0,0
TXN_63eaa26cbf,CUST_00010,MER_0013,2025-03-15 01:40:53.000000,322.01,INR,wallet,DEV_164d55d905,IP_f1dd9a4723,IN,Mumbai,success,,0,0,0,1649,301.44,1.92,0,1,Mumbai,IN,1,16,2025-01-18 15:44:00.000000,1,16,0.0164,580.87,1.068239118895966,-0.4456418820045794,0,0,0,0,2025-03-15 01:33:11.000000,462.0,1,2,0,0
TXN_d1693663b7,CUST_00010,MER_0017,2025-03-19 00:22:29.000000,245.28,INR,upi,DEV_164d55d905,IP_f1dd9a4723,IN,Mumbai,success,,0,0,0,1649,301.44,1.92,0,1,Mumbai,IN,1,16,2025-01-18 15:44:00.000000,1,16,0.0143,558.35,0.8136942675159236,-0.5607056505775948,0,0,0,0,2025-03-15 01:40:53.000000,340896.0,1,1,0,0
TXN_eac4794ccc,CUST_00010,MER_0004,2025-03-22 18:03:30.000000,238.24,INR,netbanking,DEV_164d55d905,IP_f1dd9a4723,IN,Mumbai,success,,0,0,0,1649,301.44,1.92,0,1,Mumbai,IN,1,16,2025-01-18 15:44:00.000000,1,16,0.0026,1715.62,0.7903397027600849,-0.8611347501194904,0,0,0,0,2025-03-19 00:22:29.000000,322861.0,1,1,0,0
TXN_40177a35cb,CUST_00010,MER_0037,2025-04-01 23:00:09.000000,358.42,INR,upi,DEV_164d55d905,IP_f1dd9a4723,IN,Mumbai,success,,0,0,0,1649,301.44,1.92,0,1,Mumbai,IN,1,16,2025-01-18 15:44:00.000000,1,16,0.0195,552.51,1.189026008492569,-0.35128775949756563,0,0,0,0,2025-03-22 18:03:30.000000,881799.0,1,1,0,0
TXN_fd99b2f5ec,CUST_00010,MER_0032,2025-04-16 19:09:27.000000,195.37,INR,upi,DEV_164d55d905,IP_f1dd9a4723,IN,Mumbai,success,,0,0,0,1649,301.44,1.92,0,1,Mumbai,IN,1,16,2025-01-18 15:44:00.000000,1,16,0.0022,443.12,0.6481223460721869,-0.5591036288138653,0,0,0,0,2025-04-01 23:00:09.000000,1282158.0,1,1,0,0
TXN_8652d52330,CUST_00010,MER_0035,2025-05-19 23:42:53.000000,84.57,INR,netbanking,DEV_164d55d905,IP_f1dd9a4723,IN,Mumbai,success,,0,0,0,1649,301.44,1.92,0,1,Mumbai,IN,1,16,2025-01-18 15:44:00.000000,1,16,0.0041,1163.01,0.2805533439490446,-0.9272835143291975,0,0,0,0,2025-04-16 19:09:27.000000,2867606.0,1,1,0,0
TXN_62a6469822,CUST_00010,MER_0017,2025-06-23 17:51:10.000000,426.04,INR,card,DEV_164d55d905,IP_f1dd9a4723,IN,Mumbai,success,,0,0,0,1649,301.44,1.92,0,1,Mumbai,IN,1,16,2025-01-18 15:44:00.000000,1,16,0.0143,558.35,1.4133492569002124,-0.23696606071460552,0,0,0,0,2025-05-19 23:42:53.000000,3002897.0,1,1,0,0
TXN_7c3b81cba7,CUST_00010,MER_0012,2025-07-02 03:37:21.000000,297.26,INR,upi,DEV_164d55d905,IP_f1dd9a4723,IN,Mumbai,success,,0,1,0,1649,301.44,1.92,0,1,Mumbai,IN,1,16,2025-01-18 15:44:00.000000,1,16,0.0076,1602.61,0.9861332271762208,-0.8145150722883296,0,0,0,0,2025-06-23 17:51:10.000000,726371.0,1,1,0,0
TXN_fb1ba94921,CUST_00010,MER_0009,2025-07-18 05:09:11.000000,405.75,INR,netbanking,DEV_164d55d905,IP_f1dd9a4723,IN,Mumbai,success,,0,0,0,1649,301.44,1.92,0,1,Mumbai,IN,1,16,2025-01-18 15:44:00.000000,1,16,0.0102,211.04,1.3460390127388535,0.9226213040181956,0,0,0,0,2025-07-02 03:37:21.000000,1387910.0,1,1,0,0
TXN_7ac1d14b79,CUST_00010,MER_0003,2025-07-30 13:09:20.000000,306.92,INR,upi,DEV_164d55d905,IP_f1dd9a4723,IN,Mumbai,success,,0,0,0,1649,301.44,1.92,0,1,Mumbai,IN,1,16,2025-01-18 15:44:00.000000,1,16,0.0263,577.97,1.0181794055201698,-0.46896897762859663,0,0,0,0,2025-07-18 05:09:11.000000,1065609.0,1,1,0,0
TXN_1e13f9ee74,CUST_00010,MER_0029,2025-08-03 23:23:39.000000,269.71,INR,card,DEV_164d55d905,IP_f1dd9a4723,IN,Mumbai,success,,0,0,0,1649,301.44,1.92,0,1,Mumbai,IN,1,16,2025-01-18 15:44:00.000000,1,16,0.0172,1254.23,0.8947385881104033,-0.7849596963874249,0,0,0,0,2025-07-30 13:09:20.000000,382459.0,1,1,0,0
TXN_38df73e955,CUST_00010,MER_0017,2025-09-16 13:46:43.000000,213.41,INR,wallet,DEV_164d55d905,IP_f1dd9a4723,IN,Mumbai,success,,0,0,0,1649,301.44,1.92,0,1,Mumbai,IN,1,16,2025-01-18 15:44:00.000000,1,16,0.0143,558.35,0.7079684182590233,-0.6177845437449629,0,0,0,0,2025-08-03 23:23:39.000000,3766984.0,1,1,0,0
TXN_86907c6de0,CUST_00010,MER_0026,2025-09-24 17:50:21.000000,249.01,INR,netbanking,DEV_164d55d905,IP_f1dd9a4723,IN,Mumbai,success,,0,0,0,1649,301.44,1.92,0,1,Mumbai,IN,1,16,2025-01-18 15:44:00.000000,1,16,0.0129,620.55,0.8260682059447982,-0.5987269357827734,0,0,0,0,2025-09-16 13:46:43.000000,705818.0,1,1,0,0
TXN_c35ecbc745,CUST_00010,MER_0023,2025-09-29 03:25:11.000000,328.68,INR,wallet,DEV_164d55d905,IP_f1dd9a4723,IN,Mumbai,success,,0,0,0,1649,301.44,1.92,0,1,Mumbai,IN,1,16,2025-01-18 15:44:00.000000,1,16,0.0237,748.53,1.0903662420382165,-0.560899362750992,0,0,0,0,2025-09-24 17:50:21.000000,380090.0,1,1,0,0
TXN_55a6ae9f7c,CUST_00011,MER_0018,2025-03-21 17:53:54.000000,838.15,INR,card,DEV_22cf8f3f74,IP_454b6f3e3e,IN,Hyderabad,success,,0,0,0,822,1201.85,1.98,0,0,Hyderabad,IN,1,12,2025-03-21 17:53:54.000000,1,12,0.003,659.78,0.6973832008986147,0.27034769165479405,0,1,0,0,,999999.0,1,1,0,0
TXN_5f35cd5629,CUST_00011,MER_0006,2025-05-12 20:00:03.000000,689.41,INR,card,DEV_22cf8f3f74,IP_454b6f3e3e,IN,Hyderabad,success,,0,0,0,822,1201.85,1.98,0,0,Hyderabad,IN,1,12,2025-03-21 17:53:54.000000,1,12,0.0071,501.86,0.5736239963389774,0.37370979954568995,0,0,0,0,2025-03-21 17:53:54.000000,4500369.0,1,1,0,0
TXN_6e8a5cf1f9,CUST_00011,MER_0022,2025-05-15 11:54:21.000000,1085.97,INR,card,DEV_22cf8f3f74,IP_454b6f3e3e,IN,Hyderabad,success,,0,0,0,822,1201.85,1.98,0,0,Hyderabad,IN,1,12,2025-03-21 17:53:54.000000,1,12,0.0291,299.79,0.9035819777842494,2.6224357049934954,0,0,0,0,2025-05-12 20:00:03.000000,230058.0,1,1,0,0
TXN_918498f693,CUST_00011,MER_0000,2025-05-24 07:46:12.000000,1052.93,INR,netbanking,DEV_22cf8f3f74,IP_454b6f3e3e,IN,Hyderabad,success,,0,0,0,822,1201.85,1.98,0,0,Hyderabad,IN,1,12,2025-03-21 17:53:54.000000,1,12,0.0225,896.08,0.8760910263344013,0.1750401749843764,0,0,0,0,2025-05-15 11:54:21.000000,762711.0,1,1,0,0
TXN_32f835e559,CUST_00011,MER_0007,2025-06-07 11:57:10.000000,1076.99,INR,upi,DEV_22cf8f3f74,IP_454b6f3e3e,IN,Hyderabad,success,,0,0,0,822,1201.85,1.98,0,0,Hyderabad,IN,1,12,2025-03-21 17:53:54.000000,1,12,0.0071,921.07,0.8961101634979407,0.1692813792654195,0,0,0,0,2025-05-24 07:46:12.000000,1224658.0,1,1,0,0
TXN_8146bc85e0,CUST_00011,MER_0000,2025-08-02 06:42:56.000000,1015.6,INR,upi,DEV_22cf8f3f74,IP_454b6f3e3e,IN,Hyderabad,success,,0,0,0,822,1201.85,1.98,0,0,Hyderabad,IN,1,12,2025-03-21 17:53:54.000000,1,12,0.0225,896.08,0.8450305778591339,0.13338094812963125,0,0,0,0,2025-06-07 11:57:10.000000,4819546.0,1,1,0,0
TXN_79278217ba,CUST_00011,MER_0019,2025-09-12 22:18:40.000000,1136.87,INR,wallet,DEV_22cf8f3f74,IP_454b6f3e3e,IN,Hyderabad,success,,0,0,0,822,1201.85,1.98,0,0,Hyderabad,IN,1,12,2025-03-21 17:53:54.000000,1,12,0.0275,352.61,0.9459333527478471,2.224157000652278,0,0,0,0,2025-08-02 06:42:56.000000,3598544.0,1,1,0,0
TXN_b458188946,CUST_00011,MER_0034,2025-09-19 13:37:34.000000,1145.1,INR,card,DEV_22cf8f3f74,IP_454b6f3e3e,IN,Hyderabad,success,,0,0,0,822,1201.85,1.98,0,0,Hyderabad,IN,1,12,2025-03-21 17:53:54.000000,1,12,0.0236,1234.72,0.9527811290926488,-0.0725832577426462,0,0,0,0,2025-09-12 22:18:40.000000,573534.0,1,1,0,0
TXN_ad5e08418a,CUST_00011,MER_0014,2025-09-26 05:45:38.000000,669.25,INR,netbanking,DEV_22cf8f3f74,IP_454b6f3e3e,IN,Hyderabad,success,,0,0,0,822,1201.85,1.98,0,0,Hyderabad,IN,1,12,2025-03-21 17:53:54.000000,1,12,0.019,479.8,0.5568498564712735,0.39485202167569816,0,0,0,0,2025-09-19 13:37:34.000000,576484.0,1,1,0,0
TXN_3f12e6856e,CUST_00011,MER_0008,2025-10-08 21:42:12.000000,1729.56,INR,netbanking,DEV_22cf8f3f74,IP_454b6f3e3e,IN,Hyderabad,success,,0,0,0,822,1201.85,1.98,0,0,Hyderabad,IN,1,12,2025-03-21 17:53:54.000000,1,12,0.0141,769.07,1.439081416150102,1.2488980196861141,0,0,0,0,2025-09-26 05:45:38.000000,1094194.0,1,1,0,0
TXN_4499b95115,CUST_00011,MER_0009,2025-10-15 18:23:26.000000,1435.24,INR,netbanking,DEV_22cf8f3f74,IP_454b6f3e3e,IN,Hyderabad,success,,0,0,0,822,1201.85,1.98,0,0,Hyderabad,IN,1,12,2025-03-21 17:53:54.000000,1,12,0.0102,211.04,1.194192286891043,5.800796057619409,0,0,0,0,2025-10-08 21:42:12.000000,592874.0,1,1,0,0
TXN_cb0b23022c,CUST_00011,MER_0018,2025-10-16 02:47:01.000000,1241.73,INR,netbanking,DEV_22cf8f3f74,IP_454b6f3e3e,IN,Hyderabad,success,,0,0,0,822,1201.85,1.98,0,0,Hyderabad,IN,1,12,2025-03-21 17:53:54.000000,1,12,0.003,659.78,1.0331821774763907,0.882036436387887,0,0,0,0,2025-10-15 18:23:26.000000,30215.0,1,1,0,0
TXN_f5a5d0847a,CUST_00012,MER_0022,2025-01-14 08:15:32.000000,465.36,INR,upi,DEV_fff8b442b6,IP_7054307625,IN,Pune,success,,0,0,1,136,494.52,2.07,1,0,Pune,IN,1,12,2025-01-14 08:15:32.000000,1,12,0.0291,299.79,0.9410337296772628,0.5522866006204342,0,1,0,0,,999999.0,1,1,0,0
TXN_17e529ee75,CUST_00012,MER_0022,2025-01-14 08:15:42.000000,458.09,INR,wallet,DEV_fff8b442b6,IP_7054307625,IN,Pune,success,,0,0,1,136,494.52,2.07,1,0,Pune,IN,1,12,2025-01-14 08:15:32.000000,1,12,0.0291,299.79,0.9263326053546873,0.5280362920711162,0,0,0,0,2025-01-14 08:15:32.000000,10.0,2,2,0,0
TXN_b3d685ad0e,CUST_00012,MER_0022,2025-01-14 08:16:08.000000,446.02,INR,card,DEV_fff8b442b6,IP_7054307625,IN,Pune,success,,0,0,1,136,494.52,2.07,1,0,Pune,IN,1,12,2025-01-14 08:15:32.000000,1,12,0.0291,299.79,0.9019250990859824,0.48777477567630656,0,0,0,0,2025-01-14 08:15:42.000000,26.0,3,3,0,0
TXN_dc321dd6bd,CUST_00012,MER_0022,2025-01-14 08:16:17.000000,503.3,INR,wallet,DEV_fff8b442b6,IP_7054307625,IN,Pune,success,,0,0,1,136,494.52,2.07,1,0,Pune,IN,1,12,2025-01-14 08:15:32.000000,1,12,0.0291,299.79,1.0177545903097953,0.6788418559658427,0,0,0,0,2025-01-14 08:16:08.000000,9.0,4,4,0,0
TXN_cdb774d2c4,CUST_00012,MER_0022,2025-01-14 08:17:16.000000,619.35,INR,upi,DEV_fff8b442b6,IP_7054307625,IN,Pune,success,,0,0,1,136,494.52,2.07,1,0,Pune,IN,1,12,2025-01-14 08:15:32.000000,1,12,0.0291,299.79,1.2524265954865326,1.0659461623136195,0,0,0,0,2025-01-14 08:16:17.000000,59.0,5,5,0,0
TXN_94ba1fc577,CUST_00012,MER_0022,2025-01-14 08:17:32.000000,463.62,INR,card,DEV_fff8b442b6,IP_7054307625,IN,Pune,success,,1,0,1,136,494.52,2.07,1,0,Pune,IN,1,12,2025-01-14 08:15:32.000000,1,12,0.0291,299.79,0.9375151662217909,0.5464825377764434,0,0,0,0,2025-01-14 08:17:16.000000,16.0,6,6,0,0
TXN_f39119c14e,CUST_00012,MER_0005,2025-01-31 17:00:42.000000,618.7,INR,card,DEV_fff8b442b6,IP_7054307625,IN,Pune,success,,0,0,0,136,494.52,2.07,1,0,Pune,IN,1,12,2025-01-14 08:15:32.000000,1,12,0.0292,1054.12,1.2511121895979942,-0.4130649261943611,0,0,0,0,2025-01-14 08:17:32.000000,1500190.0,1,1,0,0
TXN_6957e08ed6,CUST_00012,MER_0029,2025-04-10 08:07:46.000000,474.26,INR,netbanking,DEV_fff8b442b6,IP_7054307625,IN,Pune,success,,0,0,0,136,494.52,2.07,1,0,Pune,IN,1,12,2025-01-14 08:15:32.000000,1,12,0.0172,1254.23,0.9590309795357114,-0.6218715865511111,0,0,0,0,2025-01-31 17:00:42.000000,5929624.0,1,1,0,0
TXN_1a191be939,CUST_00012,MER_0029,2025-05-22 00:04:24.000000,634.17,INR,netbanking,DEV_fff8b442b6,IP_7054307625,IN,Pune,success,,0,0,0,136,494.52,2.07,1,0,Pune,IN,1,12,2025-01-14 08:15:32.000000,1,12,0.0172,1254.23,1.2823950497452075,-0.4943750348819595,0,0,0,0,2025-04-10 08:07:46.000000,3599798.0,1,1,0,0
TXN_603b6b430f,CUST_00012,MER_0020,2025-07-05 19:40:23.000000,455.62,INR,card,DEV_fff8b442b6,IP_7054307625,IN,Pune,success,,0,0,0,136,494.52,2.07,1,0,Pune,IN,1,12,2025-01-14 08:15:32.000000,1,12,0.0107,1089.56,0.9213378629782416,-0.5818311979147546,0,0,0,0,2025-05-22 00:04:24.000000,3872159.0,1,1,0,0
TXN_7e7953af0b,CUST_00012,MER_0037,2025-07-09 21:17:08.000000,281.89,INR,card,DEV_fff8b442b6,IP_7054307625,IN,Pune,success,,0,0,0,136,494.52,2.07,1,0,Pune,IN,1,12,2025-01-14 08:15:32.000000,1,12,0.0195,552.51,0.5700275014155141,-0.4898010895730394,0,0,0,0,2025-07-05 19:40:23.000000,351405.0,1,1,0,0
TXN_740af40a56,CUST_00012,MER_0025,2025-09-01 00:09:13.000000,328.46,INR,card,DEV_fff8b442b6,IP_7054307625,IN,Pune,success,,0,0,0,136,494.52,2.07,1,0,Pune,IN,1,12,2025-01-14 08:15:32.000000,1,12,0.0075,737.17,0.6641996279220254,-0.5544311352876541,0,0,0,0,2025-07-09 21:17:08.000000,4589525.0,1,1,0,0
TXN_050e74185b,CUST_00013,MER_0000,2025-01-03 08:32:29.000000,292.34,INR,card,DEV_858c7f1284,IP_d932f5971c,IN,Chennai,success,,0,0,0,1871,373.58,1.98,0,1,Chennai,IN,1,10,2025-01-03 08:32:29.000000,1,10,0.0225,896.08,0.7825365383585845,-0.6737568074279082,0,1,0,0,,999999.0,1,1,0,0
TXN_abae3a117f,CUST_00013,MER_0028,2025-01-29 06:50:02.000000,261.8,INR,upi,DEV_858c7f1284,IP_d932f5971c,IN,Chennai,success,,0,0,0,1871,373.58,1.98,0,1,Chennai,IN,1,10,2025-01-03 08:32:29.000000,1,10,0.0099,504.52,0.700786980031051,-0.4810909379211924,0,0,0,0,2025-01-03 08:32:29.000000,2240253.0,1,1,0,0
TXN_7870627dc0,CUST_00013,MER_0018,2025-02-08 11:27:08.000000,328.29,INR,card,DEV_858c7f1284,IP_d932f5971c,IN,Chennai,success,,0,0,0,1871,373.58,1.98,0,1,Chennai,IN,1,10,2025-01-03 08:32:29.000000,1,10,0.003,659.78,0.8787675999785857,-0.5024250507745005,0,0,0,0,2025-01-29 06:50:02.000000,880626.0,1,1,0,0
TXN_2c358fe15d,CUST_00013,MER_0015,2025-02-19 15:32:54.000000,230.3,INR,upi,DEV_858c7f1284,IP_d932f5971c,IN,Chennai,success,,0,0,0,1871,373.58,1.98,0,1,Chennai,IN,1,10,2025-01-03 08:32:29.000000,1,10,0.0068,710.92,0.6164676909898817,-0.6760535643954312,0,0,0,0,2025-02-08 11:27:08.000000,965146.0,1,1,0,0
TXN_55015286f9,CUST_00013,MER_0017,2025-02-25 02:08:21.000000,316.08,INR,upi,DEV_858c7f1284,IP_d932f5971c,IN,Chennai,success,,0,1,0,1871,373.58,1.98,0,1,Chennai,IN,1,10,2025-01-03 08:32:29.000000,1,10,0.0143,558.35,0.8460838374645323,-0.43390346556819204,0,0,0,0,2025-02-19 15:32:54.000000,470127.0,1,1,0,0
TXN_459879cde3,CUST_00013,MER_0028,2025-05-08 16:07:50.000000,347.87,INR,netbanking,DEV_858c7f1284,IP_d932f5971c,IN,Chennai,success,,0,0,0,1871,373.58,1.98,0,1,Chennai,IN,1,10,2025-01-03 08:32:29.000000,1,10,0.0099,504.52,0.9311793993254457,-0.3104931419963529,0,0,0,0,2025-02-25 02:08:21.000000,6271169.0,1,1,0,0
TXN_6004b7826f,CUST_00013,MER_0033,2025-05-09 09:26:03.000000,334.95,INR,netbanking,DEV_858c7f1284,IP_d932f5971c,IN,Chennai,success,,0,0,0,1871,373.58,1.98,0,1,Chennai,IN,1,10,2025-01-03 08:32:29.000000,1,10,0.0248,960.07,0.8965951068044328,-0.6511191892257857,0,0,0,0,2025-05-08 16:07:50.000000,62293.0,1,1,0,0
TXN_18f6016fd0,CUST_00013,MER_0032,2025-07-07 01:36:50.000000,358.98,INR,wallet,DEV_858c7f1284,IP_d932f5971c,IN,Chennai,success,,0,0,0,1871,373.58,1.98,0,1,Chennai,IN,1,10,2025-01-03 08:32:29.000000,1,10,0.0022,443.12,0.9609186787301248,-0.18988084491785517,0,0,0,0,2025-05-09 09:26:03.000000,5069447.0,1,1,0,0
TXN_5401a514db,CUST_00013,MER_0012,2025-09-23 18:52:10.000000,473.51,INR,card,DEV_858c7f1284,IP_d932f5971c,IN,Chennai,success,,0,0,0,1871,373.58,1.98,0,1,Chennai,IN,1,10,2025-01-03 08:32:29.000000,1,10,0.0076,1602.61,1.2674929064725093,-0.7045382220253212,0,0,0,0,2025-07-07 01:36:50.000000,6801320.0,1,1,0,0
TXN_6745671466,CUST_00013,MER_0036,2025-10-12 07:58:33.000000,412.31,INR,card,DEV_858c7f1284,IP_d932f5971c,IN,Chennai,success,,0,0,0,1871,373.58,1.98,0,1,Chennai,IN,1,10,2025-01-03 08:32:29.000000,1,10,0.0262,402.01,1.1036725734782376,0.02562125320265668,0,0,0,0,2025-09-23 18:52:10.000000,1602383.0,1,1,0,0
TXN_fc5cc9ab71,CUST_00014,MER_0033,2025-01-01 22:54:19.000000,520.73,INR,upi,DEV_6f9e2b6f03,IP_e22f16dbf1,IN,Hyderabad,success,,0,0,0,436,440.14,3.37,0,0,Hyderabad,IN,1,11,2025-01-01 22:54:19.000000,1,11,0.0248,960.07,1.1831008315535967,-0.4576124657577052,0,1,0,0,,999999.0,1,1,0,0
TXN_c3067e5af8,CUST_00014,MER_0027,2025-01-05 17:28:44.000000,541.64,INR,netbanking,DEV_6f9e2b6f03,IP_e22f16dbf1,IN,Hyderabad,success,,0,0,0,436,440.14,3.37,0,0,Hyderabad,IN,1,11,2025-01-01 22:54:19.000000,1,11,0.0096,555.21,1.23060844276821,-0.024441202427910248,0,0,0,0,2025-01-01 22:54:19.000000,326065.0,1,1,0,0
TXN_c0fc2eb51c,CUST_00014,MER_0019,2025-02-02 11:49:46.330947,3188.88,INR,card,DEV_64fd470e7b,IP_a341883164,IN,Chennai,success,,0,0,1,436,440.14,3.37,0,0,Hyderabad,IN,3,4,2025-02-02 11:49:46.330947,10,18,0.0275,352.61,7.2451492706866,8.043645954453929,0,1,1,1,2025-01-05 17:28:44.000000,2398862.330947,1,1,0,0
TXN_e16ace5fb1,CUST_00014,MER_0019,2025-02-03 02:52:15.081572,475.82,INR,card,DEV_64fd470e7b,IP_a341883164,IN,Chennai,success,,0,0,1,436,440.14,3.37,0,0,Hyderabad,IN,3,4,2025-02-02 11:49:46.330947,10,18,0.0275,352.61,1.081065115645022,0.34942287513116466,0,0,1,1,2025-02-02 11:49:46.330947,54148.750625,1,1,0,0
TXN_e4fd5a8c62,CUST_00014,MER_0035,2025-02-13 14:20:15.000000,471.81,INR,netbanking,DEV_6f9e2b6f03,IP_e22f16dbf1,IN,Hyderabad,success,,0,0,0,436,440.14,3.37,0,0,Hyderabad,IN,1,11,2025-01-01 22:54:19.000000,1,11,0.0041,1163.01,1.0719543781524061,-0.5943199112647355,0,0,0,0,2025-02-03 02:52:15.081572,905279.918428,1,1,0,0
TXN_ed26776d44,CUST_00014,MER_0039,2025-03-17 19:09:51.000000,540.72,INR,netbanking,DEV_6f9e2b6f03,IP_e22f16dbf1,IN,Hyderabad,success,,0,0,0,436,440.14,3.37,0,0,Hyderabad,IN,1,11,2025-01-01 22:54:19.000000,1,11,0.0111,595.03,1.2285181987549416,-0.091272708939045,0,0,0,0,2025-02-13 14:20:15.000000,2782176.0,1,1,0,0
TXN_d257c5ece6,CUST_00014,MER_0018,2025-04-16 13:10:35.000000,284.42,INR,card,DEV_6f9e2b6f03,IP_e22f16dbf1,IN,Hyderabad,success,,0,0,0,436,440.14,3.37,0,0,Hyderabad,IN,1,11,2025-01-01 22:54:19.000000,1,11,0.003,659.78,0.646203480710683,-0.5689169116978386,0,0,0,0,2025-03-17 19:09:51.000000,2570444.0,1,1,0,0
TXN_c567ff1323,CUST_00014,MER_0036,2025-06-08 08:05:52.000000,489.13,INR,card,DEV_6f9e2b6f03,IP_e22f16dbf1,IN,Hyderabad,success,,0,0,0,436,440.14,3.37,0,0,Hyderabad,IN,1,11,2025-01-01 22:54:19.000000,1,11,0.0262,402.01,1.1113054937065479,0.2167110270888784,0,0,0,0,2025-04-16 13:10:35.000000,4560917.0,1,1,0,0
TXN_733d85a6bd,CUST_00014,MER_0025,2025-07-04 03:47:08.000000,351.05,INR,upi,DEV_6f9e2b6f03,IP_e22f16dbf1,IN,Hyderabad,success,,0,0,0,436,440.14,3.37,0,0,Hyderabad,IN,1,11,2025-01-01 22:54:19.000000,1,11,0.0075,737.17,0.7975871313672923,-0.5237869148229037,0,0,0,0,2025-06-08 08:05:52.000000,2230876.0,1,1,0,0
TXN_e8ad0b4a8c,CUST_00014,MER_0028,2025-07-04 04:27:54.000000,321.31,INR,card,DEV_6f9e2b6f03,IP_e22f16dbf1,IN,Hyderabad,success,,0,0,0,436,440.14,3.37,0,0,Hyderabad,IN,1,11,2025-01-01 22:54:19.000000,1,11,0.0099,504.52,0.7300177216340256,-0.3631372393562197,0,0,0,0,2025-07-04 03:47:08.000000,2446.0,1,2,0,0
TXN_451a7c366d,CUST_00014,MER_0023,2025-08-07 09:45:32.000000,181.27,INR,netbanking,DEV_6f9e2b6f03,IP_e22f16dbf1,IN,Hyderabad,success,,0,0,0,436,440.14,3.37,0,0,Hyderabad,IN,1,11,2025-01-01 22:54:19.000000,1,11,0.0237,748.53,0.41184623074476306,-0.7578320174208115,0,0,0,0,2025-07-04 04:27:54.000000,2956658.0,1,1,0,0
TXN_1494176829,CUST_00014,MER_0032,2025-09-11 15:44:33.000000,510.97,INR,netbanking,DEV_6f9e2b6f03,IP_e22f16dbf1,IN,Hyderabad,success,,0,0,0,436,440.14,3.37,0,0,Hyderabad,IN,1,11,2025-01-01 22:54:19.000000,1,11,0.0022,443.12,1.1609260689780525,0.15311879400613834,0,0,0,0,2025-08-07 09:45:32.000000,3045541.0,1,1,0,0
TXN_2f0af058c7,CUST_00014,MER_0002,2025-09-21 14:23:31.000000,309.03,INR,upi,DEV_6f9e2b6f03,IP_e22f16dbf1,IN,Hyderabad,success,,0,0,0,436,440.14,3.37,0,0,Hyderabad,IN,1,11,2025-01-01 22:54:19.000000,1,11,0.0036,577.96,0.7021175080656155,-0.46530901792511603,0,0,0,0,2025-09-11 15:44:33.000000,859138.0,1,1,0,0
TXN_a4e2dbf6d3,CUST_00015,MER_0013,2025-01-07 01:42:15.000000,284.79,INR,wallet,DEV_c39353a3ea,IP_bddc09ce1e,IN,Ahmedabad,success,,0,1,0,811,254.64,6.32,0,1,Ahmedabad,IN,1,10,2025-01-07 01:42:15.000000,1,10,0.0164,580.87,1.118402450518379,-0.5097181813486666,0,1,0,0,,999999.0,1,1,0,0
TXN_348478440e,CUST_00015,MER_0006,2025-02-06 09:39:26.000000,248.63,INR,card,DEV_c39353a3ea,IP_bddc09ce1e,IN,Ahmedabad,success,,0,0,0,811,254.64,6.32,0,1,Ahmedabad,IN,1,10,2025-01-07 01:42:15.000000,1,10,0.0071,501.86,0.9763980521520579,-0.504582951420715,0,0,0,0,2025-01-07 01:42:15.000000,2620631.0,1,1,0,0
TXN_86205ab8f7,CUST_00015,MER_0000,2025-02-08 22:07:38.000000,269.6,INR,netbanking,DEV_c39353a3ea,IP_bddc09ce1e,IN,Ahmedabad,success,,0,0,0,811,254.64,6.32,0,1,Ahmedabad,IN,1,10,2025-01-07 01:42:15.000000,1,10,0.0225,896.08,1.0587496072887215,-0.699134005892331,0,0,0,0,2025-02-06 09:39:26.000000,217692.0,1,1,0,0
TXN_19b9dcbf39,CUST_00015,MER_0018,2025-05-08 20:43:33.000000,296.94,INR,card,DEV_c39353a3ea,IP_bddc09ce1e,IN,Ahmedabad,success,,0,0,0,811,254.64,6.32,0,1,Ahmedabad,IN,1,10,2025-01-07 01:42:15.000000,1,10,0.003,659.78,1.1661168708765317,-0.5499408893873715,0,0,0,0,2025-02-08 22:07:38.000000,7684555.0,1,1,0,0
TXN_25f9bec288,CUST_00015,MER_0038,2025-05-31 03:38:24.000000,178.84,INR,card,DEV_c39353a3ea,IP_bddc09ce1e,IN,Ahmedabad,success,,0,0,0,811,254.64,6.32,0,1,Ahmedabad,IN,1,10,2025-01-07 01:42:15.000000,1,10,0.0107,498.94,0.7023248507697142,-0.6415601074277468,0,0,0,0,2025-05-08 20:43:33.000000,1925691.0,1,1,0,0
TXN_83dd26a3c7,CUST_00015,MER_0028,2025-06-05 00:57:21.000000,261.97,INR,upi,DEV_c39353a3ea,IP_bddc09ce1e,IN,Ahmedabad,success,,0,0,0,811,254.64,6.32,0,1,Ahmedabad,IN,1,10,2025-01-07 01:42:15.000000,1,10,0.0099,504.52,1.0287857367263589,-0.48075398398477753,0,0,0,0,2025-05-31 03:38:24.000000,422337.0,1,1,0,0
TXN_8c65ca6ae3,CUST_00015,MER_0018,2025-07-27 20:29:19.000000,208.41,INR,upi,DEV_c39353a3ea,IP_bddc09ce1e,IN,Ahmedabad,success,,0,0,0,811,254.64,6.32,0,1,Ahmedabad,IN,1,10,2025-01-07 01:42:15.000000,1,10,0.003,659.78,0.8184495758718191,-0.6841219800539574,0,0,0,0,2025-06-05 00:57:21.000000,4563118.0,1,1,0,0
TXN_f45ebbc35d,CUST_00015,MER_0021,2025-08-27 13:36:38.000000,248.55,INR,card,DEV_c39353a3ea,IP_bddc09ce1e,IN,Ahmedabad,success,,0,0,0,811,254.64,6.32,0,1,Ahmedabad,IN,1,10,2025-01-07 01:42:15.000000,1,10,0.0166,319.74,0.9760838831291235,-0.22264965284293486,0,0,0,0,2025-07-27 20:29:19.000000,2653639.0,1,1,0,0
TXN_9d5f9ad386,CUST_00015,MER_0009,2025-09-18 00:28:30.000000,237.32,INR,upi,DEV_c39353a3ea,IP_bddc09ce1e,IN,Ahmedabad,success,,0,0,0,811,254.64,6.32,0,1,Ahmedabad,IN,1,10,2025-01-07 01:42:15.000000,1,10,0.0102,211.04,0.9319824065347156,0.12452615617892343,0,0,0,0,2025-08-27 13:36:38.000000,1853512.0,1,1,0,0
TXN_0a1eead3b2,CUST_00015,MER_0006,2025-10-03 10:20:10.000000,214.24,INR,card,DEV_c39353a3ea,IP_bddc09ce1e,IN,Ahmedabad,success,,0,0,0,811,254.64,6.32,0,1,Ahmedabad,IN,1,10,2025-01-07 01:42:15.000000,1,10,0.0071,501.86,0.8413446434181591,-0.5731080380982744,0,0,0,0,2025-09-18 00:28:30.000000,1331500.0,1,1,0,0
TXN_818c4e63f6,CUST_00016,MER_0037,2025-02-10 09:28:37.000000,157.93,INR,upi,DEV_42d13fa29e,IP_8e45da4dab,IN,Ahmedabad,success,,0,0,0,293,128.62,2.45,0,0,Ahmedabad,IN,1,11,2025-02-10 09:28:37.000000,1,11,0.0195,552.51,1.227880578448142,-0.714159019746249,0,1,0,0,,999999.0,1,1,0,0
TXN_0857f1b29a,CUST_00016,MER_0029,2025-02-27 01:12:26.000000,81.91,INR,card,DEV_42d13fa29e,IP_8e45da4dab,IN,Ahmedabad,success,,0,0,0,293,128.62,2.45,0,0,Ahmedabad,IN,1,11,2025-02-10 09:28:37.000000,1,11,0.0172,1254.23,0.6368371948375058,-0.9346929988917503,0,0,0,0,2025-02-10 09:28:37.000000,1439029.0,1,1,0,0
TXN_b6208e990d,CUST_00016,MER_0034,2025-03-01 00:37:53.000000,153.13,INR,upi,DEV_42d13fa29e,IP_8e45da4dab,IN,Ahmedabad,success,,0,0,0,293,128.62,2.45,0,0,Ahmedabad,IN,1,11,2025-02-10 09:28:37.000000,1,11,0.0236,1234.72,1.1905613434924582,-0.8759799792665545,0,0,0,0,2025-02-27 01:12:26.000000,170727.0,1,1,0,0
TXN_a8aa75b2b1,CUST_00016,MER_0022,2025-04-08 03:42:04.000000,173.54,INR,card,DEV_42d13fa29e,IP_8e45da4dab,IN,Ahmedabad,success,,0,0,0,293,128.62,2.45,0,0,Ahmedabad,IN,1,11,2025-02-10 09:28:37.000000,1,11,0.0291,299.79,1.3492458404602705,-0.421128123019447,0,0,0,0,2025-03-01 00:37:53.000000,3294251.0,1,1,0,0
TXN_d1cf5388f8,CUST_00016,MER_0030,2025-06-28 03:46:08.000000,99.1,INR,card,DEV_42d13fa29e,IP_8e45da4dab,IN,Ahmedabad,success,,0,0,0,293,128.62,2.45,0,0,Ahmedabad,IN,1,11,2025-02-10 09:28:37.000000,1,11,0.0041,807.91,0.770486705022547,-0.8773378222821848,0,0,0,0,2025-04-08 03:42:04.000000,6998644.0,1,1,0,0
TXN_21a5858c52,CUST_00016,MER_0014,2025-07-01 07:26:22.000000,169.11,INR,card,DEV_42d13fa29e,IP_8e45da4dab,IN,Ahmedabad,success,,0,0,0,293,128.62,2.45,0,0,Ahmedabad,IN,1,11,2025-02-10 09:28:37.000000,1,11,0.019,479.8,1.3148032965324212,-0.6475406419341392,0,0,0,0,2025-06-28 03:46:08.000000,272414.0,1,1,0,0
TXN_614e1ad59d,CUST_00016,MER_0035,2025-07-23 14:41:53.000000,143.43,INR,upi,DEV_42d13fa29e,IP_8e45da4dab,IN,Ahmedabad,success,,0,0,0,293,128.62,2.45,0,0,Ahmedabad,IN,1,11,2025-02-10 09:28:37.000000,1,11,0.0041,1163.01,1.115145389519515,-0.8766734593855599,0,0,0,0,2025-07-01 07:26:22.000000,1926931.0,1,1,0,0
TXN_477cd4b84e,CUST_00016,MER_0014,2025-08-02 18:05:53.000000,90.12,INR,netbanking,DEV_42d13fa29e,IP_8e45da4dab,IN,Ahmedabad,success,,0,0,0,293,128.62,2.45,0,0,Ahmedabad,IN,1,11,2025-02-10 09:28:37.000000,1,11,0.019,479.8,0.7006686362929561,-0.8121717382242601,0,0,0,0,2025-07-23 14:41:53.000000,876240.0,1,1,0,0
TXN_787b500030,CUST_00016,MER_0031,2025-08-24 01:29:32.000000,160.21,INR,wallet,DEV_42d13fa29e,IP_8e45da4dab,IN,Ahmedabad,success,,0,0,0,293,128.62,2.45,0,0,Ahmedabad,IN,1,11,2025-02-10 09:28:37.000000,1,11,0.0296,527.92,1.2456072150520914,-0.6965259887861797,0,0,0,0,2025-08-02 18:05:53.000000,1841019.0,1,1,0,0
TXN_8539823373,CUST_00016,MER_0008,2025-09-03 19:57:20.000000,158.55,INR,netbanking,DEV_42d13fa29e,IP_8e45da4dab,IN,Ahmedabad,success,,0,0,0,293,128.62,2.45,0,0,Ahmedabad,IN,1,11,2025-02-10 09:28:37.000000,1,11,0.0141,769.07,1.2327009796299175,-0.7938419129598085,0,0,0,0,2025-08-24 01:29:32.000000,930468.0,1,1,0,0
TXN_2cfc45acb0,CUST_00016,MER_0038,2025-10-12 13:25:43.000000,165.51,INR,wallet,DEV_42d13fa29e,IP_8e45da4dab,IN,Ahmedabad,success,,0,0,0,293,128.62,2.45,0,0,Ahmedabad,IN,1,11,2025-02-10 09:28:37.000000,1,11,0.0107,498.94,1.2868138703156584,-0.6682767467030104,0,0,0,0,2025-09-03 19:57:20.000000,3346103.0,1,1,0,0
TXN_5140fac9a7,CUST_00017,MER_0022,2025-01-16 03:28:33.000000,318.72,INR,wallet,DEV_f5875255af,IP_9190c0c979,IN,Pune,success,,0,0,0,286,529.35,1.75,0,0,Pune,IN,1,8,2025-01-16 03:28:33.000000,1,8,0.0291,299.79,0.6020969113063191,0.06314420094065848,0,1,0,0,,999999.0,1,1,0,0
TXN_0076348721,CUST_00017,MER_0013,2025-01-21 23:30:22.000000,798.25,INR,wallet,DEV_f5875255af,IP_9190c0c979,IN,Pune,success,,0,0,0,286,529.35,1.75,0,0,Pune,IN,1,8,2025-01-16 03:28:33.000000,1,8,0.0164,580.87,1.5079814867290071,0.37423175581455403,0,0,0,0,2025-01-16 03:28:33.000000,504109.0,1,1,0,0
TXN_2b2feef97e,CUST_00017,MER_0033,2025-01-28 15:01:00.000000,407.06,INR,upi,DEV_f5875255af,IP_9190c0c979,IN,Pune,success,,0,0,0,286,529.35,1.75,0,0,Pune,IN,1,8,2025-01-16 03:28:33.000000,1,8,0.0248,960.07,0.7689808255407575,-0.5760100825981438,0,0,0,0,2025-01-21 23:30:22.000000,574238.0,1,1,0,0
TXN_8b73593622,CUST_00017,MER_0012,2025-03-09 22:19:45.000000,445.37,INR,netbanking,DEV_f5875255af,IP_9190c0c979,IN,Pune,success,,0,0,0,286,529.35,1.75,0,0,Pune,IN,1,8,2025-01-16 03:28:33.000000,1,8,0.0076,1602.61,0.84135260224804,-0.7220970791396534,0,0,0,0,2025-01-28 15:01:00.000000,3482325.0,1,1,0,0
TXN_41f905831e,CUST_00017,MER_0011,2025-05-13 15:49:44.000000,583.88,INR,upi,DEV_f5875255af,IP_9190c0c979,IN,Pune,success,,0,0,0,286,529.35,1.75,0,0,Pune,IN,1,8,2025-01-16 03:28:33.000000,1,8,0.0123,803.16,1.1030131293095304,-0.27302156481896506,0,0,0,0,2025-03-09 22:19:45.000000,5592599.0,1,1,0,0
TXN_ba9f9566c5,CUST_00017,MER_0000,2025-07-11 19:13:34.000000,468.9,INR,card,DEV_f5875255af,IP_9190c0c979,IN,Pune,success,,0,0,0,286,529.35,1.75,0,0,Pune,IN,1,8,2025-01-16 03:28:33.000000,1,8,0.0225,896.08,0.8858033437234343,-0.4767208284974556,0,0,0,0,2025-05-13 15:49:44.000000,5109830.0,1,1,0,0
TXN_46f88ab689,CUST_00017,MER_0025,2025-09-08 15:15:49.000000,535.87,INR,netbanking,DEV_f5875255af,IP_9190c0c979,IN,Pune,success,,0,0,0,286,529.35,1.75,0,0,Pune,IN,1,8,2025-01-16 03:28:33.000000,1,8,0.0075,737.17,1.0123169925380182,-0.2730713403963807,0,0,0,0,2025-07-11 19:13:34.000000,5083335.0,1,1,0,0
TXN_c69bcf004a,CUST_00017,MER_0000,2025-09-17 00:08:57.000000,855.12,INR,card,DEV_f5875255af,IP_9190c0c979,IN,Pune,success,,0,0,0,286,529.35,1.75,0,0,Pune,IN,1,8,2025-01-16 03:28:33.000000,1,8,0.0225,896.08,1.6154151317653727,-0.04571020444603164,0,0,0,0,2025-09-08 15:15:49.000000,723188.0,1,1,0,0
TXN_6b69278b60,CUST_00018,MER_0029,2025-01-31 03:34:37.000000,495.0,INR,upi,DEV_e1a67bee69,IP_6005253e30,IN,Chennai,success,,0,0,0,1526,430.67,3.13,0,0,Chennai,IN,1,13,2025-01-31 03:34:37.000000,1,13,0.0172,1254.23,1.149371908886154,-0.6053355445173533,0,1,0,0,,999999.0,1,1,0,0
TXN_a44df2d866,CUST_00018,MER_0019,2025-02-04 20:56:18.000000,530.19,INR,netbanking,DEV_e1a67bee69,IP_6005253e30,IN,Chennai,success,,0,0,0,1526,430.67,3.13,0,0,Chennai,IN,1,13,2025-01-31 03:34:37.000000,1,13,0.0275,352.61,1.2310818027724244,0.50361589291285,0,0,0,0,2025-01-31 03:34:37.000000,408101.0,1,1,0,0
TXN_7a579a9dd8,CUST_00018,MER_0033,2025-04-15 01:45:17.000000,464.97,INR,upi,DEV_e1a67bee69,IP_6005253e30,IN,Chennai,success,,0,0,0,1526,430.67,3.13,0,0,Chennai,IN,1,13,2025-01-31 03:34:37.000000,1,13,0.0248,960.07,1.0796433464137274,-0.5156915641567802,0,0,0,0,2025-02-04 20:56:18.000000,5978939.0,1,1,0,0
TXN_82a7d6cc8e,CUST_00018,MER_0000,2025-04-23 21:20:17.000000,281.42,INR,card,DEV_e1a67bee69,IP_6005253e30,IN,Chennai,failed,bank_decline,0,0,0,1526,430.67,3.13,0,0,Chennai,IN,1,13,2025-01-31 03:34:37.000000,1,13,0.0225,896.08,0.6534469547449323,-0.6859432193554148,0,0,0,0,2025-04-15 01:45:17.000000,761700.0,1,1,1,1
TXN_545dcf8520,CUST_00018,MER_0004,2025-04-24 04:26:11.000000,420.72,INR,wallet,DEV_e1a67bee69,IP_6005253e30,IN,Chennai,success,,0,0,0,1526,430.67,3.13,0,0,Chennai,IN,1,13,2025-01-31 03:34:37.000000,1,13,0.0026,1715.62,0.9768964636496622,-0.7547708700061785,0,0,0,0,2025-04-23 21:20:17.000000,25554.0,1,1,0,1
TXN_db5ea3af1a,CUST_00018,MER_0012,2025-06-12 12:10:30.000000,266.63,INR,upi,DEV_e1a67bee69,IP_6005253e30,IN,Chennai,success,,0,0,0,1526,430.67,3.13,0,0,Chennai,IN,1,13,2025-01-31 03:34:37.000000,1,13,0.0076,1602.61,0.6191051152854854,-0.83362764490425,0,0,0,0,2025-04-24 04:26:11.000000,4261459.0,1,1,0,0
TXN_e37b419238,CUST_00018,MER_0035,2025-06-25 18:44:27.000000,453.24,INR,card,DEV_e1a67bee69,IP_6005253e30,IN,Chennai,success,,0,0,0,1526,430.67,3.13,0,0,Chennai,IN,1,13,2025-01-31 03:34:37.000000,1,13,0.0041,1163.01,1.052406715118304,-0.6102870998529677,0,0,0,0,2025-06-12 12:10:30.000000,1146837.0,1,1,0,0
TXN_e51e1f835e,CUST_00018,MER_0035,2025-07-18 21:09:17.000000,465.7,INR,netbanking,DEV_e1a67bee69,IP_6005253e30,IN,Chennai,success,,0,0,0,1526,430.67,3.13,0,0,Chennai,IN,1,13,2025-01-31 03:34:37.000000,1,13,0.0041,1163.01,1.081338379733903,-0.5995735204340461,0,0,0,0,2025-06-25 18:44:27.000000,1995890.0,1,1,0,0
TXN_f24af58bd9,CUST_00018,MER_0017,2025-08-11 16:04:50.000000,502.47,INR,upi,DEV_e1a67bee69,IP_6005253e30,IN,Chennai,success,,0,0,0,1526,430.67,3.13,0,0,Chennai,IN,1,13,2025-01-31 03:34:37.000000,1,13,0.0143,558.35,1.1667169758747997,-0.10008059460911613,0,0,0,0,2025-07-18 21:09:17.000000,2055333.0,1,1,0,0
TXN_02192c0c27,CUST_00018,MER_0025,2025-08-26 15:59:35.000000,293.68,INR,netbanking,DEV_e1a67bee69,IP_6005253e30,IN,Chennai,success,,0,0,0,1526,430.67,3.13,0,0,Chennai,IN,1,13,2025-01-31 03:34:37.000000,1,13,0.0075,737.17,0.6819142266700722,-0.6016115685662737,0,0,0,0,2025-08-11 16:04:50.000000,1295685.0,1,1,0,0
TXN_4d72d1e14c,CUST_00018,MER_0005,2025-09-02 12:52:10.000000,418.06,INR,wallet,DEV_e1a67bee69,IP_6005253e30,IN,Chennai,success,,0,0,0,1526,430.67,3.13,0,0,Chennai,IN,1,13,2025-01-31 03:34:37.000000,1,13,0.0292,1054.12,0.9707200408665567,-0.6034037870451182,0,0,0,0,2025-08-26 15:59:35.000000,593555.0,1,1,0,0
TXN_cd567fa47b,CUST_00018,MER_0019,2025-09-06 10:22:40.000000,368.97,INR,card,DEV_e1a67bee69,IP_6005253e30,IN,Chennai,success,,0,0,0,1526,430.67,3.13,0,0,Chennai,IN,1,13,2025-01-31 03:34:37.000000,1,13,0.0275,352.61,0.8567348549933824,0.04639686906213668,0,0,0,0,2025-09-02 12:52:10.000000,336630.0,1,1,0,0
TXN_6c718db63f,CUST_00018,MER_0003,2025-10-16 14:52:07.000000,352.86,INR,card,DEV_e1a67bee69,IP_6005253e30,IN,Chennai,success,,0,0,0,1526,430.67,3.13,0,0,Chennai,IN,1,13,2025-01-31 03:34:37.000000,1,13,0.0263,577.97,0.8193280237769057,-0.38948388324653527,0,0,0,0,2025-09-06 10:22:40.000000,3472167.0,1,1,0,0
TXN_4d6c419a68,CUST_00019,MER_0037,2025-02-16 21:38:33.000000,323.64,INR,netbanking,DEV_65515247f1,IP_708ef4304e,IN,Pune,success,,0,0,0,1530,625.08,2.49,0,0,Pune,IN,1,15,2025-02-16 21:38:33.000000,1,15,0.0195,552.51,0.5177577270109426,-0.41423684639192054,0,1,0,0,,999999.0,1,1,0,0
TXN_cf4a55b6e1,CUST_00019,MER_0018,2025-03-16 22:23:12.000000,750.5,INR,upi,DEV_65515247f1,IP_708ef4304e,IN,Pune,success,,0,0,0,1530,625.08,2.49,0,0,Pune,IN,1,15,2025-02-16 21:38:33.000000,1,15,0.003,659.78,1.2006463172713893,0.13750037891418357,0,0,0,0,2025-02-16 21:38:33.000000,2421879.0,1,1,0,0
TXN_6d7cd342ce,CUST_00019,MER_0031,2025-04-20 06:04:23.000000,561.61,INR,card,DEV_65515247f1,IP_708ef4304e,IN,Pune,success,,0,0,0,1530,625.08,2.49,0,0,Pune,IN,1,15,2025-02-16 21:38:33.000000,1,15,0.0296,527.92,0.8984609969923849,0.06381648734656777,0,0,0,0,2025-03-16 22:23:12.000000,2965271.0,1,1,0,0
TXN_389cf77535,CUST_00019,MER_0021,2025-04-26 14:11:16.000000,535.44,INR,wallet,DEV_65515247f1,IP_708ef4304e,IN,Pune,success,,0,0,0,1530,625.08,2.49,0,0,Pune,IN,1,15,2025-02-16 21:38:33.000000,1,15,0.0166,319.74,0.8565943559224419,0.674610621129668,0,0,0,0,2025-04-20 06:04:23.000000,547613.0,1,1,0,0
TXN_91f849f47a,CUST_00019,MER_0017,2025-05-29 08:39:40.000000,890.98,INR,netbanking,DEV_65515247f1,IP_708ef4304e,IN,Pune,success,,0,0,0,1530,625.08,2.49,0,0,Pune,IN,1,15,2025-02-16 21:38:33.000000,1,15,0.0143,558.35,1.4253855506495168,0.5957374406734127,0,0,0,0,2025-04-26 14:11:16.000000,2831304.0,1,1,0,0
TXN_7bec262216,CUST_00019,MER_0035,2025-06-12 15:17:48.000000,300.86,INR,wallet,DEV_65515247f1,IP_708ef4304e,IN,Pune,success,,0,0,0,1530,625.08,2.49,0,0,Pune,IN,1,15,2025-02-16 21:38:33.000000,1,15,0.0041,1163.01,0.481314391757855,-0.7413091890869382,0,0,0,0,2025-05-29 08:39:40.000000,1233488.0,1,1,0,0
TXN_1d1a354d83,CUST_00019,MER_0011,2025-06-20 21:46:40.000000,238.3,INR,card,DEV_65515247f1,IP_708ef4304e,IN,Pune,success,,0,0,0,1530,625.08,2.49,0,0,Pune,IN,1,15,2025-02-16 21:38:33.000000,1,15,0.0123,803.16,0.38123120240609204,-0.7032969769410826,0,0,0,0,2025-06-12 15:17:48.000000,714532.0,1,1,0,0
TXN_ab42621cb8,CUST_00019,MER_0005,2025-06-21 19:12:18.000000,503.83,INR,upi,DEV_65515247f1,IP_708ef4304e,IN,Pune,success,,0,0,0,1530,625.08,2.49,0,0,Pune,IN,1,15,2025-02-16 21:38:33.000000,1,15,0.0292,1054.12,0.8060248288219107,-0.5220373392023678,0,0,0,0,2025-06-20 21:46:40.000000,77138.0,1,1,0,0
TXN_8114af363a,CUST_00019,MER_0029,2025-07-09 14:36:31.000000,805.33,INR,upi,DEV_65515247f1,IP_708ef4304e,IN,Pune,success,,0,0,0,1530,625.08,2.49,0,0,Pune,IN,1,15,2025-02-16 21:38:33.000000,1,15,0.0172,1254.23,1.2883630895245408,-0.35790883649729316,0,0,0,0,2025-06-21 19:12:18.000000,1538653.0,1,1,0,0
TXN_126aea6f0a,CUST_00019,MER_0031,2025-07-19 11:36:50.000000,604.26,INR,card,DEV_65515247f1,IP_708ef4304e,IN,Pune,success,,0,0,0,1530,625.08,2.49,0,0,Pune,IN,1,15,2025-02-16 21:38:33.000000,1,15,0.0296,527.92,0.9666922633902859,0.14460524321866958,0,0,0,0,2025-07-09 14:36:31.000000,853219.0,1,1,0,0
TXN_670754ad0a,CUST_00019,MER_0006,2025-07-23 12:45:51.000000,575.11,INR,card,DEV_65515247f1,IP_708ef4304e,IN,Pune,success,,0,0,0,1530,625.08,2.49,0,0,Pune,IN,1,15,2025-02-16 21:38:33.000000,1,15,0.0071,501.86,0.9200582325462341,0.14595703981189972,0,0,0,0,2025-07-19 11:36:50.000000,349741.0,1,1,0,0
TXN_f3e856c7a7,CUST_00019,MER_0001,2025-08-17 22:37:46.000000,663.67,INR,wallet,DEV_65515247f1,IP_708ef4304e,IN,Pune,success,,0,0,0,1530,625.08,2.49,0,0,Pune,IN,1,15,2025-02-16 21:38:33.000000,1,15,0.0188,612.19,1.061736097779484,0.08409154020810516,0,0,0,0,2025-07-23 12:45:51.000000,2195515.0,1,1,0,0
TXN_f90f1f5476,CUST_00019,MER_0039,2025-08-19 02:00:14.000000,684.59,INR,card,DEV_65515247f1,IP_708ef4304e,IN,Pune,success,,0,0,0,1530,625.08,2.49,0,0,Pune,IN,1,15,2025-02-16 21:38:33.000000,1,15,0.0111,595.03,1.0952038139118192,0.15051341949145433,0,0,0,0,2025-08-17 22:37:46.000000,98548.0,1,1,0,0
TXN_29c424bf6b,CUST_00019,MER_0035,2025-10-21 20:32:09.000000,610.71,INR,card,DEV_65515247f1,IP_708ef4304e,IN,Pune,success,,0,0,0,1530,625.08,2.49,0,0,Pune,IN,1,15,2025-02-16 21:38:33.000000,1,15,0.0041,1163.01,0.9770109425993473,-0.47488843604096265,0,0,0,0,2025-08-19 02:00:14.000000,5509915.0,1,1,0,0
TXN_4ce9129d7f,CUST_00019,MER_0035,2025-10-29 00:10:30.000000,638.07,INR,netbanking,DEV_65515247f1,IP_708ef4304e,IN,Pune,success,,0,0,0,1530,625.08,2.49,0,0,Pune,IN,1,15,2025-02-16 21:38:33.000000,1,15,0.0041,1163.01,1.0207813399884815,-0.4513632728867335,0,0,0,0,2025-10-21 20:32:09.000000,617901.0,1,1,0,0
TXN_c7cb7dcdff,CUST_00020,MER_0024,2025-01-28 15:29:08.000000,1248.23,INR,card,DEV_4f1bc45110,IP_ad3a4ee0a0,IN,Kolkata,success,,0,0,0,1839,1096.61,4.26,0,1,Kolkata,IN,1,13,2025-01-28 15:29:08.000000,1,13,0.0045,1035.96,1.1382624634099636,0.20490173365767014,0,1,0,0,,999999.0,1,1,0,0
TXN_034e2f7fc4,CUST_00020,MER_0027,2025-04-01 16:23:37.000000,1199.88,INR,netbanking,DEV_4f1bc45110,IP_ad3a4ee0a0,IN,Kolkata,success,,0,0,0,1839,1096.61,4.26,0,1,Kolkata,IN,1,13,2025-01-28 15:29:08.000000,1,13,0.0096,555.21,1.094172039284705,1.161128221753931,0,0,0,0,2025-01-28 15:29:08.000000,5446469.0,1,1,0,0
TXN_684e1d4df5,CUST_00020,MER_0013,2025-04-21 18:32:03.000000,890.0,INR,upi,DEV_4f1bc45110,IP_ad3a4ee0a0,IN,Kolkata,failed,bank_decline,0,0,0,1839,1096.61,4.26,0,1,Kolkata,IN,1,13,2025-01-28 15:29:08.000000,1,13,0.0164,580.87,0.8115920883449905,0.5321844818978428,0,0,0,0,2025-04-01 16:23:37.000000,1735706.0,1,1,1,1
TXN_63107f7693,CUST_00020,MER_0021,2025-05-17 01:15:34.000000,736.88,INR,card,DEV_4f1bc45110,IP_ad3a4ee0a0,IN,Kolkata,success,,0,1,0,1839,1096.61,4.26,0,1,Kolkata,IN,1,13,2025-01-28 15:29:08.000000,1,13,0.0166,319.74,0.6719617731007378,1.304622505785951,0,0,0,0,2025-04-21 18:32:03.000000,2184211.0,1,1,0,0
TXN_df42327cf9,CUST_00020,MER_0023,2025-05-17 10:08:10.000000,1068.13,INR,upi,DEV_4f1bc45110,IP_ad3a4ee0a0,IN,Kolkata,success,,0,0,0,1839,1096.61,4.26,0,1,Kolkata,IN,1,13,2025-01-28 15:29:08.000000,1,13,0.0237,748.53,0.9740290531729605,0.42697019491536764,0,0,0,0,2025-05-17 01:15:34.000000,31956.0,1,1,0,0
TXN_7eb03edd33,CUST_00020,MER_0007,2025-06-26 17:23:13.000000,1192.86,INR,wallet,DEV_4f1bc45110,IP_ad3a4ee0a0,IN,Kolkata,success,,0,0,0,1839,1096.61,4.26,0,1,Kolkata,IN,1,13,2025-01-28 15:29:08.000000,1,13,0.0071,921.07,1.0877704927002307,0.29508072133496893,0,0,0,0,2025-05-17 10:08:10.000000,3482103.0,1,1,0,0
TXN_7bf025c57f,CUST_00020,MER_0009,2025-07-18 17:41:34.000000,1162.38,INR,upi,DEV_4f1bc45110,IP_ad3a4ee0a0,IN,Kolkata,success,,0,0,0,1839,1096.61,4.26,0,1,Kolkata,IN,1,13,2025-01-28 15:29:08.000000,1,13,0.0102,211.04,1.0599757434274721,4.507865807429872,0,0,0,0,2025-06-26 17:23:13.000000,1901901.0,1,1,0,0
TXN_4390bec498,CUST_00020,MER_0008,2025-07-21 10:37:13.000000,1044.42,INR,wallet,DEV_4f1bc45110,IP_ad3a4ee0a0,IN,Kolkata,success,,0,0,0,1839,1096.61,4.26,0,1,Kolkata,IN,1,13,2025-01-28 15:29:08.000000,1,13,0.0141,769.07,0.9524078751789607,0.35802982823410096,0,0,0,0,2025-07-18 17:41:34.000000,233739.0,1,1,0,0
TXN_cabe1cef38,CUST_00020,MER_0018,2025-09-04 20:38:13.000000,803.42,INR,card,DEV_4f1bc45110,IP_ad3a4ee0a0,IN,Kolkata,success,,0,0,0,1839,1096.61,4.26,0,1,Kolkata,IN,1,13,2025-01-28 15:29:08.000000,1,13,0.003,659.78,0.7326396804698115,0.21770893328079055,0,0,0,0,2025-07-21 10:37:13.000000,3924060.0,1,1,0,0
TXN_aa7ce20eb0,CUST_00020,MER_0018,2025-09-09 04:31:02.000000,1494.65,INR,upi,DEV_4f1bc45110,IP_ad3a4ee0a0,IN,Kolkata,success,,0,0,0,1839,1096.61,4.26,0,1,Kolkata,IN,1,13,2025-01-28 15:29:08.000000,1,13,0.003,659.78,1.3629731627470114,1.2653763375670681,0,0,0,0,2025-09-04 20:38:13.000000,373969.0,1,1,0,0
TXN_758f975308,CUST_00020,MER_0012,2025-09-15 00:48:16.000000,1235.24,INR,card,DEV_4f1bc45110,IP_ad3a4ee0a0,IN,Kolkata,success,,0,0,0,1839,1096.61,4.26,0,1,Kolkata,IN,1,13,2025-01-28 15:29:08.000000,1,13,0.0076,1602.61,1.126416866525018,-0.22923231478650447,0,0,0,0,2025-09-09 04:31:02.000000,505034.0,1,1,0,0
TXN_722db7e3b5,CUST_00020,MER_0030,2025-09-24 13:40:40.000000,1124.72,INR,upi,DEV_4f1bc45110,IP_ad3a4ee0a0,IN,Kolkata,success,,0,0,0,1839,1096.61,4.26,0,1,Kolkata,IN,1,13,2025-01-28 15:29:08.000000,1,13,0.0041,807.91,1.0256335433745818,0.3921352625911303,0,0,0,0,2025-09-15 00:48:16.000000,823944.0,1,1,0,0
TXN_f3da1860ea,CUST_00020,MER_0005,2025-09-28 20:56:51.000000,1197.71,INR,wallet,DEV_4f1bc45110,IP_ad3a4ee0a0,IN,Kolkata,success,,0,0,0,1839,1096.61,4.26,0,1,Kolkata,IN,1,13,2025-01-28 15:29:08.000000,1,13,0.0292,1054.12,1.0921932136310997,0.13621788790650036,0,0,0,0,2025-09-24 13:40:40.000000,371771.0,1,1,0,0
TXN_d014be62d4,CUST_00021,MER_0037,2025-01-10 12:37:58.000000,341.07,INR,netbanking,DEV_a3bb3d9cc0,IP_38db7bdacc,IN,Kolkata,success,,0,0,0,742,281.1,6.25,0,0,Kolkata,IN,1,6,2025-01-10 12:37:58.000000,1,6,0.0195,552.51,1.2133404482390606,-0.3826899060650486,0,1,0,0,,999999.0,1,1,0,0
TXN_ad0911a40b,CUST_00021,MER_0030,2025-02-21 22:29:39.000000,184.09,INR,card,DEV_a3bb3d9cc0,IP_38db7bdacc,IN,Kolkata,success,,0,0,0,742,281.1,6.25,0,0,Kolkata,IN,1,6,2025-01-10 12:37:58.000000,1,6,0.0041,807.91,0.6548914976876556,-0.772140461189984,0,0,0,0,2025-01-10 12:37:58.000000,3664301.0,1,1,0,0
TXN_8ace3ef84e,CUST_00021,MER_0000,2025-07-29 12:15:20.000000,149.52,INR,card,DEV_a3bb3d9cc0,IP_38db7bdacc,IN,Kolkata,success,,0,0,0,742,281.1,6.25,0,0,Kolkata,IN,1,6,2025-01-10 12:37:58.000000,1,6,0.0225,896.08,0.5319103521878336,-0.833139898223373,0,0,0,0,2025-02-21 22:29:39.000000,13614341.0,1,1,0,0
TXN_0c771077d8,CUST_00021,MER_0018,2025-08-28 03:47:19.000000,3213.08,INR,card,DEV_4a7cc55133,IP_c813a2d569,AE,Dubai,success,,0,0,1,742,281.1,6.25,0,0,Kolkata,IN,1,2,2025-08-28 03:47:19.000000,1,2,0.003,659.78,11.43038064745642,3.869926339082725,1,1,0,0,2025-07-29 12:15:20.000000,2561519.0,1,1,0,0
TXN_1c1e3568c2,CUST_00021,MER_0018,2025-08-28 03:50:19.000000,3213.08,INR,card,DEV_4a7cc55133,IP_c813a2d569,AE,Dubai,success,,0,0,1,742,281.1,6.25,0,0,Kolkata,IN,1,2,2025-08-28 03:47:19.000000,1,2,0.003,659.78,11.43038064745642,3.869926339082725,1,0,0,0,2025-08-28 03:47:19.000000,180.0,2,2,0,0
TXN_62fa18142b,CUST_00021,MER_0000,2025-09-24 08:04:46.000000,269.54,INR,netbanking,DEV_a3bb3d9cc0,IP_38db7bdacc,IN,Kolkata,failed,insufficient_funds,0,0,0,742,281.1,6.25,0,0,Kolkata,IN,1,6,2025-01-10 12:37:58.000000,1,6,0.0225,896.08,0.9588758448950552,-0.699200964199625,0,0,0,0,2025-08-28 03:50:19.000000,2348067.0,1,1,1,1
TXN_77d45d9096,CUST_00021,MER_0038,2025-10-02 20:19:03.000000,382.38,INR,netbanking,DEV_a3bb3d9cc0,IP_38db7bdacc,IN,Kolkata,success,,0,0,0,742,281.1,6.25,0,0,Kolkata,IN,1,6,2025-01-10 12:37:58.000000,1,6,0.0107,498.94,1.3602988260405549,-0.23361526436044414,0,0,0,0,2025-09-24 08:04:46.000000,735257.0,1,1,0,0
TXN_6e141c5ab5,CUST_00021,MER_0031,2025-10-21 11:02:45.000000,346.03,INR,netbanking,DEV_a3bb3d9cc0,IP_38db7bdacc,IN,Kolkata,success,,0,0,0,742,281.1,6.25,0,0,Kolkata,IN,1,6,2025-01-10 12:37:58.000000,1,6,0.0296,527.92,1.2309854144432584,-0.34454083952113956,0,0,0,0,2025-10-02 20:19:03.000000,1608222.0,1,1,0,0
TXN_6a573c46ad,CUST_00022,MER_0031,2025-02-01 13:10:47.000000,1101.51,INR,upi,DEV_f34755b5c4,IP_bd991d1b20,IN,Chennai,success,,0,0,0,284,743.08,9.59,0,0,Chennai,IN,1,11,2025-02-01 13:10:47.000000,1,11,0.0296,527.92,1.4823572159121494,1.086509319593878,0,1,0,0,,999999.0,1,1,0,0
TXN_a976e129fe,CUST_00022,MER_0039,2025-02-12 04:09:11.000000,965.75,INR,upi,DEV_f34755b5c4,IP_bd991d1b20,IN,Chennai,success,,0,0,0,284,743.08,9.59,0,0,Chennai,IN,1,11,2025-02-01 13:10:47.000000,1,11,0.0111,595.03,1.2996581794692361,0.6230274103826698,0,0,0,0,2025-02-01 13:10:47.000000,917904.0,1,1,0,0
TXN_0564f60402,CUST_00022,MER_0033,2025-02-17 16:44:55.000000,958.26,INR,card,DEV_f34755b5c4,IP_bd991d1b20,IN,Chennai,success,,0,0,0,284,743.08,9.59,0,0,Chennai,IN,1,11,2025-02-01 13:10:47.000000,1,11,0.0248,960.07,1.289578511062066,-0.0018852791983918454,0,0,0,0,2025-02-12 04:09:11.000000,477344.0,1,1,0,0
TXN_adbe1c06bf,CUST_00022,MER_0016,2025-03-08 00:46:03.000000,649.07,INR,netbanking,DEV_f34755b5c4,IP_bd991d1b20,IN,Chennai,success,,0,0,0,284,743.08,9.59,0,0,Chennai,IN,1,11,2025-02-01 13:10:47.000000,1,11,0.0212,463.88,0.8734860311137428,0.39921962576528425,0,0,0,0,2025-02-17 16:44:55.000000,1584068.0,1,1,0,0
TXN_b14aa3ea2d,CUST_00022,MER_0007,2025-03-10 20:56:52.000000,772.45,INR,card,DEV_f34755b5c4,IP_bd991d1b20,IN,Chennai,success,,0,0,0,284,743.08,9.59,0,0,Chennai,IN,1,11,2025-02-01 13:10:47.000000,1,11,0.0071,921.07,1.0395246810572214,-0.16135581443321353,0,0,0,0,2025-03-08 00:46:03.000000,245449.0,1,1,0,0
TXN_9480a1af6f,CUST_00022,MER_0036,2025-03-18 04:26:04.000000,820.69,INR,upi,DEV_f34755b5c4,IP_bd991d1b20,IN,Chennai,success,,0,0,0,284,743.08,9.59,0,0,Chennai,IN,1,11,2025-02-01 13:10:47.000000,1,11,0.0262,402.01,1.10444366689993,1.0414666301833289,0,0,0,0,2025-03-10 20:56:52.000000,631752.0,1,1,0,0
TXN_76b2c86e14,CUST_00022,MER_0015,2025-03-20 03:05:27.000000,625.35,INR,upi,DEV_f34755b5c4,IP_bd991d1b20,IN,Chennai,success,,0,0,0,284,743.08,9.59,0,0,Chennai,IN,1,11,2025-02-01 13:10:47.000000,1,11,0.0068,710.92,0.8415648382408354,-0.12036516063692108,0,0,0,0,2025-03-18 04:26:04.000000,167963.0,1,1,0,0
TXN_d84a3f7af6,CUST_00022,MER_0030,2025-05-24 10:06:44.000000,604.03,INR,card,DEV_f34755b5c4,IP_bd991d1b20,IN,Chennai,success,,0,0,0,284,743.08,9.59,0,0,Chennai,IN,1,11,2025-02-01 13:10:47.000000,1,11,0.0041,807.91,0.8128734456586101,-0.25235484150462306,0,0,0,0,2025-03-20 03:05:27.000000,5641277.0,1,1,0,0
TXN_ba4a703f47,CUST_00022,MER_0000,2025-07-16 05:45:53.000000,903.33,INR,netbanking,DEV_f34755b5c4,IP_bd991d1b20,IN,Chennai,success,,0,0,0,284,743.08,9.59,0,0,Chennai,IN,1,11,2025-02-01 13:10:47.000000,1,11,0.0225,896.08,1.215656456909081,0.008090795464690652,0,0,0,0,2025-05-24 10:06:44.000000,4563549.0,1,1,0,0
TXN_332e1805b4,CUST_00022,MER_0035,2025-10-17 10:36:46.000000,685.79,INR,netbanking,DEV_f34755b5c4,IP_bd991d1b20,IN,Chennai,success,,0,0,0,284,743.08,9.59,0,0,Chennai,IN,1,11,2025-02-01 13:10:47.000000,1,11,0.0041,1163.01,0.9229019755611777,-0.4103318114203661,0,0,0,0,2025-07-16 05:45:53.000000,8052653.0,1,1,0,0
TXN_25f9f71d27,CUST_00022,MER_0004,2025-10-23 23:54:33.000000,788.0,INR,card,DEV_f34755b5c4,IP_bd991d1b20,IN,Chennai,failed,bank_decline,0,0,0,284,743.08,9.59,0,0,Chennai,IN,1,11,2025-02-01 13:10:47.000000,1,11,0.0026,1715.62,1.0604510954405986,-0.5406908289714505,0,0,0,0,2025-10-17 10:36:46.000000,566267.0,1,1,1,1
TXN_1c60764aaf,CUST_00023,MER_0014,2025-01-03 08:14:08.000000,425.56,INR,netbanking,DEV_aca5cc89f7,IP_0f19c52407,IN,Ahmedabad,success,,0,0,0,187,348.83,4.75,0,1,Ahmedabad,IN,1,8,2025-01-03 08:14:08.000000,1,8,0.019,479.8,1.2199638792535046,-0.1130471029595665,0,1,0,0,,999999.0,1,1,0,0
TXN_600a162e46,CUST_00023,MER_0039,2025-02-23 05:27:31.000000,341.3,INR,netbanking,DEV_aca5cc89f7,IP_0f19c52407,IN,Ahmedabad,success,,0,0,0,187,348.83,4.75,0,1,Ahmedabad,IN,1,8,2025-01-03 08:14:08.000000,1,8,0.0111,595.03,0.9784135538801136,-0.4264154748500075,0,0,0,0,2025-01-03 08:14:08.000000,4396403.0,1,1,0,0
TXN_2dfd8bb986,CUST_00023,MER_0008,2025-04-11 16:36:04.000000,298.39,INR,upi,DEV_aca5cc89f7,IP_0f19c52407,IN,Ahmedabad,success,,0,0,0,187,348.83,4.75,0,1,Ahmedabad,IN,1,8,2025-01-03 08:14:08.000000,1,8,0.0141,769.07,0.8554023449817962,-0.6120119104892923,0,0,0,0,2025-02-23 05:27:31.000000,4100913.0,1,1,0,0
TXN_52faa91292,CUST_00023,MER_0010,2025-06-14 19:11:44.000000,333.24,INR,netbanking,DEV_aca5cc89f7,IP_0f19c52407,IN,Ahmedabad,success,,0,0,0,187,348.83,4.75,0,1,Ahmedabad,IN,1,8,2025-01-03 08:14:08.000000,1,8,0.0102,362.24,0.9553077430266893,-0.08005742049469965,0,0,0,0,2025-04-11 16:36:04.000000,5538940.0,1,1,0,0
TXN_2063a4a119,CUST_00023,MER_0033,2025-07-18 14:13:36.000000,380.83,INR,wallet,DEV_aca5cc89f7,IP_0f19c52407,IN,Ahmedabad,failed,insufficient_funds,0,0,0,187,348.83,4.75,0,1,Ahmedabad,IN,1,8,2025-01-03 08:14:08.000000,1,8,0.0248,960.07,1.0917352291947366,-0.6033310071140646,0,0,0,0,2025-06-14 19:11:44.000000,2919712.0,1,1,1,1
TXN_c4f85dfb47,CUST_00023,MER_0012,2025-07-26 06:45:02.000000,363.2,INR,card,DEV_aca5cc89f7,IP_0f19c52407,IN,Ahmedabad,success,,0,0,0,187,348.83,4.75,0,1,Ahmedabad,IN,1,8,2025-01-03 08:14:08.000000,1,8,0.0076,1602.61,1.0411948513602614,-0.7733696906920585,0,0,0,0,2025-07-18 14:13:36.000000,664286.0,1,1,0,0
TXN_5099e098da,CUST_00023,MER_0015,2025-07-26 07:05:12.000000,442.56,INR,upi,DEV_aca5cc89f7,IP_0f19c52407,IN,Ahmedabad,success,,0,0,0,187,348.83,4.75,0,1,Ahmedabad,IN,1,8,2025-01-03 08:14:08.000000,1,8,0.0068,710.92,1.2686982197632084,-0.37748269847521515,0,0,0,0,2025-07-26 06:45:02.000000,1210.0,1,2,0,0
TXN_39297895d6,CUST_00023,MER_0013,2025-10-06 13:07:43.000000,359.43,INR,card,DEV_aca5cc89f7,IP_0f19c52407,IN,Ahmedabad,success,,0,1,0,187,348.83,4.75,0,1,Ahmedabad,IN,1,8,2025-01-03 08:14:08.000000,1,8,0.0164,580.87,1.0303872946707566,-0.3812212715409644,0,0,0,0,2025-07-26 07:05:12.000000,6242551.0,1,1,0,0
TXN_a41f158de3,CUST_00024,MER_0018,2025-02-18 10:44:49.000000,425.76,INR,card,DEV_9d3780f0af,IP_1367b62402,IN,Mumbai,success,,0,0,0,1764,528.35,1.65,0,0,Mumbai,IN,1,10,2025-02-18 10:44:49.000000,1,10,0.003,659.78,0.805829469101921,-0.3546939889053927,0,1,0,0,,999999.0,1,1,0,0
TXN_72feaa7aef,CUST_00024,MER_0019,2025-02-19 09:14:34.000000,670.95,INR,netbanking,DEV_9d3780f0af,IP_1367b62402,IN,Mumbai,success,,0,0,0,1764,528.35,1.65,0,0,Mumbai,IN,1,10,2025-02-18 10:44:49.000000,1,10,0.0275,352.61,1.2698968486798523,0.9028104704914779,0,0,0,0,2025-02-18 10:44:49.000000,80985.0,1,1,0,0
TXN_094302f8f8,CUST_00024,MER_0039,2025-03-07 20:58:50.000000,569.67,INR,card,DEV_9d3780f0af,IP_1367b62402,IN,Mumbai,success,,0,0,0,1764,528.35,1.65,0,0,Mumbai,IN,1,10,2025-02-18 10:44:49.000000,1,10,0.0111,595.03,1.078205734834863,-0.04261969984706656,0,0,0,0,2025-02-19 09:14:34.000000,1424656.0,1,1,0,0
TXN_303a27bf9c,CUST_00024,MER_0033,2025-03-16 20:40:31.000000,547.87,INR,card,DEV_9d3780f0af,IP_1367b62402,IN,Mumbai,success,,0,0,0,1764,528.35,1.65,0,0,Mumbai,IN,1,10,2025-02-18 10:44:49.000000,1,10,0.0248,960.07,1.0369452067758114,-0.4293436936890019,0,0,0,0,2025-03-07 20:58:50.000000,776501.0,1,1,0,0
TXN_1960614aeb,CUST_00024,MER_0005,2025-04-11 10:25:26.000000,473.53,INR,netbanking,DEV_9d3780f0af,IP_1367b62402,IN,Mumbai,success,,0,0,0,1764,528.35,1.65,0,0,Mumbai,IN,1,10,2025-02-18 10:44:49.000000,1,10,0.0292,1054.12,0.8962430207248981,-0.5507816946837172,0,0,0,0,2025-03-16 20:40:31.000000,2209495.0,1,1,0,0
TXN_b2e1bff0f0,CUST_00024,MER_0008,2025-06-10 00:31:41.000000,516.01,INR,upi,DEV_9d3780f0af,IP_1367b62402,IN,Mumbai,success,,0,0,0,1764,528.35,1.65,0,0,Mumbai,IN,1,10,2025-02-18 10:44:49.000000,1,10,0.0141,769.07,0.9766442698968486,-0.32904677077509203,0,0,0,0,2025-04-11 10:25:26.000000,5148375.0,1,1,0,0
TXN_aa9d369732,CUST_00024,MER_0026,2025-06-26 00:39:52.000000,315.96,INR,wallet,DEV_9d3780f0af,IP_1367b62402,IN,Mumbai,success,,0,0,0,1764,528.35,1.65,0,0,Mumbai,IN,1,10,2025-02-18 10:44:49.000000,1,10,0.0129,620.55,0.5980126809879814,-0.4908387720570462,0,0,0,0,2025-06-10 00:31:41.000000,1382891.0,1,1,0,0
TXN_cc2e8b2302,CUST_00024,MER_0024,2025-06-29 17:38:42.000000,547.79,INR,card,DEV_9d3780f0af,IP_1367b62402,IN,Mumbai,success,,0,0,0,1764,528.35,1.65,0,0,Mumbai,IN,1,10,2025-02-18 10:44:49.000000,1,10,0.0045,1035.96,1.0367937919939434,-0.47122475771265304,0,0,0,0,2025-06-26 00:39:52.000000,320330.0,1,1,0,0
TXN_d96f8603df,CUST_00024,MER_0036,2025-09-03 18:11:59.000000,646.03,INR,upi,DEV_9d3780f0af,IP_1367b62402,IN,Mumbai,success,,0,0,0,1764,528.35,1.65,0,0,Mumbai,IN,1,10,2025-02-18 10:44:49.000000,1,10,0.0262,402.01,1.2227311441279454,0.6069998258749782,0,0,0,0,2025-06-29 17:38:42.000000,5704397.0,1,1,0,0
TXN_9192bb2818,CUST_00024,MER_0015,2025-10-21 14:54:48.000000,492.28,INR,card,DEV_9d3780f0af,IP_1367b62402,IN,Mumbai,success,,0,0,0,1764,528.35,1.65,0,0,Mumbai,IN,1,10,2025-02-18 10:44:49.000000,1,10,0.0068,710.92,0.9317308602252294,-0.3075451527598042,0,0,0,0,2025-09-03 18:11:59.000000,4135369.0,1,1,0,0
TXN_d3d45a70ff,CUST_00025,MER_0036,2025-01-07 03:31:33.000000,533.44,INR,netbanking,DEV_c6fa1e6754,IP_e24c564c1e,IN,Delhi,success,,0,0,0,314,495.91,1.86,0,0,Delhi,IN,1,10,2025-01-07 03:31:33.000000,1,10,0.0262,402.01,1.0756790546671775,0.3269321658665209,0,1,0,0,,999999.0,1,1,0,0
TXN_83b9cae399,CUST_00025,MER_0020,2025-01-07 15:09:34.000000,570.78,INR,card,DEV_c6fa1e6754,IP_e24c564c1e,IN,Delhi,success,,0,0,0,314,495.91,1.86,0,0,Delhi,IN,1,10,2025-01-07 03:31:33.000000,1,10,0.0107,1089.56,1.150974975297937,-0.4761371562832703,0,0,0,0,2025-01-07 03:31:33.000000,41881.0,1,1,0,0
TXN_f770b976d2,CUST_00025,MER_0004,2025-01-11 11:46:43.000000,397.87,INR,upi,DEV_c6fa1e6754,IP_e24c564c1e,IN,Delhi,success,,0,0,0,314,495.91,1.86,0,0,Delhi,IN,1,10,2025-01-07 03:31:33.000000,1,10,0.0026,1715.62,0.8023028372083644,-0.7680896702066892,0,0,0,0,2025-01-07 15:09:34.000000,333429.0,1,1,0,0
TXN_4a72522f14,CUST_00025,MER_0002,2025-02-06 01:26:07.000000,705.0,INR,upi,DEV_c6fa1e6754,IP_e24c564c1e,IN,Delhi,success,,0,0,0,314,495.91,1.86,0,0,Delhi,IN,1,10,2025-01-07 03:31:33.000000,1,10,0.0036,577.96,1.4216289246032545,0.21980759914180906,0,0,0,0,2025-01-11 11:46:43.000000,2209164.0,1,1,0,0
TXN_40f7ac036e,CUST_00025,MER_0001,2025-03-31 23:07:42.000000,521.08,INR,wallet,DEV_c6fa1e6754,IP_e24c564c1e,IN,Delhi,success,,0,0,0,314,495.91,1.86,0,0,Delhi,IN,1,10,2025-01-07 03:31:33.000000,1,10,0.0188,612.19,1.050755177350729,-0.14882634476224701,0,0,0,0,2025-02-06 01:26:07.000000,4657295.0,1,1,0,0
TXN_ceeb727f00,CUST_00025,MER_0034,2025-04-21 18:53:37.000000,549.75,INR,wallet,DEV_c6fa1e6754,IP_e24c564c1e,IN,Delhi,success,,0,0,0,314,495.91,1.86,0,0,Delhi,IN,1,10,2025-01-07 03:31:33.000000,1,10,0.0236,1234.72,1.1085680869512613,-0.5547573538940003,0,0,0,0,2025-03-31 23:07:42.000000,1799155.0,1,1,0,0
TXN_4e8b2f719e,CUST_00025,MER_0025,2025-05-30 13:48:19.000000,331.84,INR,upi,DEV_c6fa1e6754,IP_e24c564c1e,IN,Delhi,success,,0,0,0,314,495.91,1.86,0,0,Delhi,IN,1,10,2025-01-07 03:31:33.000000,1,10,0.0075,737.17,0.669153677078502,-0.5498460328011178,0,0,0,0,2025-04-21 18:53:37.000000,3351282.0,1,1,0,0
TXN_3d8bfecfc9,CUST_00025,MER_0016,2025-09-02 10:40:23.000000,498.52,INR,card,DEV_c6fa1e6754,IP_e24c564c1e,IN,Delhi,success,,0,0,0,314,495.91,1.86,0,0,Delhi,IN,1,10,2025-01-07 03:31:33.000000,1,10,0.0212,463.88,1.0052630517634247,0.07467448478054667,0,0,0,0,2025-05-30 13:48:19.000000,8196724.0,1,1,0,0
TXN_0145f67266,CUST_00025,MER_0013,2025-10-01 22:37:15.000000,352.79,INR,card,DEV_c6fa1e6754,IP_e24c564c1e,IN,Delhi,success,,0,0,0,314,495.91,1.86,0,0,Delhi,IN,1,10,2025-01-07 03:31:33.000000,1,10,0.0164,580.87,0.7113992458308968,-0.39265240070928087,0,0,0,0,2025-09-02 10:40:23.000000,2548612.0,1,1,0,0
TXN_7d720fe387,CUST_00025,MER_0001,2025-10-08 14:17:29.000000,548.45,INR,card,DEV_c6fa1e6754,IP_e24c564c1e,IN,Delhi,success,,0,0,0,314,495.91,1.86,0,0,Delhi,IN,1,10,2025-01-07 03:31:33.000000,1,10,0.0188,612.19,1.1059466435441916,-0.1041180025808981,0,0,0,0,2025-10-01 22:37:15.000000,574814.0,1,1,0,0
TXN_4dfd41481b,CUST_00026,MER_0024,2025-02-09 16:58:50.000000,230.13,INR,wallet,DEV_f47d16a4be,IP_56e2a80428,IN,Bangalore,success,,0,1,0,1623,234.25,3.53,0,1,Bangalore,IN,1,16,2025-02-09 16:58:50.000000,1,16,0.0045,1035.96,0.9824119530416222,-0.7778582184640334,0,1,0,0,,999999.0,1,1,0,0
TXN_2379161211,CUST_00026,MER_0033,2025-02-13 04:00:29.000000,240.92,INR,card,DEV_f47d16a4be,IP_56e2a80428,IN,Bangalore,success,,0,0,0,1623,234.25,3.53,0,1,Bangalore,IN,1,16,2025-02-09 16:58:50.000000,1,16,0.0248,960.07,1.0284738527214514,-0.7490599643775975,0,0,0,0,2025-02-09 16:58:50.000000,298899.0,1,1,0,0
TXN_684993dbca,CUST_00026,MER_0007,2025-02-15 10:04:39.000000,325.41,INR,upi,DEV_f47d16a4be,IP_56e2a80428,IN,Bangalore,success,,0,0,0,1623,234.25,3.53,0,1,Bangalore,IN,1,16,2025-02-09 16:58:50.000000,1,16,0.0071,921.07,1.3891568836712915,-0.6467043764317588,0,0,0,0,2025-02-13 04:00:29.000000,194650.0,1,1,0,0
TXN_83fa2fb31b,CUST_00026,MER_0013,2025-03-06 05:51:36.000000,333.26,INR,netbanking,DEV_f47d16a4be,IP_56e2a80428,IN,Bangalore,success,,0,0,0,1623,234.25,3.53,0,1,Bangalore,IN,1,16,2025-02-09 16:58:50.000000,1,16,0.0164,580.87,1.422668089647812,-0.42627438153115155,0,0,0,0,2025-02-15 10:04:39.000000,1626417.0,1,1,0,0
TXN_da14edb823,CUST_00026,MER_0031,2025-03-06 17:16:42.000000,209.17,INR,wallet,DEV_f47d16a4be,IP_56e2a80428,IN,Bangalore,success,,0,0,0,1623,234.25,3.53,0,1,Bangalore,IN,1,16,2025-02-09 16:58:50.000000,1,16,0.0296,527.92,0.8929348986125933,-0.6037846643430823,0,0,0,0,2025-03-06 05:51:36.000000,41106.0,1,1,0,0
TXN_a483f79dcb,CUST_00026,MER_0001,2025-04-09 04:08:37.000000,245.0,INR,card,DEV_f47d16a4be,IP_56e2a80428,IN,Bangalore,success,,0,0,0,1623,234.25,3.53,0,1,Bangalore,IN,1,16,2025-02-09 16:58:50.000000,1,16,0.0188,612.19,1.0458911419423693,-0.5997974485045493,0,0,0,0,2025-03-06 17:16:42.000000,2890315.0,1,1,0,0
TXN_5ffaca8fc9,CUST_00026,MER_0033,2025-05-12 13:12:50.000000,272.65,INR,upi,DEV_f47d16a4be,IP_56e2a80428,IN,Bangalore,success,,0,0,0,1623,234.25,3.53,0,1,Bangalore,IN,1,16,2025-02-09 16:58:50.000000,1,16,0.0248,960.07,1.1639274279615794,-0.7160102909162874,0,0,0,0,2025-04-09 04:08:37.000000,2883853.0,1,1,0,0
TXN_5cfce93ce5,CUST_00026,MER_0002,2025-05-21 08:05:44.000000,234.48,INR,wallet,DEV_f47d16a4be,IP_56e2a80428,IN,Bangalore,success,,0,0,0,1623,234.25,3.53,0,1,Bangalore,IN,1,16,2025-02-09 16:58:50.000000,1,16,0.0036,577.96,1.0009818569903948,-0.594297183196069,0,0,0,0,2025-05-12 13:12:50.000000,759174.0,1,1,0,0
TXN_d8180a58a6,CUST_00026,MER_0012,2025-06-28 20:20:05.000000,339.66,INR,netbanking,DEV_f47d16a4be,IP_56e2a80428,IN,Bangalore,success,,0,0,0,1623,234.25,3.53,0,1,Bangalore,IN,1,16,2025-02-09 16:58:50.000000,1,16,0.0076,1602.61,1.4499893276414089,-0.7880582300122924,0,0,0,0,2025-05-21 08:05:44.000000,3327261.0,1,1,0,0
TXN_ee265d3b1a,CUST_00026,MER_0000,2025-07-04 15:07:54.000000,241.83,INR,wallet,DEV_f47d16a4be,IP_56e2a80428,IN,Bangalore,success,,0,0,0,1623,234.25,3.53,0,1,Bangalore,IN,1,16,2025-02-09 16:58:50.000000,1,16,0.0225,896.08,1.032358591248666,-0.7301245424515668,0,0,0,0,2025-06-28 20:20:05.000000,499669.0,1,1,0,0
TXN_8519b6667b,CUST_00026,MER_0032,2025-07-22 07:46:29.000000,347.16,INR,upi,DEV_f47d16a4be,IP_56e2a80428,IN,Bangalore,success,,0,0,0,1623,234.25,3.53,0,1,Bangalore,IN,1,16,2025-02-09 16:58:50.000000,1,16,0.0022,443.12,1.4820064034151548,-0.21655533489799597,0,0,0,0,2025-07-04 15:07:54.000000,1528715.0,1,1,0,0
TXN_6b81d5fa32,CUST_00026,MER_0010,2025-08-06 23:15:33.000000,187.56,INR,wallet,DEV_f47d16a4be,IP_56e2a80428,IN,Bangalore,success,,0,0,0,1623,234.25,3.53,0,1,Bangalore,IN,1,16,2025-02-09 16:58:50.000000,1,16,0.0102,362.24,0.80068303094984,-0.48222173144876324,0,0,0,0,2025-07-22 07:46:29.000000,1351744.0,1,1,0,0
TXN_1a366531a9,CUST_00026,MER_0036,2025-08-28 05:00:28.000000,267.28,INR,netbanking,DEV_f47d16a4be,IP_56e2a80428,IN,Bangalore,success,,0,0,0,1623,234.25,3.53,0,1,Bangalore,IN,1,16,2025-02-09 16:58:50.000000,1,16,0.0262,402.01,1.1410032017075773,-0.33514091689261466,0,0,0,0,2025-08-06 23:15:33.000000,1835095.0,1,1,0,0
TXN_4bd9c6f2df,CUST_00026,MER_0032,2025-09-12 05:41:35.000000,169.82,INR,netbanking,DEV_f47d16a4be,IP_56e2a80428,IN,Bangalore,success,,0,0,0,1623,234.25,3.53,0,1,Bangalore,IN,1,16,2025-02-09 16:58:50.000000,1,16,0.0022,443.12,0.7249519743863394,-0.6167629536017332,0,0,0,0,2025-08-28 05:00:28.000000,1298467.0,1,1,0,0
TXN_fa1a9c4b36,CUST_00026,MER_0010,2025-10-14 08:12:00.000000,289.58,INR,card,DEV_f47d16a4be,IP_56e2a80428,IN,Bangalore,success,,0,0,0,1623,234.25,3.53,0,1,Bangalore,IN,1,16,2025-02-09 16:58:50.000000,1,16,0.0102,362.24,1.2362006403415153,-0.2005852473498234,0,0,0,0,2025-09-12 05:41:35.000000,2773825.0,1,1,0,0
TXN_9c5a76a0bb,CUST_00026,MER_0025,2025-10-19 15:05:47.000000,227.74,INR,wallet,DEV_f47d16a4be,IP_56e2a80428,IN,Bangalore,success,,0,0,0,1623,234.25,3.53,0,1,Bangalore,IN,1,16,2025-02-09 16:58:50.000000,1,16,0.0075,737.17,0.9722091782283885,-0.6910617632296485,0,0,0,0,2025-10-14 08:12:00.000000,456827.0,1,1,0,0
TXN_60dc49753b,CUST_00027,MER_0009,2025-01-08 14:24:21.000000,741.43,INR,netbanking,DEV_66d418dd4c,IP_c5371faf78,IN,Kolkata,success,,0,0,0,1222,760.81,2.2,0,0,Kolkata,IN,1,15,2025-01-08 14:24:21.000000,1,15,0.0102,211.04,0.9745271486967837,2.5132202426080363,0,1,0,0,,999999.0,1,1,0,0
TXN_739dcb3cf0,CUST_00027,MER_0007,2025-01-18 14:36:58.000000,588.06,INR,upi,DEV_66d418dd4c,IP_c5371faf78,IN,Kolkata,success,,0,0,0,1222,760.81,2.2,0,0,Kolkata,IN,1,15,2025-01-08 14:24:21.000000,1,15,0.0071,921.07,0.7729393672533221,-0.36154689654423666,0,0,0,0,2025-01-08 14:24:21.000000,864757.0,1,1,0,0
TXN_827947a4a0,CUST_00027,MER_0023,2025-02-18 13:55:05.000000,416.52,INR,netbanking,DEV_66d418dd4c,IP_c5371faf78,IN,Kolkata,success,,0,0,0,1222,760.81,2.2,0,0,Kolkata,IN,1,15,2025-01-08 14:24:21.000000,1,15,0.0237,748.53,0.5474691447273301,-0.44354935673920887,0,0,0,0,2025-01-18 14:36:58.000000,2675887.0,1,1,0,0
TXN_ca4b8a46b6,CUST_00027,MER_0005,2025-02-18 14:08:14.000000,868.58,INR,upi,DEV_66d418dd4c,IP_c5371faf78,IN,Kolkata,success,,0,0,0,1222,760.81,2.2,0,0,Kolkata,IN,1,15,2025-01-08 14:24:21.000000,1,15,0.0292,1054.12,1.1416516607300116,-0.17601411603991943,0,0,0,0,2025-02-18 13:55:05.000000,789.0,1,2,0,0
TXN_e708abd297,CUST_00027,MER_0030,2025-02-24 19:16:13.000000,760.81,INR,card,DEV_66d418dd4c,IP_c5371faf78,IN,Kolkata,success,,0,0,0,1222,760.81,2.2,0,0,Kolkata,IN,1,15,2025-01-08 14:24:21.000000,1,15,0.0041,807.91,1.0,-0.05829857286083849,0,0,0,0,2025-02-18 14:08:14.000000,536879.0,1,1,0,0
TXN_a2370ae12f,CUST_00027,MER_0030,2025-02-24 20:24:13.000000,3817.78,INR,card,DEV_194d833ac5,IP_c12fa9a675,AE,Dubai,success,,0,0,1,1222,760.81,2.2,0,0,Kolkata,IN,1,1,2025-02-24 20:24:13.000000,1,1,0.0041,807.91,5.018046555644642,3.7255016029013137,1,1,0,0,2025-02-24 19:16:13.000000,4080.0,1,1,0,0
TXN_93e23c1f29,CUST_00027,MER_0013,2025-03-05 12:39:03.000000,792.61,INR,wallet,DEV_66d418dd4c,IP_c5371faf78,IN,Kolkata,success,,0,0,0,1222,760.81,2.2,0,0,Kolkata,IN,1,15,2025-01-08 14:24:21.000000,1,15,0.0164,580.87,1.0417975578659588,0.36452218224387556,0,0,0,0,2025-02-24 20:24:13.000000,749690.0,1,1,0,0
TXN_e2ea998132,CUST_00027,MER_0007,2025-04-19 05:16:28.000000,542.83,INR,card,DEV_66d418dd4c,IP_c5371faf78,IN,Kolkata,success,,0,0,0,1222,760.81,2.2,0,0,Kolkata,IN,1,15,2025-01-08 14:24:21.000000,1,15,0.0071,921.07,0.7134895703263628,-0.410652827689535,0,0,0,0,2025-03-05 12:39:03.000000,3861445.0,1,1,0,0
TXN_2b21a5fd0a,CUST_00027,MER_0025,2025-05-05 11:36:32.000000,509.82,INR,wallet,DEV_66d418dd4c,IP_c5371faf78,IN,Kolkata,success,,0,0,0,1222,760.81,2.2,0,0,Kolkata,IN,1,15,2025-01-08 14:24:21.000000,1,15,0.0075,737.17,0.6701016022397183,-0.3084091864834434,0,0,0,0,2025-04-19 05:16:28.000000,1405204.0,1,1,0,0
TXN_6e4ec01870,CUST_00027,MER_0038,2025-05-21 20:21:40.000000,1111.98,INR,netbanking,DEV_66d418dd4c,IP_c5371faf78,IN,Kolkata,success,,0,0,0,1222,760.81,2.2,0,0,Kolkata,IN,1,15,2025-01-08 14:24:21.000000,1,15,0.0107,498.94,1.461573848924173,1.228684811801018,0,0,0,0,2025-05-05 11:36:32.000000,1413908.0,1,1,0,0
TXN_0a95214899,CUST_00027,MER_0000,2025-05-22 20:23:15.000000,552.25,INR,card,DEV_66d418dd4c,IP_c5371faf78,IN,Kolkata,success,,0,0,0,1222,760.81,2.2,0,0,Kolkata,IN,1,15,2025-01-08 14:24:21.000000,1,15,0.0225,896.08,0.7258711110526939,-0.38370457994821894,0,0,0,0,2025-05-21 20:21:40.000000,86495.0,1,1,0,0
TXN_5004e482d1,CUST_00027,MER_0031,2025-07-18 14:43:30.000000,748.7,INR,wallet,DEV_66d418dd4c,IP_c5371faf78,IN,Kolkata,success,,0,0,0,1222,760.81,2.2,0,0,Kolkata,IN,1,15,2025-01-08 14:24:21.000000,1,15,0.0296,527.92,0.9840827539070203,0.41820730413699064,0,0,0,0,2025-05-22 20:23:15.000000,4904415.0,1,1,0,0
TXN_7bf62f5079,CUST_00027,MER_0024,2025-08-02 08:32:31.000000,679.93,INR,netbanking,DEV_66d418dd4c,IP_c5371faf78,IN,Kolkata,success,,0,0,0,1222,760.81,2.2,0,0,Kolkata,IN,1,15,2025-01-08 14:24:21.000000,1,15,0.0045,1035.96,0.8936922490503543,-0.3436715703309009,0,0,0,0,2025-07-18 14:43:30.000000,1273741.0,1,1,0,0
TXN_f7ae5810db,CUST_00027,MER_0025,2025-08-06 06:52:25.000000,798.94,INR,card,DEV_66d418dd4c,IP_c5371faf78,IN,Kolkata,success,,0,0,0,1222,760.81,2.2,0,0,Kolkata,IN,1,15,2025-01-08 14:24:21.000000,1,15,0.0075,737.17,1.0501176377807864,0.0837934262110505,0,0,0,0,2025-08-02 08:32:31.000000,339594.0,1,1,0,0
TXN_6b75fc4294,CUST_00027,MER_0033,2025-09-03 12:15:19.000000,937.59,INR,card,DEV_66d418dd4c,IP_c5371faf78,IN,Kolkata,success,,0,0,0,1222,760.81,2.2,0,0,Kolkata,IN,1,15,2025-01-08 14:24:21.000000,1,15,0.0248,960.07,1.2323576188535903,-0.023414959325882504,0,0,0,0,2025-08-06 06:52:25.000000,2438574.0,1,1,0,0
TXN_5a43e88b76,CUST_00027,MER_0006,2025-09-28 22:41:54.000000,11383.94,INR,card,DEV_b5961a8997,IP_a739834cbc,SG,Singapore,success,,0,0,1,1222,760.81,2.2,0,0,Kolkata,IN,1,2,2025-09-28 22:41:54.000000,1,2,0.0071,501.86,14.962921097251614,21.683497389710276,1,1,0,0,2025-09-03 12:15:19.000000,2197595.0,1,1,0,0
TXN_e86875a3d2,CUST_00027,MER_0006,2025-09-28 22:44:54.000000,11383.94,INR,card,DEV_b5961a8997,IP_a739834cbc,SG,Singapore,success,,0,0,1,1222,760.81,2.2,0,0,Kolkata,IN,1,2,2025-09-28 22:41:54.000000,1,2,0.0071,501.86,14.962921097251614,21.683497389710276,1,0,0,0,2025-09-28 22:41:54.000000,180.0,2,2,0,0
TXN_9c7e2a764c,CUST_00027,MER_0020,2025-10-04 00:25:33.000000,988.76,INR,wallet,DEV_66d418dd4c,IP_c5371faf78,IN,Kolkata,success,,0,0,0,1222,760.81,2.2,0,0,Kolkata,IN,1,15,2025-01-08 14:24:21.000000,1,15,0.0107,1089.56,1.299614884136644,-0.09251440948639814,0,0,0,0,2025-09-28 22:44:54.000000,438039.0,1,1,0,0
TXN_ac943ba621,CUST_00028,MER_0029,2025-01-15 14:20:12.000000,306.86,INR,wallet,DEV_11b40c6761,IP_7601c3079c,IN,Delhi,success,,0,0,0,789,284.78,1.93,0,1,Delhi,IN,1,14,2025-01-15 14:20:12.000000,1,14,0.0172,1254.23,1.0775335346583328,-0.7553399296779697,0,1,0,0,,999999.0,1,1,0,0
TXN_91caf4a67a,CUST_00028,MER_0014,2025-02-02 12:29:00.000000,281.7,INR,upi,DEV_11b40c6761,IP_7601c3079c,IN,Delhi,success,,0,0,0,789,284.78,1.93,0,1,Delhi,IN,1,14,2025-01-15 14:20:12.000000,1,14,0.019,479.8,0.9891846337523703,-0.4128803668195082,0,0,0,0,2025-01-15 14:20:12.000000,1548528.0,1,1,0,0
TXN_ce5f22f07d,CUST_00028,MER_0012,2025-02-27 08:02:33.000000,314.89,INR,upi,DEV_11b40c6761,IP_7601c3079c,IN,Delhi,success,,0,1,0,789,284.78,1.93,0,1,Delhi,IN,1,14,2025-01-15 14:20:12.000000,1,14,0.0076,1602.61,1.1057307395182248,-0.803514267351383,0,0,0,0,2025-02-02 12:29:00.000000,2144013.0,1,1,0,0
TXN_290568068a,CUST_00028,MER_0021,2025-03-06 21:54:17.000000,289.73,INR,upi,DEV_11b40c6761,IP_7601c3079c,IN,Delhi,success,,0,0,0,789,284.78,1.93,0,1,Delhi,IN,1,14,2025-01-15 14:20:12.000000,1,14,0.0166,319.74,1.0173818386122622,-0.09385750922624629,0,0,0,0,2025-02-27 08:02:33.000000,654704.0,1,1,0,0
TXN_b24aec913a,CUST_00028,MER_0029,2025-04-10 02:38:03.000000,210.7,INR,card,DEV_11b40c6761,IP_7601c3079c,IN,Delhi,success,,0,0,0,789,284.78,1.93,0,1,Delhi,IN,1,14,2025-01-15 14:20:12.000000,1,14,0.0172,1254.23,0.7398693728492169,-0.8320084832925381,0,0,0,0,2025-03-06 21:54:17.000000,2954626.0,1,1,0,0
TXN_4a22526be0,CUST_00028,MER_0030,2025-04-24 05:59:56.000000,360.68,INR,card,DEV_11b40c6761,IP_7601c3079c,IN,Delhi,success,,0,0,0,789,284.78,1.93,0,1,Delhi,IN,1,14,2025-01-15 14:20:12.000000,1,14,0.0041,807.91,1.2665215253880189,-0.553564134618955,0,0,0,0,2025-04-10 02:38:03.000000,1221713.0,1,1,0,0
TXN_9c0f7177bb,CUST_00028,MER_0022,2025-05-08 10:21:48.000000,247.45,INR,card,DEV_11b40c6761,IP_7601c3079c,IN,Delhi,success,,0,0,0,789,284.78,1.93,0,1,Delhi,IN,1,14,2025-01-15 14:20:12.000000,1,14,0.0291,299.79,0.8689163564857083,-0.17458887888188407,0,0,0,0,2025-04-24 05:59:56.000000,1225312.0,1,1,0,0
TXN_43d4ecb752,CUST_00028,MER_0036,2025-05-23 23:23:06.000000,189.31,INR,upi,DEV_11b40c6761,IP_7601c3079c,IN,Delhi,success,,0,0,0,789,284.78,1.93,0,1,Delhi,IN,1,14,2025-01-15 14:20:12.000000,1,14,0.0262,402.01,0.6647587611489572,-0.5290913161364145,0,0,0,0,2025-05-08 10:21:48.000000,1342878.0,1,1,0,0
TXN_72d03f50ce,CUST_00028,MER_0004,2025-06-18 12:44:26.000000,271.31,INR,upi,DEV_11b40c6761,IP_7601c3079c,IN,Delhi,success,,0,0,0,789,284.78,1.93,0,1,Delhi,IN,1,14,2025-01-15 14:20:12.000000,1,14,0.0026,1715.62,0.9527003300793596,-0.8418589198074166,0,0,0,0,2025-05-23 23:23:06.000000,2208080.0,1,1,0,0
TXN_4b3d648df2,CUST_00028,MER_0019,2025-06-30 10:08:11.000000,243.35,INR,card,DEV_11b40c6761,IP_7601c3079c,IN,Delhi,success,,0,0,0,789,284.78,1.93,0,1,Delhi,IN,1,14,2025-01-15 14:20:12.000000,1,14,0.0275,352.61,0.8545192780391883,-0.3098607526729248,0,0,0,0,2025-06-18 12:44:26.000000,1027425.0,1,1,0,0
TXN_a1affd0911,CUST_00028,MER_0019,2025-07-02 13:26:48.000000,320.94,INR,upi,DEV_11b40c6761,IP_7601c3079c,IN,Delhi,success,,0,0,0,789,284.78,1.93,0,1,Delhi,IN,1,14,2025-01-15 14:20:12.000000,1,14,0.0275,352.61,1.1269752089332117,-0.08981594396074988,0,0,0,0,2025-06-30 10:08:11.000000,184717.0,1,1,0,0
TXN_7171212503,CUST_00028,MER_0002,2025-07-08 15:35:32.000000,396.01,INR,netbanking,DEV_11b40c6761,IP_7601c3079c,IN,Delhi,success,,0,0,0,789,284.78,1.93,0,1,Delhi,IN,1,14,2025-01-15 14:20:12.000000,1,14,0.0036,577.96,1.3905822038064473,-0.31481417399127976,0,0,0,0,2025-07-02 13:26:48.000000,526124.0,1,1,0,0
TXN_f561d426d8,CUST_00028,MER_0026,2025-08-12 18:55:52.000000,149.28,INR,netbanking,DEV_11b40c6761,IP_7601c3079c,IN,Delhi,success,,0,0,0,789,284.78,1.93,0,1,Delhi,IN,1,14,2025-01-15 14:20:12.000000,1,14,0.0129,620.55,0.5241941147552497,-0.7594392071549432,0,0,0,0,2025-07-08 15:35:32.000000,3036020.0,1,1,0,0
TXN_3a9b34b533,CUST_00028,MER_0017,2025-10-07 14:43:28.000000,322.5,INR,upi,DEV_11b40c6761,IP_7601c3079c,IN,Delhi,success,,0,0,0,789,284.78,1.93,0,1,Delhi,IN,1,14,2025-01-15 14:20:12.000000,1,14,0.0143,558.35,1.1324531217079852,-0.42240530133428855,0,0,0,0,2025-08-12 18:55:52.000000,4823256.0,1,1,0,0
TXN_b67b38a106,CUST_00029,MER_0006,2025-02-10 13:01:59.000000,393.02,INR,card,DEV_46cac4d9b0,IP_ce50693a04,IN,Kolkata,success,,0,0,0,1221,383.86,3.74,0,2,Kolkata,IN,1,9,2025-02-10 13:01:59.000000,1,9,0.0071,501.86,1.0238628666701401,-0.21687323157852795,0,1,0,0,,999999.0,1,1,0,0
TXN_20909ba653,CUST_00029,MER_0000,2025-04-21 02:47:18.000000,261.91,INR,upi,DEV_46cac4d9b0,IP_ce50693a04,IN,Kolkata,failed,bank_decline,0,0,0,1221,383.86,3.74,0,2,Kolkata,IN,1,9,2025-02-10 13:01:59.000000,1,9,0.0225,896.08,0.6823060490803939,-0.7077158289438443,0,0,0,0,2025-02-10 13:01:59.000000,6011119.0,1,1,1,1
TXN_086a739f55,CUST_00029,MER_0036,2025-05-18 22:30:06.000000,406.33,INR,upi,DEV_46cac4d9b0,IP_ce50693a04,IN,Kolkata,success,,0,0,0,1221,383.86,3.74,0,2,Kolkata,IN,1,9,2025-02-10 13:01:59.000000,1,9,0.0262,402.01,1.0585369666024071,0.01074600134325015,0,0,0,0,2025-04-21 02:47:18.000000,2403768.0,1,1,0,0
TXN_61e9c8a151,CUST_00029,MER_0029,2025-05-25 10:40:39.000000,354.63,INR,card,DEV_46cac4d9b0,IP_ce50693a04,IN,Kolkata,success,,0,1,0,1221,383.86,3.74,0,2,Kolkata,IN,1,9,2025-02-10 13:01:59.000000,1,9,0.0172,1254.23,0.9238524462043453,-0.7172528164690687,0,0,0,0,2025-05-18 22:30:06.000000,562233.0,1,1,0,0
TXN_0b7170c3f3,CUST_00029,MER_0017,2025-06-02 23:18:58.000000,374.82,INR,netbanking,DEV_46cac4d9b0,IP_ce50693a04,IN,Kolkata,success,,0,0,0,1221,383.86,3.74,0,2,Kolkata,IN,1,9,2025-02-10 13:01:59.000000,1,9,0.0143,558.35,0.9764497473037044,-0.3287006358019164,0,0,0,0,2025-05-25 10:40:39.000000,736699.0,1,1,0,0
TXN_3f9cc40d88,CUST_00029,MER_0020,2025-06-11 02:01:31.000000,366.72,INR,upi,DEV_46cac4d9b0,IP_ce50693a04,IN,Kolkata,success,,0,1,0,1221,383.86,3.74,0,2,Kolkata,IN,1,9,2025-02-10 13:01:59.000000,1,9,0.0107,1089.56,0.9553483040691919,-0.6634237673923418,0,0,0,0,2025-06-02 23:18:58.000000,700953.0,1,1,0,0
TXN_ea99be00f0,CUST_00029,MER_0019,2025-08-08 03:31:50.000000,469.61,INR,wallet,DEV_46cac4d9b0,IP_ce50693a04,IN,Kolkata,success,,0,0,0,1221,383.86,3.74,0,2,Kolkata,IN,1,9,2025-02-10 13:01:59.000000,1,9,0.0275,352.61,1.2233887354764759,0.33181134964975467,0,0,0,0,2025-06-11 02:01:31.000000,5016619.0,1,1,0,0
TXN_0f54513b51,CUST_00029,MER_0011,2025-08-12 00:24:44.000000,274.67,INR,upi,DEV_46cac4d9b0,IP_ce50693a04,IN,Kolkata,success,,0,0,0,1221,383.86,3.74,0,2,Kolkata,IN,1,9,2025-02-10 13:01:59.000000,1,9,0.0123,803.16,0.715547334965873,-0.6580133472782509,0,0,0,0,2025-08-08 03:31:50.000000,334374.0,1,1,0,0
TXN_f027e7c235,CUST_00029,MER_0005,2025-10-08 20:19:32.000000,301.15,INR,wallet,DEV_46cac4d9b0,IP_ce50693a04,IN,Kolkata,success,,0,0,0,1221,383.86,3.74,0,2,Kolkata,IN,1,9,2025-02-10 13:01:59.000000,1,9,0.0292,1054.12,0.7845308185275881,-0.714311463590483,0,0,0,0,2025-08-12 00:24:44.000000,4996488.0,1,1,0,0
TXN_57a19210b5,CUST_00030,MER_0008,2025-01-19 01:20:55.000000,609.71,INR,wallet,DEV_5aeae96483,IP_a9177f607e,IN,Ahmedabad,success,,0,0,0,1084,577.8,5.98,0,1,Ahmedabad,IN,1,14,2025-01-19 01:20:55.000000,1,14,0.0141,769.07,1.055226722049152,-0.2072113071631971,0,1,0,0,,999999.0,1,1,0,0
TXN_8421c6ab31,CUST_00030,MER_0039,2025-02-11 13:50:37.000000,443.98,INR,upi,DEV_5aeae96483,IP_a9177f607e,IN,Ahmedabad,success,,0,0,0,1084,577.8,5.98,0,1,Ahmedabad,IN,1,14,2025-01-19 01:20:55.000000,1,14,0.0111,595.03,0.7683973693319489,-0.2538527469203233,0,0,0,0,2025-01-19 01:20:55.000000,2032182.0,1,1,0,0
TXN_a48ca3f774,CUST_00030,MER_0006,2025-02-13 17:49:31.000000,420.92,INR,netbanking,DEV_5aeae96483,IP_a9177f607e,IN,Ahmedabad,success,,0,0,0,1084,577.8,5.98,0,1,Ahmedabad,IN,1,14,2025-01-19 01:20:55.000000,1,14,0.0071,501.86,0.7284873658705435,-0.16128003825768142,0,0,0,0,2025-02-11 13:50:37.000000,187134.0,1,1,0,0
TXN_8ae358c8c8,CUST_00030,MER_0032,2025-03-11 11:21:47.000000,556.02,INR,upi,DEV_5aeae96483,IP_a9177f607e,IN,Ahmedabad,success,,0,0,0,1084,577.8,5.98,0,1,Ahmedabad,IN,1,14,2025-01-19 01:20:55.000000,1,14,0.0022,443.12,0.9623052959501558,0.2547842570861166,0,0,0,0,2025-02-13 17:49:31.000000,2223136.0,1,1,0,0
TXN_1f95b91df0,CUST_00030,MER_0026,2025-04-22 06:14:54.000000,387.84,INR,card,DEV_5aeae96483,IP_a9177f607e,IN,Ahmedabad,success,,0,0,0,1084,577.8,5.98,0,1,Ahmedabad,IN,1,14,2025-01-19 01:20:55.000000,1,14,0.0129,620.55,0.6712357217030114,-0.3750060430263476,0,0,0,0,2025-03-11 11:21:47.000000,3610387.0,1,1,0,0
TXN_25d3a5876a,CUST_00030,MER_0000,2025-05-09 14:03:22.000000,645.7,INR,netbanking,DEV_5aeae96483,IP_a9177f607e,IN,Ahmedabad,success,,0,1,0,1084,577.8,5.98,0,1,Ahmedabad,IN,1,14,2025-01-19 01:20:55.000000,1,14,0.0225,896.08,1.117514710972655,-0.27941701633782695,0,0,0,0,2025-04-22 06:14:54.000000,1496908.0,1,1,0,0
TXN_dcaa4251fd,CUST_00030,MER_0026,2025-05-22 03:31:23.000000,635.16,INR,wallet,DEV_5aeae96483,IP_a9177f607e,IN,Ahmedabad,success,,0,0,0,1084,577.8,5.98,0,1,Ahmedabad,IN,1,14,2025-01-19 01:20:55.000000,1,14,0.0129,620.55,1.0992731048805815,0.023543630650229658,0,0,0,0,2025-05-09 14:03:22.000000,1085281.0,1,1,0,0
TXN_d70360c8fa,CUST_00030,MER_0004,2025-06-03 16:10:02.000000,378.51,INR,netbanking,DEV_5aeae96483,IP_a9177f607e,IN,Ahmedabad,success,,0,0,0,1084,577.8,5.98,0,1,Ahmedabad,IN,1,14,2025-01-19 01:20:55.000000,1,14,0.0026,1715.62,0.6550882658359294,-0.7793742203984565,0,0,0,0,2025-05-22 03:31:23.000000,1082319.0,1,1,0,0
TXN_f0bbba5db0,CUST_00030,MER_0010,2025-06-18 08:04:32.000000,734.58,INR,netbanking,DEV_5aeae96483,IP_a9177f607e,IN,Ahmedabad,success,,0,0,0,1084,577.8,5.98,0,1,Ahmedabad,IN,1,14,2025-01-19 01:20:55.000000,1,14,0.0102,362.24,1.2713395638629286,1.0278820671378093,0,0,0,0,2025-06-03 16:10:02.000000,1266870.0,1,1,0,0
TXN_96ab6c94e3,CUST_00030,MER_0012,2025-07-31 05:06:29.000000,539.88,INR,wallet,DEV_5aeae96483,IP_a9177f607e,IN,Ahmedabad,success,,0,0,0,1084,577.8,5.98,0,1,Ahmedabad,IN,1,14,2025-01-19 01:20:55.000000,1,14,0.0076,1602.61,0.9343717549325027,-0.6631245281135149,0,0,0,0,2025-06-18 08:04:32.000000,3704517.0,1,1,0,0
TXN_9216dfd35a,CUST_00030,MER_0011,2025-09-06 06:51:08.000000,605.46,INR,upi,DEV_5aeae96483,IP_a9177f607e,IN,Ahmedabad,success,,0,0,0,1084,577.8,5.98,0,1,Ahmedabad,IN,1,14,2025-01-19 01:20:55.000000,1,14,0.0123,803.16,1.0478712357217033,-0.24615269684745247,0,0,0,0,2025-07-31 05:06:29.000000,3203079.0,1,1,0,0
TXN_90ddbd882c,CUST_00030,MER_0007,2025-09-08 13:36:15.000000,645.24,INR,card,DEV_5aeae96483,IP_a9177f607e,IN,Ahmedabad,success,,0,0,0,1084,577.8,5.98,0,1,Ahmedabad,IN,1,14,2025-01-19 01:20:55.000000,1,14,0.0071,921.07,1.1167185877466252,-0.2994669243379982,0,0,0,0,2025-09-06 06:51:08.000000,197107.0,1,1,0,0
TXN_4e83fd13e4,CUST_00030,MER_0007,2025-09-21 03:19:58.000000,439.3,INR,card,DEV_5aeae96483,IP_a9177f607e,IN,Ahmedabad,success,,0,0,0,1084,577.8,5.98,0,1,Ahmedabad,IN,1,14,2025-01-19 01:20:55.000000,1,14,0.0071,921.07,0.7602976808584286,-0.5230547081112185,0,0,0,0,2025-09-08 13:36:15.000000,1086223.0,1,1,0,0
TXN_ec4ec83896,CUST_00030,MER_0037,2025-10-10 00:06:07.000000,142.7,INR,netbanking,DEV_5aeae96483,IP_a9177f607e,IN,Ahmedabad,success,,0,0,0,1084,577.8,5.98,0,1,Ahmedabad,IN,1,14,2025-01-19 01:20:55.000000,1,14,0.0195,552.51,0.2469712703357563,-0.7417241316899241,0,0,0,0,2025-09-21 03:19:58.000000,1629969.0,1,1,0,0
TXN_16cb3947de,CUST_00031,MER_0006,2025-01-14 22:42:27.000000,377.06,INR,card,DEV_7c2786b52f,IP_6c27c5fbf9,IN,Pune,success,,0,0,0,1989,392.63,2.12,0,1,Pune,IN,1,15,2025-01-14 22:42:27.000000,1,15,0.0071,501.86,0.9603443445483025,-0.24867492926314114,0,1,0,0,,999999.0,1,1,0,0
TXN_329353e705,CUST_00031,MER_0006,2025-02-04 20:43:27.000000,605.62,INR,upi,DEV_7c2786b52f,IP_6c27c5fbf9,IN,Pune,success,,0,0,0,1989,392.63,2.12,0,1,Pune,IN,1,15,2025-01-14 22:42:27.000000,1,15,0.0071,501.86,1.5424700099330158,0.20675088670147052,0,0,0,0,2025-01-14 22:42:27.000000,1807260.0,1,1,0,0
TXN_d6487a354b,CUST_00031,MER_0017,2025-02-15 13:17:23.000000,312.38,INR,upi,DEV_7c2786b52f,IP_6c27c5fbf9,IN,Pune,success,,0,0,0,1989,392.63,2.12,0,1,Pune,IN,1,15,2025-01-14 22:42:27.000000,1,15,0.0143,558.35,0.795609097623717,-0.4405301334288529,0,0,0,0,2025-02-04 20:43:27.000000,923636.0,1,1,0,0
TXN_91a84486b0,CUST_00031,MER_0039,2025-02-19 18:31:26.000000,326.91,INR,upi,DEV_7c2786b52f,IP_6c27c5fbf9,IN,Pune,success,,0,0,0,1989,392.63,2.12,0,1,Pune,IN,1,15,2025-01-14 22:42:27.000000,1,15,0.0111,595.03,0.8326159488577033,-0.4505991294556576,0,0,0,0,2025-02-15 13:17:23.000000,364443.0,1,1,0,0
TXN_83ed2d48fa,CUST_00031,MER_0000,2025-02-22 08:30:07.000000,271.49,INR,upi,DEV_7c2786b52f,IP_6c27c5fbf9,IN,Pune,success,,0,0,0,1989,392.63,2.12,0,1,Pune,IN,1,15,2025-01-14 22:42:27.000000,1,15,0.0225,896.08,0.6914652471792783,-0.6970248192125703,0,0,0,0,2025-02-19 18:31:26.000000,223121.0,1,1,0,0
TXN_11cc1a3dcb,CUST_00031,MER_0035,2025-03-20 14:02:16.000000,410.41,INR,wallet,DEV_7c2786b52f,IP_6c27c5fbf9,IN,Pune,success,,0,0,0,1989,392.63,2.12,0,1,Pune,IN,1,15,2025-01-14 22:42:27.000000,1,15,0.0041,1163.01,1.0452843644143341,-0.6471139543082174,0,0,0,0,2025-02-22 08:30:07.000000,2266329.0,1,1,0,0
TXN_15e8aa681f,CUST_00031,MER_0013,2025-03-25 10:09:03.000000,367.66,INR,upi,DEV_7c2786b52f,IP_6c27c5fbf9,IN,Pune,success,,0,0,0,1989,392.63,2.12,0,1,Pune,IN,1,15,2025-01-14 22:42:27.000000,1,15,0.0164,580.87,0.936403229503604,-0.3670528689724034,0,0,0,0,2025-03-20 14:02:16.000000,418007.0,1,1,0,0
TXN_5c64aa9a34,CUST_00031,MER_0033,2025-04-24 17:56:35.000000,374.9,INR,wallet,DEV_7c2786b52f,IP_6c27c5fbf9,IN,Pune,success,,0,0,0,1989,392.63,2.12,0,1,Pune,IN,1,15,2025-01-14 22:42:27.000000,1,15,0.0248,960.07,0.9548429819422866,-0.6095076400679118,0,0,0,0,2025-03-25 10:09:03.000000,2620052.0,1,1,0,0
TXN_b4dcfd9adf,CUST_00031,MER_0013,2025-04-27 23:39:38.000000,334.48,INR,upi,DEV_7c2786b52f,IP_6c27c5fbf9,IN,Pune,success,,0,0,0,1989,392.63,2.12,0,1,Pune,IN,1,15,2025-01-14 22:42:27.000000,1,15,0.0164,580.87,0.8518961872500829,-0.42417408370203313,0,0,0,0,2025-04-24 17:56:35.000000,279783.0,1,1,0,0
TXN_3f056514e2,CUST_00031,MER_0032,2025-05-22 01:47:22.000000,435.76,INR,netbanking,DEV_7c2786b52f,IP_6c27c5fbf9,IN,Pune,success,,0,0,0,1989,392.63,2.12,0,1,Pune,IN,1,15,2025-01-14 22:42:27.000000,1,15,0.0022,443.12,1.1098489672210479,-0.016609496298970964,0,0,0,0,2025-04-27 23:39:38.000000,2081264.0,1,1,0,0
TXN_40ee183683,CUST_00031,MER_0036,2025-05-25 16:36:27.000000,363.77,INR,netbanking,DEV_7c2786b52f,IP_6c27c5fbf9,IN,Pune,success,,0,0,0,1989,392.63,2.12,0,1,Pune,IN,1,15,2025-01-14 22:42:27.000000,1,15,0.0262,402.01,0.9264956829585105,-0.09512201189025152,0,0,0,0,2025-05-22 01:47:22.000000,312545.0,1,1,0,0
TXN_509706e8f1,CUST_00031,MER_0016,2025-07-03 18:53:55.000000,382.18,INR,upi,DEV_7c2786b52f,IP_6c27c5fbf9,IN,Pune,success,,0,1,0,1989,392.63,2.12,0,1,Pune,IN,1,15,2025-01-14 22:42:27.000000,1,15,0.0212,463.88,0.973384611466266,-0.1761231352936104,0,0,0,0,2025-05-25 16:36:27.000000,3377848.0,1,1,0,0
TXN_0a5a3d302f,CUST_00031,MER_0035,2025-08-13 15:44:35.000000,352.69,INR,wallet,DEV_7c2786b52f,IP_6c27c5fbf9,IN,Pune,success,,0,0,0,1989,392.63,2.12,0,1,Pune,IN,1,15,2025-01-14 22:42:27.000000,1,15,0.0041,1163.01,0.8982757303313552,-0.6967437941204289,0,0,0,0,2025-07-03 18:53:55.000000,3531040.0,1,1,0,0
TXN_2b86c84090,CUST_00031,MER_0024,2025-10-09 16:25:33.000000,339.65,INR,netbanking,DEV_7c2786b52f,IP_6c27c5fbf9,IN,Pune,success,,0,0,0,1989,392.63,2.12,0,1,Pune,IN,1,15,2025-01-14 22:42:27.000000,1,15,0.0045,1035.96,0.8650638005246669,-0.6721398509594966,0,0,0,0,2025-08-13 15:44:35.000000,4927258.0,1,1,0,0
TXN_f6bc1cfa78,CUST_00031,MER_0034,2025-10-11 05:00:35.000000,310.11,INR,wallet,DEV_7c2786b52f,IP_6c27c5fbf9,IN,Pune,success,,0,0,0,1989,392.63,2.12,0,1,Pune,IN,1,15,2025-01-14 22:42:27.000000,1,15,0.0236,1234.72,0.7898275730331356,-0.7488418426849812,0,0,0,0,2025-10-09 16:25:33.000000,131702.0,1,1,0,0
TXN_98ff7a8f35,CUST_00032,MER_0038,2025-02-22 06:19:56.000000,885.18,INR,card,DEV_a0eb89bada,IP_3da06e4528,IN,Mumbai,success,,0,0,0,1394,591.06,4.34,5,0,Mumbai,IN,1,23,2025-02-22 06:19:56.000000,1,23,0.0107,498.94,1.4976144553852402,0.7741211368100371,0,1,0,0,,999999.0,1,1,0,0
TXN_36b7d3675f,CUST_00032,MER_0021,2025-03-02 03:59:37.000000,749.02,INR,card,DEV_a0eb89bada,IP_3da06e4528,IN,Mumbai,success,,0,0,0,1394,591.06,4.34,5,0,Mumbai,IN,1,23,2025-02-22 06:19:56.000000,1,23,0.0166,319.74,1.2672486718776437,1.342590855069744,0,0,0,0,2025-02-22 06:19:56.000000,682781.0,1,1,0,0
TXN_98cb909954,CUST_00032,MER_0034,2025-03-03 15:22:44.000000,681.02,INR,upi,DEV_a0eb89bada,IP_3da06e4528,IN,Mumbai,success,,0,0,0,1394,591.06,4.34,5,0,Mumbai,IN,1,23,2025-02-22 06:19:56.000000,1,23,0.0236,1234.72,1.1522011301729098,-0.44844175197615654,0,0,0,0,2025-03-02 03:59:37.000000,127387.0,1,1,0,0
TXN_e75cc6cbb8,CUST_00032,MER_0012,2025-04-07 21:16:27.000000,686.3,INR,netbanking,DEV_a0eb89bada,IP_3da06e4528,IN,Mumbai,success,,0,0,0,1394,591.06,4.34,5,0,Mumbai,IN,1,23,2025-02-22 06:19:56.000000,1,23,0.0076,1602.61,1.1611342334111596,-0.5717610647631052,0,0,0,0,2025-03-03 15:22:44.000000,3045223.0,1,1,0,0
TXN_2537dff484,CUST_00032,MER_0031,2025-04-14 11:10:39.000000,620.48,INR,card,DEV_a0eb89bada,IP_3da06e4528,IN,Mumbai,success,,0,0,0,1394,591.06,4.34,5,0,Mumbai,IN,1,23,2025-02-22 06:19:56.000000,1,23,0.0296,527.92,1.0497749805434307,0.17532959539324153,0,0,0,0,2025-04-07 21:16:27.000000,568452.0,1,1,0,0
TXN_1539cb1302,CUST_00032,MER_0001,2025-04-24 08:55:35.000000,577.86,INR,upi,DEV_a0eb89bada,IP_3da06e4528,IN,Mumbai,success,,0,0,0,1394,591.06,4.34,5,0,Mumbai,IN,1,23,2025-02-22 06:19:56.000000,1,23,0.0188,612.19,0.9776672419043753,-0.05607736160342384,0,0,0,0,2025-04-14 11:10:39.000000,855896.0,1,1,0,0
TXN_28a3e08a01,CUST_00032,MER_0019,2025-04-28 03:33:51.000000,646.65,INR,wallet,DEV_a0eb89bada,IP_3da06e4528,IN,Mumbai,success,,0,0,0,1394,591.06,4.34,5,0,Mumbai,IN,1,23,2025-02-22 06:19:56.000000,1,23,0.0275,352.61,1.09405136534362,0.8338958055642209,0,0,0,0,2025-04-24 08:55:35.000000,326296.0,1,1,0,0
TXN_445fe0843a,CUST_00032,MER_0013,2025-07-06 22:50:55.000000,681.76,INR,card,DEV_a0eb89bada,IP_3da06e4528,IN,Mumbai,success,,0,0,0,1394,591.06,4.34,5,0,Mumbai,IN,1,23,2025-02-22 06:19:56.000000,1,23,0.0164,580.87,1.1534531181267553,0.17368774424570038,0,0,0,0,2025-04-28 03:33:51.000000,6031024.0,1,1,0,0
TXN_6ae80d0c3f,CUST_00032,MER_0011,2025-08-11 11:51:08.000000,870.22,INR,upi,DEV_a0eb89bada,IP_3da06e4528,IN,Mumbai,success,,0,0,0,1394,591.06,4.34,5,0,Mumbai,IN,1,23,2025-02-22 06:19:56.000000,1,23,0.0123,803.16,1.472303996210199,0.0834951939837642,0,0,0,0,2025-07-06 22:50:55.000000,3070813.0,1,1,0,0
TXN_071e40cebf,CUST_00032,MER_0028,2025-09-03 09:45:10.000000,355.32,INR,wallet,DEV_a0eb89bada,IP_3da06e4528,IN,Mumbai,success,,0,0,0,1394,591.06,4.34,5,0,Mumbai,IN,1,23,2025-02-22 06:19:56.000000,1,23,0.0099,504.52,0.6011572429195006,-0.29572663125346865,0,0,0,0,2025-08-11 11:51:08.000000,1979642.0,1,1,0,0
TXN_282e57e2a2,CUST_00032,MER_0027,2025-09-12 00:28:22.000000,743.62,INR,card,DEV_a0eb89bada,IP_3da06e4528,IN,Mumbai,success,,0,0,0,1394,591.06,4.34,5,0,Mumbai,IN,1,23,2025-02-22 06:19:56.000000,1,23,0.0096,555.21,1.2581125435657972,0.3393490751247275,0,0,0,0,2025-09-03 09:45:10.000000,744192.0,1,1,0,0
TXN_6e68c0c6d9,CUST_00032,MER_0037,2025-09-12 14:51:47.000000,44.36,INR,card,DEV_a0eb89bada,IP_3da06e4528,IN,Mumbai,failed,card_declined,0,0,1,1394,591.06,4.34,5,0,Mumbai,IN,1,23,2025-02-22 06:19:56.000000,1,23,0.0195,552.51,0.07505160220620581,-0.9197118604188159,0,0,0,0,2025-09-12 00:28:22.000000,51805.0,1,1,1,1
TXN_b9103d0d62,CUST_00032,MER_0037,2025-09-12 14:52:04.000000,35.51,INR,card,DEV_a0eb89bada,IP_3da06e4528,IN,Mumbai,failed,card_declined,0,0,1,1394,591.06,4.34,5,0,Mumbai,IN,1,23,2025-02-22 06:19:56.000000,1,23,0.0195,552.51,0.06007850302845735,-0.9357296700512208,0,0,0,0,2025-09-12 14:51:47.000000,17.0,2,2,1,2
TXN_fb0dc11fc6,CUST_00032,MER_0037,2025-09-12 14:53:17.000000,57.01,INR,card,DEV_a0eb89bada,IP_3da06e4528,IN,Mumbai,success,,1,0,1,1394,591.06,4.34,5,0,Mumbai,IN,1,23,2025-02-22 06:19:56.000000,1,23,0.0195,552.51,0.09645382871451291,-0.896816347215435,0,0,0,0,2025-09-12 14:52:04.000000,73.0,3,3,0,2
TXN_f814dec0fd,CUST_00032,MER_0037,2025-09-12 14:53:19.000000,22.25,INR,card,DEV_a0eb89bada,IP_3da06e4528,IN,Mumbai,success,,0,0,1,1394,591.06,4.34,5,0,Mumbai,IN,1,23,2025-02-22 06:19:56.000000,1,23,0.0195,552.51,0.03764423239603425,-0.9597292356699426,0,0,0,0,2025-09-12 14:53:17.000000,2.0,4,4,0,2
TXN_2b52cbb637,CUST_00032,MER_0037,2025-09-12 14:54:08.000000,17.92,INR,card,DEV_a0eb89bada,IP_3da06e4528,IN,Mumbai,success,,1,0,1,1394,591.06,4.34,5,0,Mumbai,IN,1,23,2025-02-22 06:19:56.000000,1,23,0.0195,552.51,0.03031841099042399,-0.9675661978968707,0,0,0,0,2025-09-12 14:53:19.000000,49.0,5,5,0,2
TXN_14fc974985,CUST_00032,MER_0037,2025-09-12 14:54:32.000000,23.52,INR,card,DEV_a0eb89bada,IP_3da06e4528,IN,Mumbai,success,,1,0,1,1394,591.06,4.34,5,0,Mumbai,IN,1,23,2025-02-22 06:19:56.000000,1,23,0.0195,552.51,0.039792914424931485,-0.9574306347396427,0,0,0,0,2025-09-12 14:54:08.000000,24.0,6,6,0,2
TXN_d2cd0ad91b,CUST_00032,MER_0037,2025-09-12 14:55:31.000000,5.88,INR,card,DEV_a0eb89bada,IP_3da06e4528,IN,Mumbai,success,,0,0,1,1394,591.06,4.34,5,0,Mumbai,IN,1,23,2025-02-22 06:19:56.000000,1,23,0.0195,552.51,0.009948228606232871,-0.9893576586849107,0,0,0,0,2025-09-12 14:54:32.000000,59.0,7,7,0,2
TXN_a377f41cc0,CUST_00032,MER_0037,2025-09-12 14:56:41.000000,44.01,INR,card,DEV_a0eb89bada,IP_3da06e4528,IN,Mumbai,success,,1,0,1,1394,591.06,4.34,5,0,Mumbai,IN,1,23,2025-02-22 06:19:56.000000,1,23,0.0195,552.51,0.07445944574154909,-0.9203453331161427,0,0,0,0,2025-09-12 14:55:31.000000,70.0,8,8,0,2
TXN_6b4fd3a6d4,CUST_00032,MER_0037,2025-09-12 15:06:47.000000,3821.85,INR,card,DEV_a0eb89bada,IP_3da06e4528,IN,Mumbai,success,,1,0,1,1394,591.06,4.34,5,0,Mumbai,IN,1,23,2025-02-22 06:19:56.000000,1,23,0.0195,552.51,6.46609481270937,5.9172503665092036,0,0,0,0,2025-09-12 14:56:41.000000,606.0,1,9,0,2
TXN_191e8e6660,CUST_00032,MER_0008,2025-09-13 13:24:01.000000,688.82,INR,netbanking,DEV_a0eb89bada,IP_3da06e4528,IN,Mumbai,success,,0,0,0,1394,591.06,4.34,5,0,Mumbai,IN,1,23,2025-02-22 06:19:56.000000,1,23,0.0141,769.07,1.1653977599566883,-0.10434680848297294,0,0,0,0,2025-09-12 15:06:47.000000,80234.0,1,1,0,2
TXN_d5613603c1,CUST_00032,MER_0027,2025-09-23 17:26:38.000000,233.19,INR,card,DEV_a0eb89bada,IP_3da06e4528,IN,Mumbai,success,,0,0,0,1394,591.06,4.34,5,0,Mumbai,IN,1,23,2025-02-22 06:19:56.000000,1,23,0.0096,555.21,0.39452847426657195,-0.5799967579834657,0,0,0,0,2025-09-13 13:24:01.000000,878557.0,1,1,0,0
TXN_61247683ce,CUST_00032,MER_0014,2025-10-09 17:11:04.000000,449.07,INR,netbanking,DEV_a0eb89bada,IP_3da06e4528,IN,Mumbai,success,,0,0,0,1394,591.06,4.34,5,0,Mumbai,IN,1,23,2025-02-22 06:19:56.000000,1,23,0.019,479.8,0.7597705816668359,-0.06404751979991667,0,0,0,0,2025-09-23 17:26:38.000000,1381466.0,1,1,0,0
TXN_2dd9da1dd5,CUST_00033,MER_0021,2025-02-06 23:05:50.000000,1468.56,INR,card,DEV_77935eee88,IP_5ab601243f,IN,Delhi,success,,0,0,0,1397,1223.63,1.17,0,1,Delhi,IN,1,16,2025-02-06 23:05:50.000000,1,16,0.0166,319.74,1.2001667170631645,3.5929817977106397,0,1,0,0,,999999.0,1,1,0,0
TXN_df5df3f068,CUST_00033,MER_0016,2025-02-09 19:10:35.000000,1007.76,INR,upi,DEV_77935eee88,IP_5ab601243f,IN,Delhi,success,,0,0,0,1397,1223.63,1.17,0,1,Delhi,IN,1,16,2025-02-06 23:05:50.000000,1,16,0.0212,463.88,0.8235822920327223,1.1724583944123481,0,0,0,0,2025-02-06 23:05:50.000000,245085.0,1,1,0,0
TXN_6da493b64a,CUST_00033,MER_0014,2025-03-07 06:37:45.000000,1094.71,INR,wallet,DEV_77935eee88,IP_5ab601243f,IN,Delhi,success,,0,0,0,1397,1223.63,1.17,0,1,Delhi,IN,1,16,2025-02-06 23:05:50.000000,1,16,0.019,479.8,0.8946413540040699,1.2815964985410588,0,0,0,0,2025-02-09 19:10:35.000000,2201230.0,1,1,0,0
TXN_9daf63341c,CUST_00033,MER_0000,2025-03-11 20:45:44.000000,1222.32,INR,wallet,DEV_77935eee88,IP_5ab601243f,IN,Delhi,success,,0,0,0,1397,1223.63,1.17,0,1,Delhi,IN,1,16,2025-02-06 23:05:50.000000,1,16,0.0225,896.08,0.9989294149375219,0.3640746361931969,0,0,0,0,2025-03-07 06:37:45.000000,396479.0,1,1,0,0
TXN_679240bed3,CUST_00033,MER_0014,2025-03-28 07:37:50.000000,553.96,INR,netbanking,DEV_77935eee88,IP_5ab601243f,IN,Delhi,success,,0,0,0,1397,1223.63,1.17,0,1,Delhi,IN,1,16,2025-02-06 23:05:50.000000,1,16,0.019,479.8,0.4527185505422391,0.1545644018340976,0,0,0,0,2025-03-11 20:45:44.000000,1421526.0,1,1,0,0
TXN_7c9cdd9d6a,CUST_00033,MER_0013,2025-04-05 23:56:16.000000,1050.22,INR,netbanking,DEV_77935eee88,IP_5ab601243f,IN,Delhi,success,,0,1,0,1397,1223.63,1.17,0,1,Delhi,IN,1,16,2025-02-06 23:05:50.000000,1,16,0.0164,580.87,0.858282323905102,0.8080121197514074,0,0,0,0,2025-03-28 07:37:50.000000,749906.0,1,1,0,0
TXN_a5d1721e00,CUST_00033,MER_0003,2025-04-23 00:05:24.000000,1738.83,INR,card,DEV_77935eee88,IP_5ab601243f,IN,Delhi,success,,0,0,0,1397,1223.63,1.17,0,1,Delhi,IN,1,16,2025-02-06 23:05:50.000000,1,16,0.0263,577.97,1.4210423085409802,2.0085125525546306,0,0,0,0,2025-04-05 23:56:16.000000,1469348.0,1,1,0,0
TXN_cf1e7389db,CUST_00033,MER_0020,2025-04-26 14:02:11.000000,1424.01,INR,upi,DEV_77935eee88,IP_5ab601243f,IN,Delhi,success,,0,0,0,1397,1223.63,1.17,0,1,Delhi,IN,1,16,2025-02-06 23:05:50.000000,1,16,0.0107,1089.56,1.1637586525338541,0.306958772348471,0,0,0,0,2025-04-23 00:05:24.000000,309407.0,1,1,0,0
TXN_9fd8c7c497,CUST_00033,MER_0009,2025-05-06 23:35:18.000000,1123.56,INR,card,DEV_77935eee88,IP_5ab601243f,IN,Delhi,success,,0,0,0,1397,1223.63,1.17,0,1,Delhi,IN,1,16,2025-02-06 23:05:50.000000,1,16,0.0102,211.04,0.9182187425937578,4.323919636087945,0,0,0,0,2025-04-26 14:02:11.000000,898387.0,1,1,0,0
TXN_c2649cfcd9,CUST_00033,MER_0033,2025-05-30 21:24:39.000000,1004.29,INR,upi,DEV_77935eee88,IP_5ab601243f,IN,Delhi,success,,0,0,0,1397,1223.63,1.17,0,1,Delhi,IN,1,16,2025-02-06 23:05:50.000000,1,16,0.0248,960.07,0.820746467477914,0.04605914152093067,0,0,0,0,2025-05-06 23:35:18.000000,2065761.0,1,1,0,0
TXN_d68e6e8fe8,CUST_00033,MER_0029,2025-07-12 17:01:24.000000,1144.13,INR,card,DEV_77935eee88,IP_5ab601243f,IN,Delhi,success,,0,0,0,1397,1223.63,1.17,0,1,Delhi,IN,1,16,2025-02-06 23:05:50.000000,1,16,0.0172,1254.23,0.9350293797961802,-0.08778294252250378,0,0,0,0,2025-05-30 21:24:39.000000,3699405.0,1,1,0,0
TXN_fbca9a5fb1,CUST_00033,MER_0005,2025-07-13 21:18:22.000000,1119.93,INR,card,DEV_77935eee88,IP_5ab601243f,IN,Delhi,success,,0,0,0,1397,1223.63,1.17,0,1,Delhi,IN,1,16,2025-02-06 23:05:50.000000,1,16,0.0292,1054.12,0.9152521595580363,0.06243122225173622,0,0,0,0,2025-07-12 17:01:24.000000,101818.0,1,1,0,0
TXN_052efa977d,CUST_00033,MER_0034,2025-07-22 17:18:09.000000,1144.97,INR,card,DEV_77935eee88,IP_5ab601243f,IN,Delhi,success,,0,0,0,1397,1223.63,1.17,0,1,Delhi,IN,1,16,2025-02-06 23:05:50.000000,1,16,0.0236,1234.72,0.9357158618209752,-0.07268854477128418,0,0,0,0,2025-07-13 21:18:22.000000,763187.0,1,1,0,0
TXN_af4dd85d3f,CUST_00033,MER_0005,2025-08-04 12:28:25.000000,1343.28,INR,upi,DEV_77935eee88,IP_5ab601243f,IN,Delhi,success,,0,0,0,1397,1223.63,1.17,0,1,Delhi,IN,1,16,2025-02-06 23:05:50.000000,1,16,0.0292,1054.12,1.097782826508013,0.27431411983455406,0,0,0,0,2025-07-22 17:18:09.000000,1105816.0,1,1,0,0
TXN_63ed5c5d4f,CUST_00033,MER_0026,2025-08-21 00:23:57.000000,1227.15,INR,wallet,DEV_77935eee88,IP_5ab601243f,IN,Delhi,success,,0,0,0,1397,1223.63,1.17,0,1,Delhi,IN,1,16,2025-02-06 23:05:50.000000,1,16,0.0129,620.55,1.0028766865800935,0.9775199419869474,0,0,0,0,2025-08-04 12:28:25.000000,1425332.0,1,1,0,0
TXN_3c32918980,CUST_00033,MER_0019,2025-10-26 21:07:28.000000,1815.91,INR,card,DEV_77935eee88,IP_5ab601243f,IN,Delhi,success,,0,0,0,1397,1223.63,1.17,0,1,Delhi,IN,1,16,2025-02-06 23:05:50.000000,1,16,0.0275,352.61,1.4840352067209859,4.149910666175095,0,0,0,0,2025-08-21 00:23:57.000000,5777011.0,1,1,0,0
TXN_210d58df66,CUST_00034,MER_0002,2025-03-11 18:54:10.000000,536.53,INR,netbanking,DEV_e4e1beec8f,IP_9a91172709,IN,Pune,success,,0,0,0,1575,587.19,3.23,0,2,Pune,IN,1,12,2025-03-11 18:54:10.000000,1,12,0.0036,577.96,0.9137246887719476,-0.07168316146446131,0,1,0,0,,999999.0,1,1,0,0
TXN_1b2b3a0106,CUST_00034,MER_0029,2025-03-19 09:40:20.000000,309.38,INR,card,DEV_e4e1beec8f,IP_9a91172709,IN,Pune,success,,0,0,0,1575,587.19,3.23,0,2,Pune,IN,1,12,2025-03-11 18:54:10.000000,1,12,0.0172,1254.23,0.5268822697934229,-0.7533307288136945,0,0,0,0,2025-03-11 18:54:10.000000,657970.0,1,1,0,0
TXN_0de6881ed7,CUST_00034,MER_0005,2025-05-03 21:18:29.000000,640.62,INR,netbanking,DEV_e4e1beec8f,IP_9a91172709,IN,Pune,success,,0,0,0,1575,587.19,3.23,0,2,Pune,IN,1,12,2025-03-11 18:54:10.000000,1,12,0.0292,1054.12,1.0909926940172685,-0.39227032975372816,0,0,0,0,2025-03-19 09:40:20.000000,3929889.0,1,1,0,0
TXN_698fab0c31,CUST_00034,MER_0014,2025-05-07 20:00:51.000000,207.94,INR,wallet,DEV_e4e1beec8f,IP_9a91172709,IN,Pune,success,,0,0,0,1575,587.19,3.23,0,2,Pune,IN,1,12,2025-03-11 18:54:10.000000,1,12,0.019,479.8,0.3541272841839949,-0.5666110879533139,0,0,0,0,2025-05-03 21:18:29.000000,340942.0,1,1,0,0
TXN_3dc915485d,CUST_00034,MER_0037,2025-05-25 02:38:02.000000,392.88,INR,upi,DEV_e4e1beec8f,IP_9a91172709,IN,Pune,success,,0,0,0,1575,587.19,3.23,0,2,Pune,IN,1,12,2025-03-11 18:54:10.000000,1,12,0.0195,552.51,0.6690849639809942,-0.28891784764076667,0,0,0,0,2025-05-07 20:00:51.000000,1492631.0,1,1,0,0
TXN_ce23398afb,CUST_00034,MER_0022,2025-06-19 03:45:43.000000,588.79,INR,wallet,DEV_e4e1beec8f,IP_9a91172709,IN,Pune,success,,0,0,0,1575,587.19,3.23,0,2,Pune,IN,1,12,2025-03-11 18:54:10.000000,1,12,0.0291,299.79,1.0027248420443127,0.9640081390306545,0,0,0,0,2025-05-25 02:38:02.000000,2164061.0,1,1,0,0
TXN_ca92f7556a,CUST_00034,MER_0008,2025-08-12 23:47:56.000000,399.09,INR,netbanking,DEV_e4e1beec8f,IP_9a91172709,IN,Pune,success,,0,0,0,1575,587.19,3.23,0,2,Pune,IN,1,12,2025-03-11 18:54:10.000000,1,12,0.0141,769.07,0.6796607571654829,-0.48107454457981724,0,0,0,0,2025-06-19 03:45:43.000000,4737733.0,1,1,0,0
TXN_2e4f31b12f,CUST_00034,MER_0007,2025-08-26 01:07:22.000000,696.86,INR,upi,DEV_e4e1beec8f,IP_9a91172709,IN,Pune,success,,0,0,0,1575,587.19,3.23,0,2,Pune,IN,1,12,2025-03-11 18:54:10.000000,1,12,0.0071,921.07,1.1867708918748616,-0.24342340972998797,0,0,0,0,2025-08-12 23:47:56.000000,1127966.0,1,1,0,0
TXN_b3b9433331,CUST_00034,MER_0014,2025-09-19 00:17:49.000000,769.97,INR,wallet,DEV_e4e1beec8f,IP_9a91172709,IN,Pune,success,,0,1,0,1575,587.19,3.23,0,2,Pune,IN,1,12,2025-03-11 18:54:10.000000,1,12,0.019,479.8,1.311279143037177,0.6047728220091705,0,0,0,0,2025-08-26 01:07:22.000000,2070627.0,1,1,0,0
TXN_11ec0ef183,CUST_00034,MER_0034,2025-09-25 04:59:35.000000,487.06,INR,upi,DEV_e4e1beec8f,IP_9a91172709,IN,Pune,success,,0,0,0,1575,587.19,3.23,0,2,Pune,IN,1,12,2025-03-11 18:54:10.000000,1,12,0.0236,1234.72,0.8294759788143531,-0.6055299987041597,0,0,0,0,2025-09-19 00:17:49.000000,535306.0,1,1,0,0
TXN_17c996bcf9,CUST_00034,MER_0002,2025-09-28 04:43:18.000000,493.3,INR,upi,DEV_e4e1beec8f,IP_9a91172709,IN,Pune,success,,0,1,0,1575,587.19,3.23,0,2,Pune,IN,1,12,2025-03-11 18:54:10.000000,1,12,0.0036,577.96,0.8401028627871727,-0.14648072530971004,0,0,0,0,2025-09-25 04:59:35.000000,258223.0,1,1,0,0
TXN_48b7dfac06,CUST_00034,MER_0010,2025-10-11 08:51:48.000000,817.59,INR,card,DEV_e4e1beec8f,IP_9a91172709,IN,Pune,success,,0,0,0,1575,587.19,3.23,0,2,Pune,IN,1,12,2025-03-11 18:54:10.000000,1,12,0.0102,362.24,1.392377254381035,1.2570395318021201,0,0,0,0,2025-09-28 04:43:18.000000,1138110.0,1,1,0,0
TXN_1b818f40bc,CUST_00035,MER_0036,2025-01-07 11:47:22.000000,551.9,INR,netbanking,DEV_fe9c92132c,IP_13bd57d10e,IN,Hyderabad,success,,0,0,0,229,577.32,4.53,0,0,Hyderabad,IN,1,14,2025-01-07 11:47:22.000000,1,14,0.0262,402.01,0.9559689600221712,0.3728514216064277,0,1,0,0,,999999.0,1,1,0,0
TXN_617808e30a,CUST_00035,MER_0000,2025-02-05 09:29:49.000000,855.86,INR,netbanking,DEV_fe9c92132c,IP_13bd57d10e,IN,Hyderabad,success,,0,0,0,229,577.32,4.53,0,0,Hyderabad,IN,1,14,2025-01-07 11:47:22.000000,1,14,0.0225,896.08,1.4824707268066235,-0.04488438532273907,0,0,0,0,2025-01-07 11:47:22.000000,2497347.0,1,1,0,0
TXN_3cd7cb902f,CUST_00035,MER_0004,2025-02-14 13:31:36.000000,342.31,INR,card,DEV_fe9c92132c,IP_13bd57d10e,IN,Hyderabad,success,,0,0,0,229,577.32,4.53,0,0,Hyderabad,IN,1,14,2025-01-07 11:47:22.000000,1,14,0.0026,1715.62,0.5929293979075729,-0.8004744640421538,0,0,0,0,2025-02-05 09:29:49.000000,792107.0,1,1,0,0
TXN_2816ac6ad5,CUST_00035,MER_0034,2025-04-25 08:46:11.000000,516.98,INR,netbanking,DEV_fe9c92132c,IP_13bd57d10e,IN,Hyderabad,success,,0,0,0,229,577.32,4.53,0,0,Hyderabad,IN,1,14,2025-01-07 11:47:22.000000,1,14,0.0236,1234.72,0.8954825746553038,-0.5812977841129973,0,0,0,0,2025-02-14 13:31:36.000000,6030875.0,1,1,0,0
TXN_44c81cbd2b,CUST_00035,MER_0003,2025-05-31 11:25:21.000000,677.19,INR,card,DEV_fe9c92132c,IP_13bd57d10e,IN,Hyderabad,success,,0,0,0,229,577.32,4.53,0,0,Hyderabad,IN,1,14,2025-01-07 11:47:22.000000,1,14,0.0263,577.97,1.1729889835792975,0.17166980985172245,0,0,0,0,2025-04-25 08:46:11.000000,3119950.0,1,1,0,0
TXN_4be783c671,CUST_00035,MER_0039,2025-06-16 09:42:11.000000,542.18,INR,netbanking,DEV_fe9c92132c,IP_13bd57d10e,IN,Hyderabad,success,,0,0,0,229,577.32,4.53,0,0,Hyderabad,IN,1,14,2025-01-07 11:47:22.000000,1,14,0.0111,595.03,0.9391325434767545,-0.08881905114027869,0,0,0,0,2025-05-31 11:25:21.000000,1376210.0,1,1,0,0
TXN_71fce9832c,CUST_00035,MER_0005,2025-07-04 00:40:38.000000,606.59,INR,netbanking,DEV_fe9c92132c,IP_13bd57d10e,IN,Hyderabad,success,,0,0,0,229,577.32,4.53,0,0,Hyderabad,IN,1,14,2025-01-07 11:47:22.000000,1,14,0.0292,1054.12,1.050699785214439,-0.4245531818009334,0,0,0,0,2025-06-16 09:42:11.000000,1522707.0,1,1,0,0
TXN_e22da1af3d,CUST_00035,MER_0010,2025-07-22 05:47:02.000000,611.08,INR,card,DEV_fe9c92132c,IP_13bd57d10e,IN,Hyderabad,success,,0,0,0,229,577.32,4.53,0,0,Hyderabad,IN,1,14,2025-01-07 11:47:22.000000,1,14,0.0102,362.24,1.058477101087785,0.6869478798586574,0,0,0,0,2025-07-04 00:40:38.000000,1573584.0,1,1,0,0
TXN_f458b39edb,CUST_00035,MER_0001,2025-08-25 21:08:37.000000,418.73,INR,card,DEV_fe9c92132c,IP_13bd57d10e,IN,Hyderabad,success,,0,0,0,229,577.32,4.53,0,0,Hyderabad,IN,1,14,2025-01-07 11:47:22.000000,1,14,0.0188,612.19,0.7252996605002424,-0.31601300249922415,0,0,0,0,2025-07-22 05:47:02.000000,2992895.0,1,1,0,0
TXN_075b4348a9,CUST_00035,MER_0026,2025-09-08 05:14:13.000000,722.24,INR,upi,DEV_fe9c92132c,IP_13bd57d10e,IN,Hyderabad,success,,0,0,0,229,577.32,4.53,0,0,Hyderabad,IN,1,14,2025-01-07 11:47:22.000000,1,14,0.0129,620.55,1.2510219635557402,0.1638707598098462,0,0,0,0,2025-08-25 21:08:37.000000,1152336.0,1,1,0,0
TXN_d929a9acef,CUST_00035,MER_0010,2025-09-12 10:18:41.000000,363.84,INR,netbanking,DEV_fe9c92132c,IP_13bd57d10e,IN,Hyderabad,success,,0,0,0,229,577.32,4.53,0,0,Hyderabad,IN,1,14,2025-01-07 11:47:22.000000,1,14,0.0102,362.24,0.6302224069839949,0.004416961130741955,0,0,0,0,2025-09-08 05:14:13.000000,363868.0,1,1,0,0
TXN_34625ba607,CUST_00035,MER_0032,2025-09-25 05:36:40.000000,584.29,INR,wallet,DEV_fe9c92132c,IP_13bd57d10e,IN,Hyderabad,success,,0,0,0,229,577.32,4.53,0,0,Hyderabad,IN,1,14,2025-01-07 11:47:22.000000,1,14,0.0022,443.12,1.0120730270906948,0.31858187398447363,0,0,0,0,2025-09-12 10:18:41.000000,1106279.0,1,1,0,0
TXN_de6cc31dac,CUST_00035,MER_0011,2025-09-28 12:39:17.000000,302.58,INR,netbanking,DEV_fe9c92132c,IP_13bd57d10e,IN,Hyderabad,success,,0,0,0,229,577.32,4.53,0,0,Hyderabad,IN,1,14,2025-01-07 11:47:22.000000,1,14,0.0123,803.16,0.5241114113489919,-0.6232631107126849,0,0,0,0,2025-09-25 05:36:40.000000,284557.0,1,1,0,0
TXN_f3f8fd98b1,CUST_00035,MER_0015,2025-10-28 11:32:38.000000,454.0,INR,upi,DEV_fe9c92132c,IP_13bd57d10e,IN,Hyderabad,success,,0,0,0,229,577.32,4.53,0,0,Hyderabad,IN,1,14,2025-01-07 11:47:22.000000,1,14,0.0068,710.92,0.7863922954340746,-0.361390873797333,0,0,0,0,2025-09-28 12:39:17.000000,2588001.0,1,1,0,0
TXN_0618e20575,CUST_00036,MER_0014,2025-02-10 12:21:31.000000,611.58,INR,card,DEV_091d9b6375,IP_e860709925,IN,Pune,success,,0,0,0,891,604.95,1.36,0,0,Pune,IN,1,4,2025-02-10 12:21:31.000000,1,4,0.019,479.8,1.0109595834366476,0.27465610671112967,0,1,0,0,,999999.0,1,1,0,0
TXN_ee24d6916e,CUST_00036,MER_0039,2025-05-01 12:52:48.000000,452.61,INR,card,DEV_091d9b6375,IP_e860709925,IN,Pune,success,,0,0,0,891,604.95,1.36,0,0,Pune,IN,1,4,2025-02-10 12:21:31.000000,1,4,0.0111,595.03,0.7481775353334986,-0.2393492765070668,0,0,0,0,2025-02-10 12:21:31.000000,6913877.0,1,1,0,0
TXN_02063daaf6,CUST_00036,MER_0031,2025-05-14 07:52:25.000000,683.14,INR,wallet,DEV_091d9b6375,IP_e860709925,IN,Pune,success,,0,0,0,891,604.95,1.36,0,0,Pune,IN,1,4,2025-02-10 12:21:31.000000,1,4,0.0296,527.92,1.1292503512686998,0.29402182148810435,0,0,0,0,2025-05-01 12:52:48.000000,1105177.0,1,1,0,0
TXN_b80cd030ba,CUST_00036,MER_0034,2025-09-23 10:51:36.000000,943.31,INR,netbanking,DEV_091d9b6375,IP_e860709925,IN,Pune,failed,insufficient_funds,0,0,0,891,604.95,1.36,0,0,Pune,IN,1,4,2025-02-10 12:21:31.000000,1,4,0.0236,1234.72,1.5593189519795023,-0.23601302319554238,0,0,0,0,2025-05-14 07:52:25.000000,11415551.0,1,1,1,1
TXN_482ed3708e,CUST_00037,MER_0028,2025-02-13 18:38:57.000000,776.78,INR,upi,DEV_c5c3d50552,IP_72a47301bf,IN,Bangalore,success,,0,0,0,930,556.9,0.81,0,1,Bangalore,IN,1,14,2025-02-13 18:38:57.000000,1,14,0.0099,504.52,1.3948285149937152,0.539641639578213,0,1,0,0,,999999.0,1,1,0,0
TXN_ab8569480c,CUST_00037,MER_0038,2025-03-14 14:56:27.000000,688.56,INR,upi,DEV_c5c3d50552,IP_72a47301bf,IN,Bangalore,success,,0,0,0,930,556.9,0.81,0,1,Bangalore,IN,1,14,2025-02-13 18:38:57.000000,1,14,0.0107,498.94,1.236415873585922,0.38004569687737993,0,0,0,0,2025-02-13 18:38:57.000000,2492250.0,1,1,0,0
TXN_7865d13aa6,CUST_00037,MER_0009,2025-04-07 04:18:07.000000,464.29,INR,wallet,DEV_c5c3d50552,IP_72a47301bf,IN,Bangalore,success,,0,0,0,930,556.9,0.81,0,1,Bangalore,IN,1,14,2025-02-13 18:38:57.000000,1,14,0.0102,211.04,0.8337044352666547,1.2000094768764218,0,0,0,0,2025-03-14 14:56:27.000000,2035300.0,1,1,0,0
TXN_a8c7050e74,CUST_00037,MER_0038,2025-04-18 03:22:42.000000,602.33,INR,wallet,DEV_c5c3d50552,IP_72a47301bf,IN,Bangalore,success,,0,0,0,930,556.9,0.81,0,1,Bangalore,IN,1,14,2025-02-13 18:38:57.000000,1,14,0.0107,498.94,1.0815765846651106,0.20721930492644414,0,0,0,0,2025-04-07 04:18:07.000000,947075.0,1,1,0,0
TXN_6f5be427a4,CUST_00037,MER_0037,2025-06-22 08:07:57.000000,565.46,INR,netbanking,DEV_c5c3d50552,IP_72a47301bf,IN,Bangalore,success,,0,0,0,930,556.9,0.81,0,1,Bangalore,IN,1,14,2025-02-13 18:38:57.000000,1,14,0.0195,552.51,1.0153708026575687,0.023438489801089656,0,0,0,0,2025-04-18 03:22:42.000000,5633115.0,1,1,0,0
TXN_56475e9a5b,CUST_00037,MER_0035,2025-06-28 11:13:43.000000,521.77,INR,upi,DEV_c5c3d50552,IP_72a47301bf,IN,Bangalore,success,,0,0,0,930,556.9,0.81,0,1,Bangalore,IN,1,14,2025-02-13 18:38:57.000000,1,14,0.0041,1163.01,0.936918656850422,-0.551362413048899,0,0,0,0,2025-06-22 08:07:57.000000,529546.0,1,1,0,0
TXN_6fd1633221,CUST_00037,MER_0019,2025-07-20 05:34:50.000000,594.75,INR,wallet,DEV_c5c3d50552,IP_72a47301bf,IN,Bangalore,success,,0,0,0,930,556.9,0.81,0,1,Bangalore,IN,1,14,2025-02-13 18:38:57.000000,1,14,0.0275,352.61,1.0679655234332914,0.6867076940529195,0,0,0,0,2025-06-28 11:13:43.000000,1880467.0,1,1,0,0
TXN_6294a41b44,CUST_00037,MER_0022,2025-07-23 18:38:03.000000,377.11,INR,upi,DEV_c5c3d50552,IP_72a47301bf,IN,Bangalore,success,,0,0,0,930,556.9,0.81,0,1,Bangalore,IN,1,14,2025-02-13 18:38:57.000000,1,14,0.0291,299.79,0.6771592745555756,0.2579138730444644,0,0,0,0,2025-07-20 05:34:50.000000,306193.0,1,1,0,0
TXN_a2b911621c,CUST_00037,MER_0015,2025-07-28 19:21:33.000000,727.37,INR,upi,DEV_c5c3d50552,IP_72a47301bf,IN,Bangalore,success,,0,0,0,930,556.9,0.81,0,1,Bangalore,IN,1,14,2025-02-13 18:38:57.000000,1,14,0.0068,710.92,1.306105225354642,0.023139031114612116,0,0,0,0,2025-07-23 18:38:03.000000,434610.0,1,1,0,0
TXN_24cae1e0ad,CUST_00037,MER_0008,2025-08-07 11:59:31.000000,384.98,INR,wallet,DEV_c5c3d50552,IP_72a47301bf,IN,Bangalore,success,,0,1,0,930,556.9,0.81,0,1,Bangalore,IN,1,14,2025-02-13 18:38:57.000000,1,14,0.0141,769.07,0.6912910755970552,-0.49942137906822526,0,0,0,0,2025-07-28 19:21:33.000000,837478.0,1,1,0,0
TXN_7b7fb0abb9,CUST_00037,MER_0007,2025-08-09 05:36:58.000000,665.18,INR,card,DEV_c5c3d50552,IP_72a47301bf,IN,Bangalore,success,,0,0,0,930,556.9,0.81,0,1,Bangalore,IN,1,14,2025-02-13 18:38:57.000000,1,14,0.0071,921.07,1.1944334710001796,-0.2778181897141369,0,0,0,0,2025-08-07 11:59:31.000000,149847.0,1,1,0,0
TXN_18c77f6adb,CUST_00037,MER_0001,2025-08-21 09:34:29.000000,583.11,INR,upi,DEV_c5c3d50552,IP_72a47301bf,IN,Bangalore,success,,0,0,0,930,556.9,0.81,0,1,Bangalore,IN,1,14,2025-02-13 18:38:57.000000,1,14,0.0188,612.19,1.0470641048662237,-0.04750159264280703,0,0,0,0,2025-08-09 05:36:58.000000,1051051.0,1,1,0,0
TXN_ad533949ba,CUST_00037,MER_0027,2025-09-25 21:14:32.000000,1075.91,INR,card,DEV_c5c3d50552,IP_72a47301bf,IN,Bangalore,success,,0,0,0,930,556.9,0.81,0,1,Bangalore,IN,1,14,2025-02-13 18:38:57.000000,1,14,0.0096,555.21,1.9319626503860658,0.9378433385565822,0,0,0,0,2025-08-21 09:34:29.000000,3066003.0,1,1,0,0
TXN_6ca8c25b19,CUST_00037,MER_0038,2025-10-22 02:54:19.000000,450.09,INR,upi,DEV_c5c3d50552,IP_72a47301bf,IN,Bangalore,success,,0,0,0,930,556.9,0.81,0,1,Bangalore,IN,1,14,2025-02-13 18:38:57.000000,1,14,0.0107,498.94,0.8082061411384449,-0.09790756403575585,0,0,0,0,2025-09-25 21:14:32.000000,2266787.0,1,1,0,0
TXN_709e0a11d9,CUST_00038,MER_0001,2025-03-06 04:55:56.000000,310.18,INR,card,DEV_c4a1382a27,IP_b57df729ea,IN,Mumbai,success,,0,0,0,1954,214.02,4.0,0,0,Mumbai,IN,1,9,2025-03-06 04:55:56.000000,1,9,0.0188,612.19,1.4493038033828614,-0.49332723500873915,0,1,0,0,,999999.0,1,1,0,0
TXN_35d07745f6,CUST_00038,MER_0003,2025-03-19 15:10:11.000000,236.67,INR,netbanking,DEV_c4a1382a27,IP_b57df729ea,IN,Mumbai,success,,0,0,0,1954,214.02,4.0,0,0,Mumbai,IN,1,9,2025-03-06 04:55:56.000000,1,9,0.0263,577.97,1.1058312307261002,-0.5905150786372996,0,0,0,0,2025-03-06 04:55:56.000000,1160055.0,1,1,0,0
TXN_7129763883,CUST_00038,MER_0007,2025-03-26 18:04:34.000000,164.23,INR,wallet,DEV_c4a1382a27,IP_b57df729ea,IN,Mumbai,success,,0,0,0,1954,214.02,4.0,0,0,Mumbai,IN,1,9,2025-03-06 04:55:56.000000,1,9,0.0071,921.07,0.7673581908232875,-0.8216965051516172,0,0,0,0,2025-03-19 15:10:11.000000,615263.0,1,1,0,0
TXN_f4f829b9e6,CUST_00038,MER_0014,2025-04-02 09:54:24.000000,254.06,INR,netbanking,DEV_c4a1382a27,IP_b57df729ea,IN,Mumbai,success,,0,0,0,1954,214.02,4.0,0,0,Mumbai,IN,1,9,2025-03-06 04:55:56.000000,1,9,0.019,479.8,1.1870853191290534,-0.4704877032096707,0,0,0,0,2025-03-26 18:04:34.000000,575390.0,1,1,0,0
TXN_c13054f474,CUST_00038,MER_0022,2025-05-16 14:03:37.000000,159.78,INR,wallet,DEV_c4a1382a27,IP_b57df729ea,IN,Mumbai,success,,0,0,0,1954,214.02,4.0,0,0,Mumbai,IN,1,9,2025-03-06 04:55:56.000000,1,9,0.0291,299.79,0.7465657415194842,-0.46702691884319025,0,0,0,0,2025-04-02 09:54:24.000000,3816553.0,1,1,0,0
TXN_f0c19ac3bd,CUST_00038,MER_0020,2025-05-30 10:09:45.000000,172.69,INR,netbanking,DEV_c4a1382a27,IP_b57df729ea,IN,Mumbai,failed,timeout,0,0,0,1954,214.02,4.0,0,0,Mumbai,IN,1,9,2025-03-06 04:55:56.000000,1,9,0.0107,1089.56,0.8068872068031024,-0.8415048276368442,0,0,0,0,2025-05-16 14:03:37.000000,1195568.0,1,1,1,1
TXN_39a9bdb6b0,CUST_00038,MER_0001,2025-06-27 15:19:38.000000,226.12,INR,card,DEV_c4a1382a27,IP_b57df729ea,IN,Mumbai,success,,0,0,0,1954,214.02,4.0,0,0,Mumbai,IN,1,9,2025-03-06 04:55:56.000000,1,9,0.0188,612.19,1.0565367722642744,-0.6306375471667293,0,0,0,0,2025-05-30 10:09:45.000000,2437793.0,1,1,0,0
TXN_b9d6d56781,CUST_00038,MER_0005,2025-08-27 16:49:08.000000,200.44,INR,wallet,DEV_c4a1382a27,IP_b57df729ea,IN,Mumbai,success,,0,0,0,1954,214.02,4.0,0,0,Mumbai,IN,1,9,2025-03-06 04:55:56.000000,1,9,0.0292,1054.12,0.9365479861695168,-0.8098508708685918,0,0,0,0,2025-06-27 15:19:38.000000,5275770.0,1,1,0,0
TXN_4b89bcbc17,CUST_00038,MER_0036,2025-08-28 13:37:46.000000,195.1,INR,wallet,DEV_c4a1382a27,IP_b57df729ea,IN,Mumbai,success,,0,0,0,1954,214.02,4.0,0,0,Mumbai,IN,1,9,2025-03-06 04:55:56.000000,1,9,0.0262,402.01,0.9115970470049527,-0.5146886893360861,0,0,0,0,2025-08-27 16:49:08.000000,74918.0,1,1,0,0
TXN_a1c542ce94,CUST_00039,MER_0005,2025-02-01 10:10:40.000000,393.67,INR,netbanking,DEV_6a0e39c4a0,IP_4c516037d0,IN,Pune,success,,0,0,0,1991,291.25,0.89,1,0,Pune,IN,1,11,2025-02-01 10:10:40.000000,1,11,0.0292,1054.12,1.3516566523605151,-0.6265415702197092,0,1,0,0,,999999.0,1,1,0,0
TXN_3fa9c43927,CUST_00039,MER_0030,2025-03-26 04:37:16.000000,259.17,INR,netbanking,DEV_6a0e39c4a0,IP_4c516037d0,IN,Pune,success,,0,0,0,1991,291.25,0.89,1,0,Pune,IN,1,11,2025-02-01 10:10:40.000000,1,11,0.0041,807.91,0.889854077253219,-0.6792093178695647,0,0,0,0,2025-02-01 10:10:40.000000,4559196.0,1,1,0,0
TXN_54888600a6,CUST_00039,MER_0039,2025-04-03 02:04:00.000000,398.51,INR,netbanking,DEV_6a0e39c4a0,IP_4c516037d0,IN,Pune,success,,0,0,0,1991,291.25,0.89,1,0,Pune,IN,1,11,2025-02-01 10:10:40.000000,1,11,0.0111,595.03,1.368274678111588,-0.3302690620640976,0,0,0,0,2025-03-26 04:37:16.000000,682004.0,1,1,0,0
TXN_b1c761f482,CUST_00039,MER_0038,2025-04-06 19:41:55.000000,230.22,INR,wallet,DEV_6a0e39c4a0,IP_4c516037d0,IN,Pune,success,,0,0,0,1991,291.25,0.89,1,0,Pune,IN,1,11,2025-02-01 10:10:40.000000,1,11,0.0107,498.94,0.7904549356223176,-0.5385817934020123,0,0,0,0,2025-04-03 02:04:00.000000,322675.0,1,1,0,0
TXN_6150d24d09,CUST_00039,MER_0026,2025-04-07 07:40:52.000000,261.45,INR,upi,DEV_6a0e39c4a0,IP_4c516037d0,IN,Pune,success,,0,0,0,1991,291.25,0.89,1,0,Pune,IN,1,11,2025-02-01 10:10:40.000000,1,11,0.0129,620.55,0.8976824034334764,-0.5786802030456852,0,0,0,0,2025-04-06 19:41:55.000000,43137.0,1,1,0,0
TXN_5b9352dcb4,CUST_00039,MER_0039,2025-04-16 11:57:14.000000,336.42,INR,netbanking,DEV_6a0e39c4a0,IP_4c516037d0,IN,Pune,success,,0,0,0,1991,291.25,0.89,1,0,Pune,IN,1,11,2025-02-01 10:10:40.000000,1,11,0.0111,595.03,1.1550901287553648,-0.4346167420130077,0,0,0,0,2025-04-07 07:40:52.000000,792982.0,1,1,0,0
TXN_b6d9e8366d,CUST_00039,MER_0001,2025-05-03 13:20:33.000000,341.04,INR,upi,DEV_6a0e39c4a0,IP_4c516037d0,IN,Pune,success,,0,0,0,1991,291.25,0.89,1,0,Pune,IN,1,11,2025-02-01 10:10:40.000000,1,11,0.0188,612.19,1.1709527896995708,-0.44291804831833254,0,0,0,0,2025-04-16 11:57:14.000000,1473799.0,1,1,0,0
TXN_d0417768dc,CUST_00039,MER_0022,2025-07-04 01:04:02.000000,1951.65,INR,card,DEV_1bdbe9d0fb,IP_3dc172bf72,US,New York,success,,1,0,1,1991,291.25,0.89,1,0,Pune,IN,1,2,2025-07-04 01:04:02.000000,1,2,0.0291,299.79,6.700944206008584,5.51005703992795,1,1,0,0,2025-05-03 13:20:33.000000,5312609.0,1,1,0,0
TXN_a545ca32b0,CUST_00039,MER_0022,2025-07-04 01:07:02.000000,1951.65,INR,card,DEV_1bdbe9d0fb,IP_3dc172bf72,US,New York,success,,0,0,1,1991,291.25,0.89,1,0,Pune,IN,1,2,2025-07-04 01:04:02.000000,1,2,0.0291,299.79,6.700944206008584,5.51005703992795,1,0,0,0,2025-07-04 01:04:02.000000,180.0,2,2,0,0
TXN_50304180f9,CUST_00039,MER_0037,2025-08-03 21:15:09.000000,360.77,INR,upi,DEV_6a0e39c4a0,IP_4c516037d0,IN,Pune,success,,0,0,0,1991,291.25,0.89,1,0,Pune,IN,1,11,2025-02-01 10:10:40.000000,1,11,0.0195,552.51,1.238695278969957,-0.34703444281551465,0,0,0,0,2025-07-04 01:07:02.000000,2664487.0,1,1,0,0
TXN_66cef0fbb7,CUST_00039,MER_0015,2025-08-07 08:20:45.000000,287.69,INR,card,DEV_6a0e39c4a0,IP_4c516037d0,IN,Pune,success,,0,0,0,1991,291.25,0.89,1,0,Pune,IN,1,11,2025-02-01 10:10:40.000000,1,11,0.0068,710.92,0.9877768240343348,-0.5953271816800765,0,0,0,0,2025-08-03 21:15:09.000000,299136.0,1,1,0,0
TXN_17111cabb9,CUST_00039,MER_0021,2025-08-30 05:41:47.000000,247.49,INR,upi,DEV_6a0e39c4a0,IP_4c516037d0,IN,Pune,success,,0,0,0,1991,291.25,0.89,1,0,Pune,IN,1,11,2025-02-01 10:10:40.000000,1,11,0.0166,319.74,0.8497510729613734,-0.22596484643773065,0,0,0,0,2025-08-07 08:20:45.000000,1977662.0,1,1,0,0
TXN_9a6ccb9a28,CUST_00039,MER_0028,2025-10-18 22:24:53.000000,327.85,INR,wallet,DEV_6a0e39c4a0,IP_4c516037d0,IN,Pune,success,,0,0,0,1991,291.25,0.89,1,0,Pune,IN,1,11,2025-02-01 10:10:40.000000,1,11,0.0099,504.52,1.1256652360515023,-0.35017442321414405,0,0,0,0,2025-08-30 05:41:47.000000,4293786.0,1,1,0,0
TXN_415353b125,CUST_00040,MER_0015,2025-01-13 06:14:52.000000,1152.16,INR,wallet,DEV_9c9ad0db52,IP_ea9f9d1b75,IN,Bangalore,success,,0,0,0,1040,967.16,3.39,0,0,Bangalore,IN,1,13,2025-01-13 06:14:52.000000,1,13,0.0068,710.92,1.191281690723355,0.620660552523491,0,1,0,0,,999999.0,1,1,0,0
TXN_0df6a78da4,CUST_00040,MER_0011,2025-01-23 11:29:40.000000,808.9,INR,card,DEV_9c9ad0db52,IP_ea9f9d1b75,IN,Bangalore,success,,0,0,0,1040,967.16,3.39,0,0,Bangalore,IN,1,13,2025-01-13 06:14:52.000000,1,13,0.0123,803.16,0.8363662682493073,0.007146770257482954,0,0,0,0,2025-01-13 06:14:52.000000,882888.0,1,1,0,0
TXN_5178993721,CUST_00040,MER_0032,2025-01-27 07:10:40.000000,1283.78,INR,wallet,DEV_9c9ad0db52,IP_ea9f9d1b75,IN,Bangalore,success,,0,0,0,1040,967.16,3.39,0,0,Bangalore,IN,1,13,2025-01-13 06:14:52.000000,1,13,0.0022,443.12,1.3273708590098847,1.8971384726484923,0,0,0,0,2025-01-23 11:29:40.000000,330060.0,1,1,0,0
TXN_420328764f,CUST_00040,MER_0020,2025-02-15 05:40:10.000000,1176.09,INR,card,DEV_9c9ad0db52,IP_ea9f9d1b75,IN,Bangalore,success,,0,0,0,1040,967.16,3.39,0,0,Bangalore,IN,1,13,2025-01-13 06:14:52.000000,1,13,0.0107,1089.56,1.2160242359071922,0.0794173794926392,0,0,0,0,2025-01-27 07:10:40.000000,1636170.0,1,1,0,0
TXN_b548399f7a,CUST_00040,MER_0027,2025-02-23 21:25:33.000000,1134.17,INR,upi,DEV_9c9ad0db52,IP_ea9f9d1b75,IN,Bangalore,success,,0,0,0,1040,967.16,3.39,0,0,Bangalore,IN,1,13,2025-01-13 06:14:52.000000,1,13,0.0096,555.21,1.172680838744365,1.0427766070495847,0,0,0,0,2025-02-15 05:40:10.000000,747923.0,1,1,0,0
TXN_d30a34d65c,CUST_00040,MER_0031,2025-04-28 16:51:49.000000,541.69,INR,card,DEV_9c9ad0db52,IP_ea9f9d1b75,IN,Bangalore,success,,0,0,0,1040,967.16,3.39,0,0,Bangalore,IN,1,13,2025-01-13 06:14:52.000000,1,13,0.0296,527.92,0.5600831299888334,0.026083497499621338,0,0,0,0,2025-02-23 21:25:33.000000,5513176.0,1,1,0,0
TXN_44f8d8cac6,CUST_00040,MER_0037,2025-05-12 13:39:14.000000,937.71,INR,card,DEV_9c9ad0db52,IP_ea9f9d1b75,IN,Bangalore,success,,0,0,0,1040,967.16,3.39,0,0,Bangalore,IN,1,13,2025-01-13 06:14:52.000000,1,13,0.0195,552.51,0.969550022747012,0.6971819514578923,0,0,0,0,2025-04-28 16:51:49.000000,1198045.0,1,1,0,0
TXN_fe0a227b2f,CUST_00040,MER_0030,2025-06-11 21:16:43.000000,1207.82,INR,card,DEV_9c9ad0db52,IP_ea9f9d1b75,IN,Bangalore,success,,0,0,0,1040,967.16,3.39,0,0,Bangalore,IN,1,13,2025-01-13 06:14:52.000000,1,13,0.0041,807.91,1.24883163075396,0.49499325419910634,0,0,0,0,2025-05-12 13:39:14.000000,2619449.0,1,1,0,0
TXN_31f87bb945,CUST_00040,MER_0027,2025-07-03 09:43:29.000000,1453.82,INR,netbanking,DEV_9c9ad0db52,IP_ea9f9d1b75,IN,Bangalore,success,,0,0,0,1040,967.16,3.39,0,0,Bangalore,IN,1,13,2025-01-13 06:14:52.000000,1,13,0.0096,555.21,1.5031845816617726,1.618504709929576,0,0,0,0,2025-06-11 21:16:43.000000,1859206.0,1,1,0,0
TXN_9788463feb,CUST_00040,MER_0016,2025-07-19 03:18:29.000000,1272.59,INR,wallet,DEV_9c9ad0db52,IP_ea9f9d1b75,IN,Bangalore,success,,0,0,0,1040,967.16,3.39,0,0,Bangalore,IN,1,13,2025-01-13 06:14:52.000000,1,13,0.0212,463.88,1.3158009016088341,1.7433603518151244,0,0,0,0,2025-07-03 09:43:29.000000,1359300.0,1,1,0,0
TXN_6c4f5ab8d7,CUST_00040,MER_0002,2025-08-02 07:19:59.000000,676.18,INR,netbanking,DEV_9c9ad0db52,IP_ea9f9d1b75,IN,Bangalore,success,,0,0,0,1040,967.16,3.39,0,0,Bangalore,IN,1,13,2025-01-13 06:14:52.000000,1,13,0.0036,577.96,0.6991397493692874,0.16994255657830976,0,0,0,0,2025-07-19 03:18:29.000000,1224090.0,1,1,0,0
TXN_24fae3839c,CUST_00040,MER_0018,2025-09-04 18:14:43.000000,751.51,INR,netbanking,DEV_9c9ad0db52,IP_ea9f9d1b75,IN,Bangalore,success,,0,0,0,1040,967.16,3.39,0,0,Bangalore,IN,1,13,2025-01-13 06:14:52.000000,1,13,0.003,659.78,0.7770275859216675,0.13903119221558705,0,0,0,0,2025-08-02 07:19:59.000000,2890484.0,1,1,0,0
TXN_32e60cfb7e,CUST_00040,MER_0034,2025-10-05 02:11:24.000000,1285.99,INR,netbanking,DEV_9c9ad0db52,IP_ea9f9d1b75,IN,Bangalore,success,,0,0,0,1040,967.16,3.39,0,0,Bangalore,IN,1,13,2025-01-13 06:14:52.000000,1,13,0.0236,1234.72,1.329655899747715,0.04152358429441491,0,0,0,0,2025-09-04 18:14:43.000000,2620601.0,1,1,0,0
TXN_04a39e42c6,CUST_00041,MER_0039,2025-01-02 10:45:39.000000,291.95,INR,netbanking,DEV_fb3798f440,IP_6e691e5b55,IN,Delhi,success,,0,0,0,1783,268.45,2.79,0,1,Delhi,IN,1,13,2025-01-02 10:45:39.000000,1,13,0.0111,595.03,1.0875395790650029,-0.5093524696233803,0,1,0,0,,999999.0,1,1,0,0
TXN_1ee6d6dfc0,CUST_00041,MER_0006,2025-01-29 07:11:25.000000,280.46,INR,upi,DEV_fb3798f440,IP_6e691e5b55,IN,Delhi,success,,0,0,0,1783,268.45,2.79,0,1,Delhi,IN,1,13,2025-01-02 10:45:39.000000,1,13,0.0071,501.86,1.0447383125349228,-0.4411588889331687,0,0,0,0,2025-01-02 10:45:39.000000,2319946.0,1,1,0,0
TXN_97a58e47af,CUST_00041,MER_0036,2025-02-17 09:19:00.000000,285.75,INR,netbanking,DEV_fb3798f440,IP_6e691e5b55,IN,Delhi,success,,0,0,0,1783,268.45,2.79,0,1,Delhi,IN,1,13,2025-01-02 10:45:39.000000,1,13,0.0262,402.01,1.0644440305457255,-0.28919678614959826,0,0,0,0,2025-01-29 07:11:25.000000,1649255.0,1,1,0,0
TXN_e40d1de1db,CUST_00041,MER_0008,2025-03-10 18:47:03.000000,197.44,INR,card,DEV_fb3798f440,IP_6e691e5b55,IN,Delhi,success,,0,0,0,1783,268.45,2.79,0,1,Delhi,IN,1,13,2025-01-02 10:45:39.000000,1,13,0.0141,769.07,0.7354814676848576,-0.7432743443379667,0,0,0,0,2025-02-17 09:19:00.000000,1848483.0,1,1,0,0
TXN_9c4b90b80c,CUST_00041,MER_0003,2025-03-21 17:58:21.000000,216.41,INR,wallet,DEV_fb3798f440,IP_6e691e5b55,IN,Delhi,success,,0,0,0,1783,268.45,2.79,0,1,Delhi,IN,1,13,2025-01-02 10:45:39.000000,1,13,0.0263,577.97,0.8061463959769045,-0.6255688011488486,0,0,0,0,2025-03-10 18:47:03.000000,947478.0,1,1,0,0
TXN_a601e8a15c,CUST_00041,MER_0000,2025-04-05 22:20:42.000000,246.66,INR,netbanking,DEV_fb3798f440,IP_6e691e5b55,IN,Delhi,success,,0,0,0,1783,268.45,2.79,0,1,Delhi,IN,1,13,2025-01-02 10:45:39.000000,1,13,0.0225,896.08,0.9188303222201527,-0.7247343987144006,0,0,0,0,2025-03-21 17:58:21.000000,1311741.0,1,1,0,0
TXN_7541441569,CUST_00041,MER_0007,2025-05-07 14:34:09.000000,164.48,INR,card,DEV_fb3798f440,IP_6e691e5b55,IN,Delhi,success,,0,0,0,1783,268.45,2.79,0,1,Delhi,IN,1,13,2025-01-02 10:45:39.000000,1,13,0.0071,921.07,0.6127025516856025,-0.8214250816984594,0,0,0,0,2025-04-05 22:20:42.000000,2736807.0,1,1,0,0
TXN_0f1e9b59f0,CUST_00041,MER_0023,2025-06-07 09:45:49.000000,354.12,INR,wallet,DEV_fb3798f440,IP_6e691e5b55,IN,Delhi,success,,0,0,0,1783,268.45,2.79,0,1,Delhi,IN,1,13,2025-01-02 10:45:39.000000,1,13,0.0237,748.53,1.3191283292978209,-0.5269127489880165,0,0,0,0,2025-05-07 14:34:09.000000,2661100.0,1,1,0,0
TXN_17db4e4669,CUST_00041,MER_0029,2025-06-27 23:23:05.000000,160.02,INR,upi,DEV_fb3798f440,IP_6e691e5b55,IN,Delhi,success,,0,0,0,1783,268.45,2.79,0,1,Delhi,IN,1,13,2025-01-02 10:45:39.000000,1,13,0.0172,1254.23,0.5960886571056063,-0.8724157451185189,0,0,0,0,2025-06-07 09:45:49.000000,1777036.0,1,1,0,0
TXN_7a5af70c76,CUST_00041,MER_0034,2025-07-24 11:39:16.000000,201.48,INR,card,DEV_fb3798f440,IP_6e691e5b55,IN,Delhi,success,,0,0,0,1783,268.45,2.79,0,1,Delhi,IN,1,13,2025-01-02 10:45:39.000000,1,13,0.0236,1234.72,0.7505308251070962,-0.8368213036153945,0,0,0,0,2025-06-27 23:23:05.000000,2290571.0,1,1,0,0
TXN_cf522e55e7,CUST_00041,MER_0033,2025-09-02 08:20:51.000000,322.41,INR,card,DEV_fb3798f440,IP_6e691e5b55,IN,Delhi,success,,0,0,0,1783,268.45,2.79,0,1,Delhi,IN,1,13,2025-01-02 10:45:39.000000,1,13,0.0248,960.07,1.20100577388713,-0.6641807368212735,0,0,0,0,2025-07-24 11:39:16.000000,3444095.0,1,1,0,0
TXN_2785e34197,CUST_00041,MER_0033,2025-09-21 19:07:39.000000,266.0,INR,netbanking,DEV_fb3798f440,IP_6e691e5b55,IN,Delhi,success,,0,1,0,1783,268.45,2.79,0,1,Delhi,IN,1,13,2025-01-02 10:45:39.000000,1,13,0.0248,960.07,0.9908735332464147,-0.7229368691866218,0,0,0,0,2025-09-02 08:20:51.000000,1680408.0,1,1,0,0
TXN_576947dff3,CUST_00041,MER_0004,2025-10-13 11:14:30.000000,235.97,INR,card,DEV_fb3798f440,IP_6e691e5b55,IN,Delhi,success,,0,0,0,1783,268.45,2.79,0,1,Delhi,IN,1,13,2025-01-02 10:45:39.000000,1,13,0.0026,1715.62,0.8790091264667537,-0.8624578869446614,0,0,0,0,2025-09-21 19:07:39.000000,1872411.0,1,1,0,0
TXN_36724e15fb,CUST_00042,MER_0021,2025-01-02 08:25:22.000000,260.04,INR,upi,DEV_67c2b41c9e,IP_421000297e,IN,Pune,success,,0,0,0,1724,264.37,1.23,0,0,Pune,IN,1,10,2025-01-02 08:25:22.000000,1,10,0.0166,319.74,0.9836214396489769,-0.18671420529179955,0,1,0,0,,999999.0,1,1,0,0
TXN_fd9d18d55b,CUST_00042,MER_0006,2025-03-22 07:05:15.000000,304.65,INR,upi,DEV_67c2b41c9e,IP_421000297e,IN,Pune,success,,0,0,0,1724,264.37,1.23,0,0,Pune,IN,1,10,2025-01-02 08:25:22.000000,1,10,0.0071,501.86,1.1523622196164465,-0.39295819551269284,0,0,0,0,2025-01-02 08:25:22.000000,6820793.0,1,1,0,0
TXN_8f0ed9ea10,CUST_00042,MER_0018,2025-04-14 08:40:12.000000,309.03,INR,card,DEV_67c2b41c9e,IP_421000297e,IN,Pune,success,,0,0,0,1724,264.37,1.23,0,0,Pune,IN,1,10,2025-01-02 08:25:22.000000,1,10,0.003,659.78,1.1689299088398835,-0.5316165994725515,0,0,0,0,2025-03-22 07:05:15.000000,1992897.0,1,1,0,0
TXN_a051cde49b,CUST_00042,MER_0001,2025-04-19 18:15:41.000000,229.5,INR,wallet,DEV_67c2b41c9e,IP_421000297e,IN,Pune,success,,0,0,0,1724,264.37,1.23,0,0,Pune,IN,1,10,2025-01-02 08:25:22.000000,1,10,0.0188,612.19,0.8681015243787117,-0.6251163854358941,0,0,0,0,2025-04-14 08:40:12.000000,466529.0,1,1,0,0
TXN_971f0b591e,CUST_00042,MER_0034,2025-05-13 12:59:45.000000,267.45,INR,card,DEV_67c2b41c9e,IP_421000297e,IN,Pune,success,,0,0,0,1724,264.37,1.23,0,0,Pune,IN,1,10,2025-01-02 08:25:22.000000,1,10,0.0236,1234.72,1.0116503385406816,-0.7833921860826746,0,0,0,0,2025-04-19 18:15:41.000000,2054644.0,1,1,0,0
TXN_665fec2413,CUST_00042,MER_0013,2025-06-06 03:31:20.000000,309.33,INR,wallet,DEV_67c2b41c9e,IP_421000297e,IN,Pune,success,,0,0,0,1724,264.37,1.23,0,0,Pune,IN,1,10,2025-01-02 08:25:22.000000,1,10,0.0164,580.87,1.1700646820743654,-0.46747120698262956,0,0,0,0,2025-05-13 12:59:45.000000,2039495.0,1,1,0,0
TXN_a4b26b649c,CUST_00042,MER_0002,2025-06-24 02:42:20.000000,284.82,INR,card,DEV_67c2b41c9e,IP_421000297e,IN,Pune,success,,0,0,0,1724,264.37,1.23,0,0,Pune,IN,1,10,2025-01-02 08:25:22.000000,1,10,0.0036,577.96,1.077353708817188,-0.5071977299467092,0,0,0,0,2025-06-06 03:31:20.000000,1552260.0,1,1,0,0
TXN_98e46f8e30,CUST_00042,MER_0020,2025-08-17 12:23:24.000000,384.64,INR,netbanking,DEV_67c2b41c9e,IP_421000297e,IN,Pune,success,,0,0,0,1724,264.37,1.23,0,0,Pune,IN,1,10,2025-01-02 08:25:22.000000,1,10,0.0107,1089.56,1.454930589703824,-0.6469767612614267,0,0,0,0,2025-06-24 02:42:20.000000,4700464.0,1,1,0,0
TXN_33176d52e6,CUST_00042,MER_0031,2025-09-18 05:52:46.000000,325.6,INR,upi,DEV_67c2b41c9e,IP_421000297e,IN,Pune,success,,0,0,0,1724,264.37,1.23,0,0,Pune,IN,1,10,2025-01-02 08:25:22.000000,1,10,0.0296,527.92,1.2316072171577714,-0.38323988483103494,0,0,0,0,2025-08-17 12:23:24.000000,2741362.0,1,1,0,0
TXN_c82e7952c3,CUST_00042,MER_0009,2025-10-14 18:56:45.000000,225.39,INR,upi,DEV_67c2b41c9e,IP_421000297e,IN,Pune,success,,0,0,0,1724,264.37,1.23,0,0,Pune,IN,1,10,2025-01-02 08:25:22.000000,1,10,0.0102,211.04,0.8525551310663085,0.06799658832448822,0,0,0,0,2025-09-18 05:52:46.000000,2293439.0,1,1,0,0
TXN_45b22cf066,CUST_00043,MER_0022,2025-02-04 01:08:53.000000,1215.36,INR,card,DEV_6f6941f54c,IP_3333780794,IN,Chennai,success,,0,0,0,314,911.48,2.06,0,0,Chennai,IN,1,7,2025-02-04 01:08:53.000000,1,7,0.0291,299.79,1.3333918462281125,3.0540378264785346,0,1,0,0,,999999.0,1,1,0,0
TXN_94ea12b8b8,CUST_00043,MER_0035,2025-02-26 20:30:16.000000,679.4,INR,card,DEV_6f6941f54c,IP_3333780794,IN,Chennai,success,,0,0,0,314,911.48,2.06,0,0,Chennai,IN,1,7,2025-02-04 01:08:53.000000,1,7,0.0041,1163.01,0.7453811383683678,-0.41582617518336046,0,0,0,0,2025-02-04 01:08:53.000000,1970483.0,1,1,0,0
TXN_0463fa7c3b,CUST_00043,MER_0033,2025-03-05 10:39:05.000000,1149.27,INR,wallet,DEV_6f6941f54c,IP_3333780794,IN,Chennai,success,,0,0,0,314,911.48,2.06,0,0,Chennai,IN,1,7,2025-02-04 01:08:53.000000,1,7,0.0248,960.07,1.2608833984289287,0.19706896372139523,0,0,0,0,2025-02-26 20:30:16.000000,569329.0,1,1,0,0
TXN_20e2161c2a,CUST_00043,MER_0031,2025-05-14 15:00:59.000000,1114.64,INR,card,DEV_6f6941f54c,IP_3333780794,IN,Chennai,success,,0,0,0,314,911.48,2.06,0,0,Chennai,IN,1,7,2025-02-04 01:08:53.000000,1,7,0.0296,527.92,1.222890244437618,1.1113805121988183,0,0,0,0,2025-03-05 10:39:05.000000,6063714.0,1,1,0,0
TXN_e7b31d4ca4,CUST_00043,MER_0031,2025-07-30 19:22:04.000000,1181.93,INR,upi,DEV_6f6941f54c,IP_3333780794,IN,Chennai,success,,0,0,0,314,911.48,2.06,0,0,Chennai,IN,1,7,2025-02-04 01:08:53.000000,1,7,0.0296,527.92,1.2967152323693334,1.238843006516139,0,0,0,0,2025-05-14 15:00:59.000000,6668465.0,1,1,0,0
TXN_a0f309ee3f,CUST_00043,MER_0011,2025-09-12 21:47:39.000000,984.17,INR,wallet,DEV_6f6941f54c,IP_3333780794,IN,Chennai,success,,0,0,0,314,911.48,2.06,0,0,Chennai,IN,1,7,2025-02-04 01:08:53.000000,1,7,0.0123,803.16,1.079749418528108,0.22537227949599084,0,0,0,0,2025-07-30 19:22:04.000000,3810335.0,1,1,0,0
TXN_d5cc6a67f1,CUST_00043,MER_0007,2025-10-03 08:00:12.000000,1274.61,INR,netbanking,DEV_6f6941f54c,IP_3333780794,IN,Chennai,success,,0,0,0,314,911.48,2.06,0,0,Chennai,IN,1,7,2025-02-04 01:08:53.000000,1,7,0.0071,921.07,1.3983960152718653,0.3838361905175501,0,0,0,0,2025-09-12 21:47:39.000000,1764753.0,1,1,0,0
TXN_79503ea92a,CUST_00044,MER_0030,2025-02-09 22:49:54.000000,678.39,INR,upi,DEV_ee00298edb,IP_750afe99e1,IN,Hyderabad,success,,0,0,0,1562,497.25,6.5,0,0,Hyderabad,IN,1,12,2025-02-09 22:49:54.000000,1,12,0.0041,807.91,1.3642835595776772,-0.1603148865591464,0,1,0,0,,999999.0,1,1,0,0
TXN_db1ac54097,CUST_00044,MER_0014,2025-03-03 10:37:33.000000,654.96,INR,card,DEV_ee00298edb,IP_750afe99e1,IN,Hyderabad,success,,0,0,0,1562,497.25,6.5,0,0,Hyderabad,IN,1,12,2025-02-09 22:49:54.000000,1,12,0.019,479.8,1.3171644042232278,0.3650687786577741,0,0,0,0,2025-02-09 22:49:54.000000,1856859.0,1,1,0,0
TXN_721fd66260,CUST_00044,MER_0038,2025-04-04 05:26:03.000000,373.44,INR,wallet,DEV_ee00298edb,IP_750afe99e1,IN,Hyderabad,success,,0,0,0,1562,497.25,6.5,0,0,Hyderabad,IN,1,12,2025-02-09 22:49:54.000000,1,12,0.0107,498.94,0.7510105580693816,-0.251533250491041,0,0,0,0,2025-03-03 10:37:33.000000,2746110.0,1,1,0,0
TXN_96a04f00f9,CUST_00044,MER_0007,2025-04-11 10:40:08.000000,521.37,INR,card,DEV_ee00298edb,IP_750afe99e1,IN,Hyderabad,success,,0,0,0,1562,497.25,6.5,0,0,Hyderabad,IN,1,12,2025-02-09 22:49:54.000000,1,12,0.0071,921.07,1.0485067873303167,-0.43395181690859547,0,0,0,0,2025-04-04 05:26:03.000000,623645.0,1,1,0,0
TXN_4fa98c812b,CUST_00044,MER_0037,2025-04-24 07:54:59.000000,452.8,INR,netbanking,DEV_ee00298edb,IP_750afe99e1,IN,Hyderabad,success,,0,0,0,1562,497.25,6.5,0,0,Hyderabad,IN,1,12,2025-02-09 22:49:54.000000,1,12,0.0195,552.51,0.9106083459024635,-0.18046732185842787,0,0,0,0,2025-04-11 10:40:08.000000,1113291.0,1,1,0,0
TXN_2e81855790,CUST_00044,MER_0034,2025-07-04 14:57:10.000000,437.97,INR,upi,DEV_ee00298edb,IP_750afe99e1,IN,Hyderabad,success,,0,0,0,1562,497.25,6.5,0,0,Hyderabad,IN,1,12,2025-02-09 22:49:54.000000,1,12,0.0236,1234.72,0.8807843137254903,-0.6452880005183361,0,0,0,0,2025-04-24 07:54:59.000000,6159731.0,1,1,0,0
TXN_b925f64e7e,CUST_00044,MER_0028,2025-07-12 12:52:13.000000,223.39,INR,netbanking,DEV_ee00298edb,IP_750afe99e1,IN,Hyderabad,success,,0,0,0,1562,497.25,6.5,0,0,Hyderabad,IN,1,12,2025-02-09 22:49:54.000000,1,12,0.0099,504.52,0.4492508798391151,-0.5572227067311504,0,0,0,0,2025-07-04 14:57:10.000000,683703.0,1,1,0,0
TXN_2a4dabfa57,CUST_00044,MER_0000,2025-08-10 11:39:14.000000,356.92,INR,netbanking,DEV_ee00298edb,IP_750afe99e1,IN,Hyderabad,success,,0,0,0,1562,497.25,6.5,0,0,Hyderabad,IN,1,12,2025-02-09 22:49:54.000000,1,12,0.0225,896.08,0.7177878330819507,-0.6016873493438086,0,0,0,0,2025-07-12 12:52:13.000000,2501221.0,1,1,0,0
TXN_f7f6181101,CUST_00044,MER_0039,2025-09-07 00:53:18.000000,712.04,INR,wallet,DEV_ee00298edb,IP_750afe99e1,IN,Hyderabad,success,,0,0,0,1562,497.25,6.5,0,0,Hyderabad,IN,1,12,2025-02-09 22:49:54.000000,1,12,0.0111,595.03,1.431955756661639,0.19664554728333025,0,0,0,0,2025-08-10 11:39:14.000000,2380444.0,1,1,0,0
TXN_2a182899bf,CUST_00044,MER_0024,2025-09-29 17:27:20.000000,624.09,INR,wallet,DEV_ee00298edb,IP_750afe99e1,IN,Hyderabad,failed,bank_decline,0,0,0,1562,497.25,6.5,0,0,Hyderabad,IN,1,12,2025-02-09 22:49:54.000000,1,12,0.0045,1035.96,1.255082956259427,-0.3975732653770416,0,0,0,0,2025-09-07 00:53:18.000000,1960442.0,1,1,1,1
TXN_46b7e908c2,CUST_00044,MER_0006,2025-10-07 03:14:15.000000,595.39,INR,netbanking,DEV_ee00298edb,IP_750afe99e1,IN,Hyderabad,success,,0,0,0,1562,497.25,6.5,0,0,Hyderabad,IN,1,12,2025-02-09 22:49:54.000000,1,12,0.0071,501.86,1.1973655103066867,0.1863667158171601,0,0,0,0,2025-09-29 17:27:20.000000,640015.0,1,1,0,0
TXN_89ab29cfd9,CUST_00044,MER_0016,2025-10-15 08:05:47.000000,380.16,INR,upi,DEV_ee00298edb,IP_750afe99e1,IN,Hyderabad,success,,0,0,0,1562,497.25,6.5,0,0,Hyderabad,IN,1,12,2025-02-09 22:49:54.000000,1,12,0.0212,463.88,0.7645248868778282,-0.18047770975252214,0,0,0,0,2025-10-07 03:14:15.000000,708692.0,1,1,0,0
TXN_4b3e5f0ba7,CUST_00045,MER_0003,2025-01-06 06:18:31.000000,195.71,INR,card,DEV_de0ce45cad,IP_fc9b7c7d23,IN,Bangalore,success,,0,0,0,1105,184.11,2.43,0,1,Bangalore,IN,1,15,2025-01-06 06:18:31.000000,1,15,0.0263,577.97,1.0630058117429797,-0.66138380884821,0,1,0,0,,999999.0,1,1,0,0
TXN_a26edce049,CUST_00045,MER_0014,2025-01-13 04:43:14.000000,221.27,INR,card,DEV_de0ce45cad,IP_fc9b7c7d23,IN,Bangalore,success,,0,0,0,1105,184.11,2.43,0,1,Bangalore,IN,1,15,2025-01-06 06:18:31.000000,1,15,0.019,479.8,1.2018358589973386,-0.53882867861609,0,0,0,0,2025-01-06 06:18:31.000000,599083.0,1,1,0,0
TXN_121754b950,CUST_00045,MER_0011,2025-01-26 04:29:05.000000,106.61,INR,netbanking,DEV_de0ce45cad,IP_fc9b7c7d23,IN,Bangalore,success,,0,0,0,1105,184.11,2.43,0,1,Bangalore,IN,1,15,2025-01-06 06:18:31.000000,1,15,0.0123,803.16,0.5790559991309543,-0.8672618158274814,0,0,0,0,2025-01-13 04:43:14.000000,1122351.0,1,1,0,0
TXN_648c5dc4d2,CUST_00045,MER_0024,2025-03-08 14:25:01.000000,134.58,INR,wallet,DEV_de0ce45cad,IP_fc9b7c7d23,IN,Bangalore,success,,0,0,0,1105,184.11,2.43,0,1,Bangalore,IN,1,15,2025-01-06 06:18:31.000000,1,15,0.0045,1035.96,0.7309760469284667,-0.8700915093246843,0,0,0,0,2025-01-26 04:29:05.000000,3578156.0,1,1,0,0
TXN_3e493c2723,CUST_00045,MER_0027,2025-03-28 09:53:09.000000,207.13,INR,upi,DEV_de0ce45cad,IP_fc9b7c7d23,IN,Bangalore,success,,0,0,0,1105,184.11,2.43,0,1,Bangalore,IN,1,15,2025-01-06 06:18:31.000000,1,15,0.0096,555.21,1.1250339470968442,-0.6269339529187155,0,0,0,0,2025-03-08 14:25:01.000000,1711688.0,1,1,0,0
TXN_13e7baa136,CUST_00045,MER_0026,2025-03-29 23:24:26.000000,122.04,INR,upi,DEV_de0ce45cad,IP_fc9b7c7d23,IN,Bangalore,success,,0,0,0,1105,184.11,2.43,0,1,Bangalore,IN,1,15,2025-01-06 06:18:31.000000,1,15,0.0129,620.55,0.6628645918201075,-0.8033357505438723,0,0,0,0,2025-03-28 09:53:09.000000,135077.0,1,1,0,0
TXN_1afe801dcd,CUST_00045,MER_0034,2025-04-12 11:19:20.000000,202.73,INR,upi,DEV_de0ce45cad,IP_fc9b7c7d23,IN,Bangalore,success,,0,0,0,1105,184.11,2.43,0,1,Bangalore,IN,1,15,2025-01-06 06:18:31.000000,1,15,0.0236,1234.72,1.1011351909184726,-0.8358089283400285,0,0,0,0,2025-03-29 23:24:26.000000,1166094.0,1,1,0,0
TXN_e890b3c1e1,CUST_00045,MER_0028,2025-05-29 09:54:44.000000,219.44,INR,card,DEV_de0ce45cad,IP_fc9b7c7d23,IN,Bangalore,success,,0,1,0,1105,184.11,2.43,0,1,Bangalore,IN,1,15,2025-01-06 06:18:31.000000,1,15,0.0099,504.52,1.1918961490413338,-0.5650519305478474,0,0,0,0,2025-04-12 11:19:20.000000,4055724.0,1,1,0,0
TXN_c1028a519e,CUST_00045,MER_0036,2025-08-02 12:09:49.000000,189.21,INR,netbanking,DEV_de0ce45cad,IP_fc9b7c7d23,IN,Bangalore,success,,0,0,0,1105,184.11,2.43,0,1,Bangalore,IN,1,15,2025-01-06 06:18:31.000000,1,15,0.0262,402.01,1.0277008310249307,-0.5293400661675083,0,0,0,0,2025-05-29 09:54:44.000000,5624105.0,1,1,0,0
TXN_1708f486cf,CUST_00045,MER_0036,2025-08-24 14:38:53.000000,133.8,INR,netbanking,DEV_de0ce45cad,IP_fc9b7c7d23,IN,Bangalore,success,,0,0,0,1105,184.11,2.43,0,1,Bangalore,IN,1,15,2025-01-06 06:18:31.000000,1,15,0.0262,402.01,0.7267394492423008,-0.6671724583965573,0,0,0,0,2025-08-02 12:09:49.000000,1909744.0,1,1,0,0
TXN_1bdf56db99,CUST_00045,MER_0012,2025-08-26 08:18:11.000000,210.09,INR,wallet,DEV_de0ce45cad,IP_fc9b7c7d23,IN,Bangalore,success,,0,0,0,1105,184.11,2.43,0,1,Bangalore,IN,1,15,2025-01-06 06:18:31.000000,1,15,0.0076,1602.61,1.1411112921622941,-0.8689075944864939,0,0,0,0,2025-08-24 14:38:53.000000,149958.0,1,1,0,0
TXN_e4327de809,CUST_00045,MER_0011,2025-08-30 01:39:07.000000,170.86,INR,wallet,DEV_de0ce45cad,IP_fc9b7c7d23,IN,Bangalore,success,,0,0,0,1105,184.11,2.43,0,1,Bangalore,IN,1,15,2025-01-06 06:18:31.000000,1,15,0.0123,803.16,0.9280321546901309,-0.7872653020568753,0,0,0,0,2025-08-26 08:18:11.000000,321656.0,1,1,0,0
TXN_91566d3763,CUST_00045,MER_0018,2025-09-28 00:24:22.000000,174.71,INR,card,DEV_de0ce45cad,IP_fc9b7c7d23,IN,Bangalore,success,,0,0,0,1105,184.11,2.43,0,1,Bangalore,IN,1,15,2025-01-06 06:18:31.000000,1,15,0.003,659.78,0.948943566346206,-0.735199611991876,0,0,0,0,2025-08-30 01:39:07.000000,2501115.0,1,1,0,0
TXN_a229191932,CUST_00045,MER_0025,2025-10-21 04:40:12.000000,129.85,INR,card,DEV_de0ce45cad,IP_fc9b7c7d23,IN,Bangalore,success,,0,0,0,1105,184.11,2.43,0,1,Bangalore,IN,1,15,2025-01-06 06:18:31.000000,1,15,0.0075,737.17,0.7052848840367171,-0.8238533852435665,0,0,0,0,2025-09-28 00:24:22.000000,2002550.0,1,1,0,0
TXN_5298e0a97c,CUST_00045,MER_0014,2025-10-27 15:28:44.000000,128.33,INR,upi,DEV_de0ce45cad,IP_fc9b7c7d23,IN,Bangalore,success,,0,0,0,1105,184.11,2.43,0,1,Bangalore,IN,1,15,2025-01-06 06:18:31.000000,1,15,0.019,479.8,0.6970289500841889,-0.732534389328887,0,0,0,0,2025-10-21 04:40:12.000000,557312.0,1,1,0,0
TXN_33f57c26f4,CUST_00046,MER_0036,2025-01-14 01:07:59.000000,224.42,INR,upi,DEV_ed7fb2ba41,IP_129755d0ed,IN,Mumbai,success,,0,0,0,1227,232.85,3.56,0,0,Mumbai,IN,1,12,2025-01-14 01:07:59.000000,1,12,0.0262,402.01,0.9637964354734807,-0.4417551802193975,0,1,0,0,,999999.0,1,1,0,0
TXN_0efff3b4f4,CUST_00046,MER_0038,2025-01-16 18:46:46.000000,195.29,INR,netbanking,DEV_ed7fb2ba41,IP_129755d0ed,IN,Mumbai,success,,0,0,0,1227,232.85,3.56,0,0,Mumbai,IN,1,12,2025-01-14 01:07:59.000000,1,12,0.0107,498.94,0.8386944384797079,-0.6085902112478454,0,0,0,0,2025-01-14 01:07:59.000000,236327.0,1,1,0,0
TXN_e500e54650,CUST_00046,MER_0026,2025-01-19 07:05:09.000000,271.82,INR,wallet,DEV_ed7fb2ba41,IP_129755d0ed,IN,Mumbai,success,,0,0,0,1227,232.85,3.56,0,0,Mumbai,IN,1,12,2025-01-14 01:07:59.000000,1,12,0.0129,620.55,1.1673609619926992,-0.5619692208524696,0,0,0,0,2025-01-16 18:46:46.000000,217103.0,1,1,0,0
TXN_430b8a796b,CUST_00046,MER_0004,2025-02-19 02:46:24.000000,169.75,INR,card,DEV_ed7fb2ba41,IP_129755d0ed,IN,Mumbai,success,,0,0,0,1227,232.85,3.56,0,0,Mumbai,IN,1,12,2025-01-14 01:07:59.000000,1,12,0.0026,1715.62,0.7290100923341207,-0.9010561779415022,0,0,0,0,2025-01-19 07:05:09.000000,2662875.0,1,1,0,0
TXN_cf58bf761f,CUST_00046,MER_0011,2025-03-03 19:00:23.000000,198.73,INR,wallet,DEV_ed7fb2ba41,IP_129755d0ed,IN,Mumbai,success,,0,0,0,1227,232.85,3.56,0,0,Mumbai,IN,1,12,2025-01-14 01:07:59.000000,1,12,0.0123,803.16,0.8534678977882757,-0.7525648687683649,0,0,0,0,2025-02-19 02:46:24.000000,1095239.0,1,1,0,0
TXN_7c25410247,CUST_00046,MER_0019,2025-04-21 01:10:27.000000,140.86,INR,wallet,DEV_ed7fb2ba41,IP_129755d0ed,IN,Mumbai,success,,0,0,0,1227,232.85,3.56,0,0,Mumbai,IN,1,12,2025-01-14 01:07:59.000000,1,12,0.0275,352.61,0.6049388018037364,-0.6005218229772269,0,0,0,0,2025-03-03 19:00:23.000000,4169404.0,1,1,0,0
TXN_fa92d12f89,CUST_00046,MER_0035,2025-05-03 17:22:22.000000,147.51,INR,wallet,DEV_ed7fb2ba41,IP_129755d0ed,IN,Mumbai,success,,0,0,0,1227,232.85,3.56,0,0,Mumbai,IN,1,12,2025-01-14 01:07:59.000000,1,12,0.0041,1163.01,0.6334979600601245,-0.8731653210204555,0,0,0,0,2025-04-21 01:10:27.000000,1095115.0,1,1,0,0
TXN_0e4bdd0dda,CUST_00046,MER_0011,2025-05-13 08:36:27.000000,286.12,INR,upi,DEV_ed7fb2ba41,IP_129755d0ed,IN,Mumbai,success,,0,0,0,1227,232.85,3.56,0,0,Mumbai,IN,1,12,2025-01-14 01:07:59.000000,1,12,0.0123,803.16,1.2287738887695943,-0.6437571592210767,0,0,0,0,2025-05-03 17:22:22.000000,832445.0,1,1,0,0
TXN_24a694f505,CUST_00046,MER_0021,2025-06-10 10:05:08.000000,285.52,INR,wallet,DEV_ed7fb2ba41,IP_129755d0ed,IN,Mumbai,success,,0,0,0,1227,232.85,3.56,0,0,Mumbai,IN,1,12,2025-01-14 01:07:59.000000,1,12,0.0166,319.74,1.226197122611123,-0.10702445737161452,0,0,0,0,2025-05-13 08:36:27.000000,2424521.0,1,1,0,0
TXN_6d87f15f46,CUST_00046,MER_0036,2025-06-11 10:54:00.000000,190.68,INR,netbanking,DEV_ed7fb2ba41,IP_129755d0ed,IN,Mumbai,success,,0,0,0,1227,232.85,3.56,0,0,Mumbai,IN,1,12,2025-01-14 01:07:59.000000,1,12,0.0262,402.01,0.8188962851621215,-0.52568344071043,0,0,0,0,2025-06-10 10:05:08.000000,89332.0,1,1,0,0
TXN_a4ba879695,CUST_00046,MER_0004,2025-06-23 08:21:01.000000,200.49,INR,wallet,DEV_ed7fb2ba41,IP_129755d0ed,IN,Mumbai,success,,0,0,0,1227,232.85,3.56,0,0,Mumbai,IN,1,12,2025-01-14 01:07:59.000000,1,12,0.0026,1715.62,0.8610264118531243,-0.8831384572341194,0,0,0,0,2025-06-11 10:54:00.000000,1027621.0,1,1,0,0
TXN_1e75cc7088,CUST_00046,MER_0022,2025-09-21 01:28:05.000000,279.28,INR,netbanking,DEV_ed7fb2ba41,IP_129755d0ed,IN,Mumbai,success,,0,0,0,1227,232.85,3.56,0,0,Mumbai,IN,1,12,2025-01-14 01:07:59.000000,1,12,0.0291,299.79,1.1993987545630234,-0.06841455685646634,0,0,0,0,2025-06-23 08:21:01.000000,7751224.0,1,1,0,0
TXN_a2bfaac353,CUST_00047,MER_0014,2025-01-12 09:46:52.000000,503.01,INR,netbanking,DEV_656b97811a,IP_7664712fbe,IN,Hyderabad,success,,0,0,0,1001,451.74,4.23,0,0,Hyderabad,IN,1,15,2025-01-12 09:46:52.000000,1,15,0.019,479.8,1.1134944879798114,0.04837432263443097,0,1,0,0,,999999.0,1,1,0,0
TXN_031d0d0156,CUST_00047,MER_0018,2025-03-09 05:02:00.000000,487.69,INR,netbanking,DEV_656b97811a,IP_7664712fbe,IN,Hyderabad,success,,0,0,0,1001,451.74,4.23,0,0,Hyderabad,IN,1,15,2025-01-12 09:46:52.000000,1,15,0.003,659.78,1.079581175012175,-0.26082936736487916,0,0,0,0,2025-01-12 09:46:52.000000,4821308.0,1,1,0,0
TXN_e0e1cec588,CUST_00047,MER_0015,2025-03-29 15:19:50.000000,333.34,INR,netbanking,DEV_656b97811a,IP_7664712fbe,IN,Hyderabad,success,,0,0,0,1001,451.74,4.23,0,0,Hyderabad,IN,1,15,2025-01-12 09:46:52.000000,1,15,0.0068,710.92,0.7379023332005135,-0.531114612051989,0,0,0,0,2025-03-09 05:02:00.000000,1765070.0,1,1,0,0
TXN_bb244da304,CUST_00047,MER_0035,2025-05-13 21:34:41.000000,470.92,INR,wallet,DEV_656b97811a,IP_7664712fbe,IN,Hyderabad,success,,0,0,0,1001,451.74,4.23,0,0,Hyderabad,IN,1,15,2025-01-12 09:46:52.000000,1,15,0.0041,1163.01,1.0424580510913357,-0.5950851669375156,0,0,0,0,2025-03-29 15:19:50.000000,3910491.0,1,1,0,0
TXN_c94c39f8e0,CUST_00047,MER_0009,2025-06-25 08:57:35.000000,403.56,INR,netbanking,DEV_656b97811a,IP_7664712fbe,IN,Hyderabad,success,,0,0,0,1001,451.74,4.23,0,0,Hyderabad,IN,1,15,2025-01-12 09:46:52.000000,1,15,0.0102,211.04,0.8933457298446008,0.9122441243366187,0,0,0,0,2025-05-13 21:34:41.000000,3669774.0,1,1,0,0
TXN_12ed4ad3c2,CUST_00047,MER_0000,2025-07-03 14:34:15.000000,385.02,INR,netbanking,DEV_656b97811a,IP_7664712fbe,IN,Hyderabad,success,,0,0,0,1001,451.74,4.23,0,0,Hyderabad,IN,1,15,2025-01-12 09:46:52.000000,1,15,0.0225,896.08,0.8523044228981271,-0.5703285420944559,0,0,0,0,2025-06-25 08:57:35.000000,711400.0,1,1,0,0
TXN_38909d748f,CUST_00047,MER_0021,2025-07-15 22:12:58.000000,571.49,INR,wallet,DEV_656b97811a,IP_7664712fbe,IN,Hyderabad,success,,0,0,0,1001,451.74,4.23,0,0,Hyderabad,IN,1,15,2025-01-12 09:46:52.000000,1,15,0.0166,319.74,1.265086111480055,0.7873584787639957,0,0,0,0,2025-07-03 14:34:15.000000,1064323.0,1,1,0,0
TXN_294f624b36,CUST_00047,MER_0028,2025-08-02 11:46:29.000000,404.24,INR,card,DEV_656b97811a,IP_7664712fbe,IN,Hyderabad,failed,insufficient_funds,0,0,0,1001,451.74,4.23,0,0,Hyderabad,IN,1,15,2025-01-12 09:46:52.000000,1,15,0.0099,504.52,0.8948510204985168,-0.1987631808451597,0,0,0,0,2025-07-15 22:12:58.000000,1517611.0,1,1,1,1
TXN_7cbf018fdd,CUST_00047,MER_0016,2025-08-19 19:27:27.000000,460.52,INR,card,DEV_656b97811a,IP_7664712fbe,IN,Hyderabad,success,,0,0,0,1001,451.74,4.23,0,0,Hyderabad,IN,1,15,2025-01-12 09:46:52.000000,1,15,0.0212,463.88,1.0194359587373267,-0.007243252565318646,0,0,0,0,2025-08-02 11:46:29.000000,1496458.0,1,1,0,0
TXN_025cced717,CUST_00047,MER_0017,2025-08-25 09:59:49.000000,410.81,INR,wallet,DEV_656b97811a,IP_7664712fbe,IN,Hyderabad,success,,0,0,0,1001,451.74,4.23,0,0,Hyderabad,IN,1,15,2025-01-12 09:46:52.000000,1,15,0.0143,558.35,0.9093947846106167,-0.2642428584221367,0,0,0,0,2025-08-19 19:27:27.000000,484342.0,1,1,0,0
TXN_609cf3883f,CUST_00047,MER_0031,2025-08-29 14:14:15.000000,572.77,INR,upi,DEV_656b97811a,IP_7664712fbe,IN,Hyderabad,success,,0,0,0,1001,451.74,4.23,0,0,Hyderabad,IN,1,15,2025-01-12 09:46:52.000000,1,15,0.0296,527.92,1.267919599769779,0.08495605394756786,0,0,0,0,2025-08-25 09:59:49.000000,360866.0,1,1,0,0
TXN_bf5ff15aeb,CUST_00047,MER_0022,2025-09-20 08:45:37.000000,523.96,INR,upi,DEV_656b97811a,IP_7664712fbe,IN,Hyderabad,success,,0,0,0,1001,451.74,4.23,0,0,Hyderabad,IN,1,15,2025-01-12 09:46:52.000000,1,15,0.0291,299.79,1.1598707220967814,0.7477567630674806,0,0,0,0,2025-08-29 14:14:15.000000,1881082.0,1,1,0,0
TXN_2b134c1048,CUST_00047,MER_0030,2025-09-21 22:43:26.000000,493.38,INR,upi,DEV_656b97811a,IP_7664712fbe,IN,Hyderabad,success,,0,0,0,1001,451.74,4.23,0,0,Hyderabad,IN,1,15,2025-01-12 09:46:52.000000,1,15,0.0041,807.91,1.0921769159250896,-0.3893131660704781,0,0,0,0,2025-09-20 08:45:37.000000,136669.0,1,1,0,0
TXN_00c151275b,CUST_00047,MER_0000,2025-09-28 03:20:49.000000,547.34,INR,wallet,DEV_656b97811a,IP_7664712fbe,IN,Hyderabad,success,,0,0,0,1001,451.74,4.23,0,0,Hyderabad,IN,1,15,2025-01-12 09:46:52.000000,1,15,0.0225,896.08,1.2116261566387745,-0.3891840014284439,0,0,0,0,2025-09-21 22:43:26.000000,535043.0,1,1,0,0
TXN_ccd56c4d82,CUST_00047,MER_0027,2025-10-30 09:49:31.000000,289.42,INR,wallet,DEV_656b97811a,IP_7664712fbe,IN,Hyderabad,success,,0,0,0,1001,451.74,4.23,0,0,Hyderabad,IN,1,15,2025-01-12 09:46:52.000000,1,15,0.0096,555.21,0.6406782662593528,-0.47871976369301705,0,0,0,0,2025-09-28 03:20:49.000000,2788122.0,1,1,0,0
TXN_464889d7f0,CUST_00048,MER_0025,2025-01-25 14:27:35.000000,240.51,INR,wallet,DEV_eb4a164ccd,IP_1f499e70c6,IN,Mumbai,success,,0,0,0,230,272.39,0.56,0,0,Mumbai,IN,1,11,2025-01-25 14:27:35.000000,1,11,0.0075,737.17,0.882961929586255,-0.6737387576814032,0,1,0,0,,999999.0,1,1,0,0
TXN_0f8bb2c0db,CUST_00048,MER_0016,2025-03-30 21:07:38.000000,351.25,INR,netbanking,DEV_eb4a164ccd,IP_1f499e70c6,IN,Mumbai,success,,0,0,0,230,272.39,0.56,0,0,Mumbai,IN,1,11,2025-01-25 14:27:35.000000,1,11,0.0212,463.88,1.289511362384816,-0.24279986203328446,0,0,0,0,2025-01-25 14:27:35.000000,5553603.0,1,1,0,0
TXN_8eba580066,CUST_00048,MER_0017,2025-04-26 10:00:58.000000,340.66,INR,wallet,DEV_eb4a164ccd,IP_1f499e70c6,IN,Mumbai,success,,0,0,0,230,272.39,0.56,0,0,Mumbai,IN,1,11,2025-01-25 14:27:35.000000,1,11,0.0143,558.35,1.250633283160175,-0.38988089907763945,0,0,0,0,2025-03-30 21:07:38.000000,2292800.0,1,1,0,0
TXN_0441cae0a8,CUST_00048,MER_0024,2025-05-30 21:40:51.000000,317.24,INR,wallet,DEV_eb4a164ccd,IP_1f499e70c6,IN,Mumbai,success,,0,0,0,230,272.39,0.56,0,0,Mumbai,IN,1,11,2025-01-25 14:27:35.000000,1,11,0.0045,1035.96,1.1646536216454348,-0.6937719603073478,0,0,0,0,2025-04-26 10:00:58.000000,2979593.0,1,1,0,0
TXN_63f241a5f0,CUST_00048,MER_0013,2025-05-31 18:51:37.000000,254.39,INR,wallet,DEV_eb4a164ccd,IP_1f499e70c6,IN,Mumbai,success,,0,0,0,230,272.39,0.56,0,0,Mumbai,IN,1,11,2025-01-25 14:27:35.000000,1,11,0.0164,580.87,0.933918278938287,-0.5620534715168627,0,0,0,0,2025-05-30 21:40:51.000000,76246.0,1,1,0,0
TXN_c748300e42,CUST_00048,MER_0021,2025-07-25 07:11:12.000000,306.52,INR,upi,DEV_eb4a164ccd,IP_1f499e70c6,IN,Mumbai,failed,timeout,0,0,0,230,272.39,0.56,0,0,Mumbai,IN,1,11,2025-01-25 14:27:35.000000,1,11,0.0166,319.74,1.125298285546459,-0.04134609370113226,0,0,0,0,2025-05-31 18:51:37.000000,4709975.0,1,1,1,1
TXN_7d947d5b2d,CUST_00048,MER_0006,2025-08-07 21:42:36.000000,34.39,INR,upi,DEV_eb4a164ccd,IP_1f499e70c6,IN,Mumbai,success,,0,0,0,230,272.39,0.56,0,0,Mumbai,IN,1,11,2025-01-25 14:27:35.000000,1,11,0.0071,501.86,0.1262527992951283,-0.9314749133224406,0,0,0,0,2025-07-25 07:11:12.000000,1175484.0,1,1,0,0
TXN_1b95724e83,CUST_00048,MER_0031,2025-09-23 05:14:15.000000,355.95,INR,wallet,DEV_eb4a164ccd,IP_1f499e70c6,IN,Mumbai,success,,0,0,0,230,272.39,0.56,0,0,Mumbai,IN,1,11,2025-01-25 14:27:35.000000,1,11,0.0296,527.92,1.3067660339953744,-0.32575011365358386,0,0,0,0,2025-08-07 21:42:36.000000,4001499.0,1,1,0,0
TXN_3aaf1cef8d,CUST_00048,MER_0012,2025-10-06 16:55:59.000000,347.13,INR,card,DEV_eb4a164ccd,IP_1f499e70c6,IN,Mumbai,success,,0,0,0,230,272.39,0.56,0,0,Mumbai,IN,1,11,2025-01-25 14:27:35.000000,1,11,0.0076,1602.61,1.274385990675135,-0.7833970835075285,0,0,0,0,2025-09-23 05:14:15.000000,1165304.0,1,1,0,0
TXN_99e5071f68,CUST_00048,MER_0028,2025-10-07 10:29:52.000000,342.78,INR,card,DEV_eb4a164ccd,IP_1f499e70c6,IN,Mumbai,success,,0,0,0,230,272.39,0.56,0,0,Mumbai,IN,1,11,2025-01-25 14:27:35.000000,1,11,0.0099,504.52,1.2584162414185542,-0.3205819392690082,0,0,0,0,2025-10-06 16:55:59.000000,63233.0,1,1,0,0
TXN_599fa74331,CUST_00048,MER_0008,2025-10-29 09:54:15.000000,209.18,INR,wallet,DEV_eb4a164ccd,IP_1f499e70c6,IN,Mumbai,success,,0,0,0,230,272.39,0.56,0,0,Mumbai,IN,1,11,2025-01-25 14:27:35.000000,1,11,0.0141,769.07,0.767943022871618,-0.7280091539131679,0,0,0,0,2025-10-07 10:29:52.000000,1898663.0,1,1,0,0
TXN_e53432eae5,CUST_00049,MER_0039,2025-01-05 23:37:36.000000,105.79,INR,card,DEV_48c0b5ab53,IP_20523fc1ac,IN,Hyderabad,success,,0,0,0,1800,257.69,1.63,0,1,Hyderabad,IN,1,10,2025-01-05 23:37:36.000000,1,10,0.0111,595.03,0.4105320346152354,-0.8222106448414366,0,1,0,0,,999999.0,1,1,0,0
TXN_ad20245b43,CUST_00049,MER_0021,2025-01-15 03:36:07.000000,322.55,INR,netbanking,DEV_48c0b5ab53,IP_20523fc1ac,IN,Hyderabad,success,,0,0,0,1800,257.69,1.63,0,1,Hyderabad,IN,1,10,2025-01-05 23:37:36.000000,1,10,0.0166,319.74,1.2516977763979977,0.008788390567335966,0,0,0,0,2025-01-05 23:37:36.000000,791911.0,1,1,0,0
TXN_54d4818677,CUST_00049,MER_0012,2025-03-05 13:15:30.000000,201.95,INR,upi,DEV_48c0b5ab53,IP_20523fc1ac,IN,Hyderabad,success,,0,1,0,1800,257.69,1.63,0,1,Hyderabad,IN,1,10,2025-01-05 23:37:36.000000,1,10,0.0076,1602.61,0.7836935853156893,-0.8739868090177897,0,0,0,0,2025-01-15 03:36:07.000000,4268363.0,1,1,0,0
TXN_f9f78f46e3,CUST_00049,MER_0011,2025-04-19 22:36:27.000000,249.58,INR,netbanking,DEV_48c0b5ab53,IP_20523fc1ac,IN,Hyderabad,success,,0,0,0,1800,257.69,1.63,0,1,Hyderabad,IN,1,10,2025-01-05 23:37:36.000000,1,10,0.0123,803.16,0.9685280763708333,-0.6892524528113949,0,0,0,0,2025-03-05 13:15:30.000000,3921657.0,1,1,0,0
TXN_a80def4b29,CUST_00049,MER_0003,2025-04-21 06:11:41.000000,301.81,INR,netbanking,DEV_48c0b5ab53,IP_20523fc1ac,IN,Hyderabad,success,,0,0,0,1800,257.69,1.63,0,1,Hyderabad,IN,1,10,2025-01-05 23:37:36.000000,1,10,0.0263,577.97,1.1712134735534945,-0.47781026696887385,0,0,0,0,2025-04-19 22:36:27.000000,113714.0,1,1,0,0
TXN_57e1a30261,CUST_00049,MER_0039,2025-04-28 03:31:19.000000,163.7,INR,wallet,DEV_48c0b5ab53,IP_20523fc1ac,IN,Hyderabad,success,,0,0,0,1800,257.69,1.63,0,1,Hyderabad,IN,1,10,2025-01-05 23:37:36.000000,1,10,0.0111,595.03,0.635259420233614,-0.7248878207821454,0,0,0,0,2025-04-21 06:11:41.000000,595178.0,1,1,0,0
TXN_586901aa8e,CUST_00049,MER_0028,2025-05-12 02:40:52.000000,173.53,INR,card,DEV_48c0b5ab53,IP_20523fc1ac,IN,Hyderabad,failed,timeout,0,0,0,1800,257.69,1.63,0,1,Hyderabad,IN,1,10,2025-01-05 23:37:36.000000,1,10,0.0099,504.52,0.6734060305017657,-0.6560493141996353,0,0,0,0,2025-04-28 03:31:19.000000,1206573.0,1,1,1,1
TXN_2e8f5bfad6,CUST_00049,MER_0014,2025-06-24 08:53:17.000000,276.43,INR,upi,DEV_48c0b5ab53,IP_20523fc1ac,IN,Hyderabad,success,,0,0,0,1800,257.69,1.63,0,1,Hyderabad,IN,1,10,2025-01-05 23:37:36.000000,1,10,0.019,479.8,1.0727230393107998,-0.42386411004585245,0,0,0,0,2025-05-12 02:40:52.000000,3737545.0,1,1,0,0
TXN_2a9b4cb142,CUST_00049,MER_0015,2025-10-03 09:45:30.000000,232.9,INR,upi,DEV_48c0b5ab53,IP_20523fc1ac,IN,Hyderabad,success,,0,0,0,1800,257.69,1.63,0,1,Hyderabad,IN,1,10,2025-01-05 23:37:36.000000,1,10,0.0068,710.92,0.9037991384997478,-0.6723963315140944,0,0,0,0,2025-06-24 08:53:17.000000,8729533.0,1,1,0,0
TXN_748a79d735,CUST_00049,MER_0021,2025-10-27 17:36:01.000000,343.97,INR,upi,DEV_48c0b5ab53,IP_20523fc1ac,IN,Hyderabad,success,,0,0,0,1800,257.69,1.63,0,1,Hyderabad,IN,1,10,2025-01-05 23:37:36.000000,1,10,0.0166,319.74,1.33482090884396,0.07578032151122793,0,0,0,0,2025-10-03 09:45:30.000000,2101831.0,1,1,0,0
TXN_477d4648b3,CUST_00050,MER_0011,2025-03-15 10:01:41.000000,708.37,INR,wallet,DEV_bc8af46c96,IP_5e134da0f0,IN,Pune,success,,0,0,0,491,556.25,3.32,0,0,Pune,IN,1,5,2025-03-15 10:01:41.000000,1,5,0.0123,803.16,1.2734741573033708,-0.11802131580257977,0,1,0,0,,999999.0,1,1,0,0
TXN_df58994296,CUST_00050,MER_0031,2025-04-19 16:50:29.000000,733.02,INR,netbanking,DEV_bc8af46c96,IP_5e134da0f0,IN,Pune,success,,0,0,0,491,556.25,3.32,0,0,Pune,IN,1,5,2025-03-15 10:01:41.000000,1,5,0.0296,527.92,1.3177887640449437,0.3885058342173057,0,0,0,0,2025-03-15 10:01:41.000000,3048528.0,1,1,0,0
TXN_5264317552,CUST_00050,MER_0016,2025-05-24 08:43:36.000000,385.94,INR,netbanking,DEV_bc8af46c96,IP_5e134da0f0,IN,Pune,success,,0,0,0,491,556.25,3.32,0,0,Pune,IN,1,5,2025-03-15 10:01:41.000000,1,5,0.0212,463.88,0.6938247191011236,-0.16801759075623005,0,0,0,0,2025-04-19 16:50:29.000000,2994787.0,1,1,0,0
TXN_1d5418a219,CUST_00050,MER_0018,2025-06-12 15:51:45.000000,467.54,INR,card,DEV_bc8af46c96,IP_5e134da0f0,IN,Pune,success,,0,0,0,491,556.25,3.32,0,0,Pune,IN,1,5,2025-03-15 10:01:41.000000,1,5,0.003,659.78,0.8405213483146068,-0.291369850556246,0,0,0,0,2025-05-24 08:43:36.000000,1667289.0,1,1,0,0
TXN_d9023506c0,CUST_00050,MER_0019,2025-08-05 04:28:15.000000,384.01,INR,wallet,DEV_bc8af46c96,IP_5e134da0f0,IN,Pune,success,,0,0,0,491,556.25,3.32,0,0,Pune,IN,1,5,2025-03-15 10:01:41.000000,1,5,0.0275,352.61,0.6903550561797752,0.08905022546155802,0,0,0,0,2025-06-12 15:51:45.000000,4624590.0,1,1,0,0
TXN_73f86296e4,CUST_00051,MER_0028,2025-02-05 12:55:55.000000,590.38,INR,wallet,DEV_c86005e3e4,IP_19b589e31c,IN,Mumbai,success,,0,0,0,494,579.21,1.24,0,1,Mumbai,IN,1,13,2025-02-05 12:55:55.000000,1,13,0.0099,504.52,1.019284888037154,0.17018155870926824,0,1,0,0,,999999.0,1,1,0,0
TXN_8697581443,CUST_00051,MER_0005,2025-02-10 19:15:11.000000,297.61,INR,netbanking,DEV_c86005e3e4,IP_19b589e31c,IN,Mumbai,success,,0,0,0,494,579.21,1.24,0,1,Mumbai,IN,1,13,2025-02-05 12:55:55.000000,1,13,0.0292,1054.12,0.5138205486783722,-0.7176697150229575,0,0,0,0,2025-02-05 12:55:55.000000,454756.0,1,1,0,0
TXN_b7df6155e5,CUST_00051,MER_0013,2025-02-15 10:15:40.000000,347.21,INR,card,DEV_c86005e3e4,IP_19b589e31c,IN,Mumbai,success,,0,0,0,494,579.21,1.24,0,1,Mumbai,IN,1,13,2025-02-05 12:55:55.000000,1,13,0.0164,580.87,0.5994544293088861,-0.4022586809441011,0,0,0,0,2025-02-10 19:15:11.000000,399629.0,1,1,0,0
TXN_c96161adcf,CUST_00051,MER_0019,2025-02-20 10:18:25.000000,301.45,INR,wallet,DEV_c86005e3e4,IP_19b589e31c,IN,Mumbai,success,,0,0,0,494,579.21,1.24,0,1,Mumbai,IN,1,13,2025-02-05 12:55:55.000000,1,13,0.0275,352.61,0.5204502684691217,-0.14508947562462784,0,0,0,0,2025-02-15 10:15:40.000000,432165.0,1,1,0,0
TXN_8d5d907358,CUST_00051,MER_0035,2025-04-18 16:31:49.000000,506.62,INR,wallet,DEV_c86005e3e4,IP_19b589e31c,IN,Mumbai,success,,0,0,0,494,579.21,1.24,0,1,Mumbai,IN,1,13,2025-02-05 12:55:55.000000,1,13,0.0041,1163.01,0.8746741251014312,-0.5643889562428526,0,0,0,0,2025-02-20 10:18:25.000000,4947204.0,1,1,0,0
TXN_32ccf803d5,CUST_00051,MER_0034,2025-04-19 03:42:53.000000,728.19,INR,wallet,DEV_c86005e3e4,IP_19b589e31c,IN,Mumbai,success,,0,0,0,494,579.21,1.24,0,1,Mumbai,IN,1,13,2025-02-05 12:55:55.000000,1,13,0.0236,1234.72,1.2572124100067332,-0.4102387585849423,0,0,0,0,2025-04-18 16:31:49.000000,40264.0,1,1,0,0
TXN_1fba874da6,CUST_00051,MER_0028,2025-06-09 21:56:51.000000,391.13,INR,netbanking,DEV_c86005e3e4,IP_19b589e31c,IN,Mumbai,success,,0,0,0,494,579.21,1.24,0,1,Mumbai,IN,1,13,2025-02-05 12:55:55.000000,1,13,0.0099,504.52,0.6752818494155832,-0.22474827558867833,0,0,0,0,2025-04-19 03:42:53.000000,4472038.0,1,1,0,0
TXN_a986350add,CUST_00051,MER_0030,2025-07-06 01:51:38.000000,673.68,INR,netbanking,DEV_c86005e3e4,IP_19b589e31c,IN,Mumbai,success,,0,0,0,494,579.21,1.24,0,1,Mumbai,IN,1,13,2025-02-05 12:55:55.000000,1,13,0.0041,807.91,1.16310146578961,-0.1661447438452303,0,0,0,0,2025-06-09 21:56:51.000000,2260487.0,1,1,0,0
TXN_04e6d9789b,CUST_00051,MER_0007,2025-07-06 02:10:49.000000,502.6,INR,netbanking,DEV_c86005e3e4,IP_19b589e31c,IN,Mumbai,success,,0,1,0,494,579.21,1.24,0,1,Mumbai,IN,1,13,2025-02-05 12:55:55.000000,1,13,0.0071,921.07,0.8677336371954903,-0.4543302897716786,0,0,0,0,2025-07-06 01:51:38.000000,1151.0,1,2,0,0
TXN_e3efeb5600,CUST_00051,MER_0016,2025-07-09 15:35:15.000000,586.14,INR,upi,DEV_c86005e3e4,IP_19b589e31c,IN,Mumbai,success,,0,0,0,494,579.21,1.24,0,1,Mumbai,IN,1,13,2025-02-05 12:55:55.000000,1,13,0.0212,463.88,1.011964572434868,0.2635595412606708,0,0,0,0,2025-07-06 02:10:49.000000,307466.0,1,1,0,0
TXN_5279d31a4f,CUST_00051,MER_0010,2025-08-11 21:36:58.000000,605.47,INR,card,DEV_c86005e3e4,IP_19b589e31c,IN,Mumbai,success,,0,0,0,494,579.21,1.24,0,1,Mumbai,IN,1,13,2025-02-05 12:55:55.000000,1,13,0.0102,362.24,1.0453376150273648,0.671460909893993,0,0,0,0,2025-07-09 15:35:15.000000,2872903.0,1,1,0,0
TXN_7f8402318e,CUST_00051,MER_0009,2025-09-16 22:50:13.000000,784.88,INR,wallet,DEV_c86005e3e4,IP_19b589e31c,IN,Mumbai,success,,0,0,0,494,579.21,1.24,0,1,Mumbai,IN,1,13,2025-02-05 12:55:55.000000,1,13,0.0102,211.04,1.3550871013967298,2.719105382865808,0,0,0,0,2025-08-11 21:36:58.000000,3114795.0,1,1,0,0
TXN_05d27ced32,CUST_00051,MER_0011,2025-09-29 09:22:35.000000,515.63,INR,wallet,DEV_c86005e3e4,IP_19b589e31c,IN,Mumbai,success,,0,0,0,494,579.21,1.24,0,1,Mumbai,IN,1,13,2025-02-05 12:55:55.000000,1,13,0.0123,803.16,0.8902297957562887,-0.3579984062951342,0,0,0,0,2025-09-16 22:50:13.000000,1074742.0,1,1,0,0
TXN_5d9e1b10e1,CUST_00052,MER_0010,2025-02-11 19:52:38.000000,381.12,INR,wallet,DEV_b97ee77584,IP_9a6e690b07,IN,Delhi,success,,0,0,0,176,513.24,0.88,0,0,Delhi,IN,1,11,2025-02-11 19:52:38.000000,1,11,0.0102,362.24,0.7425765723638064,0.05212014134275617,0,1,0,0,,999999.0,1,1,0,0
TXN_e9dd543153,CUST_00052,MER_0008,2025-02-15 15:16:22.000000,326.83,INR,netbanking,DEV_b97ee77584,IP_9a6e690b07,IN,Delhi,success,,0,0,0,176,513.24,0.88,0,0,Delhi,IN,1,11,2025-02-11 19:52:38.000000,1,11,0.0141,769.07,0.636797599563557,-0.5750321817259808,0,0,0,0,2025-02-11 19:52:38.000000,329024.0,1,1,0,0
TXN_2adb6ae8e1,CUST_00052,MER_0003,2025-02-23 23:43:51.000000,748.43,INR,upi,DEV_b97ee77584,IP_9a6e690b07,IN,Delhi,success,,0,0,0,176,513.24,0.88,0,0,Delhi,IN,1,11,2025-02-11 19:52:38.000000,1,11,0.0263,577.97,1.4582456550541656,0.2949288025330033,0,0,0,0,2025-02-15 15:16:22.000000,721649.0,1,1,0,0
TXN_e5b3264076,CUST_00052,MER_0036,2025-03-07 03:30:16.000000,608.77,INR,wallet,DEV_b97ee77584,IP_9a6e690b07,IN,Delhi,success,,0,0,0,176,513.24,0.88,0,0,Delhi,IN,1,11,2025-02-11 19:52:38.000000,1,11,0.0262,402.01,1.1861312446418828,0.5143155642894455,0,0,0,0,2025-02-23 23:43:51.000000,963985.0,1,1,0,0
TXN_5bea8e80d1,CUST_00052,MER_0001,2025-04-30 14:33:09.000000,509.36,INR,netbanking,DEV_b97ee77584,IP_9a6e690b07,IN,Delhi,success,,0,0,0,176,513.24,0.88,0,0,Delhi,IN,1,11,2025-02-11 19:52:38.000000,1,11,0.0188,612.19,0.9924401839295457,-0.16797072804194782,0,0,0,0,2025-03-07 03:30:16.000000,4705373.0,1,1,0,0
TXN_09ac452f9c,CUST_00052,MER_0011,2025-05-06 22:46:59.000000,215.73,INR,card,DEV_b97ee77584,IP_9a6e690b07,IN,Delhi,success,,0,0,0,176,513.24,0.88,0,0,Delhi,IN,1,11,2025-02-11 19:52:38.000000,1,11,0.0123,803.16,0.4203296703296703,-0.7313984760197221,0,0,0,0,2025-04-30 14:33:09.000000,548030.0,1,1,0,0
TXN_7ff963ae4b,CUST_00052,MER_0033,2025-05-25 04:54:03.000000,524.77,INR,card,DEV_b97ee77584,IP_9a6e690b07,IN,Delhi,success,,0,0,0,176,513.24,0.88,0,0,Delhi,IN,1,11,2025-02-11 19:52:38.000000,1,11,0.0248,960.07,1.0224651235289532,-0.45340443925963736,0,0,0,0,2025-05-06 22:46:59.000000,1577224.0,1,1,0,0
TXN_86cb6b2bef,CUST_00052,MER_0021,2025-06-18 07:42:26.000000,272.34,INR,wallet,DEV_b97ee77584,IP_9a6e690b07,IN,Delhi,success,,0,0,0,176,513.24,0.88,0,0,Delhi,IN,1,11,2025-02-11 19:52:38.000000,1,11,0.0166,319.74,0.5306289455225625,-0.14824544942766008,0,0,0,0,2025-05-25 04:54:03.000000,2083703.0,1,1,0,0
TXN_ec4ec19fb7,CUST_00052,MER_0003,2025-07-03 23:27:55.000000,389.78,INR,netbanking,DEV_b97ee77584,IP_9a6e690b07,IN,Delhi,success,,0,0,0,176,513.24,0.88,0,0,Delhi,IN,1,11,2025-02-11 19:52:38.000000,1,11,0.0263,577.97,0.7594497700880679,-0.3256051352146306,0,0,0,0,2025-06-18 07:42:26.000000,1352729.0,1,1,0,0
TXN_cf04f3d1d7,CUST_00052,MER_0004,2025-07-21 16:00:15.000000,349.48,INR,wallet,DEV_b97ee77584,IP_9a6e690b07,IN,Delhi,success,,0,0,0,176,513.24,0.88,0,0,Delhi,IN,1,11,2025-02-11 19:52:38.000000,1,11,0.0026,1715.62,0.6809290000779362,-0.796295216889521,0,0,0,0,2025-07-03 23:27:55.000000,1528340.0,1,1,0,0
TXN_03ee96c128,CUST_00052,MER_0001,2025-08-04 00:14:58.000000,504.55,INR,wallet,DEV_b97ee77584,IP_9a6e690b07,IN,Delhi,success,,0,0,0,176,513.24,0.88,0,0,Delhi,IN,1,11,2025-02-11 19:52:38.000000,1,11,0.0188,612.19,0.9830683500896267,-0.17582776588967483,0,0,0,0,2025-07-21 16:00:15.000000,1152883.0,1,1,0,0
TXN_621c209305,CUST_00053,MER_0005,2025-01-20 13:14:51.000000,584.04,INR,card,DEV_7881f1d148,IP_5bbe6bfe72,IN,Ahmedabad,success,,0,0,0,1672,907.52,5.19,1,1,Ahmedabad,IN,1,14,2025-01-20 13:14:51.000000,1,14,0.0292,1054.12,0.6435560648801129,-0.4459454331575152,0,1,0,0,,999999.0,1,1,0,0
TXN_d36df43f77,CUST_00053,MER_0033,2025-01-24 01:33:17.000000,688.6,INR,netbanking,DEV_7881f1d148,IP_5bbe6bfe72,IN,Ahmedabad,success,,0,0,0,1672,907.52,5.19,1,1,Ahmedabad,IN,1,14,2025-01-20 13:14:51.000000,1,14,0.0248,960.07,0.7587711565585332,-0.2827606320372473,0,0,0,0,2025-01-20 13:14:51.000000,303506.0,1,1,0,0
TXN_8ec162a570,CUST_00053,MER_0032,2025-03-05 10:13:45.000000,1216.9,INR,upi,DEV_7881f1d148,IP_5bbe6bfe72,IN,Ahmedabad,success,,0,0,0,1672,907.52,5.19,1,1,Ahmedabad,IN,1,14,2025-01-20 13:14:51.000000,1,14,0.0022,443.12,1.3409070874471087,1.7462087019317567,0,0,0,0,2025-01-24 01:33:17.000000,3487228.0,1,1,0,0
TXN_6ca420585b,CUST_00053,MER_0015,2025-03-18 04:14:21.000000,679.48,INR,netbanking,DEV_7881f1d148,IP_5bbe6bfe72,IN,Ahmedabad,success,,0,0,0,1672,907.52,5.19,1,1,Ahmedabad,IN,1,14,2025-01-20 13:14:51.000000,1,14,0.0068,710.92,0.7487217912552891,-0.044224385303550245,0,0,0,0,2025-03-05 10:13:45.000000,1101636.0,1,1,0,0
TXN_00de51bff4,CUST_00053,MER_0031,2025-03-18 14:45:58.000000,994.98,INR,upi,DEV_7881f1d148,IP_5bbe6bfe72,IN,Ahmedabad,success,,0,1,0,1672,907.52,5.19,1,1,Ahmedabad,IN,1,14,2025-01-20 13:14:51.000000,1,14,0.0296,527.92,1.0963725317348378,0.8847173814214276,0,0,0,0,2025-03-18 04:14:21.000000,37897.0,1,1,0,0
TXN_1d831ffdb3,CUST_00053,MER_0019,2025-04-04 15:14:40.000000,1172.16,INR,upi,DEV_7881f1d148,IP_5bbe6bfe72,IN,Ahmedabad,success,,0,0,0,1672,907.52,5.19,1,1,Ahmedabad,IN,1,14,2025-01-20 13:14:51.000000,1,14,0.0275,352.61,1.291607898448519,2.324239244491081,0,0,0,0,2025-03-18 14:45:58.000000,1470522.0,1,1,0,0
TXN_1f16de8261,CUST_00053,MER_0006,2025-04-16 01:58:02.000000,1167.16,INR,upi,DEV_7881f1d148,IP_5bbe6bfe72,IN,Ahmedabad,success,,0,0,0,1672,907.52,5.19,1,1,Ahmedabad,IN,1,14,2025-01-20 13:14:51.000000,1,14,0.0071,501.86,1.2860983779971793,1.3256685131311523,0,0,0,0,2025-04-04 15:14:40.000000,989002.0,1,1,0,0
TXN_f1a0a6ab85,CUST_00053,MER_0005,2025-04-22 05:59:22.000000,806.15,INR,wallet,DEV_7881f1d148,IP_5bbe6bfe72,IN,Ahmedabad,failed,bank_decline,0,0,0,1672,907.52,5.19,1,1,Ahmedabad,IN,1,14,2025-01-20 13:14:51.000000,1,14,0.0292,1054.12,0.8882999823695346,-0.23523887223466014,0,0,0,0,2025-04-16 01:58:02.000000,532880.0,1,1,1,1
TXN_789a485a48,CUST_00053,MER_0036,2025-05-15 09:17:55.000000,1137.33,INR,card,DEV_7881f1d148,IP_5bbe6bfe72,IN,Ahmedabad,success,,0,0,0,1672,907.52,5.19,1,1,Ahmedabad,IN,1,14,2025-01-20 13:14:51.000000,1,14,0.0262,402.01,1.253228578984485,1.829108728638591,0,0,0,0,2025-04-22 05:59:22.000000,1999113.0,1,1,0,0
TXN_188d4b847f,CUST_00053,MER_0006,2025-06-16 08:46:18.000000,1156.14,INR,card,DEV_7881f1d148,IP_5bbe6bfe72,IN,Ahmedabad,success,,0,0,0,1672,907.52,5.19,1,1,Ahmedabad,IN,1,14,2025-01-20 13:14:51.000000,1,14,0.0071,501.86,1.273955394922426,1.303710198063205,0,0,0,0,2025-05-15 09:17:55.000000,2762903.0,1,1,0,0
TXN_6899ab09fc,CUST_00053,MER_0032,2025-06-18 15:29:09.000000,1353.11,INR,wallet,DEV_7881f1d148,IP_5bbe6bfe72,IN,Ahmedabad,success,,0,0,0,1672,907.52,5.19,1,1,Ahmedabad,IN,1,14,2025-01-20 13:14:51.000000,1,14,0.0022,443.12,1.4909974435825104,2.05359721971475,0,0,0,0,2025-06-16 08:46:18.000000,196971.0,1,1,0,0
TXN_0793bd4cbb,CUST_00053,MER_0007,2025-06-30 23:59:46.359438,3828.41,INR,netbanking,DEV_65cc33749d,IP_9a9ecb4c04,IN,Chennai,success,,0,0,1,1672,907.52,5.19,1,1,Ahmedabad,IN,6,13,2025-06-30 23:59:46.359438,10,25,0.0071,921.07,4.218540638222849,3.1564810492145,0,1,1,1,2025-06-18 15:29:09.000000,1067437.359438,1,1,0,0
TXN_eeeb233489,CUST_00053,MER_0007,2025-07-02 02:50:28.132629,3753.34,INR,upi,DEV_65cc33749d,IP_9a9ecb4c04,IN,Chennai,success,,0,0,1,1672,907.52,5.19,1,1,Ahmedabad,IN,6,13,2025-06-30 23:59:46.359438,10,25,0.0071,921.07,4.135820698166432,3.074978014700294,0,0,1,1,2025-06-30 23:59:46.359438,96641.773191,1,1,0,0
TXN_3f5e802e88,CUST_00053,MER_0007,2025-07-02 16:01:01.834119,3781.62,INR,wallet,DEV_65cc33749d,IP_9a9ecb4c04,IN,Chennai,success,,1,0,1,1672,907.52,5.19,1,1,Ahmedabad,IN,6,13,2025-06-30 23:59:46.359438,10,25,0.0071,921.07,4.16698254583921,3.1056814357214972,0,0,1,1,2025-07-02 02:50:28.132629,47433.70149,1,1,0,0
TXN_97615c5ae9,CUST_00053,MER_0031,2025-08-04 03:07:18.000000,841.02,INR,wallet,DEV_7881f1d148,IP_5bbe6bfe72,IN,Ahmedabad,success,,0,0,0,1672,907.52,5.19,1,1,Ahmedabad,IN,1,14,2025-01-20 13:14:51.000000,1,14,0.0296,527.92,0.9267233779971791,0.5930822851947266,0,0,0,0,2025-07-02 16:01:01.834119,2804776.165881,1,1,0,0
TXN_e9211d3875,CUST_00053,MER_0032,2025-08-09 09:59:05.000000,1225.77,INR,card,DEV_7881f1d148,IP_5bbe6bfe72,IN,Ahmedabad,failed,timeout,0,0,0,1672,907.52,5.19,1,1,Ahmedabad,IN,1,14,2025-01-20 13:14:51.000000,1,14,0.0022,443.12,1.3506809767277856,1.7662258530420654,0,0,0,0,2025-08-04 03:07:18.000000,456707.0,1,1,1,1
TXN_11aaca01b5,CUST_00053,MER_0002,2025-10-12 10:29:30.000000,1065.78,INR,upi,DEV_7881f1d148,IP_5bbe6bfe72,IN,Ahmedabad,success,,0,0,0,1672,907.52,5.19,1,1,Ahmedabad,IN,1,14,2025-01-20 13:14:51.000000,1,14,0.0036,577.96,1.174387341325811,0.8440376496643365,0,0,0,0,2025-08-09 09:59:05.000000,5531425.0,1,1,0,0
TXN_cf1a6ae06b,CUST_00054,MER_0013,2025-03-21 05:17:13.000000,246.78,INR,wallet,DEV_70fed3b2ca,IP_f87ea86f9f,IN,Delhi,success,,0,0,0,1558,187.85,1.09,0,0,Delhi,IN,1,13,2025-03-21 05:17:13.000000,1,13,0.0164,580.87,1.3137077455416557,-0.575154509614888,0,1,0,0,,999999.0,1,1,0,0
TXN_8f05085a83,CUST_00054,MER_0013,2025-04-05 08:23:48.000000,234.49,INR,wallet,DEV_70fed3b2ca,IP_f87ea86f9f,IN,Delhi,success,,0,0,0,1558,187.85,1.09,0,0,Delhi,IN,1,13,2025-03-21 05:17:13.000000,1,13,0.0164,580.87,1.2482832046845889,-0.5963124279098594,0,0,0,0,2025-03-21 05:17:13.000000,1307195.0,1,1,0,0
TXN_3f2888053a,CUST_00054,MER_0003,2025-04-07 02:46:18.000000,180.87,INR,card,DEV_70fed3b2ca,IP_f87ea86f9f,IN,Delhi,success,,0,0,0,1558,187.85,1.09,0,0,Delhi,IN,1,13,2025-03-21 05:17:13.000000,1,13,0.0263,577.97,0.9628426936385415,-0.6870598820007959,0,0,0,0,2025-04-05 08:23:48.000000,152550.0,1,1,0,0
TXN_ad57255e32,CUST_00054,MER_0000,2025-04-17 01:30:07.000000,163.82,INR,netbanking,DEV_70fed3b2ca,IP_f87ea86f9f,IN,Delhi,success,,0,0,0,1558,187.85,1.09,0,0,Delhi,IN,1,13,2025-03-21 05:17:13.000000,1,13,0.0225,896.08,0.8720787862656375,-0.8171815016516382,0,0,0,0,2025-04-07 02:46:18.000000,859429.0,1,1,0,0
TXN_77329980c4,CUST_00054,MER_0003,2025-04-24 17:27:23.000000,185.01,INR,upi,DEV_70fed3b2ca,IP_f87ea86f9f,IN,Delhi,success,,0,0,0,1558,187.85,1.09,0,0,Delhi,IN,1,13,2025-03-21 05:17:13.000000,1,13,0.0263,577.97,0.9848815544317274,-0.6798968804609236,0,0,0,0,2025-04-17 01:30:07.000000,662236.0,1,1,0,0
TXN_ead1cd6e48,CUST_00054,MER_0035,2025-05-26 03:04:49.000000,226.04,INR,wallet,DEV_70fed3b2ca,IP_f87ea86f9f,IN,Delhi,success,,0,0,0,1558,187.85,1.09,0,0,Delhi,IN,1,13,2025-03-21 05:17:13.000000,1,13,0.0041,1163.01,1.2033005057226511,-0.8056422558705428,0,0,0,0,2025-04-24 17:27:23.000000,2713046.0,1,1,0,0
TXN_eac766e220,CUST_00054,MER_0026,2025-06-20 16:48:49.000000,183.46,INR,wallet,DEV_70fed3b2ca,IP_f87ea86f9f,IN,Delhi,success,,0,0,0,1558,187.85,1.09,0,0,Delhi,IN,1,13,2025-03-21 05:17:13.000000,1,13,0.0129,620.55,0.9766302901250998,-0.7043590363387316,0,0,0,0,2025-05-26 03:04:49.000000,2209440.0,1,1,0,0
TXN_f9ec2536b9,CUST_00054,MER_0035,2025-06-24 00:55:38.000000,209.35,INR,netbanking,DEV_70fed3b2ca,IP_f87ea86f9f,IN,Delhi,success,,0,0,0,1558,187.85,1.09,0,0,Delhi,IN,1,13,2025-03-21 05:17:13.000000,1,13,0.0041,1163.01,1.1144530210274155,-0.8199929493297564,0,0,0,0,2025-06-20 16:48:49.000000,288409.0,1,1,0,0
TXN_ea4971773b,CUST_00054,MER_0031,2025-07-13 13:36:07.000000,179.62,INR,wallet,DEV_70fed3b2ca,IP_f87ea86f9f,IN,Delhi,success,,0,0,0,1558,187.85,1.09,0,0,Delhi,IN,1,13,2025-03-21 05:17:13.000000,1,13,0.0296,527.92,0.9561884482299707,-0.6597590544021821,0,0,0,0,2025-06-24 00:55:38.000000,1687229.0,1,1,0,0
TXN_e27f1ee698,CUST_00054,MER_0028,2025-09-21 18:38:32.000000,176.73,INR,wallet,DEV_70fed3b2ca,IP_f87ea86f9f,IN,Delhi,success,,0,0,0,1558,187.85,1.09,0,0,Delhi,IN,1,13,2025-03-21 05:17:13.000000,1,13,0.0099,504.52,0.9408038328453553,-0.6497066518671212,0,0,0,0,2025-07-13 13:36:07.000000,6066145.0,1,1,0,0
TXN_84913938da,CUST_00054,MER_0005,2025-09-23 05:32:43.000000,311.54,INR,netbanking,DEV_70fed3b2ca,IP_f87ea86f9f,IN,Delhi,success,,0,0,0,1558,187.85,1.09,0,0,Delhi,IN,1,13,2025-03-21 05:17:13.000000,1,13,0.0292,1054.12,1.658450891668885,-0.7044549007703108,0,0,0,0,2025-09-21 18:38:32.000000,125651.0,1,1,0,0
TXN_a38083a1ca,CUST_00054,MER_0001,2025-10-17 20:39:18.000000,159.15,INR,wallet,DEV_70fed3b2ca,IP_f87ea86f9f,IN,Delhi,success,,0,0,0,1558,187.85,1.09,0,0,Delhi,IN,1,13,2025-03-21 05:17:13.000000,1,13,0.0188,612.19,0.8472185254192175,-0.7400316895081593,0,0,0,0,2025-09-23 05:32:43.000000,2127995.0,1,1,0,0
TXN_8cf3906eed,CUST_00054,MER_0005,2025-10-21 02:44:31.000000,287.45,INR,upi,DEV_70fed3b2ca,IP_f87ea86f9f,IN,Delhi,success,,0,0,0,1558,187.85,1.09,0,0,Delhi,IN,1,13,2025-03-21 05:17:13.000000,1,13,0.0292,1054.12,1.5302102741549108,-0.7273080863658786,0,0,0,0,2025-10-17 20:39:18.000000,281113.0,1,1,0,0
TXN_aba5f89a46,CUST_00055,MER_0038,2025-01-10 17:55:51.000000,622.44,INR,upi,DEV_6449956e5c,IP_60a0a62a40,IN,Bangalore,success,,0,0,0,263,609.79,3.03,0,0,Bangalore,IN,1,18,2025-01-10 17:55:51.000000,1,18,0.0107,498.94,1.0207448465865299,0.24752475247524763,0,1,0,0,,999999.0,1,1,0,0
TXN_735cec4e4e,CUST_00055,MER_0026,2025-01-19 02:18:46.000000,523.15,INR,upi,DEV_6449956e5c,IP_60a0a62a40,IN,Bangalore,success,,0,0,0,263,609.79,3.03,0,0,Bangalore,IN,1,18,2025-01-10 17:55:51.000000,1,18,0.0129,620.55,0.8579182997425343,-0.15695753766819753,0,0,0,0,2025-01-10 17:55:51.000000,721375.0,1,1,0,0
TXN_b7257661d6,CUST_00055,MER_0024,2025-03-27 14:00:59.000000,749.32,INR,upi,DEV_6449956e5c,IP_60a0a62a40,IN,Bangalore,success,,0,0,0,263,609.79,3.03,0,0,Bangalore,IN,1,18,2025-01-10 17:55:51.000000,1,18,0.0045,1035.96,1.2288164778038342,-0.2766902196996023,0,0,0,0,2025-01-19 02:18:46.000000,5830933.0,1,1,0,0
TXN_14194e7baa,CUST_00055,MER_0002,2025-03-31 12:09:40.000000,407.41,INR,card,DEV_6449956e5c,IP_60a0a62a40,IN,Bangalore,success,,0,0,0,263,609.79,3.03,0,0,Bangalore,IN,1,18,2025-01-10 17:55:51.000000,1,18,0.0036,577.96,0.6681152527919448,-0.29508962557962487,0,0,0,0,2025-03-27 14:00:59.000000,338921.0,1,1,0,0
TXN_ac3668b414,CUST_00055,MER_0031,2025-04-17 00:11:35.000000,696.67,INR,card,DEV_6449956e5c,IP_60a0a62a40,IN,Bangalore,success,,0,0,0,263,609.79,3.03,0,0,Bangalore,IN,1,18,2025-01-10 17:55:51.000000,1,18,0.0296,527.92,1.1424752783745225,0.31965070465222006,0,0,0,0,2025-03-31 12:09:40.000000,1425715.0,1,1,0,0
TXN_b61c33f056,CUST_00055,MER_0014,2025-04-21 11:38:29.000000,215.61,INR,card,DEV_6449956e5c,IP_60a0a62a40,IN,Bangalore,success,,0,0,0,263,609.79,3.03,0,0,Bangalore,IN,1,18,2025-01-10 17:55:51.000000,1,18,0.019,479.8,0.3535807409108054,-0.5506252605252189,0,0,0,0,2025-04-17 00:11:35.000000,386814.0,1,1,0,0
TXN_0a948dc2b6,CUST_00055,MER_0012,2025-06-04 19:08:36.000000,418.4,INR,card,DEV_6449956e5c,IP_60a0a62a40,IN,Bangalore,success,,0,0,0,263,609.79,3.03,0,0,Bangalore,IN,1,18,2025-01-10 17:55:51.000000,1,18,0.0076,1602.61,0.6861378507354992,-0.7389258771628782,0,0,0,0,2025-04-21 11:38:29.000000,3828607.0,1,1,0,0
TXN_22167e896a,CUST_00055,MER_0004,2025-06-09 22:00:13.000000,710.01,INR,netbanking,DEV_6449956e5c,IP_60a0a62a40,IN,Bangalore,success,,0,0,0,263,609.79,3.03,0,0,Bangalore,IN,1,18,2025-01-10 17:55:51.000000,1,18,0.0026,1715.62,1.1643516620475902,-0.5861496135507863,0,0,0,0,2025-06-04 19:08:36.000000,442297.0,1,1,0,0
TXN_c2eceac34a,CUST_00055,MER_0028,2025-06-22 00:23:28.000000,682.63,INR,wallet,DEV_6449956e5c,IP_60a0a62a40,IN,Bangalore,success,,0,0,0,263,609.79,3.03,0,0,Bangalore,IN,1,18,2025-01-10 17:55:51.000000,1,18,0.0099,504.52,1.119450958526706,0.3530286212637755,0,0,0,0,2025-06-09 22:00:13.000000,1045395.0,1,1,0,0
TXN_605cf95f02,CUST_00055,MER_0034,2025-07-03 03:41:28.000000,602.11,INR,wallet,DEV_6449956e5c,IP_60a0a62a40,IN,Bangalore,success,,0,0,0,263,609.79,3.03,0,0,Bangalore,IN,1,18,2025-01-10 17:55:51.000000,1,18,0.0236,1234.72,0.9874055002541859,-0.5123509783594661,0,0,0,0,2025-06-22 00:23:28.000000,962280.0,1,1,0,0
TXN_b008c381fc,CUST_00055,MER_0011,2025-07-15 23:50:37.000000,540.9,INR,upi,DEV_6449956e5c,IP_60a0a62a40,IN,Bangalore,success,,0,0,0,263,609.79,3.03,0,0,Bangalore,IN,1,18,2025-01-10 17:55:51.000000,1,18,0.0123,803.16,0.8870266813165189,-0.3265351860152398,0,0,0,0,2025-07-03 03:41:28.000000,1109349.0,1,1,0,0
TXN_3961c935f2,CUST_00055,MER_0013,2025-07-16 21:54:54.000000,966.71,INR,wallet,DEV_6449956e5c,IP_60a0a62a40,IN,Bangalore,success,,0,0,0,263,609.79,3.03,0,0,Bangalore,IN,1,18,2025-01-10 17:55:51.000000,1,18,0.0164,580.87,1.5853162564161434,0.6642450117926559,0,0,0,0,2025-07-15 23:50:37.000000,79457.0,1,1,0,0
TXN_e7ec0837e0,CUST_00055,MER_0028,2025-08-02 05:55:20.000000,840.86,INR,card,DEV_6449956e5c,IP_60a0a62a40,IN,Bangalore,success,,0,0,0,263,609.79,3.03,0,0,Bangalore,IN,1,18,2025-01-10 17:55:51.000000,1,18,0.0099,504.52,1.3789337312845407,0.6666534527868073,0,0,0,0,2025-07-16 21:54:54.000000,1411226.0,1,1,0,0
TXN_4dcf2b19a8,CUST_00055,MER_0011,2025-08-11 01:47:46.000000,867.45,INR,upi,DEV_6449956e5c,IP_60a0a62a40,IN,Bangalore,success,,0,0,0,263,609.79,3.03,0,0,Bangalore,IN,1,18,2025-01-10 17:55:51.000000,1,18,0.0123,803.16,1.42253890683678,0.08004631704766184,0,0,0,0,2025-08-02 05:55:20.000000,762746.0,1,1,0,0
TXN_4623ef70c5,CUST_00055,MER_0034,2025-08-29 00:11:51.000000,590.58,INR,card,DEV_6449956e5c,IP_60a0a62a40,IN,Bangalore,success,,0,0,0,263,609.79,3.03,0,0,Bangalore,IN,1,18,2025-01-10 17:55:51.000000,1,18,0.0236,1234.72,0.9684973515472541,-0.5216891278994428,0,0,0,0,2025-08-11 01:47:46.000000,1549445.0,1,1,0,0
TXN_cc4328b9e3,CUST_00055,MER_0037,2025-09-09 22:33:34.000000,600.18,INR,netbanking,DEV_6449956e5c,IP_60a0a62a40,IN,Bangalore,success,,0,0,0,263,609.79,3.03,0,0,Bangalore,IN,1,18,2025-01-10 17:55:51.000000,1,18,0.0195,552.51,0.9842404762295216,0.08627898137590262,0,0,0,0,2025-08-29 00:11:51.000000,1030903.0,1,1,0,0
TXN_c19161a2de,CUST_00055,MER_0031,2025-09-23 10:01:19.000000,689.02,INR,netbanking,DEV_6449956e5c,IP_60a0a62a40,IN,Bangalore,success,,0,0,0,263,609.79,3.03,0,0,Bangalore,IN,1,18,2025-01-10 17:55:51.000000,1,18,0.0296,527.92,1.1299299758933403,0.3051598727079861,0,0,0,0,2025-09-09 22:33:34.000000,1164465.0,1,1,0,0
TXN_97e22213b2,CUST_00055,MER_0013,2025-10-28 05:20:10.000000,702.99,INR,wallet,DEV_6449956e5c,IP_60a0a62a40,IN,Bangalore,success,,0,0,0,263,609.79,3.03,0,0,Bangalore,IN,1,18,2025-01-10 17:55:51.000000,1,18,0.0164,580.87,1.152839502123682,0.2102363695835557,0,0,0,0,2025-09-23 10:01:19.000000,3007131.0,1,1,0,0
TXN_601cd6b836,CUST_00056,MER_0038,2025-01-27 10:55:19.000000,684.1,INR,card,DEV_eb0822f7dd,IP_cf03d64c99,IN,Ahmedabad,success,,0,0,0,1940,706.65,6.06,0,0,Ahmedabad,IN,1,12,2025-01-27 10:55:19.000000,1,12,0.0107,498.94,0.9680888700205195,0.3711067463021606,0,1,0,0,,999999.0,1,1,0,0
TXN_abad9b15d8,CUST_00056,MER_0033,2025-03-20 10:48:30.000000,786.34,INR,card,DEV_eb0822f7dd,IP_cf03d64c99,IN,Ahmedabad,success,,0,0,0,1940,706.65,6.06,0,0,Ahmedabad,IN,1,12,2025-01-27 10:55:19.000000,1,12,0.0248,960.07,1.1127715276303687,-0.18095555532409097,0,0,0,0,2025-01-27 10:55:19.000000,4492391.0,1,1,0,0
TXN_5767a0b828,CUST_00056,MER_0012,2025-05-03 07:41:43.000000,896.51,INR,wallet,DEV_eb0822f7dd,IP_cf03d64c99,IN,Ahmedabad,success,,0,0,0,1940,706.65,6.06,0,0,Ahmedabad,IN,1,12,2025-01-27 10:55:19.000000,1,12,0.0076,1602.61,1.268676148022359,-0.4405937813941008,0,0,0,0,2025-03-20 10:48:30.000000,3790393.0,1,1,0,0
TXN_9270034083,CUST_00056,MER_0015,2025-06-13 10:18:04.000000,845.66,INR,wallet,DEV_eb0822f7dd,IP_cf03d64c99,IN,Ahmedabad,success,,0,0,0,1940,706.65,6.06,0,0,Ahmedabad,IN,1,12,2025-01-27 10:55:19.000000,1,12,0.0068,710.92,1.196716903700559,0.18952906093512634,0,0,0,0,2025-05-03 07:41:43.000000,3551781.0,1,1,0,0
TXN_3c52cd4397,CUST_00056,MER_0009,2025-06-30 04:10:40.000000,560.85,INR,card,DEV_eb0822f7dd,IP_cf03d64c99,IN,Ahmedabad,success,,0,0,0,1940,706.65,6.06,0,0,Ahmedabad,IN,1,12,2025-01-27 10:55:19.000000,1,12,0.0102,211.04,0.793674379112715,1.6575530705079609,0,0,0,0,2025-06-13 10:18:04.000000,1446756.0,1,1,0,0
TXN_3be4161427,CUST_00056,MER_0038,2025-07-09 05:36:48.000000,625.91,INR,upi,DEV_eb0822f7dd,IP_cf03d64c99,IN,Ahmedabad,success,,0,0,0,1940,706.65,6.06,0,0,Ahmedabad,IN,1,12,2025-01-27 10:55:19.000000,1,12,0.0107,498.94,0.8857425882685912,0.2544794965326492,0,0,0,0,2025-06-30 04:10:40.000000,782768.0,1,1,0,0
TXN_f653ec2ec6,CUST_00056,MER_0014,2025-07-14 02:05:12.000000,907.29,INR,wallet,DEV_eb0822f7dd,IP_cf03d64c99,IN,Ahmedabad,success,,0,0,0,1940,706.65,6.06,0,0,Ahmedabad,IN,1,12,2025-01-27 10:55:19.000000,1,12,0.019,479.8,1.2839312247930375,0.8909754064193413,0,0,0,0,2025-07-09 05:36:48.000000,419304.0,1,1,0,0
TXN_26fe618faf,CUST_00056,MER_0035,2025-07-30 14:39:39.000000,846.83,INR,wallet,DEV_eb0822f7dd,IP_cf03d64c99,IN,Ahmedabad,success,,0,0,0,1940,706.65,6.06,0,0,Ahmedabad,IN,1,12,2025-01-27 10:55:19.000000,1,12,0.0041,1163.01,1.1983726031274324,-0.27186352653889473,0,0,0,0,2025-07-14 02:05:12.000000,1427667.0,1,1,0,0
TXN_4f8429711c,CUST_00056,MER_0020,2025-07-30 15:12:56.000000,717.62,INR,card,DEV_eb0822f7dd,IP_cf03d64c99,IN,Ahmedabad,success,,0,0,0,1940,706.65,6.06,0,0,Ahmedabad,IN,1,12,2025-01-27 10:55:19.000000,1,12,0.0107,1089.56,1.015523951036581,-0.3413671573846323,0,0,0,0,2025-07-30 14:39:39.000000,1997.0,1,2,0,0
TXN_14ad6fb7ac,CUST_00056,MER_0000,2025-09-12 01:47:45.000000,411.0,INR,upi,DEV_eb0822f7dd,IP_cf03d64c99,IN,Ahmedabad,success,,0,0,0,1940,706.65,6.06,0,0,Ahmedabad,IN,1,12,2025-01-27 10:55:19.000000,1,12,0.0225,896.08,0.5816174909785609,-0.5413355950361575,0,0,0,0,2025-07-30 15:12:56.000000,3753289.0,1,1,0,0
TXN_d92ff64a39,CUST_00056,MER_0008,2025-09-18 02:25:27.000000,574.83,INR,wallet,DEV_eb0822f7dd,IP_cf03d64c99,IN,Ahmedabad,success,,0,0,0,1940,706.65,6.06,0,0,Ahmedabad,IN,1,12,2025-01-27 10:55:19.000000,1,12,0.0141,769.07,0.8134578645722778,-0.25256478604028243,0,0,0,0,2025-09-12 01:47:45.000000,520662.0,1,1,0,0
TXN_9fd2d4053f,CUST_00056,MER_0025,2025-09-29 05:01:42.000000,689.93,INR,card,DEV_eb0822f7dd,IP_cf03d64c99,IN,Ahmedabad,success,,0,0,0,1940,706.65,6.06,0,0,Ahmedabad,IN,1,12,2025-01-27 10:55:19.000000,1,12,0.0075,737.17,0.9763390646005802,-0.06408291167573289,0,0,0,0,2025-09-18 02:25:27.000000,959775.0,1,1,0,0
TXN_29d2d2289a,CUST_00057,MER_0016,2025-02-10 12:00:52.000000,815.03,INR,wallet,DEV_f43c61da48,IP_48d772c7e1,IN,Bangalore,success,,0,0,0,543,984.11,1.94,0,1,Bangalore,IN,1,10,2025-02-10 12:00:52.000000,1,10,0.0212,463.88,0.828189938116674,0.7569845649737,0,1,0,0,,999999.0,1,1,0,0
TXN_ee786c98aa,CUST_00057,MER_0018,2025-05-03 14:04:40.000000,876.84,INR,wallet,DEV_f43c61da48,IP_48d772c7e1,IN,Bangalore,success,,0,0,0,543,984.11,1.94,0,1,Bangalore,IN,1,10,2025-02-10 12:00:52.000000,1,10,0.003,659.78,0.8909979575453963,0.32898845069568655,0,0,0,0,2025-02-10 12:00:52.000000,7092228.0,1,1,0,0
TXN_ec653a4f6f,CUST_00057,MER_0011,2025-05-05 05:17:54.000000,1488.7,INR,card,DEV_f43c61da48,IP_48d772c7e1,IN,Bangalore,success,,0,0,0,543,984.11,1.94,0,1,Bangalore,IN,1,10,2025-02-10 12:00:52.000000,1,10,0.0123,803.16,1.5127373972421783,0.8535534638179193,0,0,0,0,2025-05-03 14:04:40.000000,141194.0,1,1,0,0
TXN_48fe22970a,CUST_00057,MER_0012,2025-06-25 02:05:03.000000,1252.55,INR,upi,DEV_f43c61da48,IP_48d772c7e1,IN,Bangalore,success,,0,0,0,543,984.11,1.94,0,1,Bangalore,IN,1,10,2025-02-10 12:00:52.000000,1,10,0.0076,1602.61,1.272774384977289,-0.21843118413088647,0,0,0,0,2025-05-05 05:17:54.000000,4394829.0,1,1,0,0
TXN_251a7eb20c,CUST_00057,MER_0035,2025-07-14 12:15:17.000000,869.9,INR,card,DEV_f43c61da48,IP_48d772c7e1,IN,Bangalore,success,,0,1,0,543,984.11,1.94,0,1,Bangalore,IN,1,10,2025-02-10 12:00:52.000000,1,10,0.0041,1163.01,0.8839459003566674,-0.25202706769503275,0,0,0,0,2025-06-25 02:05:03.000000,1678214.0,1,1,0,0
TXN_d4489156fa,CUST_00057,MER_0035,2025-08-23 16:49:00.000000,810.64,INR,netbanking,DEV_f43c61da48,IP_48d772c7e1,IN,Bangalore,success,,0,0,0,543,984.11,1.94,0,1,Bangalore,IN,1,10,2025-02-10 12:00:52.000000,1,10,0.0041,1163.01,0.8237290546788468,-0.3029810577725041,0,0,0,0,2025-07-14 12:15:17.000000,3472423.0,1,1,0,0
TXN_d8589d86b6,CUST_00057,MER_0011,2025-09-25 20:59:11.000000,1132.49,INR,netbanking,DEV_f43c61da48,IP_48d772c7e1,IN,Bangalore,success,,0,0,0,543,984.11,1.94,0,1,Bangalore,IN,1,10,2025-02-10 12:00:52.000000,1,10,0.0123,803.16,1.150775827905417,0.4100428308182679,0,0,0,0,2025-08-23 16:49:00.000000,2866211.0,1,1,0,0
TXN_7f6e50b997,CUST_00057,MER_0029,2025-10-05 12:29:00.000000,787.41,INR,netbanking,DEV_f43c61da48,IP_48d772c7e1,IN,Bangalore,success,,0,0,0,543,984.11,1.94,0,1,Bangalore,IN,1,10,2025-02-10 12:00:52.000000,1,10,0.0172,1254.23,0.8001239698814157,-0.37219648708769526,0,0,0,0,2025-09-25 20:59:11.000000,833389.0,1,1,0,0
TXN_e2b3dee57c,CUST_00057,MER_0009,2025-10-12 23:12:28.000000,682.93,INR,wallet,DEV_f43c61da48,IP_48d772c7e1,IN,Bangalore,success,,0,0,0,543,984.11,1.94,0,1,Bangalore,IN,1,10,2025-02-10 12:00:52.000000,1,10,0.0102,211.04,0.6939569763542692,2.236021607278241,0,0,0,0,2025-10-05 12:29:00.000000,643408.0,1,1,0,0
TXN_9f5111871f,CUST_00057,MER_0015,2025-10-30 13:10:19.000000,1014.7,INR,netbanking,DEV_f43c61da48,IP_48d772c7e1,IN,Bangalore,success,,0,0,0,543,984.11,1.94,0,1,Bangalore,IN,1,10,2025-02-10 12:00:52.000000,1,10,0.0068,710.92,1.0310839235451321,0.42730546334327363,0,0,0,0,2025-10-12 23:12:28.000000,1519071.0,1,1,0,0
TXN_772f2333fc,CUST_00058,MER_0038,2025-02-11 11:46:35.000000,635.62,INR,wallet,DEV_149b49cd23,IP_2f2c080758,IN,Kolkata,success,,0,0,0,1976,838.22,2.83,1,0,Kolkata,IN,1,11,2025-02-11 11:46:35.000000,1,11,0.0107,498.94,0.7582973443725991,0.2739407543993266,0,1,0,0,,999999.0,1,1,0,0
TXN_b4b69e08b7,CUST_00058,MER_0023,2025-03-26 20:36:19.000000,841.03,INR,card,DEV_149b49cd23,IP_2f2c080758,IN,Kolkata,success,,0,0,0,1976,838.22,2.83,1,0,Kolkata,IN,1,11,2025-02-11 11:46:35.000000,1,11,0.0237,748.53,1.00335234186729,0.1235755413944665,0,0,0,0,2025-02-11 11:46:35.000000,3746984.0,1,1,0,0
TXN_9e12db1992,CUST_00058,MER_0032,2025-04-07 20:15:06.000000,945.46,INR,upi,DEV_149b49cd23,IP_2f2c080758,IN,Kolkata,success,,0,0,0,1976,838.22,2.83,1,0,Kolkata,IN,1,11,2025-02-11 11:46:35.000000,1,11,0.0022,443.12,1.127937772899716,1.1336432569055788,0,0,0,0,2025-03-26 20:36:19.000000,1035527.0,1,1,0,0
TXN_df6b486a36,CUST_00058,MER_0014,2025-04-19 21:30:50.000000,804.36,INR,upi,DEV_149b49cd23,IP_2f2c080758,IN,Kolkata,success,,0,0,0,1976,838.22,2.83,1,0,Kolkata,IN,1,11,2025-02-11 11:46:35.000000,1,11,0.019,479.8,0.9596048770012646,0.6764485202167569,0,0,0,0,2025-04-07 20:15:06.000000,1041344.0,1,1,0,0
TXN_1659a12441,CUST_00058,MER_0034,2025-04-24 08:07:48.912134,2394.16,INR,wallet,DEV_bace237da3,IP_2eb64cdb16,IN,Pune,success,,0,0,1,1976,838.22,2.83,1,0,Kolkata,IN,1,4,2025-04-24 08:07:48.912134,5,10,0.0236,1234.72,2.856242991100188,0.9390307114163533,0,1,0,1,2025-04-19 21:30:50.000000,383818.912134,1,1,0,0
TXN_aa08f1815b,CUST_00058,MER_0034,2025-04-24 09:57:05.879491,608.61,INR,netbanking,DEV_bace237da3,IP_2eb64cdb16,IN,Pune,success,,0,0,1,1976,838.22,2.83,1,0,Kolkata,IN,1,4,2025-04-24 08:07:48.912134,5,10,0.0236,1234.72,0.7260743003030231,-0.5070866269275626,0,0,0,1,2025-04-24 08:07:48.912134,6556.967357,1,1,0,0
TXN_8e60a5883b,CUST_00058,MER_0034,2025-04-25 20:10:23.369594,3610.78,INR,card,DEV_bace237da3,IP_2eb64cdb16,IN,Pune,success,,0,0,1,1976,838.22,2.83,1,0,Kolkata,IN,1,4,2025-04-24 08:07:48.912134,5,10,0.0236,1234.72,4.307675789172293,1.924371517429053,0,0,0,1,2025-04-24 09:57:05.879491,123197.490103,1,1,0,0
TXN_abd3b5ebc8,CUST_00058,MER_0034,2025-04-25 20:19:17.355879,2317.13,INR,card,DEV_bace237da3,IP_2eb64cdb16,IN,Pune,success,,1,0,1,1976,838.22,2.83,1,0,Kolkata,IN,1,4,2025-04-24 08:07:48.912134,5,10,0.0236,1234.72,2.7643458757844,0.8766440974471945,0,0,0,1,2025-04-25 20:10:23.369594,533.986285,1,2,0,0
TXN_3fead590e1,CUST_00058,MER_0027,2025-04-27 11:02:09.000000,1031.17,INR,upi,DEV_149b49cd23,IP_2f2c080758,IN,Kolkata,failed,bank_decline,0,0,0,1976,838.22,2.83,1,0,Kolkata,IN,1,11,2025-02-11 11:46:35.000000,1,11,0.0096,555.21,1.2301901648731837,0.8572612164766484,0,0,0,0,2025-04-25 20:19:17.355879,139371.644121,1,1,1,1
TXN_7e906388a8,CUST_00058,MER_0014,2025-05-10 15:04:05.000000,899.65,INR,wallet,DEV_149b49cd23,IP_2f2c080758,IN,Kolkata,success,,0,0,0,1976,838.22,2.83,1,0,Kolkata,IN,1,11,2025-02-11 11:46:35.000000,1,11,0.019,479.8,1.0732862494333228,0.8750521050437682,0,0,0,0,2025-04-27 11:02:09.000000,1137716.0,1,1,0,0
TXN_42e0e4f141,CUST_00058,MER_0030,2025-06-25 15:36:41.000000,936.29,INR,card,DEV_149b49cd23,IP_2f2c080758,IN,Kolkata,success,,0,0,0,1976,838.22,2.83,1,0,Kolkata,IN,1,11,2025-02-11 11:46:35.000000,1,11,0.0041,807.91,1.1169979241726515,0.1589038382988204,0,0,0,0,2025-05-10 15:04:05.000000,3976356.0,1,1,0,0
TXN_803f0fbd7a,CUST_00058,MER_0008,2025-07-11 19:56:41.000000,669.0,INR,netbanking,DEV_149b49cd23,IP_2f2c080758,IN,Kolkata,success,,0,0,0,1976,838.22,2.83,1,0,Kolkata,IN,1,11,2025-02-11 11:46:35.000000,1,11,0.0141,769.07,0.7981198253441817,-0.13011819470269292,0,0,0,0,2025-06-25 15:36:41.000000,1398000.0,1,1,0,0
TXN_acfe3ae69a,CUST_00058,MER_0020,2025-07-17 04:48:58.000000,583.15,INR,card,DEV_149b49cd23,IP_2f2c080758,IN,Kolkata,success,,0,0,0,1976,838.22,2.83,1,0,Kolkata,IN,1,11,2025-02-11 11:46:35.000000,1,11,0.0107,1089.56,0.6957004127794612,-0.46478394948419544,0,0,0,0,2025-07-11 19:56:41.000000,463937.0,1,1,0,0
TXN_86aafa2d5e,CUST_00058,MER_0025,2025-08-02 22:21:41.000000,591.71,INR,upi,DEV_149b49cd23,IP_2f2c080758,IN,Kolkata,failed,bank_decline,0,0,0,1976,838.22,2.83,1,0,Kolkata,IN,1,11,2025-02-11 11:46:35.000000,1,11,0.0075,737.17,0.7059125289303524,-0.1973221916247269,0,0,0,0,2025-07-17 04:48:58.000000,1445563.0,1,1,1,1
TXN_7438e37e42,CUST_00058,MER_0002,2025-10-02 13:37:44.000000,629.82,INR,card,DEV_149b49cd23,IP_2f2c080758,IN,Kolkata,success,,0,0,0,1976,838.22,2.83,1,0,Kolkata,IN,1,11,2025-02-11 11:46:35.000000,1,11,0.0036,577.96,0.7513779198778364,0.08972939303758047,0,0,0,0,2025-08-02 22:21:41.000000,5238963.0,1,1,0,0
TXN_6f5e9762b1,CUST_00059,MER_0026,2025-03-17 16:07:51.000000,289.69,INR,netbanking,DEV_0028d35744,IP_a56c6a45e8,IN,Chennai,success,,0,0,0,1903,270.66,10.19,0,0,Chennai,IN,1,11,2025-03-17 16:07:51.000000,1,11,0.0129,620.55,1.0703096135372792,-0.5331721859640641,0,1,0,0,,999999.0,1,1,0,0
TXN_e93bb2e57f,CUST_00059,MER_0023,2025-03-31 03:46:00.000000,229.27,INR,upi,DEV_0028d35744,IP_a56c6a45e8,IN,Chennai,success,,0,0,0,1903,270.66,10.19,0,0,Chennai,IN,1,11,2025-03-17 16:07:51.000000,1,11,0.0237,748.53,0.8470775142244883,-0.6937063310755748,0,0,0,0,2025-03-17 16:07:51.000000,1165089.0,1,1,0,0
TXN_f72508e5cb,CUST_00059,MER_0026,2025-06-18 09:49:49.000000,161.21,INR,card,DEV_0028d35744,IP_a56c6a45e8,IN,Chennai,success,,0,0,0,1903,270.66,10.19,0,0,Chennai,IN,1,11,2025-03-17 16:07:51.000000,1,11,0.0129,620.55,0.5956181186728737,-0.7402143260011279,0,0,0,0,2025-03-31 03:46:00.000000,6847429.0,1,1,0,0
TXN_02298e19cc,CUST_00059,MER_0015,2025-06-24 07:26:09.000000,285.68,INR,upi,DEV_0028d35744,IP_a56c6a45e8,IN,Chennai,success,,0,0,0,1903,270.66,10.19,0,0,Chennai,IN,1,11,2025-03-17 16:07:51.000000,1,11,0.0068,710.92,1.0554939776841794,-0.5981545040229561,0,0,0,0,2025-06-18 09:49:49.000000,509780.0,1,1,0,0
TXN_76844b6b85,CUST_00059,MER_0020,2025-07-10 21:55:15.000000,266.96,INR,card,DEV_0028d35744,IP_a56c6a45e8,IN,Chennai,success,,0,0,0,1903,270.66,10.19,0,0,Chennai,IN,1,11,2025-03-17 16:07:51.000000,1,11,0.0107,1089.56,0.9863297125544962,-0.7549836631300708,0,0,0,0,2025-06-24 07:26:09.000000,1434546.0,1,1,0,0
TXN_39aff549dc,CUST_00059,MER_0013,2025-07-12 14:11:02.000000,251.93,INR,netbanking,DEV_0028d35744,IP_a56c6a45e8,IN,Chennai,failed,timeout,0,0,0,1903,270.66,10.19,0,0,Chennai,IN,1,11,2025-03-17 16:07:51.000000,1,11,0.0164,580.87,0.9307987881474913,-0.5662884982870522,0,0,0,0,2025-07-10 21:55:15.000000,144947.0,1,1,1,1
TXN_77fab22a45,CUST_00059,MER_0021,2025-08-22 09:58:34.000000,189.9,INR,card,DEV_0028d35744,IP_a56c6a45e8,IN,Chennai,success,,0,0,0,1903,270.66,10.19,0,0,Chennai,IN,1,11,2025-03-17 16:07:51.000000,1,11,0.0166,319.74,0.701618266459765,-0.40607993995121033,0,0,0,0,2025-07-12 14:11:02.000000,3527252.0,1,1,0,0
TXN_3a9d51f689,CUST_00059,MER_0009,2025-09-03 14:23:25.000000,312.21,INR,card,DEV_0028d35744,IP_a56c6a45e8,IN,Chennai,success,,0,0,0,1903,270.66,10.19,0,0,Chennai,IN,1,11,2025-03-17 16:07:51.000000,1,11,0.0102,211.04,1.1535136333407225,0.47938779378316904,0,0,0,0,2025-08-22 09:58:34.000000,1052691.0,1,1,0,0
TXN_cb5528fd95,CUST_00059,MER_0016,2025-09-08 17:11:51.000000,302.99,INR,wallet,DEV_0028d35744,IP_a56c6a45e8,IN,Chennai,success,,0,0,0,1903,270.66,10.19,0,0,Chennai,IN,1,11,2025-03-17 16:07:51.000000,1,11,0.0212,463.88,1.1194487548954406,-0.34683538846253337,0,0,0,0,2025-09-03 14:23:25.000000,442106.0,1,1,0,0
TXN_10abe36600,CUST_00059,MER_0036,2025-10-02 06:18:57.000000,278.77,INR,upi,DEV_0028d35744,IP_a56c6a45e8,IN,Chennai,success,,0,0,0,1903,270.66,10.19,0,0,Chennai,IN,1,11,2025-03-17 16:07:51.000000,1,11,0.0262,402.01,1.0299637922116307,-0.3065595383199423,0,0,0,0,2025-09-08 17:11:51.000000,2034426.0,1,1,0,0
TXN_9a6f91c1b7,CUST_00059,MER_0023,2025-10-10 05:47:21.000000,249.25,INR,upi,DEV_0028d35744,IP_a56c6a45e8,IN,Chennai,success,,0,0,0,1903,270.66,10.19,0,0,Chennai,IN,1,11,2025-03-17 16:07:51.000000,1,11,0.0237,748.53,0.9208970664302075,-0.66701401413437,0,0,0,0,2025-10-02 06:18:57.000000,689304.0,1,1,0,0
TXN_1960a14db1,CUST_00060,MER_0021,2025-01-01 21:17:42.000000,118.58,INR,upi,DEV_07306ec576,IP_694e8ec52c,IN,Chennai,success,,0,0,0,1461,133.34,1.78,1,0,Chennai,IN,1,17,2025-01-01 21:17:42.000000,1,17,0.0166,319.74,0.8893055347232638,-0.6291361731406768,0,1,0,0,,999999.0,1,1,0,0
TXN_c0d43c1cfc,CUST_00060,MER_0019,2025-01-16 17:58:14.000000,1624.74,INR,card,DEV_c10d486e60,IP_326b337211,SG,Singapore,success,,0,0,1,1461,133.34,1.78,1,0,Chennai,IN,1,2,2025-01-16 17:58:14.000000,1,2,0.0275,352.61,12.184940752962351,3.607753608802927,1,1,0,0,2025-01-01 21:17:42.000000,1284032.0,1,1,0,0
TXN_2687fb9fd8,CUST_00060,MER_0019,2025-01-16 18:01:14.000000,1624.74,INR,card,DEV_c10d486e60,IP_326b337211,SG,Singapore,success,,1,0,1,1461,133.34,1.78,1,0,Chennai,IN,1,2,2025-01-16 17:58:14.000000,1,2,0.0275,352.61,12.184940752962351,3.607753608802927,1,0,0,0,2025-01-16 17:58:14.000000,180.0,2,2,0,0
TXN_c55e6e3747,CUST_00060,MER_0012,2025-02-21 14:33:17.000000,94.13,INR,wallet,DEV_07306ec576,IP_694e8ec52c,IN,Chennai,success,,0,0,0,1461,133.34,1.78,1,0,Chennai,IN,1,17,2025-01-01 21:17:42.000000,1,17,0.0076,1602.61,0.7059397030148492,-0.9412645621829392,0,0,0,0,2025-01-16 18:01:14.000000,3097923.0,1,1,0,0
TXN_58a838347f,CUST_00060,MER_0008,2025-02-25 16:31:34.000000,141.92,INR,netbanking,DEV_07306ec576,IP_694e8ec52c,IN,Chennai,success,,0,0,0,1461,133.34,1.78,1,0,Chennai,IN,1,17,2025-01-01 21:17:42.000000,1,17,0.0141,769.07,1.0643467826608668,-0.8154654322753456,0,0,0,0,2025-02-21 14:33:17.000000,352697.0,1,1,0,0
TXN_e8771f53fa,CUST_00060,MER_0036,2025-04-08 08:22:30.000000,144.41,INR,netbanking,DEV_07306ec576,IP_694e8ec52c,IN,Chennai,success,,0,0,0,1461,133.34,1.78,1,0,Chennai,IN,1,17,2025-01-01 21:17:42.000000,1,17,0.0262,402.01,1.0830208489575521,-0.6407800800975101,0,0,0,0,2025-02-25 16:31:34.000000,3599456.0,1,1,0,0
TXN_8f64167350,CUST_00060,MER_0036,2025-04-11 19:44:15.000000,147.79,INR,netbanking,DEV_07306ec576,IP_694e8ec52c,IN,Chennai,success,,0,0,0,1461,133.34,1.78,1,0,Chennai,IN,1,17,2025-01-01 21:17:42.000000,1,17,0.0262,402.01,1.1083695815209238,-0.6323723290465412,0,0,0,0,2025-04-08 08:22:30.000000,300105.0,1,1,0,0
TXN_10ef967715,CUST_00060,MER_0003,2025-04-15 05:15:56.000000,144.56,INR,card,DEV_07306ec576,IP_694e8ec52c,IN,Chennai,success,,0,0,0,1461,133.34,1.78,1,0,Chennai,IN,1,17,2025-01-01 21:17:42.000000,1,17,0.0263,577.97,1.0841457927103644,-0.7498832119314152,0,0,0,0,2025-04-11 19:44:15.000000,293501.0,1,1,0,0
TXN_5d70fce3f3,CUST_00060,MER_0039,2025-04-20 06:59:52.000000,110.42,INR,netbanking,DEV_07306ec576,IP_694e8ec52c,IN,Chennai,success,,0,0,0,1461,133.34,1.78,1,0,Chennai,IN,1,17,2025-01-01 21:17:42.000000,1,17,0.0111,595.03,0.8281085945702715,-0.8144295245617867,0,0,0,0,2025-04-15 05:15:56.000000,438236.0,1,1,0,0
TXN_419fc58ca2,CUST_00060,MER_0038,2025-06-28 15:25:09.000000,136.36,INR,card,DEV_07306ec576,IP_694e8ec52c,IN,Chennai,success,,0,0,0,1461,133.34,1.78,1,0,Chennai,IN,1,17,2025-01-01 21:17:42.000000,1,17,0.0107,498.94,1.0226488675566223,-0.7267006052832004,0,0,0,0,2025-04-20 06:59:52.000000,5991917.0,1,1,0,0
TXN_767f990f19,CUST_00060,MER_0037,2025-07-12 16:49:06.000000,128.18,INR,upi,DEV_07306ec576,IP_694e8ec52c,IN,Chennai,success,,0,0,0,1461,133.34,1.78,1,0,Chennai,IN,1,17,2025-01-01 21:17:42.000000,1,17,0.0195,552.51,0.9613019349032549,-0.7680041990190223,0,0,0,0,2025-06-28 15:25:09.000000,1214637.0,1,1,0,0
TXN_fb02ceecd1,CUST_00060,MER_0002,2025-08-06 02:53:07.000000,153.35,INR,wallet,DEV_07306ec576,IP_694e8ec52c,IN,Chennai,success,,0,0,0,1461,133.34,1.78,1,0,Chennai,IN,1,17,2025-01-01 21:17:42.000000,1,17,0.0036,577.96,1.1500674966251687,-0.7346702193923454,0,0,0,0,2025-07-12 16:49:06.000000,2109841.0,1,1,0,0
TXN_3617a61897,CUST_00060,MER_0037,2025-08-25 06:09:11.000000,78.9,INR,netbanking,DEV_07306ec576,IP_694e8ec52c,IN,Chennai,success,,0,0,0,1461,133.34,1.78,1,0,Chennai,IN,1,17,2025-01-01 21:17:42.000000,1,17,0.0195,552.51,0.5917204139793011,-0.857197154802628,0,0,0,0,2025-08-06 02:53:07.000000,1653364.0,1,1,0,0
TXN_44a5ecf117,CUST_00060,MER_0002,2025-09-04 10:47:37.000000,110.7,INR,card,DEV_07306ec576,IP_694e8ec52c,IN,Chennai,success,,0,0,0,1461,133.34,1.78,1,0,Chennai,IN,1,17,2025-01-01 21:17:42.000000,1,17,0.0036,577.96,0.8302084895755212,-0.8084642535815628,0,0,0,0,2025-08-25 06:09:11.000000,880706.0,1,1,0,0
TXN_aa21fbd35a,CUST_00060,MER_0001,2025-09-18 18:48:28.000000,145.87,INR,netbanking,DEV_07306ec576,IP_694e8ec52c,IN,Chennai,success,,0,0,0,1461,133.34,1.78,1,0,Chennai,IN,1,17,2025-01-01 21:17:42.000000,1,17,0.0188,612.19,1.0939703014849258,-0.7617243012790147,0,0,0,0,2025-09-04 10:47:37.000000,1238451.0,1,1,0,0
TXN_761ea8faa8,CUST_00060,MER_0010,2025-09-22 08:39:35.000000,130.0,INR,netbanking,DEV_07306ec576,IP_694e8ec52c,IN,Chennai,success,,0,0,0,1461,133.34,1.78,1,0,Chennai,IN,1,17,2025-01-01 21:17:42.000000,1,17,0.0102,362.24,0.9749512524373781,-0.6411219081272085,0,0,0,0,2025-09-18 18:48:28.000000,309067.0,1,1,0,0
TXN_bf0ea0e700,CUST_00060,MER_0016,2025-10-02 06:14:56.000000,221.74,INR,wallet,DEV_07306ec576,IP_694e8ec52c,IN,Chennai,success,,0,0,0,1461,133.34,1.78,1,0,Chennai,IN,1,17,2025-01-01 21:17:42.000000,1,17,0.0212,463.88,1.6629668516574172,-0.5219884452875744,0,0,0,0,2025-09-22 08:39:35.000000,855321.0,1,1,0,0
TXN_78492d808e,CUST_00060,MER_0017,2025-10-18 18:00:46.000000,162.26,INR,wallet,DEV_07306ec576,IP_694e8ec52c,IN,Chennai,success,,0,0,0,1461,133.34,1.78,1,0,Chennai,IN,1,17,2025-01-01 21:17:42.000000,1,17,0.0143,558.35,1.2168891555422228,-0.7093937494403152,0,0,0,0,2025-10-02 06:14:56.000000,1424750.0,1,1,0,0
TXN_ddbf296556,CUST_00060,MER_0039,2025-10-24 10:27:11.000000,163.84,INR,netbanking,DEV_07306ec576,IP_694e8ec52c,IN,Chennai,success,,0,0,0,1461,133.34,1.78,1,0,Chennai,IN,1,17,2025-01-01 21:17:42.000000,1,17,0.0111,595.03,1.2287385630718464,-0.7246525385274691,0,0,0,0,2025-10-18 18:00:46.000000,491185.0,1,1,0,0
TXN_1d8f724261,CUST_00061,MER_0033,2025-01-10 13:43:34.000000,756.35,INR,wallet,DEV_424dab468b,IP_02b5d84407,IN,Pune,success,,0,0,0,818,521.2,1.69,0,0,Pune,IN,1,11,2025-01-10 13:43:34.000000,1,11,0.0248,960.07,1.451170376055257,-0.21219286093722334,0,1,0,0,,999999.0,1,1,0,0
TXN_7602970a4a,CUST_00061,MER_0018,2025-02-20 21:47:26.000000,555.93,INR,card,DEV_424dab468b,IP_02b5d84407,IN,Pune,success,,0,0,0,818,521.2,1.69,0,0,Pune,IN,1,11,2025-01-10 13:43:34.000000,1,11,0.003,659.78,1.0666346891788179,-0.15740095183242903,0,0,0,0,2025-01-10 13:43:34.000000,3571432.0,1,1,0,0
TXN_7c84343f0c,CUST_00061,MER_0015,2025-03-12 12:12:38.000000,517.33,INR,card,DEV_424dab468b,IP_02b5d84407,IN,Pune,success,,0,0,0,818,521.2,1.69,0,0,Pune,IN,1,11,2025-01-10 13:43:34.000000,1,11,0.0068,710.92,0.9925748273215657,-0.27230912057615475,0,0,0,0,2025-02-20 21:47:26.000000,1693512.0,1,1,0,0
TXN_8f94d61af2,CUST_00061,MER_0024,2025-03-22 04:36:35.000000,664.41,INR,upi,DEV_424dab468b,IP_02b5d84407,IN,Pune,success,,0,0,0,818,521.2,1.69,0,0,Pune,IN,1,11,2025-01-10 13:43:34.000000,1,11,0.0045,1035.96,1.2747697620874903,-0.3586528437391406,0,0,0,0,2025-03-12 12:12:38.000000,836637.0,1,1,0,0
TXN_46db921933,CUST_00061,MER_0032,2025-04-14 15:19:02.000000,477.06,INR,card,DEV_424dab468b,IP_02b5d84407,IN,Pune,success,,0,0,0,818,521.2,1.69,0,0,Pune,IN,1,11,2025-01-10 13:43:34.000000,1,11,0.0022,443.12,0.9153108211818879,0.07659324787867845,0,0,0,0,2025-03-22 04:36:35.000000,2025747.0,1,1,0,0
TXN_af2cfeae35,CUST_00061,MER_0009,2025-05-13 12:08:17.000000,709.35,INR,wallet,DEV_424dab468b,IP_02b5d84407,IN,Pune,success,,0,0,0,818,521.2,1.69,0,0,Pune,IN,1,11,2025-01-10 13:43:34.000000,1,11,0.0102,211.04,1.360993860322333,2.361211144806672,0,0,0,0,2025-04-14 15:19:02.000000,2494155.0,1,1,0,0
TXN_3f9710d15b,CUST_00061,MER_0029,2025-05-26 03:38:43.000000,729.95,INR,upi,DEV_424dab468b,IP_02b5d84407,IN,Pune,success,,0,0,0,818,521.2,1.69,0,0,Pune,IN,1,11,2025-01-10 13:43:34.000000,1,11,0.0172,1254.23,1.4005180353031466,-0.41800945600089295,0,0,0,0,2025-05-13 12:08:17.000000,1092626.0,1,1,0,0
TXN_54c31b0d0a,CUST_00061,MER_0001,2025-07-09 11:55:28.000000,486.41,INR,upi,DEV_424dab468b,IP_02b5d84407,IN,Pune,success,,0,0,0,818,521.2,1.69,0,0,Pune,IN,1,11,2025-01-10 13:43:34.000000,1,11,0.0188,612.19,0.9332501918649271,-0.2054590894983584,0,0,0,0,2025-05-26 03:38:43.000000,3831405.0,1,1,0,0
TXN_ae3a908b91,CUST_00061,MER_0017,2025-07-24 13:04:01.000000,445.19,INR,upi,DEV_424dab468b,IP_02b5d84407,IN,Pune,success,,0,0,0,818,521.2,1.69,0,0,Pune,IN,1,11,2025-01-10 13:43:34.000000,1,11,0.0143,558.35,0.8541634689178818,-0.2026685770574013,0,0,0,0,2025-07-09 11:55:28.000000,1300113.0,1,1,0,0
TXN_9e1b2b87de,CUST_00061,MER_0033,2025-08-10 20:18:04.000000,454.66,INR,card,DEV_424dab468b,IP_02b5d84407,IN,Pune,success,,0,0,0,818,521.2,1.69,0,0,Pune,IN,1,11,2025-01-10 13:43:34.000000,1,11,0.0248,960.07,0.8723330775134305,-0.526430364452592,0,0,0,0,2025-07-24 13:04:01.000000,1494843.0,1,1,0,0
TXN_4f321b29ba,CUST_00061,MER_0036,2025-10-01 19:08:17.000000,476.63,INR,card,DEV_424dab468b,IP_02b5d84407,IN,Pune,success,,0,0,0,818,521.2,1.69,0,0,Pune,IN,1,11,2025-01-10 13:43:34.000000,1,11,0.0262,402.01,0.9144858019953952,0.18561727320215918,0,0,0,0,2025-08-10 20:18:04.000000,4488613.0,1,1,0,0
TXN_909c977258,CUST_00062,MER_0030,2025-01-27 22:04:38.000000,896.62,INR,card,DEV_ff22a8c892,IP_a1c8b66218,IN,Hyderabad,success,,0,0,0,898,1056.02,6.9,0,0,Hyderabad,IN,1,14,2025-01-27 22:04:38.000000,1,14,0.0041,807.91,0.8490558890930097,0.10980183436273848,0,1,0,0,,999999.0,1,1,0,0
TXN_c268c52850,CUST_00062,MER_0019,2025-03-06 05:00:48.000000,598.55,INR,card,DEV_ff22a8c892,IP_a1c8b66218,IN,Hyderabad,success,,0,0,0,898,1056.02,6.9,0,0,Hyderabad,IN,1,14,2025-01-27 22:04:38.000000,1,14,0.0275,352.61,0.5667979773110358,0.6974844729304328,0,0,0,0,2025-01-27 22:04:38.000000,3221770.0,1,1,0,0
TXN_e50007e4cc,CUST_00062,MER_0014,2025-03-31 06:28:02.000000,738.12,INR,wallet,DEV_ff22a8c892,IP_a1c8b66218,IN,Hyderabad,success,,0,0,0,898,1056.02,6.9,0,0,Hyderabad,IN,1,14,2025-01-27 22:04:38.000000,1,14,0.019,479.8,0.6989640347720687,0.5383909962484368,0,0,0,0,2025-03-06 05:00:48.000000,2165234.0,1,1,0,0
TXN_edcad54888,CUST_00062,MER_0003,2025-04-15 15:09:22.000000,995.84,INR,card,DEV_ff22a8c892,IP_a1c8b66218,IN,Hyderabad,success,,0,0,0,898,1056.02,6.9,0,0,Hyderabad,IN,1,14,2025-01-27 22:04:38.000000,1,14,0.0263,577.97,0.9430124429461564,0.7229960032527639,0,0,0,0,2025-03-31 06:28:02.000000,1327280.0,1,1,0,0
TXN_78f67772d7,CUST_00062,MER_0036,2025-04-16 20:11:43.000000,1036.29,INR,netbanking,DEV_ff22a8c892,IP_a1c8b66218,IN,Hyderabad,success,,0,0,0,898,1056.02,6.9,0,0,Hyderabad,IN,1,14,2025-01-27 22:04:38.000000,1,14,0.0262,402.01,0.9813166417302702,1.5777716972214622,0,0,0,0,2025-04-15 15:09:22.000000,104541.0,1,1,0,0
TXN_1cf9f678e9,CUST_00062,MER_0033,2025-04-19 13:25:21.000000,563.48,INR,card,DEV_ff22a8c892,IP_a1c8b66218,IN,Hyderabad,success,,0,0,0,898,1056.02,6.9,0,0,Hyderabad,IN,1,14,2025-01-27 22:04:38.000000,1,14,0.0248,960.07,0.5335883790079734,-0.4130844625912694,0,0,0,0,2025-04-16 20:11:43.000000,234818.0,1,1,0,0
TXN_d221049666,CUST_00062,MER_0030,2025-04-25 11:59:24.000000,797.67,INR,netbanking,DEV_ff22a8c892,IP_a1c8b66218,IN,Hyderabad,success,,0,0,0,898,1056.02,6.9,0,0,Hyderabad,IN,1,14,2025-01-27 22:04:38.000000,1,14,0.0041,807.91,0.7553550122156777,-0.012674679110296952,0,0,0,0,2025-04-19 13:25:21.000000,513243.0,1,1,0,0
TXN_4fadc0f0f4,CUST_00062,MER_0022,2025-04-25 12:15:39.000000,1086.13,INR,wallet,DEV_ff22a8c892,IP_a1c8b66218,IN,Hyderabad,success,,0,0,0,898,1056.02,6.9,0,0,Hyderabad,IN,1,14,2025-01-27 22:04:38.000000,1,14,0.0291,299.79,1.0285127175621676,2.622969411921679,0,0,0,0,2025-04-25 11:59:24.000000,975.0,1,2,0,0
TXN_6412203957,CUST_00062,MER_0021,2025-05-01 09:41:06.000000,696.25,INR,card,DEV_ff22a8c892,IP_a1c8b66218,IN,Hyderabad,success,,0,0,0,898,1056.02,6.9,0,0,Hyderabad,IN,1,14,2025-01-27 22:04:38.000000,1,14,0.0166,319.74,0.6593151644855211,1.1775505097892036,0,0,0,0,2025-04-25 12:15:39.000000,509127.0,1,1,0,0
TXN_3d94b0cdd0,CUST_00062,MER_0026,2025-06-28 20:20:53.000000,1002.17,INR,card,DEV_ff22a8c892,IP_a1c8b66218,IN,Hyderabad,success,,0,0,0,898,1056.02,6.9,0,0,Hyderabad,IN,1,14,2025-01-27 22:04:38.000000,1,14,0.0129,620.55,0.9490066476013712,0.6149705906051084,0,0,0,0,2025-05-01 09:41:06.000000,5049587.0,1,1,0,0
TXN_80384db85b,CUST_00062,MER_0036,2025-07-27 15:24:34.000000,985.37,INR,netbanking,DEV_ff22a8c892,IP_a1c8b66218,IN,Hyderabad,success,,0,0,0,898,1056.02,6.9,0,0,Hyderabad,IN,1,14,2025-01-27 22:04:38.000000,1,14,0.0262,402.01,0.9330978579951138,1.4511081813885227,0,0,0,0,2025-06-28 20:20:53.000000,2487821.0,1,1,0,0
TXN_a89651f927,CUST_00062,MER_0003,2025-07-30 12:43:15.000000,1426.55,INR,wallet,DEV_ff22a8c892,IP_a1c8b66218,IN,Hyderabad,success,,0,0,0,898,1056.02,6.9,0,0,Hyderabad,IN,1,14,2025-01-27 22:04:38.000000,1,14,0.0263,577.97,1.3508740364765819,1.4682076924407839,0,0,0,0,2025-07-27 15:24:34.000000,249521.0,1,1,0,0
TXN_5ae7330413,CUST_00062,MER_0022,2025-08-29 16:01:39.000000,918.4,INR,netbanking,DEV_ff22a8c892,IP_a1c8b66218,IN,Hyderabad,success,,0,0,0,898,1056.02,6.9,0,0,Hyderabad,IN,1,14,2025-01-27 22:04:38.000000,1,14,0.0291,299.79,0.8696804984754076,2.0634777677707725,0,0,0,0,2025-07-30 12:43:15.000000,2603904.0,1,1,0,0
TXN_6094d077bb,CUST_00062,MER_0037,2025-09-27 03:53:11.000000,1201.88,INR,netbanking,DEV_ff22a8c892,IP_a1c8b66218,IN,Hyderabad,success,,0,0,0,898,1056.02,6.9,0,0,Hyderabad,IN,1,14,2025-01-27 22:04:38.000000,1,14,0.0195,552.51,1.1381223840457568,1.175309044180196,0,0,0,0,2025-08-29 16:01:39.000000,2461892.0,1,1,0,0
TXN_345dc2c9fa,CUST_00063,MER_0005,2025-01-10 03:08:26.000000,637.14,INR,wallet,DEV_7e85a9c59b,IP_1d4f2d21ae,IN,Ahmedabad,success,,0,0,0,248,539.15,1.34,0,0,Ahmedabad,IN,1,23,2025-01-10 03:08:26.000000,1,23,0.0292,1054.12,1.1817490494296579,-0.39557166167039803,0,1,0,0,,999999.0,1,1,0,0
TXN_75d2aba943,CUST_00063,MER_0024,2025-02-12 07:40:42.000000,571.38,INR,upi,DEV_7e85a9c59b,IP_1d4f2d21ae,IN,Ahmedabad,success,,0,0,0,248,539.15,1.34,0,0,Ahmedabad,IN,1,23,2025-01-10 03:08:26.000000,1,23,0.0045,1035.96,1.0597792822034684,-0.4484536082474227,0,0,0,0,2025-01-10 03:08:26.000000,2867536.0,1,1,0,0
TXN_b4a294ec29,CUST_00063,MER_0019,2025-03-22 06:17:06.000000,521.97,INR,card,DEV_7e85a9c59b,IP_1d4f2d21ae,IN,Ahmedabad,success,,0,0,0,248,539.15,1.34,0,0,Ahmedabad,IN,1,23,2025-01-10 03:08:26.000000,1,23,0.0275,352.61,0.9681350273578783,0.4803040186041236,0,0,0,0,2025-02-12 07:40:42.000000,3278184.0,1,1,0,0
TXN_a408160a9f,CUST_00063,MER_0001,2025-03-23 05:48:04.000000,771.26,INR,upi,DEV_7e85a9c59b,IP_1d4f2d21ae,IN,Ahmedabad,success,,0,0,0,248,539.15,1.34,0,0,Ahmedabad,IN,1,23,2025-01-10 03:08:26.000000,1,23,0.0188,612.19,1.4305109895205417,0.25983763210767885,0,0,0,0,2025-03-22 06:17:06.000000,84658.0,1,1,0,0
TXN_7d416497b3,CUST_00063,MER_0017,2025-03-29 16:45:43.000000,519.75,INR,netbanking,DEV_7e85a9c59b,IP_1d4f2d21ae,IN,Ahmedabad,success,,0,0,0,248,539.15,1.34,0,0,Ahmedabad,IN,1,23,2025-01-10 03:08:26.000000,1,23,0.0143,558.35,0.9640174348511547,-0.0691322647085162,0,0,0,0,2025-03-23 05:48:04.000000,557859.0,1,1,0,0
TXN_2f494f56f1,CUST_00063,MER_0013,2025-04-04 08:08:23.000000,405.59,INR,netbanking,DEV_7e85a9c59b,IP_1d4f2d21ae,IN,Ahmedabad,failed,bank_decline,0,0,0,248,539.15,1.34,0,0,Ahmedabad,IN,1,23,2025-01-10 03:08:26.000000,1,23,0.0164,580.87,0.7522767318927942,-0.3017542651539932,0,0,0,0,2025-03-29 16:45:43.000000,487360.0,1,1,1,1
TXN_4daa09e564,CUST_00063,MER_0024,2025-04-18 20:22:27.000000,365.04,INR,upi,DEV_7e85a9c59b,IP_1d4f2d21ae,IN,Ahmedabad,success,,0,0,0,248,539.15,1.34,0,0,Ahmedabad,IN,1,23,2025-01-10 03:08:26.000000,1,23,0.0045,1035.96,0.6770657516461097,-0.6476311826711456,0,0,0,0,2025-04-04 08:08:23.000000,1253644.0,1,1,0,0
TXN_eef9df74eb,CUST_00063,MER_0000,2025-04-23 01:52:33.000000,511.01,INR,wallet,DEV_7e85a9c59b,IP_1d4f2d21ae,IN,Ahmedabad,success,,0,0,0,248,539.15,1.34,0,0,Ahmedabad,IN,1,23,2025-01-10 03:08:26.000000,1,23,0.0225,896.08,0.9478067328201799,-0.42972725649495586,0,0,0,0,2025-04-18 20:22:27.000000,365406.0,1,1,0,0
TXN_833ca3c12a,CUST_00063,MER_0009,2025-05-04 05:04:34.000000,582.46,INR,netbanking,DEV_7e85a9c59b,IP_1d4f2d21ae,IN,Ahmedabad,success,,0,0,0,248,539.15,1.34,0,0,Ahmedabad,IN,1,23,2025-01-10 03:08:26.000000,1,23,0.0102,211.04,1.0803301493090978,1.7599507202426083,0,0,0,0,2025-04-23 01:52:33.000000,961921.0,1,1,0,0
TXN_f52bba985a,CUST_00063,MER_0002,2025-05-19 22:12:56.000000,556.9,INR,wallet,DEV_7e85a9c59b,IP_1d4f2d21ae,IN,Ahmedabad,success,,0,0,0,248,539.15,1.34,0,0,Ahmedabad,IN,1,23,2025-01-10 03:08:26.000000,1,23,0.0036,577.96,1.0329221923397942,-0.03643850785521499,0,0,0,0,2025-05-04 05:04:34.000000,1357702.0,1,1,0,0
TXN_7d459414eb,CUST_00063,MER_0008,2025-06-07 22:04:37.000000,290.44,INR,card,DEV_7e85a9c59b,IP_1d4f2d21ae,IN,Ahmedabad,success,,0,0,0,248,539.15,1.34,0,0,Ahmedabad,IN,1,23,2025-01-10 03:08:26.000000,1,23,0.0141,769.07,0.5386998052490031,-0.6223490709558298,0,0,0,0,2025-05-19 22:12:56.000000,1641101.0,1,1,0,0
TXN_976d464f28,CUST_00063,MER_0030,2025-06-10 19:58:03.000000,490.2,INR,upi,DEV_7e85a9c59b,IP_1d4f2d21ae,IN,Ahmedabad,success,,0,0,0,248,539.15,1.34,0,0,Ahmedabad,IN,1,23,2025-01-10 03:08:26.000000,1,23,0.0041,807.91,0.9092089399981452,-0.39324924805980865,0,0,0,0,2025-06-07 22:04:37.000000,251606.0,1,1,0,0
TXN_9cb867c456,CUST_00063,MER_0012,2025-06-19 13:13:02.000000,626.57,INR,card,DEV_7e85a9c59b,IP_1d4f2d21ae,IN,Ahmedabad,success,,0,0,0,248,539.15,1.34,0,0,Ahmedabad,IN,1,23,2025-01-10 03:08:26.000000,1,23,0.0076,1602.61,1.1621441157377355,-0.6090315173373434,0,0,0,0,2025-06-10 19:58:03.000000,753299.0,1,1,0,0
TXN_5ac04f52ac,CUST_00063,MER_0005,2025-07-13 00:29:53.000000,518.93,INR,netbanking,DEV_7e85a9c59b,IP_1d4f2d21ae,IN,Ahmedabad,success,,0,0,0,248,539.15,1.34,0,0,Ahmedabad,IN,1,23,2025-01-10 03:08:26.000000,1,23,0.0292,1054.12,0.962496522303626,-0.5077125943915304,0,0,0,0,2025-06-19 13:13:02.000000,2027811.0,1,1,0,0
TXN_1edfe6ef8a,CUST_00063,MER_0005,2025-07-13 05:30:28.000000,412.64,INR,upi,DEV_7e85a9c59b,IP_1d4f2d21ae,IN,Ahmedabad,success,,0,0,0,248,539.15,1.34,0,0,Ahmedabad,IN,1,23,2025-01-10 03:08:26.000000,1,23,0.0292,1054.12,0.7653528702587407,-0.6085455166394718,0,0,0,0,2025-07-13 00:29:53.000000,18035.0,1,1,0,0
TXN_7c105b8ad3,CUST_00063,MER_0014,2025-07-14 02:52:29.000000,694.16,INR,card,DEV_7e85a9c59b,IP_1d4f2d21ae,IN,Ahmedabad,success,,0,0,0,248,539.15,1.34,0,0,Ahmedabad,IN,1,23,2025-01-10 03:08:26.000000,1,23,0.019,479.8,1.2875081146248726,0.4467694872863692,0,0,0,0,2025-07-13 05:30:28.000000,76921.0,1,1,0,0
TXN_477beb52f7,CUST_00063,MER_0017,2025-07-19 13:23:48.000000,559.77,INR,upi,DEV_7e85a9c59b,IP_1d4f2d21ae,IN,Ahmedabad,success,,0,0,0,248,539.15,1.34,0,0,Ahmedabad,IN,1,23,2025-01-10 03:08:26.000000,1,23,0.0143,558.35,1.038245386256144,0.002543207665442749,0,0,0,0,2025-07-14 02:52:29.000000,469879.0,1,1,0,0
TXN_4627dd6db1,CUST_00063,MER_0020,2025-08-18 01:48:22.000000,586.26,INR,card,DEV_7e85a9c59b,IP_1d4f2d21ae,IN,Ahmedabad,success,,0,0,0,248,539.15,1.34,0,0,Ahmedabad,IN,1,23,2025-01-10 03:08:26.000000,1,23,0.0107,1089.56,1.0873782806269128,-0.461929586255002,0,0,0,0,2025-07-19 13:23:48.000000,2550274.0,1,1,0,0
TXN_aed065bf59,CUST_00063,MER_0018,2025-09-25 13:43:48.000000,703.24,INR,wallet,DEV_7e85a9c59b,IP_1d4f2d21ae,IN,Ahmedabad,success,,0,0,0,248,539.15,1.34,0,0,Ahmedabad,IN,1,23,2025-01-10 03:08:26.000000,1,23,0.003,659.78,1.3043494389316517,0.06587044166237237,0,0,0,0,2025-08-18 01:48:22.000000,3326126.0,1,1,0,0
TXN_d53a1cd520,CUST_00063,MER_0022,2025-10-18 14:54:24.000000,698.5,INR,wallet,DEV_7e85a9c59b,IP_1d4f2d21ae,IN,Ahmedabad,success,,0,0,0,248,539.15,1.34,0,0,Ahmedabad,IN,1,23,2025-01-10 03:08:26.000000,1,23,0.0291,299.79,1.295557822498377,1.3299643083491777,0,0,0,0,2025-09-25 13:43:48.000000,1991436.0,1,1,0,0
TXN_33a6ef7fa2,CUST_00063,MER_0003,2025-10-19 01:17:34.000000,279.38,INR,wallet,DEV_7e85a9c59b,IP_1d4f2d21ae,IN,Ahmedabad,success,,0,0,0,248,539.15,1.34,0,0,Ahmedabad,IN,1,23,2025-01-10 03:08:26.000000,1,23,0.0263,577.97,0.5181860335713624,-0.5166185096112256,0,0,0,0,2025-10-18 14:54:24.000000,37390.0,1,1,0,0
TXN_44c28fb653,CUST_00063,MER_0029,2025-10-21 11:02:52.000000,371.03,INR,upi,DEV_7e85a9c59b,IP_1d4f2d21ae,IN,Ahmedabad,success,,0,0,0,248,539.15,1.34,0,0,Ahmedabad,IN,1,23,2025-01-10 03:08:26.000000,1,23,0.0172,1254.23,0.6881758323286654,-0.704177064812674,0,0,0,0,2025-10-19 01:17:34.000000,207918.0,1,1,0,0
TXN_8e1e63be54,CUST_00063,MER_0033,2025-10-30 19:21:09.000000,490.72,INR,upi,DEV_7e85a9c59b,IP_1d4f2d21ae,IN,Ahmedabad,success,,0,0,0,248,539.15,1.34,0,0,Ahmedabad,IN,1,23,2025-01-10 03:08:26.000000,1,23,0.0248,960.07,0.9101734211258463,-0.48887060318518444,0,0,0,0,2025-10-21 11:02:52.000000,807497.0,1,1,0,0
TXN_8d64d9f16b,CUST_00064,MER_0039,2025-01-05 16:58:59.000000,552.9,INR,card,DEV_123a49e961,IP_0a5102542f,IN,Chennai,success,,0,1,0,461,573.36,10.57,0,2,Chennai,IN,1,15,2025-01-05 16:58:59.000000,1,15,0.0111,595.03,0.9643156132272916,-0.07080315278221266,0,1,0,0,,999999.0,1,1,0,0
TXN_62a7f0e6aa,CUST_00064,MER_0023,2025-01-08 04:20:40.000000,311.28,INR,wallet,DEV_123a49e961,IP_0a5102542f,IN,Chennai,success,,0,0,0,461,573.36,10.57,0,2,Chennai,IN,1,15,2025-01-05 16:58:59.000000,1,15,0.0237,748.53,0.5429049811636667,-0.5841449240511403,0,0,0,0,2025-01-05 16:58:59.000000,213701.0,1,1,0,0
TXN_745b9b3f6f,CUST_00064,MER_0021,2025-01-31 09:48:20.000000,480.89,INR,netbanking,DEV_123a49e961,IP_0a5102542f,IN,Chennai,success,,0,0,0,461,573.36,10.57,0,2,Chennai,IN,1,15,2025-01-05 16:58:59.000000,1,15,0.0166,319.74,0.838722617552672,0.5040032526427721,0,0,0,0,2025-01-08 04:20:40.000000,2006860.0,1,1,0,0
TXN_d6d47ae846,CUST_00064,MER_0004,2025-02-17 13:26:49.000000,864.94,INR,netbanking,DEV_123a49e961,IP_0a5102542f,IN,Chennai,success,,0,0,0,461,573.36,10.57,0,2,Chennai,IN,1,15,2025-01-05 16:58:59.000000,1,15,0.0026,1715.62,1.5085461141342265,-0.49584406803371367,0,0,0,0,2025-01-31 09:48:20.000000,1481909.0,1,1,0,0
TXN_bb40863556,CUST_00064,MER_0020,2025-03-13 20:25:52.000000,864.94,INR,netbanking,DEV_123a49e961,IP_0a5102542f,IN,Chennai,success,,0,0,0,461,573.36,10.57,0,2,Chennai,IN,1,15,2025-01-05 16:58:59.000000,1,15,0.0107,1089.56,1.5085461141342265,-0.20615661367891616,0,0,0,0,2025-02-17 13:26:49.000000,2098743.0,1,1,0,0
TXN_d67cda5d11,CUST_00064,MER_0018,2025-03-26 09:36:21.000000,552.07,INR,netbanking,DEV_123a49e961,IP_0a5102542f,IN,Chennai,success,,0,0,0,461,573.36,10.57,0,2,Chennai,IN,1,15,2025-01-05 16:58:59.000000,1,15,0.003,659.78,0.9628680061392494,-0.16325138682591156,0,0,0,0,2025-03-13 20:25:52.000000,1084229.0,1,1,0,0
TXN_20624c5e13,CUST_00064,MER_0019,2025-05-10 14:12:45.000000,730.0,INR,card,DEV_123a49e961,IP_0a5102542f,IN,Chennai,success,,0,0,0,461,573.36,10.57,0,2,Chennai,IN,1,15,2025-01-05 16:58:59.000000,1,15,0.0275,352.61,1.2731965955071858,1.070275942259153,0,0,0,0,2025-03-26 09:36:21.000000,3904584.0,1,1,0,0
TXN_f0026336d0,CUST_00064,MER_0039,2025-06-16 06:48:48.000000,664.81,INR,wallet,DEV_123a49e961,IP_0a5102542f,IN,Chennai,success,,0,0,0,461,573.36,10.57,0,2,Chennai,IN,1,15,2025-01-05 16:58:59.000000,1,15,0.0111,595.03,1.1594983954234686,0.117271398080769,0,0,0,0,2025-05-10 14:12:45.000000,3170163.0,1,1,0,0
TXN_7a92835cc9,CUST_00064,MER_0034,2025-06-23 11:17:47.000000,492.05,INR,upi,DEV_123a49e961,IP_0a5102542f,IN,Chennai,success,,0,0,0,461,573.36,10.57,0,2,Chennai,IN,1,15,2025-01-05 16:58:59.000000,1,15,0.0236,1234.72,0.8581868285196037,-0.6014885966048983,0,0,0,0,2025-06-16 06:48:48.000000,620939.0,1,1,0,0
TXN_e20cdc1150,CUST_00064,MER_0027,2025-08-07 18:50:15.000000,773.75,INR,card,DEV_123a49e961,IP_0a5102542f,IN,Chennai,success,,0,0,0,461,573.36,10.57,0,2,Chennai,IN,1,15,2025-01-05 16:58:59.000000,1,15,0.0096,555.21,1.3495011859913493,0.39361682966805345,0,0,0,0,2025-06-23 11:17:47.000000,3915148.0,1,1,0,0
TXN_d05cd4eff4,CUST_00064,MER_0034,2025-08-24 07:55:16.000000,504.51,INR,upi,DEV_123a49e961,IP_0a5102542f,IN,Chennai,success,,0,1,0,461,573.36,10.57,0,2,Chennai,IN,1,15,2025-01-05 16:58:59.000000,1,15,0.0236,1234.72,0.8799183758894935,-0.5913972398600492,0,0,0,0,2025-08-07 18:50:15.000000,1429501.0,1,1,0,0
TXN_582fa802a1,CUST_00064,MER_0032,2025-08-27 17:32:09.000000,553.28,INR,netbanking,DEV_123a49e961,IP_0a5102542f,IN,Chennai,success,,0,0,0,461,573.36,10.57,0,2,Chennai,IN,1,15,2025-01-05 16:58:59.000000,1,15,0.0022,443.12,0.9649783730989255,0.24860083047481488,0,0,0,0,2025-08-24 07:55:16.000000,293813.0,1,1,0,0
TXN_e1a75e9ee8,CUST_00064,MER_0003,2025-08-30 03:33:48.000000,502.35,INR,netbanking,DEV_123a49e961,IP_0a5102542f,IN,Chennai,success,,0,0,0,461,573.36,10.57,0,2,Chennai,IN,1,15,2025-01-05 16:58:59.000000,1,15,0.0263,577.97,0.8761511092507326,-0.1308372406872329,0,0,0,0,2025-08-27 17:32:09.000000,208899.0,1,1,0,0
TXN_1f202fa228,CUST_00064,MER_0021,2025-10-21 18:39:20.000000,661.11,INR,wallet,DEV_123a49e961,IP_0a5102542f,IN,Chennai,success,,0,0,0,461,573.36,10.57,0,2,Chennai,IN,1,15,2025-01-05 16:58:59.000000,1,15,0.0166,319.74,1.153045207199665,1.0676487145805966,0,0,0,0,2025-08-30 03:33:48.000000,4547132.0,1,1,0,0
TXN_87e9f9bbcd,CUST_00064,MER_0033,2025-10-29 11:00:08.000000,641.95,INR,wallet,DEV_123a49e961,IP_0a5102542f,IN,Chennai,failed,bank_decline,0,0,0,461,573.36,10.57,0,2,Chennai,IN,1,15,2025-01-05 16:58:59.000000,1,15,0.0248,960.07,1.119628156829915,-0.3313508390013228,0,0,0,0,2025-10-21 18:39:20.000000,663648.0,1,1,1,1
TXN_273d06e565,CUST_00065,MER_0037,2025-01-07 11:47:17.000000,1746.56,INR,upi,DEV_a263dba455,IP_0b18a49b70,IN,Delhi,success,,0,0,0,693,1790.75,0.27,0,0,Delhi,IN,1,13,2025-01-07 11:47:17.000000,1,13,0.0195,552.51,0.9753231886081251,2.16113735498,0,1,0,0,,999999.0,1,1,0,0
TXN_5339325fbb,CUST_00065,MER_0028,2025-03-10 01:23:13.000000,1829.12,INR,card,DEV_a263dba455,IP_0b18a49b70,IN,Delhi,success,,0,0,0,693,1790.75,0.27,0,0,Delhi,IN,1,13,2025-01-07 11:47:17.000000,1,13,0.0099,504.52,1.0214267764902973,2.6254657892650437,0,0,0,0,2025-01-07 11:47:17.000000,5319356.0,1,1,0,0
TXN_e6b17e6b6a,CUST_00065,MER_0028,2025-03-13 06:33:30.000000,2035.81,INR,wallet,DEV_a263dba455,IP_0b18a49b70,IN,Delhi,success,,0,0,0,693,1790.75,0.27,0,0,Delhi,IN,1,13,2025-01-07 11:47:17.000000,1,13,0.0099,504.52,1.1368476895155661,3.035142313486086,0,0,0,0,2025-03-10 01:23:13.000000,277817.0,1,1,0,0
TXN_c652bc728f,CUST_00065,MER_0017,2025-03-14 20:50:46.000000,1278.04,INR,card,DEV_a263dba455,IP_0b18a49b70,IN,Delhi,success,,0,0,0,693,1790.75,0.27,0,0,Delhi,IN,1,13,2025-01-07 11:47:17.000000,1,13,0.0143,558.35,0.713689794778724,1.2889585385510878,0,0,0,0,2025-03-13 06:33:30.000000,137836.0,1,1,0,0
TXN_d64ca4b7a6,CUST_00065,MER_0016,2025-04-05 20:51:26.000000,1568.09,INR,upi,DEV_a263dba455,IP_0b18a49b70,IN,Delhi,success,,0,0,0,693,1790.75,0.27,0,0,Delhi,IN,1,13,2025-01-07 11:47:17.000000,1,13,0.0212,463.88,0.8756610358788217,2.380378546175735,0,0,0,0,2025-03-14 20:50:46.000000,1900840.0,1,1,0,0
TXN_1e6e43acd0,CUST_00065,MER_0019,2025-05-29 16:30:40.000000,1895.4,INR,upi,DEV_a263dba455,IP_0b18a49b70,IN,Delhi,success,,0,0,0,693,1790.75,0.27,0,0,Delhi,IN,1,13,2025-01-07 11:47:17.000000,1,13,0.0275,352.61,1.0584392014519057,4.375343864326026,0,0,0,0,2025-04-05 20:51:26.000000,4649954.0,1,1,0,0
TXN_38167fd88a,CUST_00065,MER_0023,2025-05-31 09:41:59.000000,1791.02,INR,wallet,DEV_a263dba455,IP_0b18a49b70,IN,Delhi,success,,0,0,0,693,1790.75,0.27,0,0,Delhi,IN,1,13,2025-01-07 11:47:17.000000,1,13,0.0237,748.53,1.0001507748150216,1.3927163907926203,0,0,0,0,2025-05-29 16:30:40.000000,148279.0,1,1,0,0
TXN_34d383dfc7,CUST_00065,MER_0005,2025-07-10 02:47:29.000000,1430.4,INR,card,DEV_a263dba455,IP_0b18a49b70,IN,Delhi,success,,0,0,0,693,1790.75,0.27,0,0,Delhi,IN,1,13,2025-01-07 11:47:17.000000,1,13,0.0292,1054.12,0.7987714644701941,0.3569612567829092,0,0,0,0,2025-05-31 09:41:59.000000,3431130.0,1,1,0,0
TXN_a69e21c21e,CUST_00065,MER_0007,2025-08-25 06:47:18.000000,2150.78,INR,wallet,DEV_a263dba455,IP_0b18a49b70,IN,Delhi,success,,0,0,0,693,1790.75,0.27,0,0,Delhi,IN,1,13,2025-01-07 11:47:17.000000,1,13,0.0071,921.07,1.2010498394527434,1.33508853833042,0,0,0,0,2025-07-10 02:47:29.000000,3988789.0,1,1,0,0
TXN_13bcf973b2,CUST_00065,MER_0005,2025-09-10 14:57:35.000000,537.06,INR,netbanking,DEV_a263dba455,IP_0b18a49b70,IN,Delhi,success,,0,0,0,693,1790.75,0.27,0,0,Delhi,IN,1,13,2025-01-07 11:47:17.000000,1,13,0.0292,1054.12,0.2999078598352645,-0.49051341403255794,0,0,0,0,2025-08-25 06:47:18.000000,1411817.0,1,1,0,0
TXN_de9283fef2,CUST_00065,MER_0007,2025-10-07 19:36:48.000000,1192.91,INR,netbanking,DEV_a263dba455,IP_0b18a49b70,IN,Delhi,success,,0,0,0,693,1790.75,0.27,0,0,Delhi,IN,1,13,2025-01-07 11:47:17.000000,1,13,0.0071,921.07,0.6661510540276421,0.29513500602560067,0,0,0,0,2025-09-10 14:57:35.000000,2349553.0,1,1,0,0
TXN_d3651c7589,CUST_00065,MER_0025,2025-10-25 01:36:06.000000,1633.08,INR,card,DEV_a263dba455,IP_0b18a49b70,IN,Delhi,success,,0,0,0,693,1790.75,0.27,0,0,Delhi,IN,1,13,2025-01-07 11:47:17.000000,1,13,0.0075,737.17,0.9119530922797711,1.2153370321635444,0,0,0,0,2025-10-07 19:36:48.000000,1490358.0,1,1,0,0
TXN_03a23fbd03,CUST_00065,MER_0030,2025-10-30 16:47:59.000000,1836.98,INR,upi,DEV_a263dba455,IP_0b18a49b70,IN,Delhi,success,,0,0,0,693,1790.75,0.27,0,0,Delhi,IN,1,13,2025-01-07 11:47:17.000000,1,13,0.0041,807.91,1.0258159988831494,1.2737433625032495,0,0,0,0,2025-10-25 01:36:06.000000,486713.0,1,1,0,0
TXN_b27625a4f6,CUST_00066,MER_0007,2025-01-05 01:50:46.000000,423.3,INR,netbanking,DEV_79a8364055,IP_b3001171d1,IN,Mumbai,success,,0,0,0,1205,561.45,1.73,0,1,Mumbai,IN,1,10,2025-01-05 01:50:46.000000,1,10,0.0071,921.07,0.7539406892866684,-0.5404258091133138,0,1,0,0,,999999.0,1,1,0,0
TXN_8e353788b9,CUST_00066,MER_0010,2025-04-27 21:31:41.000000,493.98,INR,netbanking,DEV_79a8364055,IP_b3001171d1,IN,Mumbai,success,,0,0,0,1205,561.45,1.73,0,1,Mumbai,IN,1,10,2025-01-05 01:50:46.000000,1,10,0.0102,362.24,0.8798290141597649,0.36368153710247353,0,0,0,0,2025-01-05 01:50:46.000000,9747655.0,1,1,0,0
TXN_bdc236fbdf,CUST_00066,MER_0014,2025-04-29 02:00:09.000000,677.42,INR,netbanking,DEV_79a8364055,IP_b3001171d1,IN,Mumbai,success,,0,0,0,1205,561.45,1.73,0,1,Mumbai,IN,1,10,2025-01-05 01:50:46.000000,1,10,0.019,479.8,1.206554457209012,0.4118799499791579,0,0,0,0,2025-04-27 21:31:41.000000,102508.0,1,1,0,0
TXN_9fdf062d7b,CUST_00066,MER_0013,2025-05-01 19:28:53.000000,302.0,INR,upi,DEV_79a8364055,IP_b3001171d1,IN,Mumbai,success,,0,0,0,1205,561.45,1.73,0,1,Mumbai,IN,1,10,2025-01-05 01:50:46.000000,1,10,0.0164,580.87,0.5378929557396027,-0.4800902095133162,0,0,0,0,2025-04-29 02:00:09.000000,235724.0,1,1,0,0
TXN_4753eb86b7,CUST_00066,MER_0002,2025-06-18 15:38:00.000000,688.74,INR,upi,DEV_79a8364055,IP_b3001171d1,IN,Mumbai,success,,0,1,0,1205,561.45,1.73,0,1,Mumbai,IN,1,10,2025-01-05 01:50:46.000000,1,10,0.0036,577.96,1.2267165375367353,0.19167416430202777,0,0,0,0,2025-05-01 19:28:53.000000,4133347.0,1,1,0,0
TXN_c1801359c0,CUST_00066,MER_0031,2025-07-08 07:12:06.000000,426.25,INR,netbanking,DEV_79a8364055,IP_b3001171d1,IN,Mumbai,success,,0,0,0,1205,561.45,1.73,0,1,Mumbai,IN,1,10,2025-01-05 01:50:46.000000,1,10,0.0296,527.92,0.759194941668893,-0.19258599787846636,0,0,0,0,2025-06-18 15:38:00.000000,1697646.0,1,1,0,0
TXN_d2c4849a6a,CUST_00066,MER_0032,2025-09-10 18:14:18.000000,457.59,INR,upi,DEV_79a8364055,IP_b3001171d1,IN,Mumbai,success,,0,0,0,1205,561.45,1.73,0,1,Mumbai,IN,1,10,2025-01-05 01:50:46.000000,1,10,0.0022,443.12,0.8150146940956451,0.032654811337786534,0,0,0,0,2025-07-08 07:12:06.000000,5569332.0,1,1,0,0
TXN_bd4756e106,CUST_00066,MER_0011,2025-09-13 19:48:12.000000,696.59,INR,netbanking,DEV_79a8364055,IP_b3001171d1,IN,Mumbai,success,,0,0,0,1205,561.45,1.73,0,1,Mumbai,IN,1,10,2025-01-05 01:50:46.000000,1,10,0.0123,803.16,1.24069819218096,-0.13268838089546284,0,0,0,0,2025-09-10 18:14:18.000000,264834.0,1,1,0,0
TXN_627568b243,CUST_00066,MER_0000,2025-09-24 03:09:01.000000,394.73,INR,netbanking,DEV_79a8364055,IP_b3001171d1,IN,Mumbai,success,,0,0,0,1205,561.45,1.73,0,1,Mumbai,IN,1,10,2025-01-05 01:50:46.000000,1,10,0.0225,896.08,0.7030545907917001,-0.5594924560307115,0,0,0,0,2025-09-13 19:48:12.000000,890449.0,1,1,0,0
TXN_70fe454516,CUST_00066,MER_0029,2025-10-04 06:26:48.000000,628.29,INR,wallet,DEV_79a8364055,IP_b3001171d1,IN,Mumbai,success,,0,0,0,1205,561.45,1.73,0,1,Mumbai,IN,1,10,2025-01-05 01:50:46.000000,1,10,0.0172,1254.23,1.119048891263692,-0.4990631702319352,0,0,0,0,2025-09-24 03:09:01.000000,875867.0,1,1,0,0
TXN_80d74e93cb,CUST_00067,MER_0016,2025-02-25 10:09:10.000000,204.84,INR,wallet,DEV_e777632e20,IP_2999063dfb,IN,Chennai,success,,0,0,0,1206,153.18,3.61,0,0,Chennai,IN,1,11,2025-02-25 10:09:10.000000,1,11,0.0212,463.88,1.337250293772033,-0.5584202811071828,0,1,0,0,,999999.0,1,1,0,0
TXN_5d360b45a3,CUST_00067,MER_0017,2025-03-27 18:31:15.000000,178.42,INR,upi,DEV_e777632e20,IP_2999063dfb,IN,Chennai,success,,0,0,0,1206,153.18,3.61,0,0,Chennai,IN,1,11,2025-02-25 10:09:10.000000,1,11,0.0143,558.35,1.164773469121295,-0.6804513298110505,0,0,0,0,2025-02-25 10:09:10.000000,2622125.0,1,1,0,0
TXN_9af308eaa3,CUST_00067,MER_0010,2025-03-28 10:30:28.000000,234.28,INR,wallet,DEV_e777632e20,IP_2999063dfb,IN,Chennai,success,,0,0,0,1206,153.18,3.61,0,0,Chennai,IN,1,11,2025-02-25 10:09:10.000000,1,11,0.0102,362.24,1.529442485964225,-0.3532464664310954,0,0,0,0,2025-03-27 18:31:15.000000,57553.0,1,1,0,0
TXN_c2bc337487,CUST_00067,MER_0013,2025-04-29 04:00:45.000000,150.79,INR,card,DEV_e777632e20,IP_2999063dfb,IN,Chennai,success,,0,0,0,1206,153.18,3.61,0,0,Chennai,IN,1,11,2025-02-25 10:09:10.000000,1,11,0.0164,580.87,0.9843974409191799,-0.7404066314321621,0,0,0,0,2025-03-28 10:30:28.000000,2741417.0,1,1,0,0
TXN_8038deb395,CUST_00067,MER_0039,2025-05-06 09:57:05.000000,96.26,INR,upi,DEV_e777632e20,IP_2999063dfb,IN,Chennai,success,,0,0,0,1206,153.18,3.61,0,0,Chennai,IN,1,11,2025-02-25 10:09:10.000000,1,11,0.0111,595.03,0.6284110197153675,-0.8382266440347546,0,0,0,0,2025-04-29 04:00:45.000000,626180.0,1,1,0,0
TXN_7647903d2a,CUST_00067,MER_0010,2025-06-10 17:05:08.000000,133.75,INR,card,DEV_e777632e20,IP_2999063dfb,IN,Chennai,success,,0,0,0,1206,153.18,3.61,0,0,Chennai,IN,1,11,2025-02-25 10:09:10.000000,1,11,0.0102,362.24,0.8731557644601122,-0.6307696554770318,0,0,0,0,2025-05-06 09:57:05.000000,3049683.0,1,1,0,0
TXN_6b239597f1,CUST_00067,MER_0001,2025-07-06 17:45:30.000000,148.1,INR,upi,DEV_e777632e20,IP_2999063dfb,IN,Chennai,success,,0,0,0,1206,153.18,3.61,0,0,Chennai,IN,1,11,2025-02-25 10:09:10.000000,1,11,0.0188,612.19,0.9668364016190102,-0.758081641320505,0,0,0,0,2025-06-10 17:05:08.000000,2248822.0,1,1,0,0
TXN_42f608a44d,CUST_00067,MER_0031,2025-07-26 11:17:24.000000,132.21,INR,card,DEV_e777632e20,IP_2999063dfb,IN,Chennai,success,,0,0,0,1206,153.18,3.61,0,0,Chennai,IN,1,11,2025-02-25 10:09:10.000000,1,11,0.0296,527.92,0.8631022326674501,-0.7495643279284739,0,0,0,0,2025-07-06 17:45:30.000000,1704714.0,1,1,0,0
TXN_4cfad0a2b9,CUST_00067,MER_0001,2025-08-13 20:08:03.000000,112.78,INR,wallet,DEV_e777632e20,IP_2999063dfb,IN,Chennai,success,,0,0,0,1206,153.18,3.61,0,0,Chennai,IN,1,11,2025-02-25 10:09:10.000000,1,11,0.0188,612.19,0.7362579971275623,-0.815776147927931,0,0,0,0,2025-07-26 11:17:24.000000,1587039.0,1,1,0,0
TXN_c7ad0ef5b2,CUST_00067,MER_0039,2025-08-24 07:21:54.000000,191.91,INR,card,DEV_e777632e20,IP_2999063dfb,IN,Chennai,success,,0,0,0,1206,153.18,3.61,0,0,Chennai,IN,1,11,2025-02-25 10:09:10.000000,1,11,0.0111,595.03,1.252839796318057,-0.6774784464648842,0,0,0,0,2025-08-13 20:08:03.000000,904431.0,1,1,0,0
TXN_2948d92da0,CUST_00067,MER_0005,2025-09-25 16:18:33.000000,192.53,INR,upi,DEV_e777632e20,IP_2999063dfb,IN,Chennai,success,,0,0,0,1206,153.18,3.61,0,0,Chennai,IN,1,11,2025-02-25 10:09:10.000000,1,11,0.0292,1054.12,1.2568873221047134,-0.8173547603688385,0,0,0,0,2025-08-24 07:21:54.000000,2796999.0,1,1,0,0
TXN_64b4ab1650,CUST_00068,MER_0027,2025-01-02 15:23:27.000000,655.24,INR,card,DEV_c31a621c32,IP_4c63a7cfd7,IN,Chennai,success,,0,0,0,15,903.28,1.91,0,0,Chennai,IN,1,13,2025-01-02 15:23:27.000000,1,13,0.0096,555.21,0.7254007616685856,0.18016606329136717,0,1,0,0,,999999.0,1,1,0,0
TXN_3cf972a04b,CUST_00068,MER_0000,2025-01-30 11:41:32.000000,1259.35,INR,netbanking,DEV_c31a621c32,IP_4c63a7cfd7,IN,Chennai,success,,0,0,0,15,903.28,1.91,0,0,Chennai,IN,1,13,2025-01-02 15:23:27.000000,1,13,0.0225,896.08,1.3941967053405366,0.40539907151147203,0,0,0,0,2025-01-02 15:23:27.000000,2405885.0,1,1,0,0
TXN_b168385c53,CUST_00068,MER_0017,2025-02-24 12:29:42.000000,1365.08,INR,card,DEV_c31a621c32,IP_4c63a7cfd7,IN,Chennai,success,,0,0,0,15,903.28,1.91,0,0,Chennai,IN,1,13,2025-01-02 15:23:27.000000,1,13,0.0143,558.35,1.5112478965547782,1.4448464224948507,0,0,0,0,2025-01-30 11:41:32.000000,2162890.0,1,1,0,0
TXN_d8a5b3e3d8,CUST_00068,MER_0037,2025-03-04 12:17:27.000000,1041.91,INR,card,DEV_c31a621c32,IP_4c63a7cfd7,IN,Chennai,success,,0,0,0,15,903.28,1.91,0,0,Chennai,IN,1,13,2025-01-02 15:23:27.000000,1,13,0.0195,552.51,1.1534740058453636,0.8857758230620262,0,0,0,0,2025-02-24 12:29:42.000000,690465.0,1,1,0,0
TXN_e8f5711ad7,CUST_00068,MER_0022,2025-04-19 12:43:17.000000,418.33,INR,netbanking,DEV_c31a621c32,IP_4c63a7cfd7,IN,Chennai,success,,0,0,0,15,903.28,1.91,0,0,Chennai,IN,1,13,2025-01-02 15:23:27.000000,1,13,0.0291,299.79,0.4631232840315295,0.3954101204176255,0,0,0,0,2025-03-04 12:17:27.000000,3975950.0,1,1,0,0
TXN_176a56f360,CUST_00068,MER_0026,2025-05-20 14:52:41.000000,1150.77,INR,card,DEV_c31a621c32,IP_4c63a7cfd7,IN,Chennai,success,,0,0,0,15,903.28,1.91,0,0,Chennai,IN,1,13,2025-01-02 15:23:27.000000,1,13,0.0129,620.55,1.273990346293508,0.8544355813391348,0,0,0,0,2025-04-19 12:43:17.000000,2686164.0,1,1,0,0
TXN_9507ede310,CUST_00068,MER_0030,2025-07-02 22:53:11.000000,1351.45,INR,netbanking,DEV_c31a621c32,IP_4c63a7cfd7,IN,Chennai,success,,0,0,0,15,903.28,1.91,0,0,Chennai,IN,1,13,2025-01-02 15:23:27.000000,1,13,0.0041,807.91,1.4961584447790277,0.6727729573838671,0,0,0,0,2025-05-20 14:52:41.000000,3744030.0,1,1,0,0
TXN_3de712d936,CUST_00068,MER_0013,2025-07-08 14:32:36.000000,700.62,INR,upi,DEV_c31a621c32,IP_4c63a7cfd7,IN,Chennai,failed,insufficient_funds,0,0,0,15,903.28,1.91,0,0,Chennai,IN,1,13,2025-01-02 15:23:27.000000,1,13,0.0164,580.87,0.7756398901780179,0.2061562828171536,0,0,0,0,2025-07-02 22:53:11.000000,488365.0,1,1,1,1
TXN_197354dc60,CUST_00068,MER_0037,2025-09-05 03:42:28.000000,1007.46,INR,wallet,DEV_c31a621c32,IP_4c63a7cfd7,IN,Chennai,success,,0,0,0,15,903.28,1.91,0,0,Chennai,IN,1,13,2025-01-02 15:23:27.000000,1,13,0.0195,552.51,1.1153352227437783,0.8234240104251508,0,0,0,0,2025-07-08 14:32:36.000000,5058592.0,1,1,0,0
TXN_3c977e1ff3,CUST_00068,MER_0038,2025-09-09 15:36:55.000000,1262.58,INR,upi,DEV_c31a621c32,IP_4c63a7cfd7,IN,Chennai,success,,0,0,0,15,903.28,1.91,0,0,Chennai,IN,1,13,2025-01-02 15:23:27.000000,1,13,0.0107,498.94,1.3977725622176955,1.5305247123902672,0,0,0,0,2025-09-05 03:42:28.000000,388467.0,1,1,0,0
TXN_8f2d2f9730,CUST_00068,MER_0035,2025-10-03 15:55:32.000000,788.06,INR,card,DEV_c31a621c32,IP_4c63a7cfd7,IN,Chennai,success,,0,0,0,15,903.28,1.91,0,0,Chennai,IN,1,13,2025-01-02 15:23:27.000000,1,13,0.0041,1163.01,0.8724426534407935,-0.3223961960774198,0,0,0,0,2025-09-09 15:36:55.000000,2074717.0,1,1,0,0
TXN_527f22200c,CUST_00068,MER_0038,2025-10-08 09:59:17.000000,624.79,INR,wallet,DEV_c31a621c32,IP_4c63a7cfd7,IN,Chennai,success,,0,0,0,15,903.28,1.91,0,0,Chennai,IN,1,13,2025-01-02 15:23:27.000000,1,13,0.0107,498.94,0.6916902842972279,0.2522347376438048,0,0,0,0,2025-10-03 15:55:32.000000,410625.0,1,1,0,0
TXN_53e87deed8,CUST_00068,MER_0029,2025-10-24 12:49:30.000000,1055.73,INR,card,DEV_c31a621c32,IP_4c63a7cfd7,IN,Chennai,success,,0,0,0,15,903.28,1.91,0,0,Chennai,IN,1,13,2025-01-02 15:23:27.000000,1,13,0.0172,1254.23,1.1687738021433,-0.15826443315819266,0,0,0,0,2025-10-08 09:59:17.000000,1392613.0,1,1,0,0
TXN_07bad5983e,CUST_00069,MER_0039,2025-01-16 02:08:29.000000,429.92,INR,card,DEV_b48232935c,IP_ee072e0b19,IN,Delhi,success,,0,0,0,1450,394.46,7.71,0,0,Delhi,IN,1,17,2025-01-16 02:08:29.000000,1,17,0.0111,595.03,1.0898950463925368,-0.27748180763995084,0,1,0,0,,999999.0,1,1,0,0
TXN_ba7174ccad,CUST_00069,MER_0010,2025-01-29 09:44:49.000000,359.06,INR,netbanking,DEV_b48232935c,IP_ee072e0b19,IN,Delhi,success,,0,0,0,1450,394.46,7.71,0,0,Delhi,IN,1,17,2025-01-16 02:08:29.000000,1,17,0.0102,362.24,0.9102570602849466,-0.008778710247349842,0,0,0,0,2025-01-16 02:08:29.000000,1150580.0,1,1,0,0
TXN_f5a58cf981,CUST_00069,MER_0000,2025-02-02 18:57:19.000000,410.49,INR,wallet,DEV_b48232935c,IP_ee072e0b19,IN,Delhi,success,,0,0,0,1450,394.46,7.71,0,0,Delhi,IN,1,17,2025-01-16 02:08:29.000000,1,17,0.0225,896.08,1.0406378340009128,-0.5419047406481564,0,0,0,0,2025-01-29 09:44:49.000000,378750.0,1,1,0,0
TXN_8c1f7c0eaf,CUST_00069,MER_0005,2025-03-23 22:21:27.000000,577.93,INR,wallet,DEV_b48232935c,IP_ee072e0b19,IN,Delhi,success,,0,0,0,1450,394.46,7.71,0,0,Delhi,IN,1,17,2025-01-16 02:08:29.000000,1,17,0.0292,1054.12,1.465116868630533,-0.45174173718362237,0,0,0,0,2025-02-02 18:57:19.000000,4245848.0,1,1,0,0
TXN_0ea978b2b1,CUST_00069,MER_0034,2025-03-25 00:35:42.000000,378.21,INR,card,DEV_b48232935c,IP_ee072e0b19,IN,Delhi,success,,0,0,0,1450,394.46,7.71,0,0,Delhi,IN,1,17,2025-01-16 02:08:29.000000,1,17,0.0236,1234.72,0.9588044415149825,-0.6936876376830374,0,0,0,0,2025-03-23 22:21:27.000000,94455.0,1,1,0,0
TXN_51fe0c3ed6,CUST_00069,MER_0037,2025-04-05 11:47:08.000000,402.3,INR,card,DEV_b48232935c,IP_ee072e0b19,IN,Delhi,success,,0,0,0,1450,394.46,7.71,0,0,Delhi,IN,1,17,2025-01-16 02:08:29.000000,1,17,0.0195,552.51,1.019875272524464,-0.2718683824727154,0,0,0,0,2025-03-25 00:35:42.000000,990686.0,1,1,0,0
TXN_89977c1123,CUST_00069,MER_0022,2025-05-09 16:19:37.000000,471.82,INR,upi,DEV_b48232935c,IP_ee072e0b19,IN,Delhi,success,,0,0,0,1450,394.46,7.71,0,0,Delhi,IN,1,17,2025-01-16 02:08:29.000000,1,17,0.0291,299.79,1.1961162095015971,0.5738350178458252,0,0,0,0,2025-04-05 11:47:08.000000,2953949.0,1,1,0,0
TXN_91383c621c,CUST_00069,MER_0026,2025-06-11 23:16:25.000000,239.76,INR,upi,DEV_b48232935c,IP_ee072e0b19,IN,Delhi,success,,0,0,0,1450,394.46,7.71,0,0,Delhi,IN,1,17,2025-01-16 02:08:29.000000,1,17,0.0129,620.55,0.6078182832226335,-0.613633067440174,0,0,0,0,2025-05-09 16:19:37.000000,2876208.0,1,1,0,0
TXN_95736d0a57,CUST_00069,MER_0016,2025-06-16 06:14:58.000000,477.51,INR,netbanking,DEV_b48232935c,IP_ee072e0b19,IN,Delhi,success,,0,0,0,1450,394.46,7.71,0,0,Delhi,IN,1,17,2025-01-16 02:08:29.000000,1,17,0.0212,463.88,1.2105409927495818,0.029382598948003786,0,0,0,0,2025-06-11 23:16:25.000000,370713.0,1,1,0,0
TXN_765b178177,CUST_00069,MER_0023,2025-07-19 12:40:25.000000,540.37,INR,wallet,DEV_b48232935c,IP_ee072e0b19,IN,Delhi,success,,0,0,0,1450,394.46,7.71,0,0,Delhi,IN,1,17,2025-01-16 02:08:29.000000,1,17,0.0237,748.53,1.3698980885260863,-0.2780917264505096,0,0,0,0,2025-06-16 06:14:58.000000,2874327.0,1,1,0,0
TXN_e57d78efd6,CUST_00069,MER_0031,2025-07-24 05:43:37.000000,388.69,INR,wallet,DEV_b48232935c,IP_ee072e0b19,IN,Delhi,success,,0,0,0,1450,394.46,7.71,0,0,Delhi,IN,1,17,2025-01-16 02:08:29.000000,1,17,0.0296,527.92,0.9853724078487046,-0.26373314138505827,0,0,0,0,2025-07-19 12:40:25.000000,406992.0,1,1,0,0
TXN_9707e0b651,CUST_00069,MER_0034,2025-09-11 23:18:56.000000,467.66,INR,upi,DEV_b48232935c,IP_ee072e0b19,IN,Delhi,success,,0,0,0,1450,394.46,7.71,0,0,Delhi,IN,1,17,2025-01-16 02:08:29.000000,1,17,0.0236,1234.72,1.1855701465294328,-0.6212420629778411,0,0,0,0,2025-07-24 05:43:37.000000,4296919.0,1,1,0,0
TXN_bb1fc5bc33,CUST_00069,MER_0031,2025-09-12 19:57:22.000000,376.68,INR,wallet,DEV_b48232935c,IP_ee072e0b19,IN,Delhi,success,,0,0,0,1450,394.46,7.71,0,0,Delhi,IN,1,17,2025-01-16 02:08:29.000000,1,17,0.0296,527.92,0.9549257212391624,-0.2864828004243066,0,0,0,0,2025-09-11 23:18:56.000000,74306.0,1,1,0,0
TXN_066bc57384,CUST_00069,MER_0008,2025-09-17 02:22:18.000000,169.11,INR,upi,DEV_b48232935c,IP_ee072e0b19,IN,Delhi,success,,0,0,0,1450,394.46,7.71,0,0,Delhi,IN,1,17,2025-01-16 02:08:29.000000,1,17,0.0141,769.07,0.4287126704862344,-0.7801110432080305,0,0,0,0,2025-09-12 19:57:22.000000,368696.0,1,1,0,0
TXN_197edee1c7,CUST_00069,MER_0038,2025-10-07 03:56:57.000000,288.91,INR,upi,DEV_b48232935c,IP_ee072e0b19,IN,Delhi,success,,0,0,0,1450,394.46,7.71,0,0,Delhi,IN,1,17,2025-01-16 02:08:29.000000,1,17,0.0107,498.94,0.7324190031942404,-0.42095241912855247,0,0,0,0,2025-09-17 02:22:18.000000,1733679.0,1,1,0,0
TXN_15548ae1e1,CUST_00069,MER_0036,2025-10-08 17:45:04.000000,355.86,INR,upi,DEV_b48232935c,IP_ee072e0b19,IN,Delhi,success,,0,0,0,1450,394.46,7.71,0,0,Delhi,IN,1,17,2025-01-16 02:08:29.000000,1,17,0.0262,402.01,0.9021447041525124,-0.11479813934976736,0,0,0,0,2025-10-07 03:56:57.000000,136087.0,1,1,0,0
TXN_5a427a5b7a,CUST_00069,MER_0006,2025-10-24 13:02:36.000000,402.13,INR,card,DEV_b48232935c,IP_ee072e0b19,IN,Delhi,success,,0,0,0,1450,394.46,7.71,0,0,Delhi,IN,1,17,2025-01-16 02:08:29.000000,1,17,0.0071,501.86,1.0194443036049283,-0.1987207587773483,0,0,0,0,2025-10-08 17:45:04.000000,1365452.0,1,1,0,0
TXN_3dbecf55ea,CUST_00070,MER_0010,2025-03-10 06:46:41.000000,586.95,INR,card,DEV_00aaeead86,IP_69cb8a76bd,IN,Mumbai,success,,0,1,0,469,654.25,3.3,0,1,Mumbai,IN,1,9,2025-03-10 06:46:41.000000,1,9,0.0102,362.24,0.8971341230416509,0.6203345848056538,0,1,0,0,,999999.0,1,1,0,0
TXN_47345731fe,CUST_00070,MER_0010,2025-03-25 07:18:11.000000,667.44,INR,upi,DEV_00aaeead86,IP_69cb8a76bd,IN,Mumbai,success,,0,0,0,469,654.25,3.3,0,1,Mumbai,IN,1,9,2025-03-10 06:46:41.000000,1,9,0.0102,362.24,1.0201604891096676,0.842535335689046,0,0,0,0,2025-03-10 06:46:41.000000,1297890.0,1,1,0,0
TXN_b108b714b7,CUST_00070,MER_0019,2025-05-21 21:53:19.000000,613.52,INR,netbanking,DEV_00aaeead86,IP_69cb8a76bd,IN,Mumbai,success,,0,0,0,469,654.25,3.3,0,1,Mumbai,IN,1,9,2025-03-10 06:46:41.000000,1,9,0.0275,352.61,0.9377455101260985,0.7399393097189528,0,0,0,0,2025-03-25 07:18:11.000000,4977308.0,1,1,0,0
TXN_ac0570bd24,CUST_00070,MER_0018,2025-07-17 16:57:09.000000,591.18,INR,card,DEV_00aaeead86,IP_69cb8a76bd,IN,Mumbai,success,,0,0,0,469,654.25,3.3,0,1,Mumbai,IN,1,9,2025-03-10 06:46:41.000000,1,9,0.003,659.78,0.9035995414596866,-0.10397405195671289,0,0,0,0,2025-05-21 21:53:19.000000,4907030.0,1,1,0,0
TXN_2b2de51269,CUST_00070,MER_0006,2025-07-27 02:33:49.000000,514.0,INR,upi,DEV_00aaeead86,IP_69cb8a76bd,IN,Mumbai,success,,0,0,0,469,654.25,3.3,0,1,Mumbai,IN,1,9,2025-03-10 06:46:41.000000,1,9,0.0071,501.86,0.7856324035154757,0.024190013151077962,0,0,0,0,2025-07-17 16:57:09.000000,812200.0,1,1,0,0
TXN_1aadda2b7b,CUST_00070,MER_0020,2025-08-07 02:37:51.000000,945.65,INR,netbanking,DEV_00aaeead86,IP_69cb8a76bd,IN,Mumbai,success,,0,0,0,469,654.25,3.3,0,1,Mumbai,IN,1,9,2025-03-10 06:46:41.000000,1,9,0.0107,1089.56,1.4453954910202522,-0.1320808399720988,0,0,0,0,2025-07-27 02:33:49.000000,950642.0,1,1,0,0
TXN_7218563523,CUST_00070,MER_0027,2025-08-28 16:06:44.000000,808.04,INR,wallet,DEV_00aaeead86,IP_69cb8a76bd,IN,Mumbai,success,,0,0,0,469,654.25,3.3,0,1,Mumbai,IN,1,9,2025-03-10 06:46:41.000000,1,9,0.0096,555.21,1.2350630492930836,0.45537724464616974,0,0,0,0,2025-08-07 02:37:51.000000,1862933.0,1,1,0,0
TXN_bcc0e72a4f,CUST_00070,MER_0039,2025-08-31 20:54:15.000000,998.78,INR,card,DEV_00aaeead86,IP_69cb8a76bd,IN,Mumbai,success,,0,0,0,469,654.25,3.3,0,1,Mumbai,IN,1,9,2025-03-10 06:46:41.000000,1,9,0.0111,595.03,1.5266029805120367,0.6785372166109273,0,0,0,0,2025-08-28 16:06:44.000000,276451.0,1,1,0,0
TXN_4d1e467f48,CUST_00070,MER_0023,2025-10-21 16:44:34.000000,332.3,INR,upi,DEV_00aaeead86,IP_69cb8a76bd,IN,Mumbai,success,,0,0,0,469,654.25,3.3,0,1,Mumbai,IN,1,9,2025-03-10 06:46:41.000000,1,9,0.0237,748.53,0.507909820405044,-0.556063217239122,0,0,0,0,2025-08-31 20:54:15.000000,4391419.0,1,1,0,0
TXN_d7359491c3,CUST_00071,MER_0011,2025-01-02 21:37:24.000000,2140.44,INR,upi,DEV_0c6a3c67f4,IP_384e60e71c,IN,Delhi,success,,0,0,0,1855,1565.48,0.56,0,0,Delhi,IN,1,9,2025-01-02 21:37:24.000000,1,9,0.0123,803.16,1.3672739351508802,1.665023158523831,0,1,0,0,,999999.0,1,1,0,0
TXN_9a8d49e79d,CUST_00071,MER_0030,2025-01-03 18:03:46.000000,1990.25,INR,netbanking,DEV_0c6a3c67f4,IP_384e60e71c,IN,Delhi,success,,0,0,0,1855,1565.48,0.56,0,0,Delhi,IN,1,9,2025-01-02 21:37:24.000000,1,9,0.0041,807.91,1.2713353092981066,1.463455087819188,0,0,0,0,2025-01-02 21:37:24.000000,73582.0,1,1,0,0
TXN_40829a6d87,CUST_00071,MER_0029,2025-02-07 22:13:22.000000,1523.45,INR,card,DEV_0c6a3c67f4,IP_384e60e71c,IN,Delhi,success,,0,0,0,1855,1565.48,0.56,0,0,Delhi,IN,1,9,2025-01-02 21:37:24.000000,1,9,0.0172,1254.23,0.9731520044970233,0.21464962566674375,0,0,0,0,2025-01-03 18:03:46.000000,3038976.0,1,1,0,0
TXN_6225775b1f,CUST_00071,MER_0028,2025-03-29 16:47:55.000000,1380.73,INR,netbanking,DEV_0c6a3c67f4,IP_384e60e71c,IN,Delhi,success,,0,0,0,1855,1565.48,0.56,0,0,Delhi,IN,1,9,2025-01-02 21:37:24.000000,1,9,0.0099,504.52,0.8819850780591256,1.7367200507412988,0,0,0,0,2025-02-07 22:13:22.000000,4300473.0,1,1,0,0
TXN_c7a920416b,CUST_00071,MER_0000,2025-04-17 18:36:05.000000,1267.54,INR,wallet,DEV_0c6a3c67f4,IP_384e60e71c,IN,Delhi,success,,0,0,0,1855,1565.48,0.56,0,0,Delhi,IN,1,9,2025-01-02 21:37:24.000000,1,9,0.0225,896.08,0.8096813756803025,0.41453888045710197,0,0,0,0,2025-03-29 16:47:55.000000,1648090.0,1,1,0,0
TXN_270cf00e37,CUST_00071,MER_0033,2025-04-25 10:37:42.000000,1858.42,INR,card,DEV_0c6a3c67f4,IP_384e60e71c,IN,Delhi,success,,0,0,0,1855,1565.48,0.56,0,0,Delhi,IN,1,9,2025-01-02 21:37:24.000000,1,9,0.0248,960.07,1.1871247157421367,0.9357130209255575,0,0,0,0,2025-04-17 18:36:05.000000,662497.0,1,1,0,0
TXN_013c4fa7a8,CUST_00071,MER_0000,2025-06-03 19:20:36.000000,1995.61,INR,upi,DEV_0c6a3c67f4,IP_384e60e71c,IN,Delhi,success,,0,0,0,1855,1565.48,0.56,0,0,Delhi,IN,1,9,2025-01-02 21:37:24.000000,1,9,0.0225,896.08,1.2747591792932518,1.2270444603160429,0,0,0,0,2025-04-25 10:37:42.000000,3400974.0,1,1,0,0
TXN_40d72c549f,CUST_00071,MER_0003,2025-07-23 00:47:03.000000,1835.6,INR,netbanking,DEV_0c6a3c67f4,IP_384e60e71c,IN,Delhi,success,,0,0,0,1855,1565.48,0.56,0,0,Delhi,IN,1,9,2025-01-02 21:37:24.000000,1,9,0.0263,577.97,1.1725477169941487,2.175943388065124,0,0,0,0,2025-06-03 19:20:36.000000,4253187.0,1,1,0,0
TXN_cbb368f8e1,CUST_00071,MER_0015,2025-08-21 15:13:56.000000,1939.94,INR,upi,DEV_0c6a3c67f4,IP_384e60e71c,IN,Delhi,success,,0,0,0,1855,1565.48,0.56,0,0,Delhi,IN,1,9,2025-01-02 21:37:24.000000,1,9,0.0068,710.92,1.2391982011906892,1.7287739830079334,0,0,0,0,2025-07-23 00:47:03.000000,2557613.0,1,1,0,0
TXN_9887c21856,CUST_00072,MER_0019,2025-01-12 20:49:08.000000,376.62,INR,card,DEV_71e66ee7a6,IP_d69dc80bd6,IN,Mumbai,success,,0,0,0,1761,351.09,2.07,0,0,Mumbai,IN,1,11,2025-01-12 20:49:08.000000,1,11,0.0275,352.61,1.0727163975049134,0.06809222653923595,0,1,0,0,,999999.0,1,1,0,0
TXN_55c6420b75,CUST_00072,MER_0020,2025-03-16 12:11:26.000000,436.25,INR,netbanking,DEV_71e66ee7a6,IP_d69dc80bd6,IN,Mumbai,success,,0,0,0,1761,351.09,2.07,0,0,Mumbai,IN,1,11,2025-01-12 20:49:08.000000,1,11,0.0107,1089.56,1.2425588880344072,-0.5996090164837182,0,0,0,0,2025-01-12 20:49:08.000000,5412138.0,1,1,0,0
TXN_6215db9c07,CUST_00072,MER_0026,2025-03-19 17:38:03.000000,517.85,INR,wallet,DEV_71e66ee7a6,IP_d69dc80bd6,IN,Mumbai,success,,0,0,0,1761,351.09,2.07,0,0,Mumbai,IN,1,11,2025-01-12 20:49:08.000000,1,11,0.0129,620.55,1.4749779258879492,-0.16549834823946488,0,0,0,0,2025-03-16 12:11:26.000000,278797.0,1,1,0,0
TXN_32fbdd627c,CUST_00072,MER_0024,2025-05-27 15:18:21.000000,333.09,INR,card,DEV_71e66ee7a6,IP_d69dc80bd6,IN,Mumbai,success,,0,0,0,1761,351.09,2.07,0,0,Mumbai,IN,1,11,2025-01-12 20:49:08.000000,1,11,0.0045,1035.96,0.9487310945911305,-0.678472141781536,0,0,0,0,2025-03-19 17:38:03.000000,5953218.0,1,1,0,0
TXN_1f7e4015e1,CUST_00072,MER_0012,2025-06-09 02:34:54.000000,383.86,INR,card,DEV_71e66ee7a6,IP_d69dc80bd6,IN,Mumbai,success,,0,0,0,1761,351.09,2.07,0,0,Mumbai,IN,1,11,2025-01-12 20:49:08.000000,1,11,0.0076,1602.61,1.0933378905693698,-0.760478219903782,0,0,0,0,2025-05-27 15:18:21.000000,1077393.0,1,1,0,0
TXN_85d773408e,CUST_00072,MER_0029,2025-06-25 04:08:59.000000,189.06,INR,upi,DEV_71e66ee7a6,IP_d69dc80bd6,IN,Mumbai,failed,bank_decline,0,0,0,1761,351.09,2.07,0,0,Mumbai,IN,1,11,2025-01-12 20:49:08.000000,1,11,0.0172,1254.23,0.5384944031444929,-0.8492620970635371,0,0,0,0,2025-06-09 02:34:54.000000,1388045.0,1,1,1,1
TXN_2baf657803,CUST_00072,MER_0035,2025-07-24 16:08:31.000000,322.51,INR,wallet,DEV_71e66ee7a6,IP_d69dc80bd6,IN,Mumbai,success,,0,0,0,1761,351.09,2.07,0,0,Mumbai,IN,1,11,2025-01-12 20:49:08.000000,1,11,0.0041,1163.01,0.9185963713008061,-0.722693699968186,0,0,0,0,2025-06-25 04:08:59.000000,2548772.0,1,1,0,0
TXN_7504dbb45c,CUST_00072,MER_0030,2025-08-05 04:02:42.000000,342.98,INR,netbanking,DEV_71e66ee7a6,IP_d69dc80bd6,IN,Mumbai,success,,0,0,0,1761,351.09,2.07,0,0,Mumbai,IN,1,11,2025-01-12 20:49:08.000000,1,11,0.0041,807.91,0.9769005098407817,-0.5754725155029644,0,0,0,0,2025-07-24 16:08:31.000000,993251.0,1,1,0,0
TXN_6fc4b1417b,CUST_00072,MER_0014,2025-09-23 03:11:39.000000,248.79,INR,wallet,DEV_71e66ee7a6,IP_d69dc80bd6,IN,Mumbai,success,,0,0,0,1761,351.09,2.07,0,0,Mumbai,IN,1,11,2025-01-12 20:49:08.000000,1,11,0.019,479.8,0.7086217209262583,-0.481471446436015,0,0,0,0,2025-08-05 04:02:42.000000,4230537.0,1,1,0,0
TXN_2f5b9ea1f4,CUST_00072,MER_0007,2025-10-01 05:04:42.000000,380.7,INR,netbanking,DEV_71e66ee7a6,IP_d69dc80bd6,IN,Mumbai,success,,0,0,0,1761,351.09,2.07,0,0,Mumbai,IN,1,11,2025-01-12 20:49:08.000000,1,11,0.0071,921.07,1.0843373493975903,-0.5866763655313929,0,0,0,0,2025-09-23 03:11:39.000000,697983.0,1,1,0,0
TXN_5388f92424,CUST_00072,MER_0013,2025-10-21 21:32:35.000000,369.08,INR,upi,DEV_71e66ee7a6,IP_d69dc80bd6,IN,Mumbai,success,,0,0,0,1761,351.09,2.07,0,0,Mumbai,IN,1,11,2025-01-12 20:49:08.000000,1,11,0.0164,580.87,1.0512404226836425,-0.3646082600237575,0,0,0,0,2025-10-01 05:04:42.000000,1787273.0,1,1,0,0
TXN_1ddea31d38,CUST_00073,MER_0024,2025-01-07 04:54:31.000000,2129.58,INR,card,DEV_449f4465d9,IP_6ff9031ad4,IN,Hyderabad,success,,0,0,0,146,1826.95,0.99,0,0,Hyderabad,IN,1,14,2025-01-07 04:54:31.000000,1,14,0.0045,1035.96,1.1656476641396862,1.0556585196339625,0,1,0,0,,999999.0,1,1,0,0
TXN_a2d24766a5,CUST_00073,MER_0037,2025-01-27 00:40:56.000000,1661.43,INR,wallet,DEV_449f4465d9,IP_6ff9031ad4,IN,Hyderabad,success,,0,0,0,146,1826.95,0.99,0,0,Hyderabad,IN,1,14,2025-01-07 04:54:31.000000,1,14,0.0195,552.51,0.9094009140917924,2.0070586957702123,0,0,0,0,2025-01-07 04:54:31.000000,1712785.0,1,1,0,0
TXN_961b799171,CUST_00073,MER_0036,2025-01-31 15:15:16.000000,1251.83,INR,wallet,DEV_449f4465d9,IP_6ff9031ad4,IN,Hyderabad,success,,0,0,0,146,1826.95,0.99,0,0,Hyderabad,IN,1,14,2025-01-07 04:54:31.000000,1,14,0.0262,402.01,0.6852021128109691,2.113927514240939,0,0,0,0,2025-01-27 00:40:56.000000,398060.0,1,1,0,0
TXN_1145ce8d0d,CUST_00073,MER_0024,2025-04-04 17:37:22.000000,1925.16,INR,upi,DEV_449f4465d9,IP_6ff9031ad4,IN,Hyderabad,success,,0,0,0,146,1826.95,0.99,0,0,Hyderabad,IN,1,14,2025-01-07 04:54:31.000000,1,14,0.0045,1035.96,1.0537562604340567,0.8583342986215684,0,0,0,0,2025-01-31 15:15:16.000000,5451726.0,1,1,0,0
TXN_2b80e4ec0a,CUST_00073,MER_0003,2025-04-11 06:31:46.000000,2013.16,INR,wallet,DEV_449f4465d9,IP_6ff9031ad4,IN,Hyderabad,success,,0,0,0,146,1826.95,0.99,0,0,Hyderabad,IN,1,14,2025-01-07 04:54:31.000000,1,14,0.0263,577.97,1.1019239716467337,2.483156565219648,0,0,0,0,2025-04-04 17:37:22.000000,564864.0,1,1,0,0
TXN_5b37011560,CUST_00073,MER_0005,2025-04-13 16:19:48.000000,1682.48,INR,card,DEV_449f4465d9,IP_6ff9031ad4,IN,Hyderabad,success,,0,0,0,146,1826.95,0.99,0,0,Hyderabad,IN,1,14,2025-01-07 04:54:31.000000,1,14,0.0292,1054.12,0.9209228495580065,0.596099115850188,0,0,0,0,2025-04-11 06:31:46.000000,208082.0,1,1,0,0
TXN_f1a6f7fae7,CUST_00073,MER_0030,2025-04-15 00:28:01.000000,1746.03,INR,upi,DEV_449f4465d9,IP_6ff9031ad4,IN,Hyderabad,success,,0,0,0,146,1826.95,0.99,0,0,Hyderabad,IN,1,14,2025-01-07 04:54:31.000000,1,14,0.0041,807.91,0.9557076000985248,1.1611689420851332,0,0,0,0,2025-04-13 16:19:48.000000,115693.0,1,1,0,0
TXN_82dc1a6a41,CUST_00073,MER_0038,2025-04-16 13:19:31.000000,1427.61,INR,wallet,DEV_449f4465d9,IP_6ff9031ad4,IN,Hyderabad,success,,0,0,0,146,1826.95,0.99,0,0,Hyderabad,IN,1,14,2025-01-07 04:54:31.000000,1,14,0.0107,498.94,0.7814171159582911,1.8612859261634662,0,0,0,0,2025-04-15 00:28:01.000000,132690.0,1,1,0,0
TXN_d16937a7f3,CUST_00073,MER_0024,2025-04-23 05:11:47.000000,2231.48,INR,wallet,DEV_449f4465d9,IP_6ff9031ad4,IN,Hyderabad,success,,0,0,0,146,1826.95,0.99,0,0,Hyderabad,IN,1,14,2025-01-07 04:54:31.000000,1,14,0.0045,1035.96,1.2214236842825474,1.154021390787289,0,0,0,0,2025-04-16 13:19:31.000000,575536.0,1,1,0,0
TXN_a90bb02e74,CUST_00073,MER_0023,2025-05-06 23:25:14.000000,1785.38,INR,upi,DEV_449f4465d9,IP_6ff9031ad4,IN,Hyderabad,success,,0,0,0,146,1826.95,0.99,0,0,Hyderabad,IN,1,14,2025-01-07 04:54:31.000000,1,14,0.0237,748.53,0.9772462300555571,1.385181622647055,0,0,0,0,2025-04-23 05:11:47.000000,1188807.0,1,1,0,0
TXN_fbad40a511,CUST_00073,MER_0039,2025-06-12 21:09:01.000000,1522.43,INR,wallet,DEV_449f4465d9,IP_6ff9031ad4,IN,Hyderabad,success,,0,0,0,146,1826.95,0.99,0,0,Hyderabad,IN,1,14,2025-01-07 04:54:31.000000,1,14,0.0111,595.03,0.8333178247899504,1.5585768784767158,0,0,0,0,2025-05-06 23:25:14.000000,3188627.0,1,1,0,0
TXN_8aff2a079c,CUST_00073,MER_0031,2025-07-30 04:59:15.000000,1808.37,INR,netbanking,DEV_449f4465d9,IP_6ff9031ad4,IN,Hyderabad,success,,0,0,0,146,1826.95,0.99,0,0,Hyderabad,IN,1,14,2025-01-07 04:54:31.000000,1,14,0.0296,527.92,0.9898300446098688,2.425462191241097,0,0,0,0,2025-06-12 21:09:01.000000,4089014.0,1,1,0,0
TXN_5b3240837f,CUST_00073,MER_0009,2025-09-12 02:51:47.000000,1686.44,INR,wallet,DEV_449f4465d9,IP_6ff9031ad4,IN,Hyderabad,success,,0,0,0,146,1826.95,0.99,0,0,Hyderabad,IN,1,14,2025-01-07 04:54:31.000000,1,14,0.0102,211.04,0.923090396562577,6.991091736163761,0,0,0,0,2025-07-30 04:59:15.000000,3793952.0,1,1,0,0
TXN_f85186d799,CUST_00073,MER_0030,2025-09-17 14:51:30.000000,840.12,INR,card,DEV_449f4465d9,IP_6ff9031ad4,IN,Hyderabad,success,,0,0,0,146,1826.95,0.99,0,0,Hyderabad,IN,1,14,2025-01-07 04:54:31.000000,1,14,0.0041,807.91,0.459848381181751,0.03986830216236962,0,0,0,0,2025-09-12 02:51:47.000000,475183.0,1,1,0,0
TXN_f7cf8b4b9e,CUST_00074,MER_0010,2025-02-10 10:04:15.000000,1561.9,INR,wallet,DEV_5344a3bb57,IP_89891f313c,IN,Chennai,success,,0,0,0,571,1544.86,0.63,0,1,Chennai,IN,1,14,2025-02-10 10:04:15.000000,1,14,0.0102,362.24,1.0110301257071839,3.3117822438162547,0,1,0,0,,999999.0,1,1,0,0
TXN_6bd3fca1a5,CUST_00074,MER_0039,2025-02-14 08:02:08.000000,1867.56,INR,upi,DEV_5344a3bb57,IP_89891f313c,IN,Chennai,success,,0,0,0,571,1544.86,0.63,0,1,Chennai,IN,1,14,2025-02-10 10:04:15.000000,1,14,0.0111,595.03,1.208886242119027,2.1385980538796363,0,0,0,0,2025-02-10 10:04:15.000000,338273.0,1,1,0,0
TXN_b402dba535,CUST_00074,MER_0012,2025-03-15 04:48:51.000000,1400.62,INR,wallet,DEV_5344a3bb57,IP_89891f313c,IN,Chennai,success,,0,0,0,571,1544.86,0.63,0,1,Chennai,IN,1,14,2025-02-10 10:04:15.000000,1,14,0.0076,1602.61,0.906632316196937,-0.12603815026737636,0,0,0,0,2025-02-14 08:02:08.000000,2494003.0,1,1,0,0
TXN_3d8e43b0c8,CUST_00074,MER_0005,2025-04-04 05:33:19.000000,1250.47,INR,upi,DEV_5344a3bb57,IP_89891f313c,IN,Chennai,success,,0,1,0,571,1544.86,0.63,0,1,Chennai,IN,1,14,2025-02-10 10:04:15.000000,1,14,0.0292,1054.12,0.8094390430200795,0.18626911547072456,0,0,0,0,2025-03-15 04:48:51.000000,1730668.0,1,1,0,0
TXN_a3636ac068,CUST_00074,MER_0012,2025-04-10 14:13:07.000000,1209.94,INR,netbanking,DEV_5344a3bb57,IP_89891f313c,IN,Chennai,success,,0,0,0,571,1544.86,0.63,0,1,Chennai,IN,1,14,2025-02-10 10:04:15.000000,1,14,0.0076,1602.61,0.7832036559947181,-0.2450190626540455,0,0,0,0,2025-04-04 05:33:19.000000,549588.0,1,1,0,0
TXN_6462edd912,CUST_00074,MER_0025,2025-05-15 19:49:26.000000,918.75,INR,card,DEV_5344a3bb57,IP_89891f313c,IN,Chennai,success,,0,0,0,571,1544.86,0.63,0,1,Chennai,IN,1,14,2025-02-10 10:04:15.000000,1,14,0.0075,737.17,0.5947140841241277,0.2463203874275948,0,0,0,0,2025-04-10 14:13:07.000000,3044179.0,1,1,0,0
TXN_bd683b9b17,CUST_00074,MER_0010,2025-06-22 08:42:15.000000,968.83,INR,upi,DEV_5344a3bb57,IP_89891f313c,IN,Chennai,success,,0,0,0,571,1544.86,0.63,0,1,Chennai,IN,1,14,2025-02-10 10:04:15.000000,1,14,0.0102,362.24,0.6271312610851469,1.6745527826855124,0,0,0,0,2025-05-15 19:49:26.000000,3243169.0,1,1,0,0
TXN_8da00e9fd5,CUST_00074,MER_0015,2025-06-24 15:04:32.000000,1577.98,INR,wallet,DEV_5344a3bb57,IP_89891f313c,IN,Chennai,success,,0,0,0,571,1544.86,0.63,0,1,Chennai,IN,1,14,2025-02-10 10:04:15.000000,1,14,0.0068,710.92,1.0214388358815687,1.2196309008045914,0,0,0,0,2025-06-22 08:42:15.000000,195737.0,1,1,0,0
TXN_c75270ec70,CUST_00074,MER_0009,2025-07-27 12:29:26.000000,1201.48,INR,wallet,DEV_5344a3bb57,IP_89891f313c,IN,Chennai,success,,0,0,0,571,1544.86,0.63,0,1,Chennai,IN,1,14,2025-02-10 10:04:15.000000,1,14,0.0102,211.04,0.777727431611926,4.693138741470811,0,0,0,0,2025-06-24 15:04:32.000000,2841894.0,1,1,0,0
TXN_18080862ed,CUST_00074,MER_0020,2025-08-05 17:27:49.000000,2023.0,INR,wallet,DEV_5344a3bb57,IP_89891f313c,IN,Chennai,success,,0,0,0,571,1544.86,0.63,0,1,Chennai,IN,1,14,2025-02-10 10:04:15.000000,1,14,0.0107,1089.56,1.3095037738047461,0.8567128014978524,0,0,0,0,2025-07-27 12:29:26.000000,795503.0,1,1,0,0
TXN_0c4328582c,CUST_00074,MER_0013,2025-09-11 18:16:38.000000,1446.72,INR,wallet,DEV_5344a3bb57,IP_89891f313c,IN,Chennai,success,,0,0,0,571,1544.86,0.63,0,1,Chennai,IN,1,14,2025-02-10 10:04:15.000000,1,14,0.0164,580.87,0.9364732079282266,1.4906089142148846,0,0,0,0,2025-08-05 17:27:49.000000,3199729.0,1,1,0,0
TXN_f273be5736,CUST_00074,MER_0028,2025-10-20 12:44:53.000000,1609.32,INR,upi,DEV_5344a3bb57,IP_89891f313c,IN,Chennai,success,,0,0,0,571,1544.86,0.63,0,1,Chennai,IN,1,14,2025-02-10 10:04:15.000000,1,14,0.0099,504.52,1.0417254637960722,2.1898041703004836,0,0,0,0,2025-09-11 18:16:38.000000,3349695.0,1,1,0,0
TXN_e88cc558ab,CUST_00074,MER_0013,2025-10-25 08:12:46.000000,1680.3,INR,netbanking,DEV_5344a3bb57,IP_89891f313c,IN,Chennai,success,,0,0,0,571,1544.86,0.63,0,1,Chennai,IN,1,14,2025-02-10 10:04:15.000000,1,14,0.0164,580.87,1.0876713747524047,1.8927298707111744,0,0,0,0,2025-10-20 12:44:53.000000,415673.0,1,1,0,0
TXN_b0bb5c56b3,CUST_00074,MER_0025,2025-10-30 19:47:26.000000,1518.37,INR,wallet,DEV_5344a3bb57,IP_89891f313c,IN,Chennai,success,,0,0,0,571,1544.86,0.63,0,1,Chennai,IN,1,14,2025-02-10 10:04:15.000000,1,14,0.0075,737.17,0.9828528151418251,1.0597284208527205,0,0,0,0,2025-10-25 08:12:46.000000,473680.0,1,1,0,0
TXN_0e4add5f8a,CUST_00075,MER_0017,2025-01-07 22:51:23.000000,365.81,INR,wallet,DEV_c86d3b20da,IP_46ada84d79,IN,Ahmedabad,success,,0,0,0,439,450.39,1.7,0,0,Ahmedabad,IN,1,9,2025-01-07 22:51:23.000000,1,9,0.0143,558.35,0.8122071982059993,-0.3448374675382825,0,1,0,0,,999999.0,1,1,0,0
TXN_4eec3ed116,CUST_00075,MER_0006,2025-01-14 20:14:16.000000,631.07,INR,wallet,DEV_c86d3b20da,IP_46ada84d79,IN,Ahmedabad,success,,0,0,0,439,450.39,1.7,0,0,Ahmedabad,IN,1,9,2025-01-07 22:51:23.000000,1,9,0.0071,501.86,1.4011634361331293,0.2574622404654685,0,0,0,0,2025-01-07 22:51:23.000000,595373.0,1,1,0,0
TXN_37ff4306df,CUST_00075,MER_0000,2025-01-17 22:11:09.000000,419.01,INR,netbanking,DEV_c86d3b20da,IP_46ada84d79,IN,Ahmedabad,success,,0,0,0,439,450.39,1.7,0,0,Ahmedabad,IN,1,9,2025-01-07 22:51:23.000000,1,9,0.0225,896.08,0.9303270498900953,-0.5323966610124097,0,0,0,0,2025-01-14 20:14:16.000000,266213.0,1,1,0,0
TXN_b626a21f33,CUST_00075,MER_0006,2025-01-30 15:52:26.000000,467.18,INR,wallet,DEV_c86d3b20da,IP_46ada84d79,IN,Ahmedabad,success,,0,0,0,439,450.39,1.7,0,0,Ahmedabad,IN,1,9,2025-01-07 22:51:23.000000,1,9,0.0071,501.86,1.037278802815338,-0.06910293707408442,0,0,0,0,2025-01-17 22:11:09.000000,1100477.0,1,1,0,0
TXN_b5f1d86fcb,CUST_00075,MER_0037,2025-06-13 11:40:47.000000,422.13,INR,netbanking,DEV_c86d3b20da,IP_46ada84d79,IN,Ahmedabad,success,,0,0,0,439,450.39,1.7,0,0,Ahmedabad,IN,1,9,2025-01-07 22:51:23.000000,1,9,0.0195,552.51,0.9372543795377339,-0.2359776293641744,0,0,0,0,2025-01-30 15:52:26.000000,11562501.0,1,1,0,0
TXN_3328a041af,CUST_00075,MER_0012,2025-07-15 16:00:17.000000,382.32,INR,card,DEV_c86d3b20da,IP_46ada84d79,IN,Ahmedabad,success,,0,0,0,439,450.39,1.7,0,0,Ahmedabad,IN,1,9,2025-01-07 22:51:23.000000,1,9,0.0076,1602.61,0.8488643175914208,-0.7614391523826758,0,0,0,0,2025-06-13 11:40:47.000000,2780370.0,1,1,0,0
TXN_0e2865cf56,CUST_00075,MER_0019,2025-07-20 17:58:03.000000,520.96,INR,netbanking,DEV_c86d3b20da,IP_46ada84d79,IN,Ahmedabad,success,,0,0,0,439,450.39,1.7,0,0,Ahmedabad,IN,1,9,2025-01-07 22:51:23.000000,1,9,0.0275,352.61,1.1566864273185462,0.4774396642182582,0,0,0,0,2025-07-15 16:00:17.000000,439066.0,1,1,0,0
TXN_d29acf773f,CUST_00075,MER_0033,2025-09-05 20:56:35.000000,556.3,INR,wallet,DEV_c86d3b20da,IP_46ada84d79,IN,Ahmedabad,success,,0,0,0,439,450.39,1.7,0,0,Ahmedabad,IN,1,9,2025-01-07 22:51:23.000000,1,9,0.0248,960.07,1.2351517573658384,-0.420563083941796,0,0,0,0,2025-07-20 17:58:03.000000,4071512.0,1,1,0,0
TXN_8a14f57d4d,CUST_00075,MER_0022,2025-09-30 22:02:29.000000,485.69,INR,wallet,DEV_c86d3b20da,IP_46ada84d79,IN,Ahmedabad,success,,0,0,0,439,450.39,1.7,0,0,Ahmedabad,IN,1,9,2025-01-07 22:51:23.000000,1,9,0.0291,299.79,1.0783765181287328,0.6201007371826944,0,0,0,0,2025-09-05 20:56:35.000000,2163954.0,1,1,0,0
TXN_df5a19b085,CUST_00076,MER_0013,2025-02-04 05:45:14.000000,1171.22,INR,netbanking,DEV_2b2b4728db,IP_5ee36c4d6e,IN,Bangalore,success,,0,0,0,1482,1112.33,2.52,0,0,Bangalore,IN,1,19,2025-02-04 05:45:14.000000,1,19,0.0164,580.87,1.0529429216149884,1.0163203470656086,0,1,0,0,,999999.0,1,1,0,0
TXN_4036122c66,CUST_00076,MER_0002,2025-03-06 08:28:15.000000,1146.39,INR,wallet,DEV_2b2b4728db,IP_5ee36c4d6e,IN,Bangalore,success,,0,0,0,1482,1112.33,2.52,0,0,Bangalore,IN,1,19,2025-02-04 05:45:14.000000,1,19,0.0036,577.96,1.0306204094108764,0.9835109696172746,0,0,0,0,2025-02-04 05:45:14.000000,2601781.0,1,1,0,0
TXN_8711d04ae2,CUST_00076,MER_0014,2025-04-14 04:08:44.000000,1040.7,INR,wallet,DEV_2b2b4728db,IP_5ee36c4d6e,IN,Bangalore,success,,0,0,0,1482,1112.33,2.52,0,0,Bangalore,IN,1,19,2025-02-04 05:45:14.000000,1,19,0.019,479.8,0.9356036428038443,1.1690287619841602,0,0,0,0,2025-03-06 08:28:15.000000,3354029.0,1,1,0,0
TXN_221252fc2d,CUST_00076,MER_0032,2025-04-22 06:42:17.000000,1063.02,INR,upi,DEV_2b2b4728db,IP_5ee36c4d6e,IN,Bangalore,success,,0,0,0,1482,1112.33,2.52,0,0,Bangalore,IN,1,19,2025-02-04 05:45:14.000000,1,19,0.0022,443.12,0.9556696304154343,1.3989438526809892,0,0,0,0,2025-04-14 04:08:44.000000,700413.0,1,1,0,0
TXN_0559549cbf,CUST_00076,MER_0037,2025-04-22 10:46:49.000000,1497.08,INR,wallet,DEV_2b2b4728db,IP_5ee36c4d6e,IN,Bangalore,failed,bank_decline,0,0,0,1482,1112.33,2.52,0,0,Bangalore,IN,1,19,2025-02-04 05:45:14.000000,1,19,0.0195,552.51,1.345895552578821,1.7095980163254962,0,0,0,0,2025-04-22 06:42:17.000000,14672.0,1,1,1,1
TXN_f84c59a8e4,CUST_00076,MER_0032,2025-05-19 14:40:57.000000,1649.24,INR,wallet,DEV_2b2b4728db,IP_5ee36c4d6e,IN,Bangalore,success,,0,0,0,1482,1112.33,2.52,0,0,Bangalore,IN,1,19,2025-02-04 05:45:14.000000,1,19,0.0022,443.12,1.4826894896298761,2.7218812059938613,0,0,0,0,2025-04-22 10:46:49.000000,2346848.0,1,1,0,0
TXN_a7e97834d8,CUST_00076,MER_0003,2025-05-26 18:04:07.000000,1279.01,INR,netbanking,DEV_2b2b4728db,IP_5ee36c4d6e,IN,Bangalore,success,,0,0,0,1482,1112.33,2.52,0,0,Bangalore,IN,1,19,2025-02-04 05:45:14.000000,1,19,0.0263,577.97,1.149847617163971,1.212934927418378,0,0,0,0,2025-05-19 14:40:57.000000,616990.0,1,1,0,0
TXN_2473df6d08,CUST_00076,MER_0019,2025-06-07 04:21:25.000000,1169.69,INR,netbanking,DEV_2b2b4728db,IP_5ee36c4d6e,IN,Bangalore,success,,0,0,0,1482,1112.33,2.52,0,0,Bangalore,IN,1,19,2025-02-04 05:45:14.000000,1,19,0.0275,352.61,1.0515674305287102,2.3172343382206972,0,0,0,0,2025-05-26 18:04:07.000000,987438.0,1,1,0,0
TXN_79a94a86ba,CUST_00076,MER_0039,2025-06-14 20:34:30.000000,1374.02,INR,wallet,DEV_2b2b4728db,IP_5ee36c4d6e,IN,Bangalore,success,,0,0,0,1482,1112.33,2.52,0,0,Bangalore,IN,1,19,2025-02-04 05:45:14.000000,1,19,0.0111,595.03,1.2352629165805113,1.3091608826445726,0,0,0,0,2025-06-07 04:21:25.000000,663185.0,1,1,0,0
TXN_719bf9c6dc,CUST_00076,MER_0013,2025-07-22 08:39:54.000000,698.43,INR,card,DEV_2b2b4728db,IP_5ee36c4d6e,IN,Bangalore,success,,0,0,0,1482,1112.33,2.52,0,0,Bangalore,IN,1,19,2025-02-04 05:45:14.000000,1,19,0.0164,580.87,0.6278981956793398,0.2023860760583262,0,0,0,0,2025-06-14 20:34:30.000000,3240324.0,1,1,0,0
TXN_a6cacc34a7,CUST_00076,MER_0006,2025-08-18 22:28:34.000000,1300.58,INR,wallet,DEV_2b2b4728db,IP_5ee36c4d6e,IN,Bangalore,success,,0,0,0,1482,1112.33,2.52,0,0,Bangalore,IN,1,19,2025-02-04 05:45:14.000000,1,19,0.0071,501.86,1.1692393444391502,1.5915195472841028,0,0,0,0,2025-07-22 08:39:54.000000,2382520.0,1,1,0,0
TXN_b7c7ebafd1,CUST_00076,MER_0006,2025-08-25 20:58:02.000000,1138.7,INR,upi,DEV_2b2b4728db,IP_5ee36c4d6e,IN,Bangalore,success,,0,0,0,1482,1112.33,2.52,0,0,Bangalore,IN,1,19,2025-02-04 05:45:14.000000,1,19,0.0071,501.86,1.0237069934282093,1.2689594707687404,0,0,0,0,2025-08-18 22:28:34.000000,599368.0,1,1,0,0
TXN_d222adb5db,CUST_00076,MER_0039,2025-09-09 07:46:27.000000,901.2,INR,netbanking,DEV_2b2b4728db,IP_5ee36c4d6e,IN,Bangalore,success,,0,0,0,1482,1112.33,2.52,0,0,Bangalore,IN,1,19,2025-02-04 05:45:14.000000,1,19,0.0111,595.03,0.8101912202314062,0.5145454851015917,0,0,0,0,2025-08-25 20:58:02.000000,1248505.0,1,1,0,0
TXN_37273bdc69,CUST_00076,MER_0010,2025-09-18 11:43:43.000000,1297.53,INR,wallet,DEV_2b2b4728db,IP_5ee36c4d6e,IN,Bangalore,success,,0,0,0,1482,1112.33,2.52,0,0,Bangalore,IN,1,19,2025-02-04 05:45:14.000000,1,19,0.0102,362.24,1.1664973524044124,2.581962234982332,0,0,0,0,2025-09-09 07:46:27.000000,791836.0,1,1,0,0
TXN_cd54613c11,CUST_00076,MER_0017,2025-09-20 06:49:07.000000,1152.09,INR,upi,DEV_2b2b4728db,IP_5ee36c4d6e,IN,Bangalore,success,,0,0,0,1482,1112.33,2.52,0,0,Bangalore,IN,1,19,2025-02-04 05:45:14.000000,1,19,0.0143,558.35,1.0357447879675996,1.0633831825915643,0,0,0,0,2025-09-18 11:43:43.000000,155124.0,1,1,0,0
TXN_26506bd04a,CUST_00076,MER_0021,2025-10-07 02:17:50.000000,1319.19,INR,netbanking,DEV_2b2b4728db,IP_5ee36c4d6e,IN,Bangalore,success,,0,0,0,1482,1112.33,2.52,0,0,Bangalore,IN,1,19,2025-02-04 05:45:14.000000,1,19,0.0166,319.74,1.185969990919961,3.125820979545881,0,0,0,0,2025-09-20 06:49:07.000000,1452523.0,1,1,0,0
TXN_9ccaa7fbd0,CUST_00076,MER_0030,2025-10-09 12:15:26.000000,1001.32,INR,upi,DEV_2b2b4728db,IP_5ee36c4d6e,IN,Bangalore,success,,0,0,0,1482,1112.33,2.52,0,0,Bangalore,IN,1,19,2025-02-04 05:45:14.000000,1,19,0.0041,807.91,0.9002004800733596,0.2393954772189973,0,0,0,0,2025-10-07 02:17:50.000000,208656.0,1,1,0,0
TXN_dacb3554f6,CUST_00076,MER_0039,2025-10-11 11:58:45.000000,743.28,INR,netbanking,DEV_2b2b4728db,IP_5ee36c4d6e,IN,Bangalore,success,,0,0,0,1482,1112.33,2.52,0,0,Bangalore,IN,1,19,2025-02-04 05:45:14.000000,1,19,0.0111,595.03,0.668218963796715,0.24914710182679867,0,0,0,0,2025-10-09 12:15:26.000000,171799.0,1,1,0,0
TXN_06318c4ca9,CUST_00076,MER_0004,2025-10-19 11:32:57.000000,597.72,INR,card,DEV_2b2b4728db,IP_5ee36c4d6e,IN,Bangalore,success,,0,0,0,1482,1112.33,2.52,0,0,Bangalore,IN,1,19,2025-02-04 05:45:14.000000,1,19,0.0026,1715.62,0.5373585177060765,-0.6516011704223545,0,0,0,0,2025-10-11 11:58:45.000000,689652.0,1,1,0,0
TXN_53e9d1e92c,CUST_00077,MER_0038,2025-01-26 13:26:42.000000,197.21,INR,wallet,DEV_2a9f6f0a74,IP_0c2e236d9a,IN,Ahmedabad,success,,0,0,0,498,427.64,2.62,0,1,Ahmedabad,IN,1,11,2025-01-26 13:26:42.000000,1,11,0.0107,498.94,0.46115891871667763,-0.6047420531526837,0,1,0,0,,999999.0,1,1,0,0
TXN_ed6a498f1a,CUST_00077,MER_0027,2025-01-30 21:24:27.000000,600.76,INR,wallet,DEV_2a9f6f0a74,IP_0c2e236d9a,IN,Ahmedabad,success,,0,0,0,498,427.64,2.62,0,1,Ahmedabad,IN,1,11,2025-01-26 13:26:42.000000,1,11,0.0096,555.21,1.404826489570667,0.08204102952036157,0,0,0,0,2025-01-26 13:26:42.000000,374265.0,1,1,0,0
TXN_a84a9fc05d,CUST_00077,MER_0021,2025-02-22 05:11:07.000000,438.75,INR,card,DEV_2a9f6f0a74,IP_0c2e236d9a,IN,Ahmedabad,success,,0,0,0,498,427.64,2.62,0,1,Ahmedabad,IN,1,11,2025-01-26 13:26:42.000000,1,11,0.0166,319.74,1.0259797960901693,0.37220866954400444,0,0,0,0,2025-01-30 21:24:27.000000,1928800.0,1,1,0,0
TXN_4df1037fe1,CUST_00077,MER_0024,2025-02-27 03:40:58.000000,590.13,INR,netbanking,DEV_2a9f6f0a74,IP_0c2e236d9a,IN,Ahmedabad,success,,0,1,0,498,427.64,2.62,0,1,Ahmedabad,IN,1,11,2025-01-26 13:26:42.000000,1,11,0.0045,1035.96,1.3799691329155364,-0.4303544538399166,0,0,0,0,2025-02-22 05:11:07.000000,426591.0,1,1,0,0
TXN_f525029235,CUST_00077,MER_0017,2025-03-16 00:25:16.000000,445.96,INR,netbanking,DEV_2a9f6f0a74,IP_0c2e236d9a,IN,Ahmedabad,success,,0,0,0,498,427.64,2.62,0,1,Ahmedabad,IN,1,11,2025-01-26 13:26:42.000000,1,11,0.0143,558.35,1.0428397717706481,-0.2012895137458584,0,0,0,0,2025-02-27 03:40:58.000000,1457058.0,1,1,0,0
TXN_3f4ebb005c,CUST_00077,MER_0006,2025-04-20 13:30:26.000000,535.33,INR,netbanking,DEV_2a9f6f0a74,IP_0c2e236d9a,IN,Ahmedabad,success,,0,0,0,498,427.64,2.62,0,1,Ahmedabad,IN,1,11,2025-01-26 13:26:42.000000,1,11,0.0071,501.86,1.2518239640819382,0.06669190610927356,0,0,0,0,2025-03-16 00:25:16.000000,3071110.0,1,1,0,0
TXN_2bc4f5ebed,CUST_00077,MER_0023,2025-08-11 18:22:28.000000,347.39,INR,upi,DEV_2a9f6f0a74,IP_0c2e236d9a,IN,Ahmedabad,success,,0,0,0,498,427.64,2.62,0,1,Ahmedabad,IN,1,11,2025-01-26 13:26:42.000000,1,11,0.0237,748.53,0.8123421569544477,-0.5359037045943382,0,0,0,0,2025-04-20 13:30:26.000000,9780722.0,1,1,0,0
TXN_d77472d15a,CUST_00077,MER_0025,2025-08-18 05:50:16.000000,517.75,INR,upi,DEV_2a9f6f0a74,IP_0c2e236d9a,IN,Ahmedabad,success,,0,0,0,498,427.64,2.62,0,1,Ahmedabad,IN,1,11,2025-01-26 13:26:42.000000,1,11,0.0075,737.17,1.2107146197736414,-0.29765183064964656,0,0,0,0,2025-08-11 18:22:28.000000,559668.0,1,1,0,0
TXN_c561e03e38,CUST_00077,MER_0000,2025-08-28 23:33:34.000000,301.38,INR,netbanking,DEV_2a9f6f0a74,IP_0c2e236d9a,IN,Ahmedabad,failed,bank_decline,0,0,0,498,427.64,2.62,0,1,Ahmedabad,IN,1,11,2025-01-26 13:26:42.000000,1,11,0.0225,896.08,0.7047516602749977,-0.6636684224622802,0,0,0,0,2025-08-18 05:50:16.000000,927798.0,1,1,1,1
TXN_eec572f568,CUST_00077,MER_0003,2025-09-13 02:21:32.000000,276.44,INR,upi,DEV_2a9f6f0a74,IP_0c2e236d9a,IN,Ahmedabad,success,,0,0,0,498,427.64,2.62,0,1,Ahmedabad,IN,1,11,2025-01-26 13:26:42.000000,1,11,0.0263,577.97,0.6464315779627724,-0.5217052788207001,0,0,0,0,2025-08-28 23:33:34.000000,1306078.0,1,1,0,0
TXN_c18a6c1063,CUST_00077,MER_0003,2025-10-02 15:19:12.000000,419.47,INR,wallet,DEV_2a9f6f0a74,IP_0c2e236d9a,IN,Ahmedabad,success,,0,0,0,498,427.64,2.62,0,1,Ahmedabad,IN,1,11,2025-01-26 13:26:42.000000,1,11,0.0263,577.97,0.9808951454494436,-0.2742356869733723,0,0,0,0,2025-09-13 02:21:32.000000,1688260.0,1,1,0,0
TXN_f24a5af58d,CUST_00078,MER_0038,2025-01-03 08:10:24.000000,458.17,INR,card,DEV_3c7c533532,IP_f17198d12d,IN,Ahmedabad,success,,0,0,0,1654,533.5,4.01,0,0,Ahmedabad,IN,1,13,2025-01-03 08:10:24.000000,1,13,0.0107,498.94,0.8588003748828491,-0.0817132320519501,0,1,0,0,,999999.0,1,1,0,0
TXN_799f2243ea,CUST_00078,MER_0032,2025-01-13 19:04:53.000000,561.12,INR,upi,DEV_3c7c533532,IP_f17198d12d,IN,Ahmedabad,success,,0,0,0,1654,533.5,4.01,0,0,Ahmedabad,IN,1,13,2025-01-03 08:10:24.000000,1,13,0.0022,443.12,1.0517713214620432,0.266293554793284,0,0,0,0,2025-01-03 08:10:24.000000,903269.0,1,1,0,0
TXN_9ba02dd1a3,CUST_00078,MER_0000,2025-01-16 12:20:47.000000,695.77,INR,upi,DEV_3c7c533532,IP_f17198d12d,IN,Ahmedabad,failed,timeout,0,0,0,1654,533.5,4.01,0,0,Ahmedabad,IN,1,13,2025-01-03 08:10:24.000000,1,13,0.0225,896.08,1.304161199625117,-0.22354030890099102,0,0,0,0,2025-01-13 19:04:53.000000,234954.0,1,1,1,1
TXN_75506bfd2e,CUST_00078,MER_0030,2025-04-22 23:10:52.000000,581.9,INR,upi,DEV_3c7c533532,IP_f17198d12d,IN,Ahmedabad,success,,0,0,0,1654,533.5,4.01,0,0,Ahmedabad,IN,1,13,2025-01-03 08:10:24.000000,1,13,0.0041,807.91,1.090721649484536,-0.2797465064177941,0,0,0,0,2025-01-16 12:20:47.000000,8333405.0,1,1,0,0
TXN_06c76e71c7,CUST_00078,MER_0011,2025-05-10 00:07:29.000000,343.48,INR,wallet,DEV_3c7c533532,IP_f17198d12d,IN,Ahmedabad,success,,0,0,0,1654,533.5,4.01,0,0,Ahmedabad,IN,1,13,2025-01-03 08:10:24.000000,1,13,0.0123,803.16,0.6438238050609185,-0.5723392599233029,0,0,0,0,2025-04-22 23:10:52.000000,1472197.0,1,1,0,0
