ip_id,country,customer_count,transaction_count
IP_000a77bc83,IN,1,15
IP_000fba184d,IN,1,12
IP_001d918e59,IN,1,18
IP_002ef35f9b,IN,1,12
IP_0036fc7be0,IN,1,7
IP_0047b84c17,IN,1,12
IP_004afeb388,IN,1,17
IP_004b609007,IN,1,8
IP_00559c50fc,GB,1,2
IP_00571ba8e4,IN,1,14
IP_005e2893f5,IN,1,9
IP_006c0b1095,IN,1,5
IP_007efcd846,IN,1,12
IP_0083b3ed4d,IN,1,10
IP_008dce0eb8,IN,1,12
IP_008e8f3da3,IN,1,10
IP_0093e30332,IN,1,8
IP_00958d62c6,IN,1,13
IP_0099837503,IN,1,24
IP_009cf1df86,IN,1,12
IP_00ae59fcea,IN,1,18
IP_00b974c729,IN,1,11
IP_00c1e824ab,IN,1,11
IP_00c6171e85,IN,1,9
IP_00cc063a39,IN,1,5
IP_00cc42e587,IN,1,10
IP_00d693588c,IN,1,10
IP_00d6d441ad,IN,1,16
IP_00d8b9d784,IN,1,7
IP_00df5cafe6,IN,1,12
IP_00e04db570,IN,1,10
IP_00ec40bbca,IN,1,9
IP_00f6d614aa,AE,1,1
IP_00fa48789a,IN,1,13
IP_0111e45a0c,IN,1,6
IP_01140b3806,IN,1,12
IP_011be7a441,IN,1,15
IP_011e318f5c,IN,1,12
IP_011feb74b1,AE,1,1
IP_01325317c1,IN,1,9
IP_0141d8a33e,IN,1,23
IP_01489828e1,IN,1,16
IP_0149daec0c,IN,1,7
IP_01537e6597,IN,1,16
IP_015b98c2bb,IN,1,11
IP_015e4255a9,IN,1,12
IP_01666a7f73,IN,1,9
IP_01671677a3,IN,1,10
IP_01679e1e54,IN,1,12
IP_017e8e5dc2,IN,1,8
IP_018373fc9c,IN,1,12
IP_018b485cb5,IN,1,8
IP_01a59ac8bd,IN,1,16
IP_01adf6f20d,IN,1,9
IP_01b08c3c22,IN,1,16
IP_01b2742a37,IN,1,13
IP_01b5899403,IN,1,14
IP_01ba99a242,IN,1,12
IP_01c9dea6fc,IN,1,12
IP_01cafe2321,IN,1,7
IP_01ce181670,IN,1,13
IP_01d5db2500,IN,1,14
IP_01dd410c61,IN,1,10
IP_01e5635a6d,IN,1,11
IP_01e775c80b,IN,1,13
IP_01eb5c6553,IN,1,3
IP_01f37a4a28,IN,1,11
IP_01f47653f6,IN,1,10
IP_02024f0753,IN,1,18
IP_020c6f4705,IN,1,12
IP_021403c4bc,IN,1,7
IP_021b799613,IN,1,12
IP_0221a13ae8,IN,1,10
IP_0229e655d6,IN,1,10
IP_0234001e4d,IN,1,13
IP_0238cf211e,IN,1,11
IP_02547e5010,IN,1,11
IP_0255f8b767,IN,1,14
IP_0263f7a79b,IN,1,11
IP_026aaa9ff7,IN,1,21
IP_0271ca983d,IN,1,16
IP_02740253e9,IN,1,11
IP_0279f0caea,IN,1,10
IP_027ba239b6,IN,1,10
IP_0281d3ed84,IN,1,10
IP_02900040ce,SG,1,1
IP_02a39e0a24,IN,1,9
IP_02a57676f2,IN,1,14
IP_02acbc0592,IN,1,12
IP_02b33fecc6,IN,1,5
IP_02b4758e65,IN,1,12
IP_02b5d84407,IN,1,11
IP_02bf64c74a,IN,1,7
IP_02c3f12a55,IN,1,13
IP_02c4b2f2b7,IN,1,6
IP_02c9e41367,IN,1,13
IP_02d6f98137,IN,1,8
IP_02e0d703fb,IN,1,14
IP_02f1779349,IN,1,12
IP_02f5a5faff,IN,1,8
IP_0301a9bcac,IN,1,6
IP_0303edffa8,IN,1,6
IP_030a9eccb2,IN,1,13
IP_032636c0db,IN,1,8
IP_032cda51cf,IN,1,13
IP_033a7acbc6,IN,1,9
IP_034753fbb5,IN,1,13
IP_034e55d2f9,IN,1,12
IP_03505ef662,IN,1,11
IP_0355c5b8c2,IN,1,10
IP_035ab25c76,IN,1,13
IP_035d3adc4e,IN,1,8
IP_035dba8278,IN,1,15
IP_035e1d9564,IN,1,15
IP_0363d00091,IN,1,8
IP_036f89a73e,IN,1,10
IP_03769f78fb,IN,1,13
IP_0376c7146d,GB,1,1
IP_03828b5af8,IN,1,8
IP_03864b5761,IN,1,7
IP_03931f3d7c,IN,1,17
IP_0394a4993f,IN,1,12
IP_0395734998,IN,1,12
IP_0397155597,IN,1,10
IP_0398d8ebd4,IN,1,19
IP_03a2deb2f2,IN,1,6
IP_03ab0ac140,IN,1,12
IP_03ad5ed8e5,IN,1,12
IP_03dceb043a,IN,1,7
IP_03e2a4c271,IN,1,24
IP_03e6a15b6e,IN,1,11
IP_03e7f573a7,IN,1,11
IP_03ea23b001,IN,1,13
IP_03ebca1bc8,IN,1,14
IP_03f5effa43,IN,1,11
IP_03f830fb32,AE,1,2
IP_040ddf7578,IN,1,8
IP_0411c91c1e,IN,1,14
IP_0426ce7f08,IN,1,9
IP_0452e5e544,IN,1,10
IP_0454f52def,IN,1,11
IP_046259c8b6,IN,1,17
IP_0466cf67f7,IN,1,10
IP_046c5ff0bf,IN,1,16
IP_046d897e41,IN,1,10
IP_046f5157ff,IN,1,13
IP_0475ca4a7a,IN,5,15
IP_0480e68800,IN,1,12
IP_0488b40511,IN,1,12
IP_049a98800f,IN,1,15
IP_04a2bc95c1,IN,1,9
IP_04a55f2938,IN,1,12
IP_04b8dd6090,IN,6,14
IP_04cdec4a8d,IN,1,13
IP_04d1cd69b6,IN,1,16
IP_04da15cafc,IN,1,15
IP_04da6b6f5f,IN,1,14
IP_04dfc50947,IN,1,9
IP_04e26289ec,IN,1,10
IP_04e2e2cc30,IN,1,11
IP_04fb830a57,IN,1,10
IP_0501923f8c,IN,1,12
IP_0501ab9829,GB,1,1
IP_0527aa2165,IN,1,11
IP_053b34136e,IN,1,16
IP_054e4a2f3a,IN,1,10
IP_0558d38194,IN,1,13
IP_0564c43136,US,1,1
IP_056821ec60,IN,1,9
IP_0570ffffdb,IN,1,12
IP_0578b10858,IN,1,9
IP_0578c4bee6,IN,1,12
IP_0589737bed,IN,1,9
IP_0598bacea4,IN,1,9
IP_059e76eef4,IN,1,12
IP_05aad0f911,US,1,3
IP_05b5ab559b,IN,1,15
IP_05baddca6a,IN,1,15
IP_05d658599b,IN,1,11
IP_05d90f931f,IN,1,13
IP_05e3ec4929,IN,1,12
IP_05e4fcd2c6,IN,1,14
IP_05f2e948e5,IN,1,24
IP_05fd28e293,IN,4,13
IP_05fd480bfe,IN,1,10
IP_060b84f86c,IN,1,11
IP_06189d0fb5,IN,1,9
IP_061917f2df,IN,1,20
IP_061ac69064,IN,1,14
IP_061c7e5ffb,IN,1,8
IP_061f4d6d77,IN,1,9
IP_061f9a6a7f,IN,1,12
IP_0626b3c2bf,IN,1,14
IP_0626e7483e,IN,1,11
IP_06291feb05,IN,1,10
IP_062974d522,IN,1,5
IP_062d447dc1,IN,1,17
IP_062e57d23f,IN,1,12
IP_06539a6488,IN,1,13
IP_06722ba210,IN,1,11
IP_0673655f73,US,1,2
IP_067697a73b,IN,1,9
IP_0678c24c97,IN,1,10
IP_067a5ab093,IN,1,11
IP_067b08cfcf,IN,1,7
IP_067b52606f,IN,1,8
IP_0684291330,IN,1,12
IP_068de79a1a,IN,1,7
IP_0697915050,IN,1,7
IP_069a0dbed2,SG,1,3
IP_06a37b25ae,IN,1,10
IP_06b098b526,IN,1,6
IP_06b19138ec,IN,1,10
IP_06b929e953,IN,1,19
IP_06c78dc15c,IN,1,13
IP_06cbcf5ba8,IN,1,11
IP_06cd48eb00,IN,1,13
IP_06d611b4e3,IN,1,12
IP_06e99a229d,IN,1,9
IP_06f9dee6df,IN,1,9
IP_06fe1f6455,IN,1,11
IP_0701bda0cb,IN,1,9
IP_0703796ef4,IN,1,11
IP_07064d1a73,IN,1,7
IP_070d1cbd9c,IN,1,10
IP_07137e9c55,IN,1,17
IP_07172c1b4c,IN,1,7
IP_071b5fa5c6,IN,1,13
IP_071eed8779,IN,1,8
IP_07227362be,IN,1,21
IP_0742667c0a,IN,1,10
IP_075701d1a3,IN,1,16
IP_0758b94a15,IN,1,13
IP_0758fe4822,IN,1,8
IP_075e9841fd,IN,1,8
IP_076d4fd8bc,IN,1,7
IP_0771b2feed,IN,1,12
IP_07751dfe52,IN,1,12
IP_07799e4462,IN,1,12
IP_077a92848b,IN,1,8
IP_0786054a65,IN,1,14
IP_078b73051d,IN,1,9
IP_079a962b73,IN,1,8
IP_07a1764415,IN,1,13
IP_07a8434239,IN,1,16
IP_07a9023a9b,IN,1,17
IP_07ab1e7471,IN,1,9
IP_07ac3c1420,AE,1,1
IP_07b129bc52,AE,1,2
IP_07b330f74a,IN,1,7
IP_07d1552a71,IN,1,11
IP_07d4be1707,IN,1,17
IP_0810635272,IN,1,14
IP_08148cfadf,IN,1,10
IP_081cfacc3f,IN,1,6
IP_082d279cf9,IN,1,9
IP_083332e667,IN,1,12
IP_083a2c2c65,IN,1,22
IP_084146bdd2,IN,1,8
IP_08457781d7,GB,1,2
IP_084bb4eb4e,IN,1,12
IP_084cfad1ea,IN,1,12
IP_084dd4faa7,IN,1,12
IP_084f7f7c37,IN,1,12
IP_085406a9a4,IN,1,22
IP_0857a619be,IN,1,10
IP_08652726c3,IN,1,10
IP_086c627055,IN,1,7
IP_0871f5f90f,IN,1,3
IP_0877e3e1e6,IN,1,11
IP_087f8335bd,IN,1,13
IP_088eb2a8c4,US,1,1
IP_08938ffab4,IN,1,6
IP_0896a82905,IN,1,8
IP_08a0a30bb7,IN,1,13
IP_08ac2ca3c3,IN,1,11
IP_08b2441a07,IN,1,16
IP_08b688ee84,IN,1,9
IP_08becb87ff,IN,1,15
IP_08c9ba0cd4,IN,1,13
IP_08d157f0ff,IN,1,12
IP_08d9dc97ed,IN,1,23
IP_08db51a157,IN,1,11
IP_08dd3d715b,IN,1,7
IP_08e3cf0b19,IN,1,16
IP_08ef0fa0a8,IN,1,8
IP_08f18ea762,IN,1,14
IP_08fdd0ba8f,IN,1,7
IP_08ff5c5b7b,IN,1,22
IP_09030d7080,IN,1,14
IP_091626fc67,IN,1,11
IP_091f21085b,IN,1,15
IP_09201c2532,IN,1,11
IP_0924235312,IN,1,9
IP_0926bb8b9c,IN,1,12
IP_0929d2906e,IN,1,9
IP_092a2abbb6,IN,1,13
IP_092f1cadab,IN,1,15
IP_09304e5389,AE,1,1
IP_093a494541,IN,1,12
IP_093cf66ec0,IN,1,15
IP_0947e646bc,IN,1,10
IP_094dee1139,IN,1,10
IP_09571457f7,IN,1,15
IP_09606ffafb,IN,1,11
IP_0963c7d327,IN,1,8
IP_096684d042,IN,1,13
IP_09765ddf90,IN,1,10
IP_097fb438f2,IN,1,9
IP_0984fdda84,IN,1,11
IP_0986dac0b0,IN,1,9
IP_099745e317,AE,1,1
IP_099f0ca897,IN,1,14
IP_09a00163df,IN,1,4
IP_09ae56c22e,IN,1,16
IP_09ae70870e,IN,1,9
IP_09b8997b51,IN,1,14
IP_09bf2e311e,IN,1,15
IP_09c1f65717,IN,1,11
IP_09c7c792ad,IN,1,13
IP_09d1e49d5d,IN,1,10
IP_09d89430f9,IN,1,14
IP_09db54d731,IN,1,20
IP_09ddc14490,IN,1,6
IP_09e2b763af,IN,1,19
IP_09eb6813df,IN,1,16
IP_09ed2ae207,IN,1,8
IP_09f9abb25a,IN,1,5
IP_09ff75e918,IN,1,11
IP_0a0ff3cd0f,AE,1,1
IP_0a140f8114,IN,1,23
IP_0a14d792ea,IN,1,11
IP_0a18156814,IN,1,14
IP_0a2c67369f,IN,1,9
IP_0a30920125,IN,1,12
IP_0a3179fce7,IN,1,14
IP_0a46be7108,IN,1,16
IP_0a48dc724b,IN,1,8
IP_0a4c972225,IN,1,7
IP_0a5102542f,IN,1,15
IP_0a686915b3,IN,1,16
IP_0a7628c82c,IN,1,14
IP_0a76b0c544,IN,1,10
IP_0a95066c45,IN,1,9
IP_0a9cad9f75,IN,1,13
IP_0aa10ce18a,IN,1,11
IP_0aa4674d25,IN,1,22
IP_0aa509c1b3,IN,1,14
IP_0ab7dc0153,IN,1,13
IP_0abb587017,AE,1,1
IP_0ac53e891d,IN,1,14
IP_0acd144ef6,IN,1,13
IP_0ad848969b,IN,1,12
IP_0adf9a83c8,IN,1,9
IP_0ae1617826,IN,1,10
IP_0aecc84826,IN,1,12
IP_0af4bcfa90,IN,1,12
IP_0af85dbed6,IN,1,9
IP_0afa62b8f0,IN,1,18
IP_0b125b97ed,IN,1,10
IP_0b178627a6,IN,1,6
IP_0b18a49b70,IN,1,13
IP_0b1aa39d44,IN,1,14
IP_0b1cdf3f14,IN,1,9
IP_0b1e801eec,IN,1,10
IP_0b1f2b689c,IN,1,15
IP_0b20fe207c,IN,1,12
IP_0b221dfb31,IN,1,7
IP_0b261cf267,IN,1,15
IP_0b275143b0,IN,1,7
IP_0b3d6256c3,IN,1,9
IP_0b3f62ad11,IN,1,9
IP_0b4654ad4b,IN,1,16
IP_0b534ef5c0,IN,1,11
IP_0b55adf23b,IN,1,7
IP_0b5ebc28c1,IN,1,14
IP_0b615b80df,IN,1,21
IP_0b621a0134,IN,1,11
IP_0b64d75046,IN,1,11
IP_0b7db0528b,IN,1,12
IP_0b8995b3ce,IN,1,8
IP_0b99995dcf,IN,1,8
IP_0bb70b2248,IN,1,12
IP_0bb96a9a42,IN,1,7
IP_0bbb6969a1,IN,1,13
IP_0bbe3d73d8,IN,1,8
IP_0bc67e0380,IN,1,10
IP_0bcca5037d,IN,1,11
IP_0bd2205315,IN,1,9
IP_0bd6440625,IN,4,9
IP_0bdc1eabf2,IN,1,12
IP_0bdd8ee9de,IN,1,11
IP_0bde0c8c84,IN,1,9
IP_0be9d0b2f0,IN,1,14
IP_0bf021d2ba,IN,1,10
IP_0bff855090,IN,1,17
IP_0c03007510,GB,1,1
IP_0c085e7158,IN,1,11
IP_0c089d731d,IN,1,16
IP_0c1c1b64cc,IN,1,9
IP_0c1d0cd65e,IN,1,11
IP_0c1db10807,IN,1,11
IP_0c290bc79f,IN,1,15
IP_0c2e236d9a,IN,1,11
IP_0c2eced501,IN,1,7
IP_0c4d3dc4e5,IN,1,15
IP_0c4fbb246e,AE,1,3
IP_0c509458ca,IN,1,10
IP_0c5588ed6b,IN,1,12
IP_0c55bf6150,GB,1,1
IP_0c565ac3ea,IN,1,9
IP_0c567fc3af,IN,1,9
IP_0c5c247113,IN,1,13
IP_0c83431535,IN,4,10
IP_0c8e22585c,IN,1,10
IP_0c927aa671,IN,1,11
IP_0caa56b034,IN,1,22
IP_0cac17a157,IN,1,10
IP_0cb46e6634,IN,1,9
IP_0ccc43b54e,IN,1,14
IP_0cdf97b15b,IN,1,16
IP_0ce87e5aa4,IN,1,13
IP_0cf8cc609c,IN,1,8
IP_0d0f602a03,US,1,1
IP_0d1b7d95e3,IN,1,23
IP_0d1c1d5631,IN,1,10
IP_0d203086fa,IN,1,10
IP_0d20b3896c,IN,1,9
IP_0d20d20d75,IN,1,8
IP_0d2377281f,IN,1,10
IP_0d310f38eb,IN,1,11
IP_0d5124006c,IN,1,15
IP_0d565fef7c,IN,1,15
IP_0d5a5403f1,AE,1,3
IP_0d5cc8af4e,IN,1,8
IP_0d5f2dd8aa,IN,1,18
IP_0d67d3a264,IN,5,13
IP_0d6d4c7e86,IN,1,8
IP_0d700ced8f,IN,1,23
IP_0d73d8677f,IN,1,15
IP_0d7401d33a,IN,1,12
IP_0d7901645b,IN,1,10
IP_0d8877ea3b,IN,1,11
IP_0d911a7aa0,IN,1,17
IP_0d9e8bcdef,IN,1,12
IP_0da246f835,IN,1,11
IP_0da5e6db9e,IN,1,13
IP_0dabef0934,IN,1,10
IP_0dc0e4aea2,IN,1,13
IP_0dd318f026,IN,1,13
IP_0dd7290dcb,IN,1,13
IP_0de3db11fe,IN,1,10
IP_0de9106b24,IN,1,8
IP_0debdecf73,IN,1,17
IP_0dfd69048d,IN,1,14
IP_0dfeb5832a,IN,1,14
IP_0e071fa0df,IN,1,11
IP_0e0eb98c3e,IN,1,10
IP_0e1115561a,IN,1,10
IP_0e14042bbd,IN,1,14
IP_0e177c8472,IN,1,14
IP_0e1c2dff20,IN,1,18
IP_0e2bdd2b87,IN,1,3
IP_0e2fad44bf,IN,1,10
IP_0e309ad844,IN,1,12
IP_0e3383c6dd,IN,1,13
IP_0e388b8a2e,IN,1,17
IP_0e4b45a672,IN,1,14
IP_0e4d6e99d8,IN,1,14
IP_0e57fecbb4,IN,1,11
IP_0e62fcb4e9,IN,1,12
IP_0e6c0417ac,IN,1,8
IP_0e7f534e9e,IN,1,16
IP_0e863e9e41,IN,1,18
IP_0e86585071,IN,1,8
IP_0e92e56a61,IN,1,18
IP_0e997e2bde,IN,1,9
IP_0e99cf4d22,IN,1,9
IP_0e9c8a8159,IN,1,13
IP_0ea873a3da,IN,1,30
IP_0eb8f3b1e3,IN,1,12
IP_0ec01953a6,IN,1,7
IP_0ecd4af6f8,IN,1,10
IP_0edbd0c53c,IN,1,12
IP_0ee439a97a,IN,1,7
IP_0eec5c0c91,IN,1,18
IP_0efeb19c21,IN,1,8
IP_0f01561e1a,IN,1,13
IP_0f06878c25,SG,1,1
IP_0f0735a956,IN,1,13
IP_0f112855b0,IN,1,8
IP_0f12bd001f,IN,1,11
IP_0f13f25eb7,IN,1,9
IP_0f173de81a,IN,1,15
IP_0f19c52407,IN,1,8
IP_0f1e7ee12c,IN,1,14
IP_0f218f77eb,IN,1,10
IP_0f2acb460e,IN,1,29
IP_0f36364e62,IN,1,14
IP_0f3784f35f,IN,1,6
IP_0f37b1ef28,GB,1,1
IP_0f3ba125b1,IN,1,10
IP_0f4cdd4cfe,IN,1,10
IP_0f5176f31d,IN,1,15
IP_0f528f79f1,IN,1,10
IP_0f7c92b215,IN,1,8
IP_0f81dc257c,IN,1,12
IP_0f97d0aadb,IN,1,15
IP_0f997eb996,IN,1,13
IP_0f9b6bde0b,IN,1,11
IP_0f9bd1634b,IN,1,8
IP_0fa66368c7,IN,1,10
IP_0fad2ce06b,IN,1,8
IP_0fad4c3446,IN,1,12
IP_0fbf977cac,IN,1,15
IP_0fc360d45f,IN,1,14
IP_0fc722bf63,IN,1,11
IP_0fc9799890,IN,1,5
IP_0fca9be593,IN,1,8
IP_0fdfc16321,IN,1,9
IP_0fee5b5fdc,IN,1,9
IP_0ff6c47177,IN,1,9
IP_0ff7647423,IN,1,16
IP_1005933da8,IN,1,11
IP_1006d86811,IN,1,2
IP_10114f7d61,IN,1,12
IP_10138e34cc,IN,1,5
IP_1015b92bd3,IN,1,7
IP_102367e00b,IN,1,11
IP_1024f9ca89,IN,1,11
IP_102ed18d26,IN,1,10
IP_103728f405,IN,1,17
IP_1054cf7109,IN,1,16
IP_10559102f6,IN,1,12
IP_105919ff15,GB,1,3
IP_106cec70d8,IN,1,11
IP_10771364ab,IN,1,19
IP_1083dc2773,IN,1,8
IP_1084cb53ac,IN,1,23
IP_109745934d,IN,1,22
IP_1097deca82,IN,1,10
IP_10a55dc878,IN,1,32
IP_10a72f5046,IN,1,15
IP_10a8b8b7b5,GB,1,1
IP_10a9349680,IN,1,12
IP_10acd63885,IN,1,10
IP_10b01a66fa,IN,1,13
IP_10bd3d31ad,IN,1,10
IP_10be4c915f,IN,1,10
IP_10c907fe06,IN,1,10
IP_10d05827a8,IN,1,11
IP_10d4d93dc3,IN,1,7
IP_10d77e91d9,IN,1,15
IP_10dc804824,IN,1,10
IP_10e7e56c4c,IN,1,15
IP_10ec023ad5,IN,1,18
IP_10f48ffefb,IN,1,12
IP_10fab8dc80,IN,1,7
IP_110b78b91a,IN,1,11
IP_1111d7d7cc,IN,1,13
IP_1119e4a8f1,SG,1,1
IP_111dcb5617,IN,1,16
IP_111e64b9b6,IN,1,11
IP_1123e04fa6,IN,1,10
IP_1128180f65,IN,1,11
IP_112c51564e,IN,1,11
IP_1130300947,IN,1,11
IP_11343a30fe,IN,1,7
IP_1137b10c0f,IN,1,7
IP_1140a1a1d9,IN,1,11
IP_114a294179,IN,1,13
IP_114b324368,IN,1,17
IP_114b464a4a,IN,1,17
IP_114e865725,IN,1,16
IP_1150bee01e,IN,1,17
IP_1152b6a8f9,IN,1,18
IP_1154b2708e,SG,1,2
IP_115777b4f6,IN,1,13
IP_11586eb2ad,IN,1,11
IP_115e55096d,IN,1,9
IP_1172f7e77b,IN,1,15
IP_117548b960,IN,1,9
IP_1180abc673,IN,1,16
IP_1187a7793b,IN,1,16
IP_118871ad1a,IN,1,13
IP_118cfb4e6c,IN,1,8
IP_11911b74a5,IN,1,9
IP_119696f6a1,IN,1,11
IP_11a4892278,SG,1,3
IP_11abe9fec2,IN,1,11
IP_11ae7d5032,IN,1,14
IP_11aefd0ad9,IN,1,14
IP_11c389916a,IN,1,7
IP_11caa67e95,IN,1,9
IP_11d6a3ccbf,IN,1,17
IP_11da6e4af2,IN,1,6
IP_11e016f0d8,IN,1,12
IP_11e7049ac3,IN,1,10
IP_11e88f95a7,IN,1,9
IP_11ea70e69c,GB,1,2
IP_11f8e7880d,IN,1,10
IP_11fdc1c474,IN,1,17
IP_120b8240c3,IN,1,17
IP_12183ecfc6,IN,1,16
IP_122ed3c192,IN,1,22
IP_123f109005,IN,1,9
IP_1240723d6d,IN,1,8
IP_124a987f4f,SG,1,3
IP_1253cb92e4,IN,1,9
IP_1276ad6e59,IN,1,14
IP_128123281f,IN,1,13
IP_128ac4eddf,IN,1,14
IP_129755d0ed,IN,1,12
IP_129c1d9b12,IN,1,14
IP_129fc8bc40,IN,1,11
IP_12a1a1e808,IN,1,9
IP_12a83ecd81,IN,1,16
IP_12b37fdf19,IN,1,13
IP_12bb20d52e,IN,1,14
IP_12bd56dff9,IN,1,18
IP_12c1350a41,IN,1,12
IP_12ca220d5b,IN,1,9
IP_12d1d07050,IN,1,7
IP_12e41a45bd,IN,1,22
IP_12e68d97ba,IN,1,14
IP_12ed06bc9e,IN,1,11
IP_12f286b968,IN,1,7
IP_130498b1a1,IN,1,18
IP_130bed822c,IN,1,11
IP_1334df7e59,IN,1,14
IP_1335a62b15,IN,1,19
IP_134e19f910,IN,1,9
IP_1354c61961,IN,1,9
IP_135786b5d0,IN,1,12
IP_135d66b928,IN,1,12
IP_135fcdbddb,IN,1,9
IP_136633b448,IN,1,13
IP_1367b62402,IN,1,10
IP_1376071aa5,IN,1,8
IP_137a20e7cc,IN,1,12
IP_139878a1c0,IN,1,10
IP_13a705b3f8,IN,1,18
IP_13a8deba73,IN,1,14
IP_13ba60d8b4,IN,1,11
IP_13bd57d10e,IN,1,14
IP_13cebb92fc,IN,1,10
IP_13cebc8816,IN,1,13
IP_13de40a075,IN,1,20
IP_13de54fc5e,IN,1,10
IP_13e4e50f7d,IN,1,6
IP_13e50fc7c3,AE,1,2
IP_13e8c54188,IN,1,21
IP_13e971f987,IN,1,13
IP_13f0329821,IN,1,6
IP_13f4e0da21,IN,1,10
IP_13f9f00bee,AE,1,3
IP_13fa45a945,AE,1,2
IP_1408e2ed35,IN,1,17
IP_140dc94000,GB,1,1
IP_1410b27e53,IN,1,14
IP_1422a64952,IN,1,19
IP_1428edb2bc,IN,1,17
IP_142b3acb7c,IN,1,9
IP_142d8628ad,IN,1,12
IP_142e8b5978,GB,1,2
IP_143034c6c2,IN,1,8
IP_143466c6ae,IN,1,12
IP_143577af94,IN,1,20
IP_1444d5bd34,IN,1,2
IP_14462c48eb,IN,1,5
IP_14693a9f2d,IN,1,10
IP_146d0fe65f,IN,1,8
IP_146d5468fa,IN,1,15
IP_147333d166,IN,1,9
IP_1482e24eb0,IN,1,14
IP_14835686d6,IN,1,9
IP_148710b100,IN,1,10
IP_149503a223,IN,1,12
IP_149e800d96,IN,6,14
IP_14aea28f43,IN,1,10
IP_14ea06ea94,IN,1,13
IP_14f4a35096,IN,1,10
IP_14f5ee3c13,IN,1,8
IP_14f7307605,IN,1,11
IP_14f7579380,IN,1,8
IP_14f8c964f3,IN,1,17
IP_151a145204,IN,1,27
IP_151df6d60e,IN,1,11
IP_152180ce66,US,1,1
IP_152dfc9832,IN,1,8
IP_153cca1f01,IN,1,12
IP_153e75331a,IN,1,6
IP_15428f40b8,IN,1,9
IP_154942966f,IN,1,12
IP_155304ddb3,IN,1,12
IP_1554f09f93,IN,1,9
IP_15553a0f96,IN,1,16
IP_15558b4733,IN,1,14
IP_1560baa9a9,AE,1,1
IP_1562bc12dd,IN,1,14
IP_156a1cdf61,IN,1,16
IP_156cc2ce54,IN,1,10
IP_156f7c6946,IN,1,9
IP_157dd0aa31,IN,1,9
IP_158e407786,IN,1,13
IP_15900c5cca,IN,1,14
IP_159570fac3,IN,1,9
IP_159ce1af6d,IN,1,8
IP_159d1ecd28,IN,1,10
IP_15bc0535a9,IN,1,10
IP_15bfd3813e,IN,1,14
IP_15c3208bb4,IN,1,13
IP_15cb539f4f,IN,1,10
IP_15cbec5b82,IN,1,14
IP_15cff30582,IN,1,20
IP_15d24c902c,IN,1,12
IP_15dc876b94,IN,1,13
IP_15e5283203,IN,1,8
IP_15f372749c,IN,1,19
IP_1603c2aff5,IN,1,12
IP_16121295a1,IN,1,13
IP_16162e6e84,IN,1,5
IP_1625ef28ef,SG,1,2
IP_162901b0ad,IN,1,11
IP_163cf181b4,IN,1,9
IP_163e899dfd,IN,1,16
IP_163fe3e898,IN,1,25
IP_1644ec7f3a,IN,1,8
IP_1652845893,IN,1,13
IP_1653fdd6c5,IN,1,14
IP_16556482e5,IN,1,13
IP_1668a849b3,IN,1,15
IP_166ee7e747,IN,1,17
IP_16746cb3b5,IN,1,17
IP_167726d3ac,IN,1,13
IP_169aab4619,IN,1,12
IP_16a95ba46d,IN,1,10
IP_16b1038b9a,IN,1,11
IP_16b837c0e9,IN,1,9
IP_16d74b5bf3,IN,1,18
IP_16e3adecbd,IN,1,18
IP_16e6d4decd,IN,1,4
IP_16e7e8b047,IN,1,6
IP_16e8356b34,IN,1,10
IP_1708fa3829,IN,1,8
IP_170ddfb6c2,IN,1,13
IP_1710e13c75,IN,1,9
IP_171181e995,IN,1,14
IP_171ed8c292,IN,1,13
IP_172b7de48d,IN,1,12
IP_1730293b84,IN,1,12
IP_17366ce675,IN,1,6
IP_1739115e54,IN,1,11
IP_173db69a5b,IN,1,14
IP_1743bef263,IN,1,12
IP_1748cfa603,IN,1,19
IP_17569435ef,IN,1,14
IP_1770f152b9,SG,1,1
IP_1789b7a786,IN,1,8
IP_17924223fa,IN,1,10
IP_179421a993,IN,1,15
IP_179864688c,IN,1,16
IP_17a6a72ab3,IN,1,6
IP_17bbbd9fa7,IN,1,18
IP_17c485afdc,IN,1,7
IP_17d1d4743a,IN,1,13
IP_17de4dfcb8,US,1,1
IP_17ea886d67,IN,1,12
IP_17f9f98aa5,IN,1,10
IP_180306ed78,IN,1,13
IP_18058ed542,IN,1,15
IP_1812cecc64,IN,1,10
IP_1819a9d025,IN,1,8
IP_181c0e6a63,IN,1,17
IP_18281be18a,IN,1,15
IP_18364e6a60,IN,1,9
IP_18417b067d,IN,1,14
IP_1841e2f5bd,IN,1,17
IP_1843524115,IN,1,11
IP_1848b21356,IN,1,13
IP_184d522ece,IN,1,12
IP_185088f568,IN,1,7
IP_1857536621,IN,1,8
IP_185fa0a024,IN,1,17
IP_186f70f12b,IN,1,11
IP_18749b3bae,IN,1,15
IP_188447cc74,IN,1,20
IP_188deb6935,IN,1,15
IP_188eff166c,IN,1,13
IP_188f8e92e4,IN,1,11
IP_188ffb1496,IN,1,19
IP_18946a5abe,IN,1,13
IP_18a687c3b4,IN,1,12
IP_18b51b0ec6,IN,1,14
IP_18c4e15c21,IN,1,11
IP_18c5e70dbc,IN,2,3
IP_18dcd8066b,IN,1,12
IP_18e793db8b,IN,1,12
IP_18f6921ebe,IN,1,14
IP_18f760af22,IN,1,11
IP_18f8e8cf33,IN,1,8
IP_18fb2fc4b4,IN,1,16
IP_18ff55a3a1,IN,1,6
IP_191323ea62,IN,1,21
IP_191ebb08ec,IN,1,8
IP_1924b6a90a,IN,1,5
IP_1925cb30ad,IN,1,11
IP_192608404f,IN,1,8
IP_1927b9378c,IN,1,8
IP_192d4ee9f4,IN,1,12
IP_193268facb,IN,1,5
IP_193c2561a0,IN,1,17
IP_19494bc732,IN,1,12
IP_195368de7f,IN,1,10
IP_195537115f,IN,1,19
IP_19571a79c5,IN,1,13
IP_195799a17e,IN,1,12
IP_195affe41e,IN,1,7
IP_1966defc28,IN,1,10
IP_1967a03136,IN,1,13
IP_1969be24b6,IN,1,7
IP_197b5a031b,IN,1,9
IP_198b66ece0,IN,1,5
IP_199d7c6b6a,IN,1,11
IP_19a0bca35d,IN,1,14
IP_19aa1f424c,IN,1,12
IP_19b589e31c,IN,1,13
IP_19bd5f30a4,IN,1,7
IP_19c60377e2,IN,1,9
IP_19dca3e7f4,IN,1,12
IP_19e84f68db,IN,1,9
IP_1a02a3d769,IN,1,14
IP_1a0d29d107,IN,1,14
IP_1a0e8f27dc,IN,1,10
IP_1a2b841ead,IN,1,13
IP_1a2db9c91b,IN,1,8
IP_1a2e796a99,IN,1,6
IP_1a333ef7a7,IN,1,13
IP_1a379bcfd1,IN,1,16
IP_1a3a0a54ba,IN,1,13
IP_1a41eedd06,IN,1,12
IP_1a42677de1,IN,1,15
IP_1a523c45e2,IN,1,15
IP_1a63eddb4a,IN,1,13
IP_1a7919e849,IN,1,18
IP_1a7b349d00,IN,1,6
IP_1a7c0c6f26,IN,1,5
IP_1a832411c1,IN,1,18
IP_1a8a5d1f04,IN,1,8
IP_1a95d713e1,IN,1,11
IP_1a9a1c2d81,IN,1,11
IP_1a9aa4bb22,IN,1,7
IP_1aa07afc4c,IN,1,14
IP_1aa3314fcd,IN,1,13
IP_1aac38f7cd,IN,1,12
IP_1ab8e9fbf0,IN,1,19
IP_1ac555f81e,IN,1,9
IP_1ac6dead44,IN,1,8
IP_1acd0341dd,IN,1,6
IP_1ace55f45b,IN,1,8
IP_1ad2b7726c,IN,1,12
IP_1ad4a9a5cb,IN,1,11
IP_1ae22bb59b,IN,1,21
IP_1af88b0a57,IN,1,9
IP_1afa196156,IN,1,12
IP_1afff4ebfb,IN,1,8
IP_1b0d94ade0,IN,1,12
IP_1b10f7547f,SG,1,3
IP_1b12daa729,IN,1,12
IP_1b14f42de8,IN,1,16
IP_1b156d852b,IN,1,14
IP_1b273d8f77,IN,1,7
IP_1b282f0a7f,IN,1,11
IP_1b4a260a5c,IN,1,13
IP_1b56acf588,IN,1,13
IP_1b581da8d8,IN,5,12
IP_1b62fff37d,IN,1,14
IP_1b63ef604d,AE,1,1
IP_1b6c34e08a,IN,1,10
IP_1b76e1c193,IN,1,23
IP_1b7871f8d2,IN,1,13
IP_1b8f5de230,IN,1,24
IP_1b975754d8,IN,1,14
IP_1ba0f69959,IN,1,11
IP_1ba431d121,IN,1,13
IP_1bac938b18,AE,1,1
IP_1bb01dfe1a,IN,1,15
IP_1bc52b9915,IN,1,9
IP_1bd7ee5597,AE,1,2
IP_1bda13ca67,IN,1,15
IP_1bf838dff4,IN,1,12
IP_1bfa360f3f,AE,1,1
IP_1c060ce300,IN,1,8
IP_1c0ca4f5c0,IN,1,13
IP_1c0d776790,IN,1,11
IP_1c141c95ca,IN,1,14
IP_1c1c84517c,IN,1,14
IP_1c2215a5de,IN,1,9
IP_1c2e8b1a3c,IN,1,12
IP_1c317fce9e,IN,1,12
IP_1c40620e75,IN,1,15
IP_1c4676c8c4,IN,1,8
IP_1c46be8863,IN,1,9
IP_1c5e1f1ebc,IN,1,8
IP_1c62809dde,IN,1,11
IP_1c67e10967,IN,1,9
IP_1c6c2bbda0,IN,1,7
IP_1c6c41bcf8,IN,1,14
IP_1c6c8b5142,IN,1,14
IP_1c71b5f222,IN,1,11
IP_1c759836b8,IN,1,11
IP_1c77c0dd0a,IN,1,9
IP_1c9054d5f4,IN,1,12
IP_1c9315b1fe,IN,1,11
IP_1caac37c26,IN,1,12
IP_1cafa4e403,IN,1,14
IP_1cb1973a48,IN,1,11
IP_1cc01be5b5,IN,1,12
IP_1cc0f69151,IN,1,13
IP_1cc1b0fe6e,IN,1,13
IP_1cc3a1dac7,IN,1,14
IP_1cd11b6bf9,IN,1,11
IP_1cd26da7f1,IN,1,10
IP_1ce8fc5476,IN,1,12
IP_1ceffabe28,IN,1,7
IP_1cf1cd3cf6,IN,1,12
IP_1d046ea9c1,IN,1,13
IP_1d0a018aeb,IN,1,9
IP_1d0aab98ee,IN,1,18
IP_1d17039afb,IN,1,7
IP_1d18cd6b77,GB,1,1
IP_1d1b955ab5,IN,1,5
IP_1d1d86ca6f,IN,1,9
IP_1d222af7da,IN,1,16
IP_1d22e49af3,IN,1,14
IP_1d26510a03,IN,1,8
IP_1d3da2fa87,IN,1,15
IP_1d3e38f2c2,IN,1,7
IP_1d426e9bf2,IN,1,11
IP_1d4e060153,IN,1,15
IP_1d4f2d21ae,IN,1,23
IP_1d5d33cc35,IN,1,21
IP_1d5fc7b02e,IN,1,8
IP_1d665cd08f,IN,1,9
IP_1d6812788d,SG,1,2
IP_1d6ef5479b,SG,1,1
IP_1d70d92650,IN,1,12
IP_1d73f6be5a,IN,1,11
IP_1d812e2244,IN,1,14
IP_1d8cda67e3,IN,1,14
IP_1d8f6886d1,GB,1,1
IP_1d96cc2094,IN,1,11
IP_1d9dfa9512,IN,1,11
IP_1da0d91914,IN,1,9
IP_1dadeef2fa,IN,1,14
IP_1dbfde97fe,IN,1,11
IP_1dc1c316a9,IN,1,9
IP_1dc7f1999d,IN,1,7
IP_1dd5c2811b,IN,1,12
IP_1dd8f99709,IN,1,9
IP_1ddad29d06,IN,1,11
IP_1ddf2ab161,IN,1,18
IP_1de627a9f4,IN,1,9
IP_1defc7e36b,IN,1,9
IP_1df4d0dcec,GB,1,1
IP_1df559b73f,IN,1,17
IP_1e0e29ff94,IN,1,11
IP_1e1b893ec0,IN,1,11
IP_1e279d58bb,IN,1,8
IP_1e2f59fd91,IN,1,13
IP_1e4564b3f3,IN,1,15
IP_1e4b2f90c1,IN,1,14
IP_1e54b3c597,IN,1,28
IP_1e59109d32,IN,1,21
IP_1e5bf951cb,IN,1,12
IP_1e5c07f9da,IN,1,5
IP_1e5e832119,IN,1,8
IP_1e5f4d065b,IN,1,9
IP_1e627a62d4,IN,1,7
IP_1e679769af,IN,1,12
IP_1e6eeaa963,IN,1,14
IP_1e73783efe,AE,1,1
IP_1e76128e88,IN,1,18
IP_1e8225ab78,IN,1,15
IP_1ea257da5d,IN,1,13
IP_1ea5593576,IN,1,11
IP_1ea79326d5,IN,1,13
IP_1eb28ac45f,IN,1,4
IP_1ebb03b2af,IN,1,17
IP_1ec7f7a0e2,IN,1,12
IP_1ecd6db60c,IN,1,14
IP_1ecec51ff4,IN,1,15
IP_1ed615acca,IN,1,9
IP_1ed913f021,IN,1,8
IP_1ed9e3e14f,IN,1,8
IP_1edad490f5,IN,1,16
IP_1edf300181,IN,1,14
IP_1ee7fcd815,AE,1,1
IP_1ee814bde7,IN,1,10
IP_1eeabfd518,IN,1,13
IP_1eec4b1fea,IN,1,12
IP_1eee4183d9,IN,1,12
IP_1ef89d013f,IN,1,12
IP_1ef8a0184a,IN,1,15
IP_1efec9672e,IN,1,5
IP_1f079f113c,IN,1,12
IP_1f0ca4ff2b,IN,1,7
IP_1f0f16ba83,IN,1,15
IP_1f1257bd77,IN,1,9
IP_1f1aa08e89,IN,1,7
IP_1f1ebf61fc,IN,1,11
IP_1f22483c1e,US,1,1
IP_1f25304969,IN,1,17
IP_1f27efa6ea,IN,1,8
IP_1f34e40aec,IN,1,8
IP_1f37e7eed8,IN,1,8
IP_1f4319fdb6,IN,1,12
IP_1f499e70c6,IN,1,11
IP_1f4f028671,IN,1,10
IP_1f4f0606a5,IN,1,11
IP_1f506678f7,IN,1,24
IP_1f5a68c411,IN,1,14
IP_1f5b32e254,IN,1,16
IP_1f6011a54f,IN,1,18
IP_1f649b18a9,IN,1,14
IP_1f66015b21,IN,1,10
IP_1f6a52d55a,IN,1,13
IP_1f722273e6,IN,1,14
IP_1f78c85383,IN,1,13
IP_1f79086abf,IN,1,11
IP_1f7afcb44f,IN,1,11
IP_1f7e8c4436,IN,1,13
IP_1f8b0cd561,IN,1,12
IP_1f8e30ba64,GB,1,3
IP_1f90b9dcdd,IN,1,21
IP_1f991f0137,IN,1,9
IP_1f9b59c039,IN,1,9
IP_1fa8833ebf,IN,1,8
IP_1fb4f67aef,IN,1,9
IP_1fb7764f6b,IN,1,11
IP_1fb9bcacea,IN,1,11
IP_1fc3e0df3b,GB,1,3
IP_1fd4d430c9,AE,1,1
IP_1fd84a09d6,IN,1,16
IP_1fd84bf03e,IN,1,12
IP_1fe089b203,IN,1,19
IP_1fe32b2541,IN,1,9
IP_1feddb056c,IN,1,14
IP_1ff29ac90d,IN,1,10
IP_1ffa470073,IN,1,13
IP_200f7b0540,IN,1,16
IP_2013418180,IN,1,13
IP_2024fadfa9,IN,1,8
IP_202d643103,IN,1,8
IP_202df19e5f,IN,1,13
IP_203edf145f,IN,1,13
IP_20406ec429,IN,1,8
IP_2047e34633,IN,1,14
IP_20523fc1ac,IN,1,10
IP_2057e06708,GB,1,1
IP_205dacb601,IN,1,7
IP_206819cfdf,IN,1,9
IP_206e179bd3,SG,1,2
IP_20754cd2cb,IN,1,10
IP_2078f33702,IN,1,7
IP_207ad5b949,IN,1,14
IP_20892c9714,IN,1,11
IP_20a57cba70,IN,1,16
IP_20a680e3c4,IN,1,17
IP_20b30086db,IN,1,17
IP_20b4abf9d8,IN,1,15
IP_20bcb7250b,IN,1,14
IP_20cfc65abf,IN,1,19
IP_20d77dcb8a,IN,1,11
IP_20dacd67c7,IN,1,15
IP_20e45b1106,IN,1,17
IP_20eaf67a2c,IN,1,13
IP_20f88c3c69,IN,1,14
IP_211e2cdc64,IN,1,14
IP_211f947fa7,IN,1,14
IP_2124ac26f4,IN,1,11
IP_212cc05666,IN,1,8
IP_213a069cd0,IN,1,9
IP_2140811f9d,IN,1,16
IP_2158771978,IN,1,11
IP_215b8a117a,IN,1,8
IP_2173d244f0,IN,1,14
IP_21827be146,IN,1,15
IP_2183b4d69e,IN,1,8
IP_2183bffbc6,IN,1,10
IP_2189b5febf,IN,1,16
IP_218f6da5b1,IN,1,10
IP_219f4e25bb,IN,1,15
IP_21b309a8fc,IN,1,9
IP_21b5457e1f,IN,1,13
IP_21bef39b55,IN,1,10
IP_21ce3fe6c7,IN,1,6
IP_21d1064d4a,IN,1,8
IP_21e52dbb51,IN,1,15
IP_21e930f3eb,IN,1,14
IP_21f31c1a02,IN,1,17
IP_221d8b8286,IN,1,13
IP_222bffd903,IN,1,11
IP_222e6f0243,IN,1,8
IP_223c7f477d,IN,1,14
IP_224352d505,IN,1,12
IP_224cdfbfa0,IN,1,7
IP_225593435d,IN,1,14
IP_2260d7d9e7,IN,1,7
IP_2270f3e79f,IN,1,17
IP_22733c3a45,IN,1,16
IP_2278c211f6,IN,1,14
IP_228dee7b54,IN,1,9
IP_2298d8c9d9,IN,1,5
IP_22af455d9d,IN,1,8
IP_22b2331c14,IN,1,8
IP_22b2a0c15f,IN,1,8
IP_22b533371a,IN,1,15
IP_22b5cb6dfd,IN,1,15
IP_22bbf9d446,IN,1,22
IP_22bd87e0ce,IN,1,12
IP_22c147fc68,IN,1,8
IP_22c1a62088,IN,1,13
IP_22c200cf8a,SG,1,1
IP_22dd465674,IN,1,7
IP_22f001a8d3,IN,1,11
IP_22f3129df9,AE,1,1
IP_22fa74cba1,IN,1,8
IP_23004f4c96,IN,1,10
IP_23022573ca,IN,1,12
IP_230317ca62,IN,1,8
IP_230432bf97,IN,1,9
IP_230806b245,IN,1,11
IP_23088c2b49,IN,10,30
IP_230b15fb64,IN,1,14
IP_2310996799,IN,1,15
IP_23176161b8,IN,1,13
IP_231ab562e6,IN,1,11
IP_231ed15708,IN,1,12
IP_231fbb693f,IN,1,18
IP_232291ca22,IN,1,8
IP_232f0cb430,IN,1,13
IP_2344687b16,IN,1,13
IP_2345ac4559,IN,1,9
IP_234d60882c,IN,1,9
IP_234e89d5cf,IN,1,8
IP_234f8898a1,IN,1,4
IP_235def971f,IN,1,7
IP_235e796586,IN,1,10
IP_235f26134f,IN,1,15
IP_2365c0fc66,IN,1,15
IP_236f98250e,IN,1,8
IP_237b01758d,IN,1,8
IP_237c54f4f7,IN,1,8
IP_237d5f89b3,SG,1,2
IP_237d61405b,IN,1,13
IP_238bc71c1a,IN,1,12
IP_238c049f76,IN,1,9
IP_2390a5a63d,IN,1,9
IP_2391348701,IN,1,16
IP_2395f123a9,IN,1,11
IP_2396464462,IN,1,7
IP_2396d5b859,IN,1,10
IP_23aeeb384a,IN,1,10
IP_23ba9509bf,IN,1,11
IP_23be51c667,IN,1,17
IP_23c53a47f4,IN,1,10
IP_23ce927939,IN,1,11
IP_23d1782ec9,IN,1,18
IP_23d67db7ce,IN,1,12
IP_23de3f25ee,IN,1,7
IP_23df246557,IN,1,11
IP_23e3ea4e10,IN,1,23
IP_23e8b2eb16,IN,1,13
IP_23e8dddc06,IN,1,13
IP_23f309be95,IN,1,5
IP_23f619a061,IN,1,11
IP_23f69e1738,IN,1,10
IP_23fe9ae7a6,GB,1,1
IP_2403a133b9,IN,1,16
IP_240d682395,IN,1,9
IP_2416490598,IN,1,6
IP_24173c5492,IN,1,8
IP_24219bbac0,IN,1,8
IP_2423aa17e1,IN,1,16
IP_242f043cfe,IN,1,15
IP_2434e5a929,IN,1,14
IP_24580cf231,IN,1,10
IP_245a291a1d,IN,1,9
IP_24625b6f8c,IN,1,14
IP_246cacc409,IN,1,16
IP_24708537ff,IN,1,13
IP_2470e6653e,IN,1,8
IP_247379fe8f,IN,1,9
IP_2482c7bfe8,IN,1,5
IP_2488393bde,IN,1,16
IP_248de974d2,IN,1,4
IP_2495360bb1,IN,1,19
IP_2498d1a90c,IN,1,4
IP_249c2f19e9,IN,1,10
IP_24ae37932d,IN,1,3
IP_24b2b7aa60,AE,1,1
IP_24b2eb5c2b,IN,1,17
IP_24b425121f,IN,1,12
IP_24b44caac7,IN,1,14
IP_24b5ad8e04,IN,1,6
IP_24b75f67bf,IN,1,11
IP_24b7d602f2,IN,1,7
IP_24ba2cf550,IN,1,13
IP_24c673259f,IN,1,16
IP_24d6894108,IN,1,12
IP_24d6e0d685,IN,1,12
IP_24dbcff2ab,IN,1,13
IP_24f4f011b5,IN,1,14
IP_24f6dd1fc0,IN,1,15
IP_24f8c6438c,GB,1,3
IP_250a5b390a,IN,1,14
IP_250e82a852,IN,1,9
IP_251811226b,IN,1,12
IP_251c31b31f,IN,1,16
IP_252b2ffd6f,IN,1,12
IP_2531999b5d,IN,1,14
IP_253dd5874b,IN,1,8
IP_25523e5710,SG,1,3
IP_2553c93cfd,IN,1,15
IP_25650ec59a,IN,1,17
IP_256f006387,IN,1,7
IP_257c89dc1a,IN,1,12
IP_258792b646,IN,1,1
IP_258838d0ba,IN,1,9
IP_258e613138,IN,1,9
IP_258feb15ec,IN,2,7
IP_259067b5c4,IN,1,13
IP_2595a6da47,IN,1,13
IP_2598e655dd,IN,1,13
IP_259abd0204,IN,1,12
IP_259ac7ece0,IN,1,15
IP_25a3a873c8,IN,1,13
IP_25a41ee58d,IN,1,10
IP_25ae745c2c,IN,1,15
IP_25c70e5757,IN,3,8
IP_25ce41ea70,IN,1,19
IP_25e61d3c8c,IN,1,7
IP_25e783ef96,IN,1,11
IP_25e9a64e1b,IN,1,13
IP_25f7c2f251,GB,1,1
IP_25fd6e1d82,IN,1,11
IP_26134899cc,IN,1,13
IP_261a95b269,IN,1,11
IP_261e7f171a,IN,1,8
IP_2626bf8f69,IN,1,12
IP_2630c327a3,IN,1,12
IP_2631c19708,IN,1,8
IP_263e5c5beb,IN,1,17
IP_2641b879de,IN,1,9
IP_2648a77617,IN,1,11
IP_2649976903,IN,1,13
IP_264ba5c99b,IN,1,16
IP_264c077ca8,IN,1,13
IP_264d432b7a,IN,1,17
IP_264e71c33e,IN,1,8
IP_2650497327,IN,1,10
IP_2656132f64,IN,1,12
IP_266656ea6a,IN,1,9
IP_266d0a4d87,AE,1,1
IP_2678ea61a4,IN,1,12
IP_267e781b0e,IN,1,11
IP_267f96818d,IN,1,11
IP_268bc42974,IN,1,14
IP_2694db0eb4,IN,1,14
IP_269737837e,IN,1,12
IP_269e8f2751,IN,1,14
IP_26a7565843,IN,1,17
IP_26accf9137,IN,1,9
IP_26d5486cba,IN,1,13
IP_26e627d1ce,IN,1,6
IP_26f318041f,IN,1,8
IP_26fa2a6885,IN,1,15
IP_27093d149f,IN,1,13
IP_271fac222c,IN,1,12
IP_272189b77b,IN,1,14
IP_2725f0e10c,IN,1,7
IP_2731f00f0c,IN,1,9
IP_2739268ae4,IN,1,13
IP_273d749f77,IN,1,8
IP_273eb89d71,IN,1,5
IP_273f15eb9e,IN,1,13
IP_274239dbb5,IN,1,15
IP_2742624fd6,IN,1,10
IP_274bcfa982,IN,1,8
IP_274dbb44d1,IN,1,13
IP_274f3df1a4,IN,1,11
IP_2750d4c08f,US,1,1
IP_27513abe50,IN,1,12
IP_2752243df9,IN,1,4
IP_2772ddefd5,IN,1,19
IP_27742eda61,IN,1,9
IP_27787ce216,IN,1,15
IP_277bb98d79,IN,1,13
IP_27864698f9,GB,1,1
IP_2788d65312,IN,1,15
IP_2792682a82,IN,1,12
IP_2799f24ba6,IN,1,10
IP_27ada50601,IN,1,13
IP_27b0987493,IN,1,10
IP_27b7a308a7,IN,1,13
IP_27b82170da,IN,1,6
IP_27ba852afc,IN,1,17
IP_27bbf93db9,IN,1,7
IP_27c21f29e1,IN,1,13
IP_27f0caf76c,IN,1,7
IP_27f100af3e,IN,1,12
IP_27f775a831,IN,1,12
IP_2801704522,IN,1,6
IP_2804cd48c2,IN,1,8
IP_280bc4829c,IN,1,12
IP_2811a5c7fa,IN,1,12
IP_28157f831a,IN,1,14
IP_28199bed30,IN,1,9
IP_281d960913,IN,1,13
IP_281e2f51d8,GB,1,2
IP_282a2f297d,IN,1,12
IP_282e6fb5e3,IN,1,12
IP_28378ecdd4,AE,1,1
IP_28462d4279,IN,1,11
IP_285143eb28,IN,1,10
IP_286648be15,IN,1,11
IP_287272ff8e,IN,1,13
IP_2877335a23,IN,1,12
IP_288a97c5ed,IN,1,17
IP_2891c26874,IN,1,12
IP_2893f723a5,IN,1,9
IP_289e8a2ae4,IN,1,16
IP_28acfdb267,IN,1,13
IP_28b304ed6a,IN,1,11
IP_28b4abae9f,IN,1,11
IP_28bd69a7a3,IN,1,18
IP_28bf649185,AE,1,1
IP_28c18a21e4,IN,1,17
IP_28c4335630,IN,1,7
IP_28d252b5b5,IN,1,12
IP_28d61382dd,IN,1,10
IP_28d7d0a44a,IN,1,9
IP_28d9671578,IN,1,12
IP_28df11f25f,IN,1,10
IP_28e6d6808d,IN,1,10
IP_28f4526555,IN,1,17
IP_28f62eeadc,IN,1,21
IP_28f735d0e7,IN,1,8
IP_28f95fd2d4,IN,1,12
IP_28fd2dd207,IN,1,18
IP_28fe6cad59,IN,1,16
IP_28ff1e3b6f,IN,1,17
IP_2918e2b5a3,IN,1,13
IP_291cd90350,IN,1,8
IP_29262ed285,IN,1,8
IP_29279cf04b,IN,1,10
IP_292d819f6e,IN,1,9
IP_2932710413,IN,1,11
IP_2933723b15,IN,1,7
IP_29464a3a42,IN,1,10
IP_2955df0696,IN,1,14
IP_295890806b,IN,1,12
IP_295f2c855c,IN,1,11
IP_2960d0d92d,IN,1,10
IP_2966338e5b,IN,1,11
IP_29772e74d6,IN,1,10
IP_298148ebb1,IN,1,14
IP_2983387283,IN,1,11
IP_298ec25a95,IN,1,9
IP_298f38a939,IN,1,11
IP_2999063dfb,IN,1,11
IP_2999675411,IN,1,16
IP_299c9a1f24,IN,1,12
IP_29a39f7bc9,IN,1,8
IP_29a833c1ae,IN,1,16
IP_29a953255d,IN,1,16
IP_29ae28edaa,IN,1,15
IP_29e2dd1a38,IN,1,12
IP_29e3765c08,IN,1,12
IP_29e4cfd7ec,IN,1,12
IP_29e560723d,IN,1,9
IP_29e995d640,IN,1,6
IP_29f3e139a9,IN,1,11
IP_29f5d3ad71,IN,1,27
IP_2a1eb15469,IN,1,10
IP_2a2222d930,IN,1,10
IP_2a23334d3d,IN,1,13
IP_2a23c2d01d,US,1,2
IP_2a36e7d491,IN,1,13
IP_2a406e01f2,IN,1,12
IP_2a41123c86,IN,1,6
IP_2a45d0de09,IN,1,13
IP_2a4a15a8bf,IN,1,16
IP_2a4b201e2b,IN,1,12
IP_2a4b70dd96,IN,1,6
IP_2a52a1e6ec,IN,1,13
IP_2a53ca98c2,IN,1,11
IP_2a5b3ad692,IN,1,13
IP_2a5dcb86f3,IN,1,9
IP_2a5f8eb758,IN,1,15
IP_2a60b46ddc,IN,1,13
IP_2a6ae75c27,IN,9,21
IP_2a75ac39bf,IN,1,12
IP_2a7af09b3e,IN,1,12
IP_2a824aca7a,IN,1,12
IP_2a8c6b422e,IN,1,7
IP_2a9112d614,IN,1,8
IP_2a996f8d5b,IN,1,15
IP_2a9d3e7f6d,IN,1,13
IP_2aa2852017,IN,1,10
IP_2aa4c87ce7,IN,1,10
IP_2aa4cf5c5b,IN,1,22
IP_2aaa6bce5d,IN,1,11
IP_2aad309c1a,GB,1,1
IP_2ab29bdcce,IN,1,7
IP_2ab5b8c693,IN,1,10
IP_2aba8b8a39,IN,1,12
IP_2abe61dd0b,IN,1,9
IP_2abe864b78,IN,1,13
IP_2ac518bc5f,IN,1,17
IP_2ac62270d2,IN,1,17
IP_2ad0150e23,US,1,3
IP_2aec948731,IN,1,18
IP_2af12c6f32,IN,1,21
IP_2afffba62e,IN,1,21
IP_2b029c90dc,IN,1,13
IP_2b0735c409,IN,1,13
IP_2b0b1e3b54,IN,1,15
IP_2b12c2c40b,IN,1,7
IP_2b19a4aad0,IN,1,13
IP_2b1a2fde45,IN,1,15
IP_2b1cba01a7,IN,1,9
IP_2b236ecc42,IN,1,7
IP_2b33609993,IN,1,15
IP_2b37a4dc92,IN,1,13
IP_2b3856e5bb,IN,1,11
IP_2b3888cd76,IN,1,6
IP_2b39620ecd,IN,1,16
IP_2b424c466d,IN,1,16
IP_2b478423b3,IN,1,8
IP_2b584668db,IN,1,11
IP_2b5ca54cc4,IN,1,12
IP_2b5fb22cc1,IN,1,8
IP_2b6044c11f,IN,1,14
IP_2b6309d43c,IN,1,13
IP_2b6690413b,IN,1,13
IP_2b7327534a,IN,1,16
IP_2b763a2156,IN,1,11
IP_2b7c54508e,IN,1,12
IP_2b7e88f437,IN,1,6
IP_2b7f0eef6e,IN,1,10
IP_2b847d7b16,IN,1,25
IP_2b8a048494,SG,1,1
IP_2b8fe0d976,IN,1,10
IP_2b97cfdc35,AE,1,1
IP_2ba69a3daf,IN,1,9
IP_2bad0252f0,IN,1,9
IP_2bad7c70fc,IN,1,7
IP_2bb743d165,AE,1,1
IP_2bb7d57670,IN,1,12
IP_2bc25fffe4,IN,1,17
IP_2bf00fc84c,IN,1,13
IP_2bf3c94ac7,IN,1,14
IP_2bf8260244,IN,1,13
IP_2bfc5f1f8d,IN,1,12
IP_2bfe01f514,IN,1,10
IP_2c009165b3,IN,1,14
IP_2c18d27c22,IN,1,7
IP_2c220bf53d,IN,1,13
IP_2c23a048e8,IN,1,12
IP_2c372974af,IN,1,11
IP_2c404a7a1b,IN,1,11
IP_2c4b4728b4,IN,1,8
IP_2c4d6e6f37,IN,1,17
IP_2c5de9ecba,IN,1,16
IP_2c6c86cf99,IN,1,10
IP_2c8162dcfe,IN,1,11
IP_2c88005142,IN,1,10
IP_2c99bee28e,IN,1,15
IP_2ca432dab9,IN,1,11
IP_2ca43d1372,IN,1,8
IP_2ca79e0925,IN,1,14
IP_2cb53c9507,IN,1,16
IP_2cc1fd5395,SG,1,1
IP_2cc881dc78,IN,1,27
IP_2cc991354a,IN,1,9
IP_2cd3af28f2,IN,1,8
IP_2ce58dcc00,IN,1,8
IP_2cf6ff2a61,IN,1,10
IP_2cf89b8e55,IN,1,19
IP_2cfd437454,US,1,1
IP_2cfe2a4a00,IN,1,15
IP_2d06bcada6,IN,1,7
IP_2d0773bba4,IN,1,15
IP_2d1c3c9b2b,IN,1,12
IP_2d1df7f0c0,IN,1,13
IP_2d259375f9,IN,1,8
IP_2d2acd7859,IN,1,19
IP_2d399b5f14,IN,1,9
IP_2d3a410a77,IN,1,15
IP_2d404ef9cc,IN,1,7
IP_2d43773248,IN,1,17
IP_2d4dc29307,IN,1,14
IP_2d4e31cd40,IN,1,14
IP_2d4fc6bb0a,IN,1,11
IP_2d57b2ff18,IN,1,12
IP_2d7196a723,IN,1,15
IP_2d71f9bce2,IN,1,20
IP_2d796d84e6,IN,1,10
IP_2d7e77a30d,IN,1,11
IP_2d814cc2ff,IN,1,14
IP_2d8eacb9db,IN,1,6
IP_2d8f5794a3,IN,1,18
IP_2d987ec848,IN,1,6
IP_2da2dc0d3e,IN,1,11
IP_2dc0471198,IN,1,7
IP_2dc6b3eddc,IN,1,10
IP_2dce516135,IN,1,11
IP_2dd8bae2e4,IN,1,25
IP_2de0a4a8fa,IN,1,9
IP_2de1e7c857,IN,1,12
IP_2de2f8bf92,IN,1,14
IP_2df04dec10,IN,1,12
IP_2df8032745,IN,1,13
IP_2e059fe345,IN,1,8
IP_2e086f65a9,IN,1,12
IP_2e0f064360,IN,1,9
IP_2e1cc406d8,IN,1,10
IP_2e1cd864ea,GB,1,3
IP_2e36659f44,IN,1,8
IP_2e3f5fe2ab,IN,1,8
IP_2e46e397c8,IN,1,12
IP_2e49c3a9e5,IN,1,8
IP_2e49dfad14,IN,1,15
IP_2e4ac1cf2c,IN,1,9
IP_2e5ea1bd7f,IN,1,10
IP_2e702617f9,IN,1,18
IP_2e82abd2ee,IN,1,12
IP_2e909edb6a,IN,1,10
IP_2e99b87680,AE,1,1
IP_2ea0bdb019,IN,1,13
IP_2ea23f7b9c,IN,1,13
IP_2eaa4c4547,GB,1,1
IP_2eaa56542b,IN,1,13
IP_2eb64cdb16,IN,5,10
IP_2eba938143,IN,1,12
IP_2ebcc7ed6e,IN,1,14
IP_2eccb3e024,IN,1,17
IP_2ecd469535,IN,1,5
IP_2ed17c1802,IN,1,11
IP_2ed399472c,IN,1,12
IP_2ed61b621b,IN,1,11
IP_2ed6580bcf,IN,1,10
IP_2ee2ce05d5,IN,1,7
IP_2ee7c7961f,IN,1,18
IP_2eee855269,IN,1,5
IP_2ef089c95e,IN,1,15
IP_2effb49cae,IN,1,8
IP_2f06b96818,SG,1,1
IP_2f0730f357,IN,1,16
IP_2f1337d577,IN,1,13
IP_2f133d3915,IN,1,8
IP_2f185d368d,IN,1,8
IP_2f1b58c171,IN,1,10
IP_2f22b72a3a,IN,1,9
IP_2f249d9b69,IN,1,15
IP_2f26a50245,IN,1,7
IP_2f27877a4d,IN,1,16
IP_2f2c080758,IN,1,11
IP_2f442b3162,IN,1,8
IP_2f4de6ce59,IN,3,11
IP_2f540fcf69,IN,1,8
IP_2f5d0d0a21,IN,1,12
IP_2f6a98f251,GB,1,1
IP_2f6f173b01,IN,1,14
IP_2f810ff930,IN,1,13
IP_2f917337fa,IN,1,11
IP_2f93ae0f68,IN,1,12
IP_2fa0accf94,IN,1,6
IP_2fb8196e55,IN,1,11
IP_2fbae34af0,GB,1,1
IP_2fc1f2bddd,IN,1,8
IP_2fc3a90256,IN,5,13
IP_2fee6b8d5f,IN,1,15
IP_2ff0b299b5,IN,1,30
IP_2ff2f064d9,IN,1,7
IP_2ffc0c901f,IN,1,13
IP_3000f8c252,IN,1,24
IP_3006352a14,IN,1,13
IP_30068f6950,IN,1,13
IP_301c620951,IN,1,20
IP_3028729254,AE,1,1
IP_30305a0a53,IN,1,3
IP_30353cfa94,IN,7,10
IP_3039a8d8a9,IN,1,10
IP_3056d14d0c,IN,1,9
IP_306297eca0,IN,1,14
IP_306544af9f,IN,1,12
IP_306da69c2a,IN,1,10
IP_30745c3cc0,IN,1,11
IP_307d69c57a,IN,1,13
IP_308d32900f,IN,1,15
IP_308ef32133,IN,1,7
IP_3094842ed9,IN,1,14
IP_30a5f14eee,IN,1,14
IP_30a99484c5,IN,1,16
IP_30b6109a56,IN,1,7
IP_30b74bb18d,IN,1,7
IP_30b95df78c,IN,1,12
IP_30c01c4693,IN,1,10
IP_30cdedd622,IN,1,8
IP_30d46343a5,IN,1,14
IP_30d733c6f6,IN,1,9
IP_30e4caeb2d,IN,1,9
IP_30f2afb05c,IN,1,13
IP_30f62ee398,IN,1,10
IP_30fe2b2db7,IN,1,11
IP_310381e3b9,IN,1,8
IP_3115c1db52,IN,1,8
IP_311a99f458,IN,1,15
IP_311ab59a46,IN,1,15
IP_3120c52e91,IN,1,12
IP_312d2c0c98,IN,1,10
IP_3137d1e5e6,IN,1,10
IP_313b44772b,IN,1,10
IP_3145d66e38,IN,1,6
IP_31590359fd,IN,1,12
IP_315c1765af,IN,1,14
IP_31688157d0,IN,1,13
IP_319243edbd,IN,1,10
IP_319ad53d72,IN,1,11
IP_31ae334398,IN,1,7
IP_31b51741a0,IN,1,6
IP_31c3589d94,IN,1,11
IP_31ca85b897,IN,1,11
IP_31d3242507,IN,1,8
IP_31d4503e47,IN,1,14
IP_31dc4e1e64,IN,1,17
IP_31e3488830,IN,1,12
IP_31eb5e5607,IN,1,12
IP_31ec3d55ca,IN,1,11
IP_31ff5d1ae9,IN,1,10
IP_3203fbf8d8,IN,1,24
IP_320c616e5c,IN,1,4
IP_320c72d0c9,IN,1,10
IP_320e40e2ae,IN,1,13
IP_3210cb7964,GB,1,1
IP_3212183c51,IN,1,15
IP_321636dea1,IN,1,15
IP_321c175e5f,IN,1,9
IP_322c6b01ca,IN,1,7
IP_322ee5a143,IN,1,15
IP_3239543d36,IN,1,11
IP_323f2ae3ad,GB,1,2
IP_32466d37e6,IN,1,11
IP_3247367ce3,US,1,1
IP_326281d066,IN,1,12
IP_32645f5b93,IN,1,13
IP_3269f334ad,IN,1,12
IP_326b337211,SG,1,2
IP_326dc399a9,IN,1,15
IP_3272c2a02c,IN,1,11
IP_3289d961fe,IN,1,15
IP_328d1d2c6e,IN,1,15
IP_32901c7d40,IN,1,18
IP_32a70448c9,IN,1,11
IP_32a7440ee7,IN,1,11
IP_32af08b60a,IN,1,10
IP_32b13c131c,IN,1,13
IP_32cae8c1ff,IN,1,15
IP_32d10991b7,IN,1,17
IP_32d7915063,IN,1,11
IP_32db4f3b55,IN,1,12
IP_32e8f5ff83,IN,1,8
IP_32e9a859f6,IN,1,17
IP_32f10c7809,IN,1,16
IP_32f6bfa3f9,IN,1,7
IP_330611d257,IN,1,12
IP_3306c0a9b3,IN,1,15
IP_3307a0359c,IN,1,9
IP_3308d72b6c,IN,1,6
IP_3308eec3e1,IN,1,15
IP_331a69d809,IN,1,10
IP_332cc90eb9,IN,1,11
IP_332dfe8be7,IN,1,9
IP_3333780794,IN,1,7
IP_333e5e93d5,IN,1,9
IP_333e86ca3b,US,1,2
IP_3342ca71cc,IN,1,13
IP_33510d2348,IN,1,11
IP_33570cfdd1,IN,1,14
IP_33574084a8,IN,1,9
IP_335779ca06,IN,1,5
IP_335be4e2f7,IN,1,7
IP_335ea4a941,IN,1,14
IP_3363661ef7,IN,1,15
IP_3370c4fd3f,IN,1,9
IP_337bac2017,IN,1,14
IP_3381f54b27,IN,1,12
IP_338b844440,AE,1,1
IP_338bd70747,IN,1,16
IP_338c513c89,IN,1,15
IP_339238a56b,IN,1,12
IP_339a21e86c,US,1,2
IP_339ab39083,IN,1,7
IP_33ab58dd2f,IN,1,20
IP_33abf07832,IN,1,17
IP_33aec46806,IN,1,13
IP_33b1ee83c8,IN,1,6
IP_33bdfbba3d,IN,1,17
IP_33c5ba22be,IN,1,8
IP_33c7c99f48,IN,1,6
IP_33cb0789ff,IN,1,7
IP_33d21ee375,IN,1,16
IP_33d515d0d1,IN,1,18
IP_33d5360c45,IN,1,23
IP_33daeb79dd,IN,1,15
IP_33dfb8d0b5,IN,1,10
IP_33e3ebf9d3,IN,1,14
IP_33e4dad103,IN,1,12
IP_33e5867d3d,IN,1,9
IP_33e633285c,IN,1,20
IP_341a52b5db,IN,1,16
IP_3421378e1c,IN,1,11
IP_342aa74140,IN,1,12
IP_3430ebe78c,IN,1,12
IP_343281684a,IN,1,13
IP_3435087215,IN,1,18
IP_343a7ad183,IN,1,9
IP_343cb4b78d,IN,1,10
IP_344267aab5,IN,1,11
IP_344e4f6dd7,IN,1,10
IP_3455097f4b,IN,1,19
IP_3455168a91,IN,1,13
IP_34583bff51,US,1,2
IP_3459de3e66,IN,1,13
IP_346d4e9ce7,IN,1,19
IP_346e435522,IN,1,13
IP_34718f2c46,IN,1,11
IP_347354ee5f,IN,1,11
IP_3481f0ac63,IN,1,7
IP_348a26a791,IN,1,13
IP_348e5d2248,IN,1,5
IP_348ebbe6e1,IN,1,10
IP_348f538f8a,IN,1,9
IP_34965efcd9,IN,1,7
IP_34971ec33d,IN,1,20
IP_349a6e3a03,IN,1,9
IP_349cf4a3f3,IN,1,16
IP_34a1091053,IN,1,15
IP_34a1d7536d,IN,1,14
IP_34a568ae0d,IN,1,14
IP_34a7d97589,IN,1,11
IP_34b53bb03b,IN,1,12
IP_34cc2be93d,IN,1,15
IP_34d009c5bc,IN,1,13
IP_34d462f42e,IN,1,18
IP_34d5927386,IN,1,10
IP_34d5ef180a,IN,1,12
IP_34e98f79a6,IN,1,12
IP_34ed32b47d,IN,1,18
IP_34f9417d1d,IN,1,13
IP_34fd041326,IN,1,9
IP_35042cc6fa,IN,1,12
IP_351d4aca7d,IN,1,10
IP_35280c739b,IN,1,9
IP_3528d9576f,IN,1,21
IP_3528e67edb,IN,1,10
IP_353574a5ac,IN,1,10
IP_35376cacca,IN,1,20
IP_353b0133c1,IN,1,14
IP_35418b476b,IN,1,14
IP_3545023a99,IN,1,12
IP_3546bbec21,IN,1,11
IP_354c73368d,IN,1,12
IP_355066e458,IN,1,13
IP_355562fe02,IN,1,13
IP_3562111c43,IN,1,11
IP_35621c7b7c,IN,1,18
IP_356bae89ce,IN,1,10
IP_356c3a51e3,IN,1,11
IP_357befa857,IN,1,14
IP_358363df4e,IN,1,17
IP_358c229dd5,IN,1,6
IP_35915d98fe,US,1,2
IP_35985a3fb5,IN,1,14
IP_35a160615a,IN,1,14
IP_35a9a400c7,IN,1,17
IP_35c3310288,IN,1,15
IP_35d96e6621,IN,1,12
IP_35dc897a03,IN,1,10
IP_35dcdd94b8,IN,1,18
IP_35ddced9c6,IN,1,15
IP_35e0c5b7eb,IN,1,8
IP_35e22ed503,IN,1,9
IP_35e4fed342,IN,1,7
IP_35e6022236,IN,1,17
IP_35e94c5562,IN,1,11
IP_35ef0c9211,IN,1,13
IP_35f1d627d1,IN,1,14
IP_35f9c44b8e,IN,6,16
IP_3603a3ad14,IN,5,15
IP_36047490c2,IN,1,13
IP_3610afc989,IN,1,12
IP_362824a229,IN,1,13
IP_36288e3971,IN,1,10
IP_362f085795,IN,1,8
IP_3639c456e8,IN,1,14
IP_36460be6c7,IN,1,10
IP_3648c23899,IN,1,13
IP_364e7a5e9f,IN,1,11
IP_36524cfb33,IN,1,9
IP_365a3a55dc,IN,1,9
IP_366cd59029,IN,1,6
IP_36758ee4a6,IN,1,7
IP_3678c496f5,IN,1,13
IP_36818868e3,IN,1,10
IP_3684473a9b,IN,1,13
IP_369435ede8,IN,1,15
IP_36a6869590,IN,1,6
IP_36bf1024b7,IN,1,12
IP_36c3a8dce0,IN,1,12
IP_36c7eb993a,IN,1,8
IP_36c9245c24,IN,1,15
IP_36cb69dc0b,IN,1,13
IP_36d0cc99ed,IN,1,12
IP_36d1500b64,IN,1,5
IP_36d25f7a05,AE,1,1
IP_36d28be7f7,IN,1,18
IP_36db19100d,IN,1,15
IP_36dfd66eaa,IN,1,7
IP_36e31d7100,IN,1,6
IP_36e3be5a3f,IN,1,13
IP_36e72af0d0,IN,1,8
IP_37047b1829,IN,1,12
IP_3706386439,IN,1,10
IP_3707bc5b8f,IN,1,12
IP_370a07d1d6,IN,1,10
IP_371496686b,IN,1,12
IP_372298f9cc,IN,1,19
IP_3723ae99fe,IN,1,12
IP_3731e50e11,IN,1,10
IP_373935add3,IN,1,11
IP_373d0a962d,IN,1,9
IP_373f7b2205,IN,1,10
IP_375270e885,IN,1,17
IP_37545f9a26,IN,1,20
IP_375783c756,IN,1,11
IP_375dc9383b,IN,8,23
IP_3761739613,IN,1,12
IP_3764762aac,IN,1,8
IP_37721b7091,IN,1,15
IP_37757f3580,IN,1,13
IP_377aee6c24,IN,1,10
IP_3784847beb,IN,1,16
IP_3784e75ebd,IN,1,10
IP_379bbfa7c6,IN,1,17
IP_37a3e6c809,IN,1,9
IP_37a60512f3,IN,1,10
IP_37a625a564,IN,1,13
IP_37a9d66540,IN,1,9
IP_37ab96ca97,IN,1,11
IP_37b5299197,IN,1,16
IP_37c151ca31,IN,1,8
IP_37ca4ddeb0,IN,1,16
IP_37d43ecdb5,IN,1,9
IP_37da7ed841,IN,1,12
IP_37e1262943,IN,1,10
IP_37e1b248a9,IN,1,12
IP_37e3f7d1d6,IN,1,12
IP_37eaa0352a,IN,1,12
IP_37eb697dd7,IN,1,11
IP_37edabc8d7,IN,1,18
IP_37f3ee2622,IN,1,14
IP_37f6c664ba,IN,1,7
IP_38052672be,IN,1,12
IP_380c72ac8d,IN,1,10
IP_381869888b,IN,1,8
IP_381c86a645,IN,1,10
IP_381e486648,IN,1,8
IP_382a7e9140,IN,1,13
IP_382c2fe58f,AE,1,2
IP_382cf9f878,IN,1,15
IP_382e1ddc34,IN,1,13
IP_38355e91a8,IN,1,9
IP_383bc2fa03,IN,1,19
IP_383c662af0,IN,1,9
IP_3843fcb4cc,IN,1,17
IP_384e60e71c,IN,1,9
IP_38587c49f4,IN,1,8
IP_385a34aaa6,IN,1,12
IP_386bd3a447,IN,1,12
IP_3872b533e4,IN,1,11
IP_387ce51431,IN,1,12
IP_387fdbdde6,IN,1,13
IP_38989bd9b1,IN,1,24
IP_38a6dbabdc,IN,1,10
IP_38a89e4ebb,IN,1,18
IP_38bbec6c96,IN,1,10
IP_38c2cd26ad,IN,1,16
IP_38cc9e7e74,IN,1,23
IP_38ce3c6118,IN,1,17
IP_38d8c849e7,IN,1,9
IP_38d9f61b8e,IN,1,16
IP_38db7bdacc,IN,1,6
IP_38e9c9a4e8,IN,1,10
IP_38ebfad460,IN,1,8
IP_38ec6ad5ab,IN,1,9
IP_38fda735c6,IN,1,18
IP_3904f5fbd3,IN,1,20
IP_392a82d131,IN,1,12
IP_3936bcd4c8,IN,1,9
IP_39438508dd,IN,1,7
IP_394b835ef0,IN,1,10
IP_394cf05338,IN,1,12
IP_395ec2ee24,IN,1,7
IP_3961368a06,IN,1,13
IP_397276c7a6,IN,1,12
IP_3977380d96,IN,1,15
IP_39868fcb6d,IN,1,16
IP_399fa091f1,IN,1,9
IP_39a3d023bd,IN,1,23
IP_39c44c0b2e,IN,1,11
IP_39c774c785,IN,1,17
IP_39d530ea81,IN,1,13
IP_39eefaf58e,IN,1,15
IP_39f359058d,IN,1,16
IP_39fab5aa49,IN,1,8
IP_39febe191e,IN,1,9
IP_3a020f7293,IN,1,9
IP_3a050b7008,GB,1,2
IP_3a06fe32c0,IN,1,18
IP_3a09c80b81,IN,1,20
IP_3a1585e11b,IN,1,12
IP_3a1efc4e48,IN,1,8
IP_3a20e1ddca,IN,1,12
IP_3a29e0985b,IN,1,11
IP_3a2c7513e3,IN,1,10
IP_3a2cbc3a47,IN,1,6
IP_3a2ffbf071,AE,1,1
IP_3a406d9de5,IN,1,10
IP_3a43c3db02,IN,1,13
IP_3a49caad9e,IN,1,13
IP_3a4bf99342,IN,1,11
IP_3a6bf346ed,IN,1,9
IP_3a72b25625,IN,1,4
IP_3a827a5a3a,IN,1,13
IP_3a8a0e0ad8,AE,1,1
IP_3a8dba057f,IN,1,11
IP_3a908b4ff9,AE,1,2
IP_3a94d0f8cf,IN,1,13
IP_3a97606b88,IN,1,16
IP_3aaa7b5c15,IN,1,13
IP_3ab094a411,IN,1,14
IP_3ab2a05a50,IN,1,12
IP_3aba29e699,IN,1,14
IP_3ac477484d,AE,1,1
IP_3ac8f10100,IN,1,11
IP_3ad072ecd8,IN,1,11
IP_3ad449b3d3,IN,1,10
IP_3addf5c113,IN,1,6
IP_3aea300abc,IN,1,13
IP_3af9832c32,IN,1,14
IP_3aff39e04c,IN,1,7
IP_3b0d3b7352,IN,1,8
IP_3b10290f0d,IN,1,10
IP_3b142be880,US,1,1
IP_3b163e0cdf,IN,1,8
IP_3b25271994,IN,1,14
IP_3b324f1bfc,IN,1,12
IP_3b3428f068,IN,1,11
IP_3b40552fc4,IN,1,10
IP_3b478439cb,IN,1,24
IP_3b4b8f8d3b,IN,1,13
IP_3b4c0ffa0c,IN,1,10
IP_3b50050c63,IN,1,11
IP_3b5dd5d7ff,IN,1,6
IP_3b61119161,IN,1,16
IP_3b695d02ba,IN,1,11
IP_3b6a6c7a3e,IN,1,11
IP_3b7856be0c,IN,1,6
IP_3b7e20f6c4,IN,1,14
IP_3b8ca0c190,IN,1,9
IP_3b90adb54f,IN,1,13
IP_3bada51f77,IN,1,12
IP_3bb586bd10,IN,1,16
IP_3bc993db0f,IN,1,11
IP_3bca890962,IN,1,9
IP_3bceba7d67,IN,1,12
IP_3bcff5ed01,IN,1,11
IP_3bd1311c85,IN,1,13
IP_3bdd0a03ca,IN,1,13
IP_3c0a2584bb,IN,1,7
IP_3c1042c4dc,IN,1,8
IP_3c177e322b,IN,1,12
IP_3c1c47cb7e,IN,1,7
IP_3c5c42a414,IN,1,8
IP_3c64ce2bb5,IN,1,15
IP_3c6e3e0ec1,IN,1,16
IP_3c6f00e440,IN,1,15
IP_3c7af18365,IN,1,11
IP_3c7c3f00b7,IN,1,15
IP_3c7f669553,IN,1,9
IP_3c91ac2570,IN,1,8
IP_3ca2f4b27a,IN,1,15
IP_3caeb646ac,GB,1,1
IP_3cb750f42f,IN,1,14
IP_3cbaeff1e7,IN,1,13
IP_3cbdf123c0,GB,1,1
IP_3cc2370e44,IN,1,14
IP_3cc272bde5,IN,1,11
IP_3ccc2bd3ef,IN,1,14
IP_3ccead00fb,IN,1,12
IP_3cd7493ac6,IN,1,10
IP_3cd93cfb1f,IN,1,8
IP_3cd9ea5e42,IN,1,9
IP_3ce801509c,IN,1,10
IP_3cec0c58ad,IN,1,12
IP_3ced1a29d7,IN,1,15
IP_3cf5c9cbba,IN,1,22
IP_3d039256f4,IN,1,14
IP_3d08a26866,IN,1,21
IP_3d0b180746,IN,1,12
IP_3d0de7e240,IN,1,6
IP_3d118647c3,IN,1,16
IP_3d15255033,IN,1,12
IP_3d25ce9a55,IN,1,6
IP_3d27cbeb8c,IN,1,13
IP_3d44db454a,IN,1,8
IP_3d4ace5682,IN,1,14
IP_3d59af0cfe,IN,1,8
IP_3d59fa0bfa,IN,1,10
IP_3d5d21e142,IN,1,9
IP_3d623c1dcc,IN,1,5
IP_3d66bd537f,IN,1,9
IP_3d6703c8af,IN,1,17
IP_3d6d5b01da,IN,1,8
IP_3d727db9c3,IN,1,3
IP_3d734b213d,IN,1,8
IP_3d748fcd7f,IN,1,18
IP_3d876d6a24,IN,1,9
IP_3d87abe72d,IN,1,10
IP_3d91956aa2,IN,1,4
IP_3d963c6272,IN,1,4
IP_3da06e4528,IN,1,23
IP_3daa918511,IN,1,5
IP_3dad3e641d,IN,1,11
IP_3dc172bf72,US,1,2
IP_3dd33c3b88,IN,1,12
IP_3dd3ee1283,IN,1,15
IP_3dd6a7eb9e,IN,1,18
IP_3ddc028df6,IN,1,13
IP_3ddfd2259c,IN,1,13
IP_3de06fbd33,US,1,1
IP_3de9829057,IN,1,9
IP_3de9c3a746,IN,1,12
IP_3df1392ba3,IN,1,7
IP_3df15b2be8,IN,1,7
IP_3df92db271,IN,1,22
IP_3dfd33ad05,IN,1,10
IP_3e0c8d59b2,IN,1,10
IP_3e17d824dd,IN,1,9
IP_3e1a919f3c,IN,1,9
IP_3e30e5d87f,IN,1,12
IP_3e341efef2,IN,1,10
IP_3e35b2ead0,IN,1,13
IP_3e3fef8c5e,IN,1,18
IP_3e5c9c7c47,IN,1,7
IP_3e7182c4b6,IN,1,7
IP_3e7962335f,IN,1,7
IP_3e79703ed7,IN,1,15
IP_3e801c766b,IN,1,10
IP_3e8eee81d6,IN,1,12
IP_3e94feaa5e,IN,1,13
IP_3e9cfdf41a,IN,1,13
IP_3ea0ca0ba9,IN,1,10
IP_3ea1d53511,IN,1,7
IP_3eab7121ad,IN,1,13
IP_3eb1dd02f6,SG,1,3
IP_3eb3385990,IN,1,10
IP_3eb5a3c4bf,IN,1,19
IP_3eb83b9b5e,IN,1,12
IP_3eb8d8f02c,IN,1,10
IP_3eb95712ae,IN,1,10
IP_3ebd8c0270,IN,1,19
IP_3eca825330,IN,1,9
IP_3ecd0e9fe5,IN,1,13
IP_3ece508ec0,IN,1,9
IP_3ecf73147d,IN,1,9
IP_3ed193aa13,US,1,3
IP_3ed92d7340,IN,1,10
IP_3ee6ee0eda,IN,1,12
IP_3ee938fcd5,IN,1,14
IP_3f0318ff39,US,1,1
IP_3f09ecb66f,IN,1,11
IP_3f0ddc60fa,IN,1,8
IP_3f0e6bc355,IN,1,14
IP_3f13171438,IN,1,16
IP_3f15c3614e,IN,1,5
IP_3f19aeabcc,IN,1,17
IP_3f1c38075b,IN,1,13
IP_3f22e8a3fe,IN,1,11
IP_3f33c71039,IN,1,16
IP_3f3d8184bb,IN,1,17
IP_3f3e4c8add,IN,1,11
IP_3f413e1bd1,IN,1,12
IP_3f4521118f,IN,1,7
IP_3f45288c5f,IN,1,13
IP_3f4fc9eeda,IN,1,15
IP_3f5e8e9dca,IN,1,16
IP_3f6127f101,IN,1,14
IP_3f7bbbf017,IN,1,18
IP_3f95da5e22,IN,1,9
IP_3f9cd5a0e3,IN,1,9
IP_3fa1e1ea29,IN,1,15
IP_3fb1c2cf31,IN,1,10
IP_3fb1d23f23,IN,1,9
IP_3fc7dc001c,AE,1,3
IP_3fca166ad0,IN,1,11
IP_3fd2d81de9,IN,1,7
IP_3fd4804581,IN,1,14
IP_3fda656f0a,IN,1,20
IP_3fe69d21bd,IN,1,11
IP_40054ff95f,IN,1,17
IP_4011f2a9c5,IN,1,4
IP_401cf87b41,IN,1,11
IP_4022613e64,IN,1,14
IP_40248408db,IN,1,13
IP_4028cef9d9,IN,1,19
IP_402d761488,IN,1,11
IP_403ab682eb,IN,1,13
IP_403f659644,IN,1,15
IP_4041ed53a8,IN,1,7
IP_404d269e66,IN,1,14
IP_40527c86c3,IN,1,17
IP_4056f3c664,IN,1,7
IP_40597bfcc8,IN,1,10
IP_40631383e0,IN,1,7
IP_406325ff18,IN,1,13
IP_406abdb61e,IN,1,17
IP_406cae0213,IN,1,12
IP_4072cb396c,IN,1,8
IP_407e706b34,IN,1,11
IP_4083f4d325,IN,1,12
IP_40842da1f8,IN,1,20
IP_408c9b2c1b,IN,1,12
IP_408eaf90ab,IN,1,12
IP_40943eabe9,IN,1,5
IP_4097f27f9d,IN,1,17
IP_409e183e12,IN,1,13
IP_409fbc7497,IN,1,11
IP_40b9d036dc,US,1,1
IP_40c04a1d1e,IN,1,13
IP_40d775cf46,IN,1,14
IP_40e2cba677,IN,1,8
IP_40e892d3fc,US,1,3
IP_40e8b22308,IN,1,9
IP_40f78bcc64,IN,1,7
IP_40feb84196,IN,1,11
IP_4105e36282,IN,1,9
IP_410c261446,IN,1,15
IP_410f3aef0c,IN,1,21
IP_4114a4ed34,IN,1,7
IP_411f0046f8,IN,1,9
IP_4128cbe3d1,IN,1,16
IP_4139693fcb,IN,1,12
IP_413c9cc501,IN,1,15
IP_41485e62b8,IN,1,9
IP_41662d9008,IN,1,7
IP_4166fb0b1d,IN,1,9
IP_4167848dc2,IN,1,14
IP_416ade53cd,IN,1,12
IP_416e730b1e,IN,5,14
IP_416fcf071c,IN,1,21
IP_41770caf21,IN,1,8
IP_417cb75acf,IN,1,12
IP_417d238d27,IN,1,8
IP_4186752896,IN,1,14
IP_4189ff68eb,IN,1,7
IP_418c21009c,IN,1,8
IP_41903a5bda,IN,1,7
IP_4193f75644,AE,1,1
IP_4199ea7c53,IN,1,7
IP_419da39492,IN,1,13
IP_41a2ec1504,IN,1,9
IP_41a52da973,IN,1,5
IP_41a547527f,IN,1,13
IP_41a5cb91ad,IN,1,10
IP_41b1d4a9e8,IN,1,7
IP_41ba2fe5b9,US,1,1
IP_41c5a59164,IN,1,8
IP_41cb9696f2,IN,1,7
IP_41cd142d01,IN,1,6
IP_41d320d986,IN,1,9
IP_41d5b6f5f8,IN,1,5
IP_41de0c1242,IN,1,8
IP_41e28aa346,IN,1,11
IP_41f99094a7,IN,1,20
IP_41fd455d41,IN,1,12
IP_4200a74464,IN,1,11
IP_4209fad34b,SG,1,1
IP_421000297e,IN,1,10
IP_4217417c57,IN,1,13
IP_4217d7de0c,IN,1,19
IP_421d547b9c,IN,1,11
IP_4222f07e62,IN,1,9
IP_423010b536,IN,1,12
IP_423736febe,IN,1,13
IP_42388f314e,IN,1,10
IP_423fbc9309,IN,1,14
IP_4241ff2e43,IN,1,14
IP_424b51fec4,IN,1,7
IP_425ec0e2da,IN,1,10
IP_426701b8e6,IN,1,17
IP_42677467f9,IN,1,12
IP_426bdaf765,IN,1,12
IP_4282d85c00,IN,1,7
IP_4284922330,IN,1,8
IP_4288633e02,IN,1,11
IP_42908b4806,IN,1,16
IP_42931e4be7,IN,1,12
IP_42a917a893,IN,1,6
IP_42c4aa4530,IN,1,16
IP_42cb427c3b,IN,1,5
IP_42ce63df85,IN,1,8
IP_42e7321b1a,IN,1,12
IP_42ea52a302,IN,1,14
IP_42ec563b39,IN,1,13
IP_42f07a0337,IN,1,9
IP_42f7bde70f,AE,1,1
IP_42fbc6b2df,IN,1,13
IP_4313deb999,IN,1,17
IP_43163ae7b7,IN,1,9
IP_431b377e4e,IN,1,11
IP_4326fbcf7d,IN,1,15
IP_4335e51c37,IN,1,12
IP_4339fca2e6,IN,1,12
IP_433c799cdf,IN,1,14
IP_433d4365e4,GB,1,3
IP_434cb853e2,IN,1,15
IP_435e7265a5,IN,1,15
IP_435e8d03cf,IN,1,12
IP_4360862f4d,IN,1,10
IP_4363ffdf6c,IN,1,14
IP_4371439860,IN,1,7
IP_437717ff84,IN,1,6
IP_437760eb35,IN,1,12
IP_43813e051a,IN,1,11
IP_43884ddfd4,IN,1,14
IP_4390d97848,IN,1,17
IP_43970afaf7,IN,1,14
IP_439dd014be,IN,1,11
IP_43af2fa3ca,IN,1,10
IP_43af4ac4d8,IN,1,11
IP_43d01a909c,US,1,2
IP_43d035ade5,IN,1,12
IP_43d8f6cf1c,IN,1,17
IP_43e30dccb0,IN,1,15
IP_43e7417849,IN,1,14
IP_43e9c4f226,IN,1,15
IP_43f0f11a59,IN,1,8
IP_440385a268,IN,1,9
IP_4414dacb98,IN,1,16
IP_441e8f589a,IN,1,13
IP_442d4ed128,IN,1,13
IP_443f106063,IN,1,13
IP_4461317d72,IN,1,12
IP_446d91ef61,IN,1,18
IP_4470becbab,IN,1,8
IP_447b6384b8,IN,1,18
IP_447c9ba6bf,IN,1,16
IP_4489c7ba06,IN,1,8
IP_448b20c57c,IN,1,11
IP_448d60ec3e,IN,1,14
IP_448e586e7f,IN,1,9
IP_44945a1d65,IN,1,16
IP_4494fcdeed,IN,1,22
IP_44a8e50819,IN,1,13
IP_44ac906801,IN,1,20
IP_44bc65f918,IN,1,19
IP_44c04f38ab,IN,1,6
IP_44c88685bb,IN,1,9
IP_44d5a044e6,IN,1,15
IP_44dc0c7e28,IN,1,15
IP_44e567aa0a,IN,6,16
IP_44e9757285,IN,1,14
IP_44ea890cba,IN,1,16
IP_44ee150222,IN,1,14
IP_44f6171eff,US,1,1
IP_44fe0d6f7e,IN,1,9
IP_450498e4c6,IN,1,20
IP_4511edd786,IN,1,11
IP_451882ce2f,US,1,1
IP_452284f986,IN,1,19
IP_452301f236,IN,1,11
IP_4538f261d9,IN,1,17
IP_454589960e,IN,1,7
IP_454b6f3e3e,IN,1,12
IP_454dcc7071,IN,1,16
IP_4551fb98e1,IN,1,12
IP_4557d4f4a4,IN,1,9
IP_4564cbffe7,IN,1,6
IP_4565b21f2b,IN,1,13
IP_456af67ebc,IN,1,12
IP_4570d881f2,IN,1,15
IP_457a8a87ca,IN,1,11
IP_457a97b473,IN,1,11
IP_458071a158,IN,1,12
IP_4596037b95,IN,1,11
IP_459dacd98a,IN,1,12
IP_45a15e444a,US,1,3
IP_45af6e2637,AE,1,1
IP_45b482bf50,IN,1,8
IP_45b655ba4d,IN,1,9
IP_45b88f6dee,IN,1,16
IP_45c313c223,US,1,1
IP_45c3b602e0,IN,1,11
IP_45c90b57e0,IN,1,20
IP_45ce2135f1,IN,1,7
IP_45d93891ef,IN,1,13
IP_45dba27888,IN,1,13
IP_45e03d94ee,IN,1,7
IP_45e58c53d3,IN,1,6
IP_46037102e2,IN,1,11
IP_4608275307,IN,1,10
IP_460989f039,IN,1,13
IP_460ebd1e6f,IN,1,7
IP_461f3cab10,IN,1,15
IP_461fb9585a,IN,1,8
IP_462a0b9c1a,IN,1,13
IP_462a4f93fb,IN,1,13
IP_462bcdedd2,IN,1,6
IP_463f66c8d6,IN,1,11
IP_464275c7bf,IN,1,11
IP_464dc94266,IN,1,8
IP_465bf78557,IN,1,15
IP_466025fd52,IN,1,9
IP_4660e35800,IN,1,15
IP_46627f55f3,IN,1,14
IP_46636065e4,IN,1,8
IP_466864d480,IN,1,10
IP_4669a52e06,IN,1,18
IP_466e83946d,IN,1,15
IP_467227ab78,US,1,1
IP_467539ac70,IN,1,12
IP_4677867247,IN,1,11
IP_46795a5232,IN,1,10
IP_46800c0f35,IN,1,15
IP_46811a6cef,IN,1,8
IP_469541a7ec,IN,1,11
IP_46a25b7b3d,IN,1,14
IP_46a903814d,IN,1,10
IP_46ab5c3e05,IN,1,9
IP_46ada84d79,IN,1,9
IP_46bc93f975,IN,1,15
IP_46dd1f4ea9,IN,1,11
IP_46de124f73,IN,1,13
IP_46e1c27759,IN,1,9
IP_46f3832782,IN,1,6
IP_46f39b8f76,IN,1,13
IP_46fc31ad8c,IN,1,15
IP_46ff5ba827,IN,1,18
IP_471bf9ebb0,IN,1,9
IP_471d32fd70,IN,1,12
IP_4731745375,IN,1,10
IP_47356e430f,GB,1,1
IP_4735a84e45,IN,1,9
IP_47515819df,IN,1,13
IP_4761e714bb,IN,1,16
IP_4767d0a916,IN,1,8
IP_4768166712,IN,1,9
IP_477233c026,IN,1,14
IP_4773f66af7,IN,1,11
IP_4781724d60,IN,1,10
IP_47911c39d0,IN,1,10
IP_479283fa33,IN,1,13
IP_4795c4b2b7,IN,1,11
IP_4796e46841,IN,1,7
IP_47b0cd49ba,IN,1,11
IP_47b1d96641,IN,1,13
IP_47bc2c8ed9,IN,1,15
IP_47c36b1615,IN,1,11
IP_47c593d4cc,IN,1,11
IP_47d4532c45,IN,1,12
IP_47d4f3fd09,IN,1,4
IP_47d53cc778,IN,1,7
IP_47e927ef30,IN,1,11
IP_48032a90e2,IN,1,7
IP_480914ac6e,IN,1,12
IP_480ea40f22,IN,1,18
IP_48130f16a3,IN,1,10
IP_481d0bd6f8,IN,1,14
IP_481d5d05b8,GB,1,2
IP_48227c037a,US,1,2
IP_48308edf77,IN,1,13
IP_4830c86847,GB,1,1
IP_4839231b33,IN,1,7
IP_483a82601b,IN,1,14
IP_48492a3478,IN,1,12
IP_484e234db3,IN,1,12
IP_4864657948,IN,1,18
IP_486cacfc26,IN,1,23
IP_4881c85a35,IN,1,17
IP_488a6f0d01,IN,1,16
IP_488b0affd0,IN,1,24
IP_488c6c38c9,IN,1,11
IP_4890b7ba36,IN,1,18
IP_4896bf3d49,IN,1,11
IP_489ba895da,IN,1,8
IP_489fda6ea5,IN,1,11
IP_48a1ffd0f8,IN,1,5
IP_48a8576079,IN,4,14
IP_48b700f4c5,IN,1,9
IP_48c507d45d,IN,1,13
IP_48c7a55942,IN,1,8
IP_48d3ade47e,IN,1,11
IP_48d772c7e1,IN,1,10
IP_48d7d9eeda,IN,1,6
IP_48e62e5571,IN,1,14
IP_48f98241d1,IN,1,12
IP_490541c4eb,IN,1,14
IP_49079077fe,IN,1,12
IP_49100b285a,IN,1,26
IP_49125be14a,IN,1,14
IP_4919997042,IN,1,14
IP_491dd6f56c,IN,1,14
IP_49257826e8,IN,1,7
IP_492625e3e8,IN,1,8
IP_492f2f5b09,IN,1,11
IP_493c750334,IN,1,9
IP_495b1cff9b,IN,1,13
IP_49651b31d9,IN,4,12
IP_49683d88d8,IN,1,21
IP_496bcf11f6,IN,1,8
IP_496d69675e,IN,1,21
IP_497795a60a,IN,1,12
IP_4979862b69,IN,1,17
IP_4987e6cca8,IN,1,12
IP_4998cc3edf,IN,1,9
IP_49b034b973,IN,1,5
IP_49b30f9fa3,IN,1,14
IP_49c78b2b62,IN,1,10
IP_49cd7d92f6,IN,1,14
IP_49dd9e233f,IN,1,5
IP_49ed9a2d4e,IN,1,6
IP_4a1158413f,IN,1,13
IP_4a1334c514,AE,1,1
IP_4a1f57931e,IN,1,14
IP_4a21987726,IN,1,9
IP_4a27310109,IN,1,12
IP_4a3052510b,IN,1,8
IP_4a359de9d2,IN,1,11
IP_4a3976338d,IN,1,13
IP_4a3cf7b13d,AE,1,1
IP_4a3efe3e0a,IN,2,8
IP_4a454ce8d8,IN,1,14
IP_4a463ea4e6,IN,1,12
IP_4a4afbe3c1,IN,1,16
IP_4a4e95c3a1,SG,1,2
IP_4a5821e4b0,IN,1,16
IP_4a589708ef,IN,1,15
IP_4a5d3cee02,IN,1,13
IP_4a5eec1559,IN,1,12
IP_4a73a299f1,IN,1,19
IP_4a7fc42a59,US,1,2
IP_4a827b919f,US,1,1
IP_4a8c27b628,US,1,1
IP_4a92062958,IN,1,9
IP_4aa4669cc8,AE,1,1
IP_4aa67912d2,IN,1,10
IP_4ab2dc1034,IN,1,10
IP_4ab986c34f,IN,1,8
IP_4ab9af97c6,IN,1,9
IP_4ac7b2f347,IN,1,13
IP_4acfbbe698,IN,1,18
IP_4ad30b44ec,IN,1,16
IP_4ada8efe2f,IN,1,15
IP_4ae9c937e7,IN,1,11
IP_4aeaea0209,IN,1,15
IP_4aefc2d916,IN,1,13
IP_4af0e90707,IN,1,12
IP_4af52e5a65,AE,1,3
IP_4af8af8e21,IN,1,13
IP_4aff2b9a7a,IN,1,8
IP_4aff9b2786,IN,1,14
IP_4b0277fe3d,IN,1,13
IP_4b02f15eb2,IN,1,18
IP_4b058f4f7d,IN,1,11
IP_4b0617ac5f,GB,1,1
IP_4b0f2ab4f3,IN,1,9
IP_4b11c9d2f2,IN,1,18
IP_4b14505e44,IN,1,11
IP_4b3478d541,IN,1,18
IP_4b378438ee,IN,1,10
IP_4b3fb8372c,IN,1,12
IP_4b45ef573b,IN,1,7
IP_4b4e41514e,IN,1,13
IP_4b51df1161,IN,1,14
IP_4b5a93baf0,US,1,3
IP_4b5d4fbe73,IN,1,10
IP_4b5d6c2f1f,IN,1,9
IP_4b65473e44,IN,1,17
IP_4b67c12380,IN,1,6
IP_4b6ee48186,IN,1,13
IP_4b701ae3fa,IN,1,9
IP_4b709c717b,IN,1,18
IP_4b727e27cb,IN,1,17
IP_4b797abfef,IN,1,13
IP_4b8b88fa4c,IN,1,13
IP_4b8cf1806b,IN,1,11
IP_4b979663c2,IN,1,16
IP_4b98a24ea5,IN,1,10
IP_4ba1b2e840,IN,1,14
IP_4bb2502a14,IN,1,15
IP_4bbff54c3a,IN,1,7
IP_4bca59c1d6,IN,1,11
IP_4bce04a68e,IN,1,8
IP_4bcf475b44,IN,1,10
IP_4bd510d064,IN,1,8
IP_4be138db44,IN,1,16
IP_4be31a0fd6,IN,1,9
IP_4be79129d2,IN,1,15
IP_4be8076d87,IN,1,9
IP_4be82b17ae,IN,1,11
IP_4beaab672b,IN,1,10
IP_4bfd41ad65,IN,1,15
IP_4c0354791e,IN,1,6
IP_4c113e4354,IN,1,15
IP_4c191ddd0a,IN,1,19
IP_4c195b68db,IN,1,16
IP_4c2116cf97,IN,1,14
IP_4c367132e0,IN,1,17
IP_4c3a5fd721,IN,1,17
IP_4c4290e15f,IN,1,21
IP_4c51026959,IN,1,9
IP_4c516037d0,IN,1,11
IP_4c52314e04,IN,1,15
IP_4c52ab7e96,IN,1,10
IP_4c601b4f24,IN,1,15
IP_4c63a7cfd7,IN,1,13
IP_4c6f84be4d,IN,1,13
IP_4c76c1a41c,IN,1,9
IP_4c8d0b372a,IN,1,13
IP_4c8dfd8542,IN,1,14
IP_4c912fd82a,IN,1,10
IP_4c939f2b48,IN,1,10
IP_4ca53a0d81,IN,1,28
IP_4cba1c3ba5,IN,1,12
IP_4cbacc4c07,IN,1,15
IP_4cbbca6b0c,IN,1,13
IP_4cc548f7e9,IN,1,16
IP_4ccfba0d5e,IN,1,20
IP_4cd5807bae,IN,1,14
IP_4cdb95afb3,IN,1,16
IP_4ce45919e4,IN,1,14
IP_4ce81a66cc,IN,1,10
IP_4cef58cc4c,IN,1,21
IP_4cfa95c0c2,AE,1,1
IP_4d0e33d6c3,IN,1,9
IP_4d1ab1ec84,IN,1,11
IP_4d20c1f50b,IN,1,13
IP_4d2ec74185,IN,1,12
IP_4d3321b811,IN,1,16
IP_4d3b459661,IN,1,9
IP_4d3c76b425,IN,1,11
IP_4d40996fb0,IN,1,9
IP_4d42e3f014,IN,1,9
IP_4d47d046bb,IN,1,15
IP_4d5ed107c0,IN,1,12
IP_4d5f530e48,IN,1,11
IP_4d62341f76,IN,1,14
IP_4d671b2d8a,IN,1,10
IP_4d6b1e3672,IN,1,15
IP_4d6f682b29,IN,1,12
IP_4d7af3d87b,IN,1,11
IP_4d81de619b,IN,1,10
IP_4d88f04830,IN,1,9
IP_4d98522b6d,IN,1,11
IP_4d9921895c,IN,1,14
IP_4dafc60410,IN,1,12
IP_4db294eac6,IN,1,11
IP_4db2b226e5,IN,1,10
IP_4dc0cce023,IN,1,10
IP_4dc10a483d,IN,7,12
IP_4dd7c10db2,IN,1,7
IP_4dd90bb9c1,IN,1,15
IP_4dec296dae,IN,1,9
IP_4e07c3b316,IN,1,10
IP_4e0e4ccfa5,IN,1,11
IP_4e11652ff7,IN,1,14
IP_4e1611679f,IN,1,18
IP_4e1d0a7603,IN,1,14
IP_4e1d7d1eb0,IN,1,22
IP_4e234cb6fa,IN,1,14
IP_4e2486f8ed,IN,1,11
IP_4e29a75c5a,IN,1,9
IP_4e2b8a9aca,IN,1,9
IP_4e3052d34c,IN,1,12
IP_4e35da0cb3,IN,1,21
IP_4e36872148,IN,1,9
IP_4e3971ebd6,IN,1,10
IP_4e3c964ad6,IN,1,9
IP_4e40a36eee,IN,1,14
IP_4e4509e1b7,IN,1,11
IP_4e4e9db0ae,IN,1,11
IP_4e54546782,IN,1,11
IP_4e573775c0,IN,1,8
IP_4e63b5ab45,IN,1,19
IP_4e6f2ae2db,IN,1,11
IP_4e7bb9a76b,IN,1,8
IP_4e7c39e227,IN,1,7
IP_4e7d412976,IN,1,7
IP_4e7d5bbfc4,IN,1,10
IP_4e85ca354c,IN,1,15
IP_4ea30022db,IN,1,7
IP_4ea9a35f96,IN,1,12
IP_4ea9c7d33e,IN,1,11
IP_4eaf6f8ef4,GB,1,1
IP_4eb163a8b1,IN,1,11
IP_4eb27d25d4,GB,1,1
IP_4ebc67ba0c,IN,1,15
IP_4ec00c96ab,IN,1,14
IP_4ec63e6e41,IN,1,10
IP_4ec86e4694,IN,1,7
IP_4ec96fcd4f,IN,1,9
IP_4ed1938482,IN,1,11
IP_4ede6cba8e,IN,1,9
IP_4ef1796439,IN,1,8
IP_4ef2ad70e2,IN,1,21
IP_4ef34e29d5,IN,1,8
IP_4ef469a836,IN,1,7
IP_4efd812f7d,IN,1,21
IP_4f04a177d3,IN,1,13
IP_4f11d76226,IN,1,17
IP_4f176d8133,IN,1,14
IP_4f1fcbc896,IN,1,11
IP_4f21d771e4,IN,1,11
IP_4f24bb0ba4,IN,1,9
IP_4f2ad8b0d8,IN,1,17
IP_4f3f3d0ff7,IN,1,7
IP_4f56b67085,IN,1,13
IP_4f5a2c824b,IN,1,7
IP_4f6f02f947,IN,1,6
IP_4f786a1a41,IN,1,14
IP_4f7c82337f,IN,1,11
IP_4f7d0664aa,IN,1,6
IP_4f80125d80,IN,1,13
IP_4f86b7a777,IN,1,10
IP_4f8fdd71e6,IN,1,13
IP_4f92e27b37,IN,1,12
IP_4f994080d0,IN,1,15
IP_4f9e11be63,IN,1,10
IP_4f9ed0df97,IN,1,5
IP_4fad94d279,IN,1,15
IP_4fbb8bdbd4,IN,1,9
IP_4fbc3d6610,IN,1,13
IP_4fc2ff3845,IN,1,19
IP_4fd8975a21,IN,1,12
IP_4fdedfbf8c,IN,1,13
IP_4fe5b74683,IN,1,12
IP_4febe25c38,IN,1,16
IP_4ff55f1e19,IN,1,20
IP_4ff6ba3129,IN,1,9
IP_4ffb4657f9,IN,1,9
IP_50038de1e1,IN,1,10
IP_500c9a274b,IN,1,14
IP_5010bade67,IN,1,8
IP_501ca715d6,IN,1,15
IP_5020a6b10e,IN,1,30
IP_502b2267a8,IN,1,11
IP_5031b46696,IN,1,20
IP_5032176060,IN,1,7
IP_503d81bd5a,IN,1,12
IP_5040abb6bd,IN,1,11
IP_5041c8984a,IN,1,10
IP_504b5502a4,IN,1,9
IP_5051de64aa,IN,1,13
IP_5052245e12,GB,1,3
IP_505f80d5ff,IN,1,11
IP_505ff08349,IN,1,15
IP_5063437471,IN,1,13
IP_50735e3dfe,IN,1,18
IP_508572bff2,IN,1,9
IP_50a6eb1b03,IN,1,17
IP_50aa79e764,IN,1,6
IP_50aca1ff9e,IN,1,6
IP_50bddc8e6c,IN,1,11
IP_50cfc76c81,IN,1,8
IP_50ef5b04fa,IN,1,13
IP_5100ae3041,IN,1,14
IP_510c4d5e75,IN,1,8
IP_511410f30a,IN,1,6
IP_5115064011,IN,1,6
IP_5125d8b62a,IN,1,13
IP_5126dcacac,IN,1,11
IP_51290baecd,IN,1,9
IP_51299aeb23,IN,1,14
IP_512f220f6a,IN,1,15
IP_512ff2350c,IN,1,6
IP_51351713f6,IN,1,15
IP_5137aa24b4,IN,1,10
IP_5145fcc402,IN,1,9
IP_514e7f4c70,IN,1,7
IP_515ea88f4a,IN,1,16
IP_515ebdf901,AE,1,1
IP_51619b97ba,IN,1,12
IP_5163941ca3,IN,1,13
IP_516661ad1b,IN,1,10
IP_516a191877,IN,1,12
IP_516fdcd835,IN,1,11
IP_5171a7df85,IN,1,9
IP_517f018388,IN,1,13
IP_51871e79e4,IN,1,15
IP_519331cf69,IN,1,12
IP_5194a31551,IN,1,12
IP_519c6ddaa0,IN,1,10
IP_51a2e108e6,IN,1,12
IP_51a466d950,IN,1,9
IP_51a8aed347,IN,1,12
IP_51b61a6e49,IN,1,9
IP_51b6c482ed,IN,1,16
IP_51b8ea55cc,IN,1,14
IP_51ba92c218,IN,1,9
IP_51ca66ca2c,IN,1,13
IP_51d285abf2,AE,1,1
IP_51d76bb002,IN,1,11
IP_51e40a39e9,IN,1,12
IP_51e74fa32d,SG,1,2
IP_51f8605a9c,IN,1,9
IP_51ff19eb7a,IN,1,12
IP_520054725f,IN,1,7
IP_5205bc81df,IN,1,11
IP_520e7417f6,IN,1,11
IP_521088a767,IN,1,9
IP_5215fc3e2b,IN,1,10
IP_521f36788d,IN,1,8
IP_5221b3ddfe,IN,1,8
IP_522de92f4d,IN,1,15
IP_523320909d,IN,1,16
IP_523b748eac,IN,1,17
IP_525cdc1a69,IN,1,16
IP_525e39bed1,IN,1,9
IP_5263501cb9,IN,1,20
IP_52709de0f2,IN,1,6
IP_5276b66db0,SG,1,1
IP_528880ef64,IN,1,9
IP_5295702878,IN,1,13
IP_5297c9ff24,IN,1,10
IP_529b005276,IN,1,20
IP_52ad8d780d,IN,1,9
IP_52ada7673a,IN,1,15
IP_52b17fcb97,IN,1,9
IP_52bc0851b8,IN,1,14
IP_52c53f1501,IN,1,8
IP_52cae504c0,IN,1,13
IP_52cb5032db,IN,1,11
IP_52cb777615,IN,1,9
IP_52cf3afff8,IN,1,15
IP_52eab708ae,IN,1,28
IP_52f68567c6,IN,1,12
IP_52f6b28dfa,IN,1,10
IP_52fc636917,IN,1,12
IP_52fe5c0f97,IN,1,8
IP_5303f69a3b,IN,1,14
IP_530e0b839c,IN,1,15
IP_5311520b72,IN,1,13
IP_531331bd87,IN,1,7
IP_53176eb0eb,IN,1,11
IP_532b4a1ee3,IN,1,9
IP_533605e8be,IN,1,9
IP_534aa4a433,IN,1,9
IP_534aff0881,SG,1,3
IP_534bceefe0,IN,1,8
IP_534d2bfd5e,IN,1,7
IP_535d2179db,IN,1,14
IP_5361c86ae4,IN,1,18
IP_5369e18db3,SG,1,1
IP_536b1f99f3,IN,1,11
IP_536feee43b,IN,1,12
IP_537b42cc46,IN,1,13
IP_537e499bda,IN,1,10
IP_537fb59e1c,IN,1,12
IP_538a15e3ef,IN,1,9
IP_5392cd499c,IN,1,14
IP_5395c01edd,IN,1,11
IP_53990fa4b6,IN,1,13
IP_53a109ca59,IN,1,17
IP_53b5a45350,IN,1,11
IP_53e21e24df,IN,1,6
IP_53ecadaf68,IN,1,8
IP_53f018dfaf,IN,1,4
IP_53f0afa293,IN,1,13
IP_53fbb684fd,IN,1,6
IP_54045460ab,AE,1,1
IP_540cece9a4,SG,1,1
IP_54175c4475,IN,1,12
IP_5439480a0c,IN,1,15
IP_543f53fed9,IN,1,7
IP_54446b0272,IN,1,11
IP_54561778f2,IN,5,14
IP_545aa5ab63,IN,1,9
IP_545ffb91b3,GB,1,1
IP_546da25ba7,IN,1,8
IP_5470f993e8,IN,1,13
IP_5475c6daf4,IN,1,17
IP_54765ac213,IN,1,12
IP_548578249a,IN,1,8
IP_5487b8f93d,IN,1,14
IP_549939c244,IN,1,15
IP_54a6adf3ec,IN,1,9
IP_54b12d712a,IN,1,16
IP_54c7051080,IN,1,16
IP_54ced97980,IN,1,10
IP_54d515ea04,IN,1,10
IP_54da3e60b4,IN,1,8
IP_54e848d170,IN,1,8
IP_54ed00a76a,IN,1,12
IP_54f911f759,AE,1,1
IP_54fef00bbf,IN,1,18
IP_5504b2b6c3,IN,1,12
IP_5506185a85,IN,1,8
IP_550dc8af67,IN,1,13
IP_550df82ae7,IN,1,9
IP_55154c8bd4,IN,1,14
IP_5518c54fad,IN,1,11
IP_551b5ac05d,IN,1,10
IP_5521797167,IN,1,9
IP_55265b8f6e,IN,1,26
IP_5526e27ef3,IN,1,20
IP_552f372b55,US,1,1
IP_552fb034cf,IN,1,11
IP_553bcde425,IN,1,14
IP_554676fd7a,IN,1,13
IP_55495a0bec,IN,1,10
IP_5556b55f8d,IN,1,11
IP_5559694402,IN,1,16
IP_557949d5da,IN,1,12
IP_557b18a2c5,IN,1,19
IP_5585f3b17e,IN,1,6
IP_55884f8c31,IN,1,15
IP_558c5057bf,IN,1,4
IP_558dacaa6a,IN,1,11
IP_5592e671b9,IN,1,7
IP_55a1187315,IN,1,16
IP_55ab19b3d7,IN,1,17
IP_55c0075857,AE,1,3
IP_55c66146fd,IN,1,11
IP_55dd98a2df,IN,1,18
IP_55e189228b,IN,1,7
IP_55e3cf8ceb,IN,1,9
IP_55e5b1fd22,IN,1,6
IP_55ea3dd10a,IN,1,6
IP_560ac5404e,IN,1,10
IP_560c935c63,IN,1,13
IP_560fa61ff1,IN,1,9
IP_5611a4655e,IN,1,7
IP_561d05db25,IN,1,14
IP_563709e4ad,IN,1,9
IP_564e96e281,IN,1,19
IP_5653e7539e,IN,1,8
IP_5656c05cdb,IN,1,10
IP_566e36c79a,IN,1,12
IP_567bde686b,IN,1,9
IP_5680058956,IN,1,8
IP_56920efc69,IN,1,17
IP_56927afeb7,IN,1,15
IP_569b25f943,IN,1,12
IP_56a8ef2a1a,IN,1,13
IP_56b740ef09,IN,1,14
IP_56bf1f46d5,IN,1,12
IP_56c4a10522,IN,1,14
IP_56c7162795,SG,1,2
IP_56c7a27e56,IN,1,15
IP_56c928401a,IN,1,11
IP_56d5e1bafb,IN,1,13
IP_56d9676d4b,IN,1,7
IP_56e2a80428,IN,1,16
IP_56ecda6596,IN,1,9
IP_56eedd6b5a,IN,1,11
IP_56f029a5bd,IN,1,13
IP_56f0cc474e,IN,2,7
IP_56f5ce52b0,IN,1,13
IP_56fbd28c80,IN,1,15
IP_56fd580242,IN,1,10
IP_5706855996,IN,1,24
IP_570cb795a2,IN,1,10
IP_5715929a51,IN,1,8
IP_5719c8050b,IN,1,10
IP_572aca73f5,IN,1,10
IP_5730c73530,IN,1,14
IP_5740a1065b,IN,1,7
IP_575b08569a,US,1,2
IP_575e90a2f6,IN,1,11
IP_5761645aa6,IN,1,8
IP_5761ca0ae1,IN,1,11
IP_576f74ad37,IN,1,14
IP_577c994c4e,IN,1,16
IP_577e7099d5,IN,1,13
IP_577fe4a17a,IN,1,10
IP_57811ceae9,IN,1,12
IP_578a7d99dd,IN,1,13
IP_57ab6cbb64,IN,1,7
IP_57adf18bb1,AE,1,1
IP_57c766481d,IN,1,14
IP_57cc81324e,US,1,1
IP_57e046fe3d,IN,1,9
IP_57e20c35b0,IN,1,16
IP_57ed587ebc,IN,1,16
IP_57ef8fb053,IN,1,13
IP_57ef92fd88,IN,1,13
IP_57f0049785,IN,1,7
IP_580059ff9e,IN,1,12
IP_580a8e2c09,IN,1,8
IP_58108cc4ab,IN,1,10
IP_5815b4d081,IN,1,12
IP_581980ae40,IN,1,9
IP_581dc778a4,IN,1,10
IP_581ec9032e,IN,1,14
IP_582e01e7e4,IN,1,14
IP_582ef39d5e,IN,1,25
IP_5847b403d8,IN,1,12
IP_584c834981,AE,1,2
IP_58542f618c,IN,1,10
IP_5854899279,IN,1,18
IP_585ce83e7d,IN,1,9
IP_5868b0b8cd,IN,1,16
IP_5868bd410e,US,1,2
IP_58875e13da,IN,1,3
IP_5888ff5618,IN,1,8
IP_588d699545,IN,1,17
IP_589c866454,IN,1,9
IP_589e2e793e,IN,1,10
IP_58a40271fe,GB,1,3
IP_58b916f32a,IN,1,13
IP_58bab1e4a5,IN,1,15
IP_58bd9fa9a8,IN,1,15
IP_58be9dc089,IN,1,11
IP_58c17037f0,IN,1,13
IP_58c4f69c07,IN,1,13
IP_58cd1fef61,IN,1,13
IP_58d10a0790,IN,1,11
IP_58d99fedae,IN,1,18
IP_58e6b36aff,IN,1,12
IP_58e87d1c80,IN,1,14
IP_58ed84c7c9,IN,1,17
IP_58f181905c,IN,1,15
IP_59065332db,IN,1,22
IP_5906617320,IN,1,5
IP_59084e5dad,IN,1,12
IP_59099f0ca0,IN,1,8
IP_590d969982,IN,1,10
IP_590f0692ea,IN,1,14
IP_5921497735,IN,1,23
IP_59485b9b55,IN,1,13
IP_594db971eb,IN,1,14
IP_59676cf328,IN,1,13
IP_596f7aea35,IN,1,15
IP_5973c71940,IN,1,14
IP_5974e2edef,IN,1,9
IP_5975496cad,IN,1,18
IP_597804558e,IN,1,7
IP_597863c21f,IN,1,14
IP_59907459cd,IN,1,21
IP_599b1d4b2f,IN,1,10
IP_59a0d6a694,IN,1,11
IP_59a1af4189,IN,1,8
IP_59b38815e8,IN,1,12
IP_59b707ddb1,IN,1,11
IP_59b77082f9,IN,1,11
IP_59b94b4259,IN,1,8
IP_59be99a5cc,IN,1,12
IP_59c0c694ce,IN,1,12
IP_59c403f7c5,IN,1,10
IP_59cadfe736,IN,1,13
IP_59cb7d77d1,IN,1,8
IP_59d58c2196,IN,1,17
IP_59d7494384,IN,1,10
IP_59e2688d51,IN,1,7
IP_59e77144a3,IN,1,11
IP_59e8c75876,IN,1,9
IP_59ebf7e8e7,IN,1,16
IP_59ec323a94,IN,1,8
IP_59f4ae1d31,IN,1,16
IP_5a01c9a71f,IN,1,12
IP_5a0430f9e8,IN,1,17
IP_5a0db52e0e,IN,1,8
IP_5a11973a6c,IN,1,12
IP_5a156f3724,IN,1,10
IP_5a32760dfe,IN,1,11
IP_5a3953f647,IN,1,8
IP_5a46fe9206,IN,1,10
IP_5a4ad6f510,IN,1,10
IP_5a55647973,IN,1,10
IP_5a5db47561,IN,1,12
IP_5a69c2eb9e,IN,1,10
IP_5a6d1b7937,IN,1,20
IP_5a80c23fb6,IN,1,8
IP_5a8106d1dd,IN,1,16
IP_5a86d849a3,IN,1,1
IP_5a97000447,IN,1,8
IP_5a97550676,IN,1,10
IP_5a9c9efa9c,IN,1,8
IP_5a9ca67526,IN,1,9
IP_5ab601243f,IN,1,16
IP_5ad1adf2da,IN,1,6
IP_5ad6a9c6e9,IN,1,10
IP_5ad8bd0899,IN,1,21
IP_5adab7644e,US,1,1
IP_5ae9dd1b87,IN,1,8
IP_5aea59f91f,IN,1,17
IP_5af764df25,IN,1,13
IP_5afe6bc2cf,IN,1,12
IP_5b029c9885,IN,1,20
IP_5b0d72ad6f,IN,1,15
IP_5b0fe08d9d,IN,1,9
IP_5b17bf2b2d,IN,4,7
IP_5b1b02da11,IN,1,13
IP_5b20fd8959,IN,1,13
IP_5b228645f0,IN,1,17
IP_5b253ef282,IN,1,14
IP_5b293ac4f0,IN,1,15
IP_5b30715d22,IN,1,9
IP_5b39dcc851,IN,1,14
IP_5b3bb66e60,IN,1,14
IP_5b46ecfc6c,IN,1,15
IP_5b487e728a,IN,1,15
IP_5b4eedf3e5,SG,1,1
IP_5b529a2c75,IN,1,12
IP_5b59fc6934,IN,1,16
IP_5b5a520afe,IN,1,13
IP_5b60e99a62,IN,1,3
IP_5b663a41b0,US,1,2
IP_5b6a1fe9a5,IN,1,7
IP_5b70f89d95,IN,1,3
IP_5b71f79c1d,IN,1,10
IP_5b75e3ac4e,IN,1,13
IP_5b7a2885c2,IN,1,13
IP_5b86a31739,IN,1,15
IP_5b8e723ba2,IN,1,7
IP_5b95b630f0,IN,1,10
IP_5b95d88633,IN,1,14
IP_5ba2daa2ea,IN,1,11
IP_5ba77cacba,IN,1,24
IP_5ba9313f8e,IN,1,9
IP_5babc4623f,IN,1,4
IP_5bb892aaa0,IN,1,15
IP_5bbe6bfe72,IN,1,14
IP_5bcd5fb50e,IN,1,12
IP_5bd7f0330e,IN,1,9
IP_5bddb63b64,IN,1,15
IP_5be776b490,IN,1,9
IP_5bfb2f96d3,IN,1,11
IP_5c0a7ad676,IN,1,8
IP_5c191daa92,IN,1,15
IP_5c1af17bbd,IN,1,15
IP_5c237e3845,IN,1,21
IP_5c286fbe46,IN,1,14
IP_5c307b23f5,IN,1,13
IP_5c3e9d1eea,IN,1,7
IP_5c5008b3b6,IN,1,10
IP_5c56176408,IN,1,11
IP_5c5a311093,IN,1,10
IP_5c5ae60d7a,IN,1,17
IP_5c63afa147,US,1,1
IP_5c72bc70d5,IN,1,13
IP_5c7db8e343,IN,1,11
IP_5c921df06e,IN,1,13
IP_5c96367d43,IN,1,13
IP_5c9d8c695b,IN,1,17
IP_5ca0781447,SG,1,1
IP_5cb19a3bcb,IN,1,10
IP_5cb28c07fd,IN,1,9
IP_5cb2a5a52a,AE,1,1
IP_5cb75dda22,IN,1,16
IP_5cc243c31b,IN,1,8
IP_5cc49eed72,IN,1,10
IP_5cc64eedab,IN,1,14
IP_5cd0ed9e57,IN,1,10
IP_5cd85619be,SG,1,1
IP_5cdc2defa9,IN,1,10
IP_5ce973f511,IN,1,8
IP_5cecb3368a,IN,1,8
IP_5cfddcd4af,IN,1,14
IP_5d00a2d902,US,1,1
IP_5d01ad39d9,IN,1,14
IP_5d0c678c41,IN,1,9
IP_5d1380c66a,IN,1,8
IP_5d166630b2,IN,1,13
IP_5d18af3b92,IN,1,13
IP_5d1cafe158,IN,1,8
IP_5d261dcd14,IN,1,13
IP_5d2952d3fa,IN,1,8
IP_5d31e031cc,IN,1,14
IP_5d34511f2c,IN,1,20
IP_5d37a24692,SG,1,1
IP_5d38466ba2,IN,1,11
IP_5d40da479e,IN,1,12
IP_5d40eceff6,IN,1,14
IP_5d4d27026d,IN,1,11
IP_5d4d9837d5,IN,1,12
IP_5d595e9f7f,IN,1,9
IP_5d709c4784,IN,1,15
IP_5d7c132da1,IN,1,15
IP_5d82aa0cc2,IN,1,8
IP_5d8a8dce6e,IN,1,15
IP_5d9b1530b7,IN,1,25
IP_5d9d40947a,IN,1,12
IP_5da0145ca9,IN,1,13
IP_5da0a758a1,IN,1,11
IP_5da8aaeaaf,IN,1,7
IP_5dacc684eb,SG,1,2
IP_5dadd88aa4,IN,1,8
IP_5dbf77b48a,IN,1,13
IP_5dca4b4dd1,IN,1,6
IP_5dcae3d3cc,IN,1,12
IP_5ddc9e2abb,IN,1,16
IP_5df0f1ce3e,IN,5,11
IP_5dfb8faaba,IN,1,8
IP_5dfe5a196b,IN,1,11
IP_5e02f80b2c,IN,1,14
IP_5e0c18a1dd,IN,1,7
IP_5e0fde3726,GB,1,2
IP_5e12a89eaa,IN,1,15
IP_5e134da0f0,IN,1,5
IP_5e1b38a488,IN,1,10
IP_5e20aee111,IN,1,12
IP_5e2e0a23be,IN,1,14
IP_5e3094147a,IN,1,8
IP_5e32a3a3b2,IN,1,8
IP_5e3ce092a7,IN,1,9
IP_5e3e3c8dc9,IN,1,8
IP_5e3f01d412,IN,1,12
IP_5e403de29c,IN,1,10
IP_5e41c372fb,IN,1,13
IP_5e45af10f1,IN,1,9
IP_5e4da099fe,IN,1,11
IP_5e4f1c2c13,IN,1,10
IP_5e4f899f17,IN,1,11
IP_5e56e4191e,IN,1,11
IP_5e6a8f68d3,SG,1,2
IP_5e6d56cc35,IN,1,18
IP_5e6d5babe1,IN,1,15
IP_5e834f0db4,IN,1,13
IP_5e87f0b9ce,IN,1,15
IP_5e8af0962d,IN,1,10
IP_5e9335bb0b,IN,1,14
IP_5e93414147,IN,4,9
IP_5e93a1be45,IN,1,11
IP_5e959ecba5,IN,1,11
IP_5e9a64ba4b,IN,1,14
IP_5e9aa42934,AE,1,3
IP_5eafb98a04,IN,1,7
IP_5eb0abd8f4,IN,1,14
IP_5ebe35da8e,IN,1,12
IP_5ec5524511,IN,1,17
IP_5ed574792e,IN,1,10
IP_5ed8eb7b01,IN,1,6
IP_5edd3d4b2b,IN,1,15
IP_5ede63c728,IN,1,8
IP_5edff9c4c6,IN,1,12
IP_5ee13fadc2,IN,1,8
IP_5ee36c4d6e,IN,1,19
IP_5ee438356d,IN,1,12
IP_5eefb949c8,IN,1,14
IP_5efb21b0c0,IN,1,13
IP_5eff4ad91b,IN,1,16
IP_5f107c88a1,IN,1,15
IP_5f2993528e,IN,1,15
IP_5f3f6bbfba,IN,1,10
IP_5f43139970,IN,1,12
IP_5f45c6dbfb,IN,1,10
IP_5f4a761312,IN,1,10
IP_5f4b8e9d03,IN,1,11
IP_5f532c5ea8,IN,1,9
IP_5f5d16e806,IN,1,9
IP_5f6b36ca78,SG,1,2
IP_5f7c747068,IN,1,12
IP_5f82369172,AE,1,3
IP_5f903959d6,IN,1,14
IP_5f9310af84,IN,1,6
IP_5f94487a37,IN,1,8
IP_5f978d4aaf,IN,1,10
IP_5f9847237f,IN,1,8
IP_5f9b8734d3,SG,1,1
IP_5f9d9230e4,IN,1,8
IP_5fa2a2ffe0,IN,1,10
IP_5fa47e7c37,IN,1,14
IP_5faf53e062,IN,1,8
IP_5fb07efa47,IN,1,9
IP_5fb0bc168a,IN,1,22
IP_5fb82c9699,GB,1,1
IP_5fbf0549b3,IN,1,17
IP_5fbf46353a,IN,1,11
IP_5fcf928529,IN,1,19
IP_5fd08c45df,IN,1,21
IP_5fd6814a65,AE,1,2
IP_5fdc03f7e0,IN,1,33
IP_5fe4d97eef,GB,1,1
IP_5fed8c0a1d,IN,1,10
IP_5ff093427a,IN,1,15
IP_5ff2c9ee20,IN,1,17
IP_6005253e30,IN,1,13
IP_6018dd5548,IN,1,15
IP_601a11d83d,IN,1,10
IP_601e9993a7,IN,1,11
IP_604235da15,IN,1,10
IP_6046b73920,IN,1,17
IP_604b548dc1,IN,1,12
IP_60584d803f,IN,1,12
IP_60620891b9,IN,1,11
IP_606bfeec81,IN,1,6
IP_606ee9aba4,IN,1,11
IP_6077a1bd19,IN,1,14
IP_6089896c01,IN,1,13
IP_6091289a4b,IN,1,22
IP_609893d8c3,IN,1,11
IP_609900b196,IN,1,7
IP_60a0a62a40,IN,1,18
IP_60a5df87a6,IN,1,5
IP_60aa051329,IN,1,5
IP_60b182122a,IN,1,11
IP_60b86ab511,IN,1,9
IP_60baea2c6d,IN,1,14
IP_60c2205d73,IN,1,14
IP_60c42f6639,IN,1,9
IP_60c83b60e6,IN,1,7
IP_60cec4bb95,IN,1,5
IP_60d279ea5f,IN,1,10
IP_60d5547fec,IN,1,7
IP_60de2157ca,IN,1,21
IP_60edfdc3b5,IN,1,10
IP_60fd49357e,IN,1,15
IP_6100a07e96,IN,1,12
IP_610102e193,IN,1,9
IP_6104bec06c,IN,1,8
IP_610d813e81,IN,1,17
IP_6111be843a,IN,1,7
IP_6121198fa7,IN,1,10
IP_612ad53360,IN,1,20
IP_613275e0cd,IN,1,12
IP_61362e913d,IN,1,11
IP_6138ea2f47,IN,1,10
IP_614549c888,IN,1,5
IP_6146ec81b7,IN,1,15
IP_614d8361c2,IN,1,14
IP_614e94e80b,IN,1,14
IP_6158a2bef6,IN,1,11
IP_615a2eb448,IN,1,11
IP_616bbb3c1b,IN,1,9
IP_6180d04482,IN,1,25
IP_61851f86a5,IN,1,16
IP_618f445131,IN,1,6
IP_61a9885e9a,IN,1,18
IP_61ad04dcd5,IN,1,16
IP_61b30cab76,SG,1,1
IP_61c86dbd27,IN,1,16
IP_61c9aa6c6b,IN,1,12
IP_61ccc0fc91,SG,1,1
IP_61ce24abbc,IN,1,8
IP_61d4ce31a0,AE,1,1
IP_61e3bea068,IN,4,9
IP_61ea7d9971,IN,1,12
IP_61ecc349d1,IN,1,12
IP_61ed19b01a,IN,1,28
IP_61f619370d,IN,1,16
IP_61f75386a2,IN,6,9
IP_61f7f5c06e,IN,1,11
IP_61f99f84f2,IN,1,14
IP_61f9fb65bc,IN,1,8
IP_61f9fd13a9,IN,1,13
IP_61fa7130d7,IN,1,12
IP_61fb8969ca,IN,1,9
IP_61ffbd250a,IN,1,13
IP_62054043ba,IN,1,8
IP_6205a20102,IN,1,12
IP_62194d5474,IN,1,9
IP_621bbbc138,IN,1,11
IP_6227fe0bc6,IN,1,10
IP_6228554a45,IN,1,7
IP_6228e7ba40,IN,1,10
IP_622bd394d3,IN,1,16
IP_6235a98fa9,IN,1,18
IP_6241c4dfd6,IN,1,12
IP_6244c9516c,IN,1,14
IP_6245d8d598,IN,1,11
IP_6246ef705b,IN,1,11
IP_6251b07d24,IN,1,10
IP_62528f5908,IN,1,14
IP_6258c2fcf5,IN,1,13
IP_625d4c74c7,IN,1,14
IP_625e0fdd9d,IN,1,10
IP_625fa0f89f,IN,1,13
IP_6262c7dac7,IN,1,9
IP_626b22f6c8,IN,1,18
IP_626c62e391,IN,1,14
IP_6275ebdfaa,IN,1,11
IP_6278036875,IN,1,12
IP_62791752d0,IN,1,6
IP_628c3a82be,IN,1,16
IP_628ce2077e,IN,1,10
IP_6291a2d6c3,IN,1,10
IP_62b0087ef3,IN,1,11
IP_62b15f4b79,IN,1,13
IP_62b18b2422,IN,1,22
IP_62b3d2f288,IN,1,8
IP_62b98eaf5e,IN,1,12
IP_62babc56ce,IN,1,9
IP_62c810dcad,IN,1,13
IP_62de76685d,IN,1,8
IP_62e113c21b,IN,1,8
IP_62f09ddde0,IN,1,12
IP_62f72846b8,IN,1,10
IP_62f9627aae,IN,1,18
IP_62fa89d9b2,IN,1,9
IP_62fc73d937,IN,1,18
IP_631c9510c6,IN,1,7
IP_6327f2ab31,IN,1,16
IP_6328a47035,IN,1,11
IP_63337c4d5e,IN,1,11
IP_63362c8ec6,AE,1,3
IP_63499c0da2,IN,1,14
IP_634d73be6d,IN,1,10
IP_634d9e58d9,IN,1,11
IP_634fef01be,IN,1,13
IP_63557b27e9,IN,1,8
IP_6356adf9c0,IN,1,11
IP_635d475958,IN,1,12
IP_635e189861,IN,1,9
IP_636f847b94,IN,1,14
IP_636f8c2e22,IN,1,9
IP_63701447e3,IN,1,12
IP_63775e8e01,IN,1,12
IP_637eb5ccd6,IN,1,11
IP_637fe1bde9,IN,1,9
IP_6383eca926,IN,1,12
IP_638dd807d7,IN,1,15
IP_639abccb37,IN,1,17
IP_639b202b00,IN,1,10
IP_63bf7a701e,GB,1,3
IP_63c281613a,IN,1,13
IP_63c9627b0d,IN,1,11
IP_63cbab0b57,IN,1,14
IP_63ccab9306,IN,1,8
IP_63d0e6aacd,IN,1,8
IP_63d3c0e2af,IN,1,14
IP_63d6c5c30e,IN,1,10
IP_63d955ae60,IN,1,15
IP_63ea239808,IN,1,17
IP_63ee13d9e2,IN,1,8
IP_63eedaad8e,IN,1,10
IP_63f30ebeee,IN,1,12
IP_641259ed53,IN,1,29
IP_64185fb785,IN,1,8
IP_64272f8109,IN,1,15
IP_6430b7baec,IN,1,12
IP_6434bf8afb,IN,1,12
IP_6434ebbaf5,IN,1,5
IP_643aeef1a5,IN,1,10
IP_64445a609a,IN,1,10
IP_644dd9607f,IN,1,6
IP_646b9a80fe,IN,1,22
IP_647e843dd6,IN,1,10
IP_6480d00423,IN,1,11
IP_648132d554,IN,1,16
IP_6488dcc34b,SG,1,2
IP_648af45d73,IN,1,13
IP_649d1decc6,IN,1,7
IP_649dec72b3,IN,1,12
IP_649ee9f067,IN,1,13
IP_64a0081aba,IN,1,22
IP_64a76c7702,IN,1,10
IP_64b96585a3,IN,1,18
IP_64bb833953,IN,1,16
IP_64beb822ef,IN,1,12
IP_64c882a773,IN,1,5
IP_64ca35f52e,IN,1,10
IP_64cdd39858,IN,1,10
IP_64ce0bbf63,IN,1,11
IP_64d3f3f57f,IN,1,7
IP_64ecc11345,IN,1,7
IP_64f5826465,IN,1,9
IP_64f617bf4a,IN,1,12
IP_64f78c333e,IN,1,7
IP_64f7cd0b61,IN,1,16
IP_64fc728db9,IN,1,17
IP_6511875f1a,IN,1,12
IP_6517673004,IN,1,10
IP_65194ecb00,IN,1,12
IP_651956d02b,IN,1,8
IP_6522a30775,IN,1,12
IP_6529727e25,IN,1,9
IP_652d89cac9,IN,1,9
IP_6537f6ce6d,IN,1,19
IP_653f8c134c,IN,1,15
IP_65427475e7,IN,1,7
IP_6550bc3773,IN,1,13
IP_655721eb88,IN,1,19
IP_655ed7a1f8,IN,1,12
IP_656a2094b1,IN,1,6
IP_6575857052,IN,1,13
IP_65809a50f3,IN,1,13
IP_658f670cf1,IN,1,7
IP_658f8f0738,IN,1,15
IP_6593538ba4,IN,1,8
IP_65b4c3a8ce,IN,1,11
IP_65c89fce13,IN,1,10
IP_65ccf19fb0,IN,1,9
IP_65d51bd1ee,IN,1,11
IP_65da00cb5b,IN,1,24
IP_65dd090656,SG,1,1
IP_65eaca3f55,IN,1,16
IP_65f749e595,IN,1,7
IP_65fd9026da,IN,1,9
IP_66062d22dd,IN,1,11
IP_660bab9db4,IN,1,30
IP_660c904edd,IN,1,16
IP_6617dce8a1,IN,1,8
IP_6618691ec0,IN,1,10
IP_6619a40cd4,IN,1,7
IP_661e33f307,IN,1,11
IP_6631ff2937,IN,1,8
IP_663e38e7be,IN,1,13
IP_6644c2f902,IN,1,13
IP_664b8891e0,IN,1,12
IP_665860ad1d,IN,1,12
IP_665a9ad8a8,IN,1,15
IP_665f3187e7,IN,1,11
IP_666468303e,IN,1,8
IP_666490d370,IN,1,7
IP_6676f7fa51,IN,1,15
IP_66963c5099,IN,1,17
IP_6696f0013b,IN,1,19
IP_669c7c1ee8,IN,1,11
IP_66aa9ae556,US,1,1
IP_66ab85f0a7,IN,1,12
IP_66b233698b,IN,1,22
IP_66c1a577fa,IN,1,6
IP_66cbc6cb41,IN,1,13
IP_66d014b455,IN,1,14
IP_66e378769c,SG,1,1
IP_66ed4e2839,IN,1,12
IP_66f1ea1f9a,IN,1,8
IP_66f8c76d2a,IN,1,15
IP_66feda33f0,IN,1,14
IP_670d769ceb,IN,1,17
IP_6710d8a4a6,IN,1,14
IP_6711e4d510,IN,1,14
IP_67130070d7,IN,1,22
IP_6717d9a20d,AE,1,1
IP_671d05f714,SG,1,2
IP_671f69fe51,IN,1,11
IP_67202c6c26,IN,1,14
IP_6727b5e0ed,IN,1,12
IP_672cef70d9,IN,1,11
IP_67318eb72e,IN,1,11
IP_6739bef54d,IN,1,9
IP_673bcebcd6,IN,1,9
IP_6756db167c,IN,1,12
IP_675943a4da,IN,1,6
IP_676a01df31,IN,1,15
IP_677bfb0db8,IN,1,13
IP_67983503ab,IN,1,16
IP_679a70aa9c,IN,1,9
IP_67aec26b09,IN,1,4
IP_67b47880e6,IN,1,10
IP_67cff9ff99,IN,1,20
IP_67d7408a39,IN,1,14
IP_67d7b2be58,IN,1,12
IP_67e3a85516,IN,1,7
IP_67eb964738,IN,1,2
IP_67f4293287,IN,1,7
IP_68035db29c,IN,1,7
IP_6804360343,IN,1,13
IP_680ba2caa3,IN,1,8
IP_680d3451cd,IN,1,8
IP_681089a8d4,IN,1,11
IP_6817f0bc2c,IN,1,23
IP_6833f11cec,IN,1,10
IP_684c32268b,IN,1,12
IP_6850a62d47,IN,1,13
IP_6858ed33d8,AE,1,1
IP_685a6523c3,IN,1,11
IP_685d8061e9,IN,1,12
IP_686327a9bf,IN,1,14
IP_68643738f6,IN,1,4
IP_686a30f2cd,IN,1,4
IP_6888b23c14,IN,1,11
IP_6888c25479,IN,1,14
IP_688f23047a,IN,1,12
IP_68907bea8f,IN,1,16
IP_689b0e76c7,IN,1,10
IP_68a2f0f5de,IN,1,13
IP_68a52afa96,IN,1,13
IP_68af1c7564,IN,1,15
IP_68b1ff4718,IN,1,11
IP_68bc48fbc5,IN,1,16
IP_68c2b17b58,IN,1,18
IP_68c666df88,IN,1,19
IP_68d125699b,IN,1,9
IP_68e32c0d01,IN,1,6
IP_68f0abf9eb,IN,1,16
IP_68fb80700d,IN,1,12
IP_69065760ef,IN,1,13
IP_69079e6a09,IN,1,12
IP_6919aa940c,IN,1,17
IP_691bd4a96c,IN,1,11
IP_691bdb3b53,IN,1,13
IP_6924d1e042,IN,1,16
IP_6937de1f56,IN,1,16
IP_693b5e2b6b,IN,1,9
IP_693d67270a,IN,1,16
IP_693f982f54,IN,1,9
IP_6942aca55c,IN,1,12
IP_69435ccfdf,IN,1,10
IP_694d4b6963,IN,1,14
IP_694e8ec52c,IN,1,17
IP_69507feced,IN,1,17
IP_69512863c8,IN,1,12
IP_6952205b0c,IN,1,7
IP_695c617d8e,IN,1,12
IP_6963f177ec,IN,1,11
IP_696542c2e7,IN,1,20
IP_6967487625,IN,1,19
IP_6972ca99da,IN,1,9
IP_6979e3ed6a,IN,1,16
IP_697dacab08,IN,1,13
IP_697e2a9199,IN,1,13
IP_69815c889e,IN,1,17
IP_6982222fb9,IN,1,14
IP_69914ed4df,IN,1,15
IP_6997cb46a1,IN,1,8
IP_699e24becf,IN,1,11
IP_69a0b033d0,IN,1,9
IP_69afde45b4,IN,1,16
IP_69b8d9fb95,IN,1,13
IP_69bbb38ec7,SG,1,1
IP_69c1c4583b,IN,1,14
IP_69cb8a76bd,IN,1,9
IP_69cbafd512,IN,1,15
IP_69d9fa6f68,IN,1,8
IP_69dd454f41,IN,1,18
IP_69e3b0ad16,IN,1,11
IP_69e4a6b4af,IN,1,12
IP_69e5b26143,IN,1,7
IP_69f2192886,IN,1,11
IP_69f33b35a9,IN,1,9
IP_69feb36ca0,IN,1,10
IP_6a07b5fb48,IN,1,15
IP_6a0b73e666,IN,1,26
IP_6a0f284144,IN,1,13
IP_6a1150cb45,IN,1,14
IP_6a15470663,IN,1,10
IP_6a1d3c973b,IN,1,10
IP_6a2c8edc59,IN,1,12
IP_6a3a361a17,IN,1,14
IP_6a4b1c49b8,IN,1,11
IP_6a4c6567cb,IN,1,10
IP_6a4e5e6532,SG,1,1
IP_6a5c6503eb,IN,1,16
IP_6a6ab2ce2a,IN,1,17
IP_6a6cd9fae5,IN,1,11
IP_6a6e9cb5ee,IN,1,7
IP_6a8787bc17,IN,1,12
IP_6a962760da,IN,1,6
IP_6a981a4cbe,IN,1,12
IP_6a9cf7e7b0,IN,1,11
IP_6aa257c9e6,IN,1,10
IP_6aaf113c50,GB,1,1
IP_6ab3927591,IN,1,11
IP_6ab628477b,IN,1,14
IP_6ab8e5d7a5,IN,1,16
IP_6ab9f56bb2,IN,1,14
IP_6abe51854d,IN,1,10
IP_6ace2b8a53,IN,1,4
IP_6ad1a8be2d,IN,1,11
IP_6ae4e80fa6,IN,1,17
IP_6aedf7a8a9,IN,1,13
IP_6aedfee26a,IN,1,13
IP_6aef50aa24,IN,1,12
IP_6b042a2d8e,IN,1,13
IP_6b2ae30109,IN,1,16
IP_6b2e271ff6,IN,1,14
IP_6b2e4147cc,IN,1,11
IP_6b45504e93,IN,1,14
IP_6b4604fc93,IN,1,12
IP_6b46cc582d,IN,1,16
IP_6b5a568479,IN,1,15
IP_6b60bae72a,IN,1,17
IP_6b6590c2da,IN,1,9
IP_6b82145add,IN,1,10
IP_6b83cf1c17,IN,1,11
IP_6b875caf60,IN,1,15
IP_6b8e57912c,IN,1,19
IP_6b927025e7,IN,1,18
IP_6b9b3ca6c7,IN,1,14
IP_6b9cfb6d7d,IN,1,10
IP_6b9d603e16,IN,1,14
IP_6baf77d9f9,IN,1,6
IP_6bbee6582f,IN,1,10
IP_6bc475ea5d,IN,1,18
IP_6bc4b3dc27,IN,1,15
IP_6bc4dd5c56,IN,1,14
IP_6bc92b3bc9,IN,1,11
IP_6bd7d28f27,IN,1,9
IP_6bd958fc49,IN,1,11
IP_6bee4f87ea,IN,1,29
IP_6befe7d5db,IN,1,12
IP_6bf17a9c7b,SG,1,2
IP_6bf26c5ac1,IN,1,15
IP_6bf942fcf4,IN,1,11
IP_6c06468229,IN,1,9
IP_6c0b059d25,IN,1,12
IP_6c0e404905,IN,1,14
IP_6c0f8f84f8,IN,1,13
IP_6c106ea958,IN,5,16
IP_6c11a42dc6,IN,1,20
IP_6c17b3c093,IN,1,13
IP_6c2181169c,IN,1,10
IP_6c260f824d,IN,1,15
IP_6c27c5fbf9,IN,1,15
IP_6c2d224241,IN,1,14
IP_6c3336887a,IN,1,11
IP_6c393e18dd,IN,1,11
IP_6c48e197ed,IN,1,16
IP_6c598f80cc,IN,1,6
IP_6c5c4c8a6f,IN,1,10
IP_6c5e644e83,IN,1,16
IP_6c620de220,IN,1,26
IP_6c64c3d6ac,IN,1,13
IP_6c660cf7a4,IN,1,12
IP_6c6dbe6db3,IN,1,13
IP_6c72e0fd2b,IN,1,10
IP_6c7cfb4854,IN,1,15
IP_6c80804454,IN,1,9
IP_6c85d9389f,IN,1,11
IP_6c8b79e463,IN,1,10
IP_6c92434d38,IN,1,12
IP_6c9568f86d,IN,1,13
IP_6c97831607,IN,1,10
IP_6c9bcfb739,IN,1,13
IP_6ca8f14957,IN,1,8
IP_6caa5b108a,IN,1,7
IP_6cb2826485,IN,1,14
IP_6cb949d5d5,IN,1,14
IP_6cc2eebf41,IN,1,8
IP_6cc3ff3253,IN,1,10
IP_6cc4a27c73,IN,1,14
IP_6cc5a2cd83,IN,1,10
IP_6ce0befef2,IN,1,11
IP_6ce433948f,IN,1,17
IP_6cee1f42a3,IN,1,18
IP_6ceefb080f,IN,1,19
IP_6cf3422ac4,IN,1,8
IP_6cff10a563,IN,1,7
IP_6d01d79596,IN,1,14
IP_6d0460de0a,IN,1,15
IP_6d090498b7,IN,1,18
IP_6d0cb3888a,IN,1,15
IP_6d197cba9b,IN,1,8
IP_6d20eaab8d,IN,1,12
IP_6d2130d542,IN,1,15
IP_6d25b73c8f,IN,1,13
IP_6d317656a3,IN,1,8
IP_6d31dcd207,IN,1,15
IP_6d3621443a,IN,1,11
IP_6d3d9556e6,IN,1,9
IP_6d4e553912,IN,1,14
IP_6d4fbe5531,IN,1,12
IP_6d50293086,IN,1,8
IP_6d62613af5,IN,1,13
IP_6d62e8f419,SG,1,3
IP_6d64f4ec2a,IN,1,9
IP_6d697401b3,IN,1,11
IP_6d76e1a0b5,GB,1,1
IP_6d853dc4e0,IN,1,12
IP_6d8a81faae,IN,1,16
IP_6d91cf0fc4,IN,1,8
IP_6d94a04803,IN,1,10
IP_6d9fb4a5c2,IN,1,9
IP_6dae542dff,IN,1,12
IP_6dbe5bc597,IN,1,10
IP_6dc1859581,IN,1,10
IP_6dcae5c49f,IN,1,9
IP_6dcd4150f7,IN,1,11
IP_6dd8a410f2,IN,1,15
IP_6ddc44ef76,IN,1,9
IP_6de3ef8303,IN,1,15
IP_6def7a0ced,IN,1,7
IP_6dfa1be44a,IN,1,13
IP_6dfc431d2e,IN,1,20
IP_6e03fecb70,IN,1,18
IP_6e059f1f0c,IN,1,10
IP_6e11fb3327,AE,1,3
IP_6e1d5dfc3e,IN,1,16
IP_6e2f72bf22,IN,1,14
IP_6e356b90f4,IN,1,19
IP_6e37481bb9,IN,1,11
IP_6e4e11e722,US,1,3
IP_6e4e15760c,IN,1,7
IP_6e57093bae,IN,1,13
IP_6e5f708a1d,US,1,1
IP_6e63486d87,IN,1,17
IP_6e6868ff94,IN,1,12
IP_6e691e5b55,IN,1,13
IP_6e728acb0e,IN,1,9
IP_6e79ce12ba,IN,1,7
IP_6e7da2b596,IN,1,13
IP_6e80aaec9c,IN,1,9
IP_6e8a0544de,US,1,3
IP_6ea001f6d3,IN,1,11
IP_6ea910571c,IN,1,11
IP_6eb23f18d8,GB,1,2
IP_6ebd17d550,IN,1,7
IP_6ecb93d90e,IN,1,14
IP_6ee0348fe5,IN,1,16
IP_6ee0bb44d7,IN,1,16
IP_6ee14a9489,IN,1,11
IP_6eef4557ab,IN,1,8
IP_6ef312f90b,IN,1,15
IP_6ef8eab2b8,IN,1,12
IP_6efb6dd583,IN,1,15
IP_6f0442753c,IN,1,8
IP_6f05bdcc2b,IN,1,11
IP_6f21a2d660,IN,1,10
IP_6f21ab02b4,IN,1,14
IP_6f2a013305,US,1,1
IP_6f2b4a608a,IN,1,20
IP_6f31c599c2,IN,1,13
IP_6f3e832cc7,IN,1,15
IP_6f41d268e2,SG,1,3
IP_6f42f7b573,IN,1,14
IP_6f47588f37,IN,1,7
IP_6f47ac477c,IN,1,9
IP_6f48b87e1c,IN,1,17
IP_6f4b532a8b,IN,1,13
IP_6f4e0faa4b,IN,1,16
IP_6f527ae7ad,IN,1,9
IP_6f53bf169a,IN,1,10
IP_6f56e3733b,IN,1,11
IP_6f578c4cf8,IN,1,14
IP_6f5b05e197,IN,1,18
IP_6f69845317,IN,1,12
IP_6f864c9f89,IN,1,9
IP_6f873ee981,IN,1,14
IP_6f9045227e,IN,1,10
IP_6fa82db811,IN,1,13
IP_6fab748724,IN,1,12
IP_6fd9d8a3c7,IN,1,10
IP_6ff0cd3c59,IN,1,21
IP_6ff1895889,IN,1,30
IP_6ff9031ad4,IN,1,14
IP_7008b45520,IN,1,11
IP_7008ed648e,IN,1,13
IP_700be057da,IN,1,8
IP_700d2d40e1,IN,1,15
IP_700f4c6608,IN,1,16
IP_701a22840f,IN,1,8
IP_701d0c4653,IN,1,15
IP_7024eb5790,IN,1,13
IP_702b2ac283,IN,1,14
IP_702f3dec57,IN,1,17
IP_703589e3d0,IN,1,19
IP_7049cff22e,IN,1,9
IP_7054307625,IN,1,12
IP_705f4501a8,IN,1,9
IP_706d562aa0,US,1,2
IP_7071eab128,SG,1,1
IP_70750d36a7,AE,1,1
IP_7079119c34,IN,1,18
IP_7087b5c090,IN,1,18
IP_708ef4304e,IN,1,15
IP_7091e9467b,IN,1,5
IP_709d808ab5,IN,1,14
IP_709fa0f486,IN,1,12
IP_70a8f180b5,IN,1,11
IP_70abd513cf,IN,1,14
IP_70c2dc9607,IN,1,16
IP_70c8cd577e,IN,1,10
IP_70ca220cfd,IN,1,7
IP_70e17eeedc,IN,1,15
IP_70efba0bb7,IN,1,17
IP_70f037aad3,SG,1,1
IP_70f37ce7a1,IN,1,14
IP_70f6feda25,IN,1,13
IP_7107e273a7,IN,1,14
IP_710b3298b2,IN,1,8
IP_71136e70ec,IN,1,15
IP_7118093a19,IN,1,13
IP_7127acb4ce,US,1,3
IP_7129652803,IN,1,14
IP_71339fddce,IN,1,18
IP_713b7ca08f,IN,1,10
IP_7143f12499,IN,1,13
IP_714b872e1e,IN,1,9
IP_71554ec9e2,IN,1,12
IP_7155dd1c06,IN,1,9
IP_715e5f70c7,IN,1,13
IP_71605d84d1,IN,1,14
IP_7162be506d,IN,1,9
IP_71655c3829,IN,1,21
IP_71658a7e42,IN,1,4
IP_71695ad416,IN,1,11
IP_71704a3916,IN,1,12
IP_717bd5146b,IN,1,19
IP_7196dc690f,IN,1,12
IP_719ae2cdca,IN,1,15
IP_719e350c80,IN,1,24
IP_719e514c69,IN,1,16
IP_719eb42435,IN,1,11
IP_719f126869,IN,1,10
IP_71b5000249,IN,1,11
IP_71b67866d4,IN,1,14
IP_71b922c86f,IN,1,9
IP_71bc09f75a,IN,1,12
IP_71c2d8e762,GB,1,2
IP_71c8186fc6,IN,1,12
IP_71d03d43b5,IN,1,6
IP_71d4f986a2,IN,1,14
IP_71e14e59a6,IN,1,22
IP_71e3918a5a,IN,1,10
IP_71e6fd3e81,IN,1,9
IP_71e9749ce0,IN,1,11
IP_71fbf3816f,IN,1,13
IP_71fdd27fbe,IN,1,15
IP_7203b07abf,IN,1,12
IP_721ab4f4be,IN,1,7
IP_721ebac481,IN,1,19
IP_721f28e918,IN,1,7
IP_72222a7a71,IN,1,13
IP_7223c4f536,IN,1,9
IP_7237608122,IN,1,10
IP_723e19e858,IN,1,5
IP_723fcff663,IN,1,16
IP_7246f337a1,IN,1,14
IP_7251fafc77,IN,1,12
IP_726332e371,IN,1,11
IP_726883ad8b,IN,1,14
IP_726f7cfef2,IN,1,16
IP_72762f12a2,IN,1,13
IP_727baff5d0,IN,1,10
IP_72866bc6b5,IN,1,16
IP_729539128c,IN,1,7
IP_7298669d0c,IN,1,8
IP_72a47301bf,IN,1,14
IP_72bee30cbb,IN,1,12
IP_72cba17f5b,IN,1,18
IP_72cc839682,IN,1,9
IP_72e250ab7a,IN,1,7
IP_72eb7a4a25,IN,1,12
IP_72ee55720a,IN,1,14
IP_72f693083d,IN,1,17
IP_72fed98dda,IN,1,7
IP_72ffc15811,IN,1,16
IP_730585d06b,IN,1,22
IP_73063d3af7,US,1,3
IP_7308cfb804,IN,1,11
IP_73113b0870,IN,1,8
IP_7312e79129,IN,1,7
IP_7317ac176a,IN,1,13
IP_7332568bd0,IN,1,18
IP_7333427647,IN,1,14
IP_7334946b8d,IN,1,17
IP_733495e79b,IN,1,11
IP_734370d115,IN,1,9
IP_73450c6289,IN,1,10
IP_7345c3f565,AE,1,3
IP_734feec33a,IN,1,16
IP_735dab990e,IN,1,8
IP_735f693ed2,IN,1,19
IP_7362b447af,IN,1,10
IP_736608f510,AE,1,1
IP_736d46b8ad,IN,1,17
IP_736f5412e5,IN,1,13
IP_737453d74c,IN,1,13
IP_738b409a18,IN,1,12
IP_739a8285ea,IN,8,19
IP_739dd61d0e,IN,1,8
IP_73a47e37d9,IN,1,13
IP_73bf143eb0,IN,1,12
IP_73e3ae192a,IN,1,13
IP_73e8e3626c,IN,1,10
IP_73ef071a10,IN,1,13
IP_73f086a116,IN,1,21
IP_73fc3b0840,IN,1,7
IP_74088a7f7e,IN,1,10
IP_74090e1145,IN,1,18
IP_7412f83629,IN,1,9
IP_74204916d7,IN,1,14
IP_7422769d8a,IN,1,16
IP_74237988d3,IN,1,12
IP_7424c51abf,IN,1,14
IP_74293a8883,IN,1,16
IP_743373d014,IN,1,9
IP_74380a6b48,IN,1,9
IP_743b1de38c,IN,1,9
IP_743ffda495,IN,1,8
IP_7444f910ae,AE,1,1
IP_744914e0c2,IN,1,8
IP_744bc9fa43,IN,1,7
IP_7451283400,IN,1,9
IP_74586365b6,IN,1,11
IP_745e4fe49a,IN,1,4
IP_746e82f6f5,IN,1,20
IP_7471ae6a63,IN,1,10
IP_74790578f4,IN,1,8
IP_748944d81c,IN,1,4
IP_748cf2281d,IN,1,9
IP_749611ed52,SG,1,3
IP_7498e821dc,IN,1,9
IP_749a5d401e,US,1,3
IP_749cd5ee5f,IN,1,17
IP_749d301f12,IN,1,5
IP_74abfc180f,IN,10,24
IP_74b98f6622,IN,1,10
IP_74c256240a,IN,1,15
IP_74c79e7ef8,IN,1,10
IP_74d8d40f21,IN,1,16
IP_74d8e065cb,IN,1,16
IP_74dca53203,IN,1,9
IP_750a03cef1,IN,1,13
IP_750afe99e1,IN,1,12
IP_75156c23e3,IN,1,13
IP_751618dcc8,IN,1,6
IP_751ba1791e,IN,1,14
IP_752839ab38,IN,1,10
IP_752907a6a2,IN,1,9
IP_75484e698f,IN,1,13
IP_75496a7774,IN,1,10
IP_7549c740e4,IN,1,12
IP_754a879bab,IN,1,15
IP_755f8336ad,IN,1,10
IP_75762333f9,SG,1,1
IP_757c5b28dd,IN,1,8
IP_75960c65d6,IN,1,12
IP_759e561469,IN,1,10
IP_75a103f18b,IN,1,8
IP_75aaf1a39d,IN,1,8
IP_75b1c8a9e7,IN,1,15
IP_75ea05bfa1,IN,1,10
IP_75ea65eaa6,IN,1,12
IP_75efdaa90f,IN,1,10
IP_75f736b2eb,IN,1,10
IP_75fc839554,IN,2,2
IP_75fd8c3226,IN,1,10
IP_7601c3079c,IN,1,14
IP_761331e10d,IN,1,10
IP_7614b91f4e,IN,1,10
IP_761dea6837,IN,1,11
IP_761fcecd5c,IN,1,11
IP_76224159cb,IN,1,13
IP_76379b8e25,IN,1,8
IP_76427be33f,IN,1,10
IP_7646caeb45,IN,1,9
IP_7648866118,IN,1,11
IP_764d6d71b2,IN,4,10
IP_7650fe61b6,IN,1,10
IP_7653f2021b,IN,1,21
IP_76573ab410,IN,1,17
IP_765870ed6e,IN,1,6
IP_765e0d897b,IN,1,13
IP_7664712fbe,IN,1,15
IP_76676e3605,IN,1,7
IP_766cba1570,IN,1,14
IP_76744e8078,IN,1,9
IP_767afe9529,SG,1,1
IP_7682f0824e,IN,1,10
IP_7689919f17,IN,1,14
IP_768d528054,IN,1,13
IP_769682a7f5,IN,1,8
IP_769f1c3cc8,IN,1,13
IP_76a3eb0ee1,IN,1,12
IP_76a73e8a7e,IN,1,9
IP_76ba5eccad,IN,1,7
IP_76bc377df0,IN,1,9
IP_76bdad7031,IN,1,18
IP_76bf17bf65,IN,1,15
IP_76c197dfec,SG,1,1
IP_76c74bf1c2,IN,1,13
IP_76da02cc32,IN,1,7
IP_76df9ad483,IN,1,14
IP_76f002720f,IN,1,14
IP_76f1291613,IN,1,19
IP_76f289525e,IN,1,11
IP_76f4e58880,IN,1,8
IP_770b4df20b,IN,1,20
IP_770f596945,IN,1,16
IP_770fa24e11,IN,1,20
IP_772334e109,IN,1,8
IP_77257af244,IN,1,15
IP_77292159f8,IN,1,12
IP_77329f2572,IN,1,8
IP_773c19d191,IN,1,13
IP_773f3ada11,IN,1,23
IP_7742957e5c,IN,1,17
IP_77446bdb94,SG,1,3
IP_775c4a330d,GB,1,2
IP_77600e8caa,IN,1,15
IP_776165c8ca,IN,1,14
IP_77742ee43d,IN,1,9
IP_77762f55af,IN,1,16
IP_7777b567f3,IN,1,7
IP_7777da616a,IN,1,8
IP_777e2b26d9,IN,1,13
IP_7785379ecd,IN,1,21
IP_77869fa807,IN,1,13
IP_7790435491,IN,1,16
IP_77a225b4f9,IN,1,15
IP_77ae936bb8,IN,1,10
IP_77b4d90d75,IN,1,11
IP_77cb345369,IN,1,12
IP_77d4f236f2,IN,1,3
IP_77d692f31e,IN,1,12
IP_77dc0ac98c,IN,1,14
IP_77ea2504bc,IN,1,13
IP_780604aa68,IN,1,13
IP_78085d9596,IN,1,20
IP_780a0abaed,IN,1,14
IP_7812e7eff5,IN,1,14
IP_78318d5ef0,IN,1,14
IP_7837155dea,IN,1,10
IP_783aaec937,IN,1,13
IP_7850f42e94,IN,1,10
IP_7851e28133,IN,1,14
IP_7866ce3f82,IN,1,10
IP_7866e8630d,IN,1,14
IP_787583129c,IN,1,7
IP_7879000d79,IN,1,11
IP_787da0548a,IN,1,12
IP_787eb56208,IN,1,11
IP_787f300b78,IN,1,7
IP_7886e9db1a,IN,1,9
IP_789340c4a5,IN,1,7
IP_78a48846f5,IN,1,19
IP_78a81a5ed9,IN,1,10
IP_78b016f784,IN,1,13
IP_78b08c4d88,IN,1,10
IP_78b1d1ad75,AE,1,1
IP_78ba5dba97,IN,1,10
IP_78be29c3a1,IN,1,17
IP_78c2fe665d,US,1,1
IP_78c7b1c318,IN,1,11
IP_78d58302dd,IN,1,16
IP_78d9ddde08,IN,1,9
IP_78db58c53b,IN,1,21
IP_78dd1225b2,IN,1,13
IP_78de91b837,IN,1,11
IP_78e2460f93,IN,1,14
IP_78e30d00a2,IN,1,12
IP_78ea5d9d18,IN,1,9
IP_78f048b863,IN,1,5
IP_78f080da29,IN,1,12
IP_78f77b375e,IN,1,13
IP_78f8851c76,IN,1,16
IP_78fc2ebcec,IN,1,10
IP_78fe601a24,IN,1,13
IP_79041958d2,IN,1,7
IP_79079bbc16,AE,1,2
IP_7913fb8320,IN,1,16
IP_79219d4448,IN,1,8
IP_792737c3dc,IN,1,9
IP_792e5b41ed,IN,1,14
IP_792ef391c9,IN,1,10
IP_7930554aa7,IN,1,11
IP_7932c87487,IN,1,16
IP_7937a8ff40,IN,1,10
IP_7944ba2ca7,IN,1,13
IP_795591b931,IN,1,12
IP_795f7ce0e5,IN,1,10
IP_7966805574,IN,1,20
IP_7973edca5a,IN,1,10
IP_7975596b27,IN,1,7
IP_7983c2de29,IN,1,8
IP_7983e3d15a,IN,1,12
IP_7987269da2,IN,1,17
IP_798cc70853,IN,1,17
IP_79a204969b,IN,1,10
IP_79a35e2d12,IN,1,13
IP_79a4b6c1f6,IN,1,7
IP_79b1447888,IN,1,11
IP_79b90056a8,IN,1,9
IP_79bc19ac9e,IN,1,15
IP_79bd67e3de,IN,1,14
IP_79c557d40e,IN,1,12
IP_79d272c248,IN,1,13
IP_79d64c640b,SG,1,1
IP_79e386fd2c,IN,1,19
IP_79f21b6644,IN,5,11
IP_79f43759e6,IN,1,11
IP_79f5906786,IN,1,13
IP_79f8915b9a,IN,1,9
IP_79fdecc803,IN,1,8
IP_7a0010d979,IN,1,14
IP_7a05dc6530,IN,1,15
IP_7a0b127675,IN,1,10
IP_7a1b5b80b2,IN,1,5
IP_7a22bdc4d5,IN,1,10
IP_7a3d38671d,SG,1,3
IP_7a44853ddc,IN,1,17
IP_7a4f0db0b4,IN,1,14
IP_7a5aef3d1b,IN,1,9
IP_7a5b54c94a,IN,1,7
IP_7a5bc89a6d,SG,1,1
IP_7a644c5a00,IN,1,11
IP_7a75ee634c,IN,1,11
IP_7a769aa8a3,IN,1,8
IP_7a775066dd,IN,1,15
IP_7a7885e8c2,IN,1,6
IP_7a7dc98b62,IN,1,10
IP_7a9454811b,IN,1,13
IP_7a976534c9,IN,1,11
IP_7a9ab0ac8a,IN,1,8
IP_7aa012586a,IN,1,10
IP_7aa1ed62ec,IN,1,14
IP_7aa5493348,IN,1,17
IP_7aacbee916,IN,1,8
IP_7ab20397c9,IN,1,11
IP_7ab5781d7f,IN,1,16
IP_7abc9032d4,IN,1,16
IP_7acdf6f746,IN,1,10
IP_7ad628852a,IN,1,11
IP_7ad89d1270,IN,1,18
IP_7adba07a9d,IN,1,13
IP_7add359bd2,IN,1,9
IP_7af492eeed,IN,1,12
IP_7af56135fb,IN,1,11
IP_7afdefe71f,IN,1,9
IP_7b02ebe938,IN,1,10
IP_7b03f7071b,IN,1,7
IP_7b13e49f41,IN,1,7
IP_7b177cc8de,IN,1,15
IP_7b19bdea0c,IN,1,6
IP_7b1d8972fe,IN,1,14
IP_7b1f01cf4f,IN,1,11
IP_7b22a234c1,IN,1,12
IP_7b471a6e8a,IN,1,11
IP_7b4f3c5e41,IN,1,14
IP_7b53f12f04,IN,1,17
IP_7b5979690a,IN,1,15
IP_7b5ea2ad2e,IN,1,10
IP_7b68da93eb,IN,1,13
IP_7b6ae320f0,IN,1,13
IP_7b6f3bf20e,IN,1,22
IP_7b72350ede,IN,1,9
IP_7b763c853e,IN,1,6
IP_7b76775afa,IN,1,9
IP_7b811ca9c0,IN,1,7
IP_7b828ee7e7,IN,1,13
IP_7b99afc9c8,IN,1,15
IP_7ba0cd0182,IN,1,9
IP_7bb29bba2a,IN,1,16
IP_7bb62afbfb,IN,1,12
IP_7bb6464755,IN,1,11
IP_7bc28dc62c,IN,1,9
IP_7bc9e44300,IN,1,17
IP_7bce0174ef,IN,1,6
IP_7bd609f438,IN,1,11
IP_7bdd14008a,IN,1,10
IP_7be9cee73f,IN,1,9
IP_7be9cf0e59,IN,1,10
IP_7c05293295,IN,1,6
IP_7c0dfd58b8,IN,1,11
IP_7c0fea92e0,US,1,1
IP_7c2d8f7e73,IN,1,8
IP_7c36fe2627,IN,1,17
IP_7c514c8f37,IN,1,8
IP_7c61fd2044,AE,1,3
IP_7c6b6ddfb2,IN,1,9
IP_7c869f7e90,IN,1,8
IP_7c96a48a51,IN,1,16
IP_7c9a2e7339,IN,1,7
IP_7ca336856e,IN,1,9
IP_7ca3addf90,IN,1,12
IP_7ca4756973,IN,1,7
IP_7ca5bacac7,IN,1,14
IP_7cab7194a2,IN,1,8
IP_7caf9f6278,IN,1,11
IP_7cb213f1ed,IN,1,7
IP_7cb2421d36,IN,1,12
IP_7cb4a290b3,IN,1,13
IP_7cbc9289dd,IN,1,16
IP_7cc21f37fb,IN,1,14
IP_7ccad8125b,IN,1,11
IP_7ccd4b0b2c,IN,1,9
IP_7cd678449d,IN,1,16
IP_7cdc8a86bb,IN,1,12
IP_7ce4abdea5,IN,1,20
IP_7ceab61867,IN,1,10
IP_7cf4972235,IN,1,14
IP_7cfe3983a9,IN,1,16
IP_7d036c6c5d,IN,1,10
IP_7d04f8737e,IN,1,14
IP_7d0611b134,IN,1,8
IP_7d24b0192f,IN,1,11
IP_7d2d5ad613,IN,1,10
IP_7d2dbc0d11,IN,1,15
IP_7d2eeb5dfa,IN,1,8
IP_7d301800c6,IN,1,8
IP_7d3d2c7c23,IN,1,7
IP_7d431e06ee,SG,1,1
IP_7d488e7f8c,IN,1,12
IP_7d4c8d1334,IN,1,15
IP_7d543d407d,IN,1,9
IP_7d5539ae8b,IN,1,6
IP_7d59c40053,IN,1,18
IP_7d6016c60c,IN,1,7
IP_7d635ceace,IN,1,18
IP_7d6374a488,IN,1,11
IP_7d66185b80,IN,1,13
IP_7d6c63eec9,IN,1,16
IP_7d7a45d300,IN,1,17
IP_7d892c6c67,IN,1,13
IP_7d8dd74b42,IN,1,14
IP_7d9714f027,IN,1,10
IP_7da5bdada1,IN,1,8
IP_7daae0e43a,IN,1,16
IP_7dae11d54e,IN,1,12
IP_7db9ffdf3c,IN,1,9
IP_7dc10acb5b,IN,1,10
IP_7dd11c4cd8,IN,1,11
IP_7ddaf09217,IN,1,20
IP_7ddf50317f,IN,1,13
IP_7de78ee6d2,IN,1,14
IP_7dea03c4f4,IN,1,22
IP_7df1967ad7,IN,1,10
IP_7df3ce1ee5,IN,1,18
IP_7df8fe8375,IN,1,12
IP_7df942355c,IN,1,13
IP_7dfdb98dbd,AE,1,3
IP_7dff72b827,IN,1,14
IP_7e135646e3,IN,1,15
IP_7e14c172fc,IN,1,14
IP_7e17bc3311,IN,1,10
IP_7e1e1a6874,IN,1,9
IP_7e2245dc0d,IN,1,7
IP_7e33127171,IN,1,9
IP_7e34ee9081,IN,1,14
IP_7e441423db,IN,1,12
IP_7e5078d837,IN,1,14
IP_7e6bcd3af7,IN,1,9
IP_7e6c20dc15,IN,1,5
IP_7e74767c3c,IN,1,7
IP_7e86f56a10,IN,1,16
IP_7ea0d21f82,IN,1,14
IP_7ea42bdefc,IN,1,7
IP_7ea4d91a0e,IN,1,10
IP_7ebbb196b9,IN,1,10
IP_7ec4dc4716,IN,1,14
IP_7ecae2b74d,IN,1,11
IP_7ecb2ac405,IN,1,7
IP_7ed97c37fc,IN,1,13
IP_7eda41446f,IN,1,13
IP_7ee1487647,IN,1,11
IP_7f06496efe,SG,1,3
IP_7f06e29c64,SG,1,1
IP_7f08215477,IN,1,8
IP_7f09179c7e,IN,1,16
IP_7f09ed0a58,IN,1,11
IP_7f2caf3c60,IN,1,16
IP_7f38882090,IN,1,14
IP_7f4597fec2,IN,1,9
IP_7f46625af4,IN,1,16
IP_7f472b8af3,IN,1,21
IP_7f502fa041,IN,1,9
IP_7f607426b2,IN,1,13
IP_7f7395586c,IN,1,17
IP_7f7875c7ac,IN,1,13
IP_7f79a31f56,IN,1,12
IP_7f7a65d46a,US,1,2
IP_7f82c5a59a,IN,1,9
IP_7f86cedfd4,IN,1,8
IP_7f978beb33,IN,1,8
IP_7f9f910e50,IN,1,11
IP_7fa63fbf43,IN,1,12
IP_7faae204cf,IN,1,13
IP_7fafbe98a4,IN,1,18
IP_7fb0fa7d25,IN,1,12
IP_7fb606ceef,IN,1,7
IP_7fc4e485f8,IN,1,8
IP_7fc51f9fae,AE,1,1
IP_7fcd6c31bb,IN,1,15
IP_7fce962a9d,IN,1,15
IP_7fcfbb59d8,IN,1,20
IP_7fdfe524cf,IN,1,9
IP_7fe0d3c09f,IN,1,13
IP_7fe38cae59,IN,1,7
IP_7ff4d73c80,IN,1,13
IP_7ff867201d,IN,1,10
IP_800db9d7ff,IN,1,14
IP_80105f33ac,IN,1,8
IP_802628d314,IN,1,19
IP_802c05435a,IN,1,3
IP_8033181761,IN,1,27
IP_8033fc9012,IN,1,12
IP_80364ae312,IN,1,11
IP_8039c8be56,IN,1,11
IP_8040f0125f,IN,1,14
IP_80593aad50,IN,1,12
IP_805b55f8e1,IN,1,10
IP_805d6cf876,US,1,1
IP_8070f4b4db,IN,1,8
IP_8074449ae5,IN,1,13
IP_8075bdf98b,IN,1,15
IP_80802c94d4,IN,1,11
IP_8084231e50,IN,1,23
IP_808ec663bc,IN,1,8
IP_8096cba893,SG,1,3
IP_80971f2010,IN,1,20
IP_809a50a6c3,IN,1,7
IP_809dcc5406,IN,1,15
IP_80a5867fb0,IN,1,10
IP_80a6eb32aa,IN,1,16
IP_80aeab8a2b,IN,1,13
IP_80baeda83f,IN,1,9
IP_80bcb2ecc2,IN,1,14
IP_80c1143435,IN,1,17
IP_80c273067a,IN,1,12
IP_80cb4d6018,IN,1,14
IP_80d19ee7f8,IN,1,6
IP_80d597ddb1,IN,1,10
IP_80dd009682,IN,6,13
IP_80ee0418cd,IN,1,6
IP_80f484fb69,IN,1,19
IP_80fbd4748c,IN,1,13
IP_80ff1836cb,IN,1,14
IP_80ff2b884d,IN,1,12
IP_81029fa368,IN,1,7
IP_8104230c43,IN,1,7
IP_8104651e8a,IN,1,25
IP_810f134c53,IN,1,8
IP_8126ee4c98,IN,1,14
IP_8127002b40,IN,1,12
IP_81355bcaa4,IN,1,6
IP_8143100a4f,IN,1,12
IP_814c1f8f45,IN,1,12
IP_815498a516,IN,1,16
IP_815552da29,IN,1,15
IP_815c5bc543,IN,1,12
IP_815cb52f53,IN,1,10
IP_816a263856,IN,1,17
IP_816b2b6d00,IN,1,9
IP_817aff74e7,IN,1,13
IP_8186a97507,IN,1,9
IP_819f252088,IN,1,13
IP_81ac9292b0,IN,1,12
IP_81add185fc,IN,1,11
IP_81b3264d0f,IN,1,11
IP_81b5f4a56c,IN,1,10
IP_81b65a572f,IN,1,12
IP_81bf2a6c58,IN,5,13
IP_81c2fff747,IN,1,16
IP_81c434186d,IN,1,13
IP_81d170efb9,IN,1,8
IP_81d43ef02d,IN,1,8
IP_81db96ac08,IN,1,8
IP_81dbed8182,IN,1,12
IP_81e0112cf8,GB,1,1
IP_81e6f40971,IN,1,5
IP_81f2f4d0fd,IN,1,18
IP_81f586ace4,IN,1,14
IP_8203c61ac1,IN,1,13
IP_820989041c,IN,1,18
IP_8212404c2c,IN,1,10
IP_821270a6ae,IN,1,13
IP_82186c1ed6,IN,1,10
IP_821d4843df,GB,1,1
IP_82204558d5,IN,1,10
IP_82244f1b0a,IN,1,7
IP_822649b891,IN,1,10
IP_82282d9656,IN,1,10
IP_823ea786dc,IN,1,13
IP_8242f31192,IN,1,10
IP_8242fd83f3,IN,1,14
IP_8275adfd66,IN,1,21
IP_827dd925c5,IN,1,14
IP_828938d488,IN,1,7
IP_828e01b9b3,IN,1,15
IP_82a992ba35,IN,1,10
IP_82acbc9af4,IN,1,7
IP_82b5b9f00a,IN,1,12
IP_82b8e6cb20,SG,1,2
IP_82b90829cc,IN,1,15
IP_82c4d7aad6,IN,1,10
IP_82c8c30416,IN,1,13
IP_82cce007b7,IN,1,9
IP_82ccf10d3f,IN,1,8
IP_82cdf6189b,IN,1,15
IP_82d1a35a04,IN,1,21
IP_82da321a50,IN,1,11
IP_82de919244,IN,1,13
IP_82e42b6ce0,IN,1,25
IP_82ffb61395,IN,1,8
IP_830e66b3b2,IN,1,16
IP_831a698479,IN,1,16
IP_83289a225c,US,1,2
IP_8331f2a134,IN,1,13
IP_8332e309fa,IN,1,12
IP_833b56ebaa,IN,1,9
IP_8343d51244,IN,1,10
IP_834d3bcaf5,IN,1,13
IP_8355cd1587,IN,1,15
IP_8368312846,IN,1,16
IP_836aa0f904,IN,1,12
IP_8371c4c454,GB,1,1
IP_837257218e,IN,1,11
IP_8372b6ef14,IN,1,16
IP_8379aa4f8f,IN,1,11
IP_837cb1356e,IN,1,15
IP_83882e33bb,IN,1,12
IP_8389091d49,IN,1,13
IP_8392903f84,IN,1,10
IP_8396d2fdce,IN,1,11
IP_839ab0bb16,IN,1,15
IP_83a5a96e0c,IN,1,23
IP_83b144b658,IN,1,14
IP_83b1ee2bc6,IN,1,10
IP_83c4881b6b,IN,1,14
IP_83c89a8fe7,IN,1,7
IP_83d4252829,IN,1,17
IP_83de473b09,SG,1,3
IP_83e094add9,IN,1,11
IP_83ee4a3b8e,IN,1,10
IP_83ee6d5400,IN,1,9
IP_83fce9ebf6,IN,1,10
IP_840a995911,IN,1,3
IP_840ac2c89d,IN,1,15
IP_840b56e370,IN,1,11
IP_840ea9129a,IN,1,8
IP_840ed293ec,IN,1,8
IP_84109dfe3f,IN,1,9
IP_84210170f9,IN,1,12
IP_8421f28890,IN,1,8
IP_8428cd45bf,IN,1,8
IP_8435203010,IN,1,14
IP_8436600c55,IN,1,10
IP_843d7ab1ab,IN,1,8
IP_843e9dce00,IN,1,12
IP_8454eb7902,IN,1,13
IP_8455094d4f,IN,1,8
IP_846a161fa8,IN,1,17
IP_846a363a39,IN,1,8
IP_8472914288,IN,1,4
IP_8474e5689c,IN,1,9
IP_84778a7f56,IN,1,12
IP_84838b2bb1,AE,1,1
IP_8492c0e89e,IN,1,13
IP_8493e641b3,IN,1,17
IP_84976ab1ef,IN,1,7
IP_84997c6b89,IN,1,15
IP_849b7520d0,IN,1,12
IP_849e50542f,IN,1,10
IP_84a1f01e49,IN,1,11
IP_84a5b58f01,IN,1,15
IP_84aa8d961b,IN,1,6
IP_84ac21e008,IN,1,9
IP_84b3a6a131,IN,1,7
IP_84bce70ea1,IN,1,13
IP_84c365d909,IN,1,14
IP_84d4fc001a,IN,1,10
IP_84e2e90fa0,IN,1,10
IP_84edff11fa,IN,1,18
IP_84f212fc04,IN,1,8
IP_84f4158792,IN,1,13
IP_84f9fae161,IN,1,7
IP_84fc451ccb,IN,1,11
IP_84fd15fed6,IN,1,23
IP_851eb846f5,IN,1,10
IP_8523615034,IN,1,13
IP_85346e27b4,IN,1,16
IP_85419ed2f0,IN,1,10
IP_8543bb56d8,IN,1,14
IP_8545819616,IN,1,17
IP_8545d16e3f,IN,1,17
IP_854de922e1,IN,1,8
IP_855fc2949e,IN,1,8
IP_856c9fc5b7,IN,1,22
IP_857d06cd5b,IN,1,14
IP_8589693348,IN,1,12
IP_858acb16a5,IN,1,13
IP_859cbff547,IN,1,15
IP_85a2c5624c,IN,1,16
IP_85a85c24b6,IN,1,14
IP_85b1b0361a,IN,1,14
IP_85b23563c2,IN,1,9
IP_85b3213706,IN,1,20
IP_85b83b2afc,IN,1,16
IP_85c251ebde,IN,1,10
IP_85c357eb16,IN,1,7
IP_85cf196288,IN,1,9
IP_85e568e851,SG,1,1
IP_85e9964034,IN,1,8
IP_85ee652aa9,IN,1,17
IP_85f31a095b,US,1,1
IP_861261c003,IN,1,13
IP_8616a9e160,IN,1,9
IP_861e3c92a0,IN,1,7
IP_862a85daec,IN,1,24
IP_862ccb61fc,IN,1,11
IP_862e5f6715,IN,1,10
IP_863b545b42,IN,1,8
IP_863c78e510,IN,1,5
IP_863e853cb0,IN,1,17
IP_86450655d6,IN,1,9
IP_864a9bf6e1,IN,1,17
IP_864f69dc83,IN,1,14
IP_8659e99d85,IN,1,5
IP_86621c9dd0,IN,1,10
IP_8667d10e51,IN,1,13
IP_8677a228d2,IN,1,14
IP_867b5f7150,IN,1,19
IP_867d7e9019,IN,1,7
IP_8689399ed8,IN,1,8
IP_8692bb4d3e,IN,1,11
IP_869f2e8129,IN,1,14
IP_869f9e98b8,IN,1,12
IP_86a533026e,SG,1,1
IP_86a915c581,IN,1,20
IP_86b10c04d8,IN,1,12
IP_86b66bdaf9,IN,1,12
IP_86ba669e1c,IN,1,13
IP_86cd344be9,IN,1,15
IP_86d087628f,IN,1,7
IP_86d574f802,IN,1,15
IP_86e31526f1,IN,1,19
IP_86ecde42fd,IN,1,14
IP_86f487cb37,IN,1,13
IP_87015210f1,IN,1,12
IP_87089cdcaf,IN,1,13
IP_87102b9843,IN,1,13
IP_87164c7578,IN,1,2
IP_87349f3ece,IN,1,9
IP_874853fbdb,IN,1,13
IP_874fa4dfa2,IN,1,16
IP_8750404b58,IN,1,13
IP_875bb3827f,US,1,2
IP_875fb984b0,IN,1,15
IP_8764667af6,IN,1,28
IP_8767b28575,IN,1,11
IP_8777caea51,IN,1,11
IP_8789acbc9b,IN,1,11
IP_87a060ace2,IN,1,18
IP_87a5ac788c,IN,9,24
IP_87a9c3463a,GB,1,1
IP_87aa5d612c,IN,1,19
IP_87ab908ee7,IN,1,9
IP_87ae1fe39f,IN,1,10
IP_87ae47c61a,IN,1,8
IP_87b8f46ad4,IN,1,21
IP_87bc0b1da0,IN,1,8
IP_87c1a569ff,IN,1,12
IP_87c4b26dd0,IN,1,11
IP_87c5feacb8,IN,1,16
IP_87cba4b6fe,IN,1,15
IP_87cf7f0c82,IN,1,6
IP_87da6250c9,IN,1,12
IP_87de701a31,IN,1,9
IP_87ee336e07,IN,1,19
IP_87ee6e4145,US,1,2
IP_87fb48ddb1,IN,1,11
IP_87ffb4617e,IN,1,15
IP_8806793d32,IN,1,7
IP_88131e4b64,IN,1,8
IP_881914c7a8,IN,1,11
IP_881d0241c4,IN,1,13
IP_881d21eeaf,IN,1,8
IP_8825050f89,IN,1,11
IP_88275b1717,IN,1,8
IP_882aceb4ca,IN,1,18
IP_883ada4fb0,IN,1,22
IP_88413d474b,IN,1,26
IP_8844eef5a7,IN,1,12
IP_8854be50d7,IN,1,8
IP_8858b347b9,IN,1,13
IP_8861a1cbc9,IN,1,6
IP_8871a5f259,IN,1,8
IP_8888f5aac4,IN,1,15
IP_8892e04ee7,IN,1,10
IP_8894cac5ef,IN,1,7
IP_889a22eb19,IN,1,9
IP_88b32aaa45,IN,1,7
IP_88b946434e,IN,1,16
IP_88b9db728a,IN,1,11
IP_88babc8a2b,IN,1,12
IP_88c0a184dd,IN,1,12
IP_88c14b3896,IN,1,16
IP_88c4d19300,IN,1,15
IP_88d0f0e19a,IN,1,4
IP_88d569b0fc,IN,1,13
IP_88db552350,IN,1,6
IP_88eb5aa9c5,IN,1,11
IP_88ec419a93,IN,1,12
IP_8903520041,IN,1,14
IP_8903762581,SG,1,2
IP_891a79f8d1,IN,1,18
IP_893af6c821,IN,1,10
IP_894ac80fa7,IN,1,18
IP_894bcc3f3f,IN,1,19
IP_894eb0ad9b,IN,1,7
IP_895328a1cd,IN,1,16
IP_8963c27125,IN,1,13
IP_8968efb61e,IN,1,4
IP_896db14525,IN,1,9
IP_897f3df495,IN,1,11
IP_89891f313c,IN,1,14
IP_8990085721,IN,1,20
IP_89921478c6,IN,1,13
IP_8994409d4f,IN,1,15
IP_899a93367b,IN,1,14
IP_899c15d4c9,IN,1,8
IP_899c9e486e,IN,1,16
IP_899d035de0,IN,1,13
IP_89c65c8a30,IN,1,11
IP_89c660edc5,IN,1,12
IP_89c739b964,IN,1,11
IP_89d9490d41,IN,1,15
IP_89e5b10000,IN,1,11
IP_89f24ecc7b,IN,1,14
IP_89f8ad0ab3,IN,1,16
IP_89f97d8308,IN,1,11
IP_89fc9c7f87,IN,1,18
IP_8a086b210b,IN,1,12
IP_8a0f0c4045,IN,1,17
IP_8a109337f8,IN,1,14
IP_8a2652cf0c,IN,1,17
IP_8a27d790cf,IN,1,9
IP_8a303c9f5f,IN,1,14
IP_8a3c01ec91,IN,1,17
IP_8a3d5090a0,IN,1,9
IP_8a3df953e0,IN,1,9
IP_8a41ae6a7a,IN,1,7
IP_8a4fe526e7,IN,1,15
IP_8a5e68af52,IN,1,13
IP_8a70b8d248,IN,9,20
IP_8a7a965bda,IN,1,6
IP_8a83f2e8e4,IN,1,15
IP_8a873077f0,IN,1,9
IP_8a8e5cc644,IN,1,13
IP_8a9cd41002,IN,1,10
IP_8aaab37bf5,GB,1,1
IP_8abba1b66e,IN,1,9
IP_8acf3193ad,IN,1,14
IP_8ae4763475,IN,1,11
IP_8af83cdd5c,IN,1,7
IP_8b07cfaf7a,US,1,1
IP_8b0827e7fb,IN,1,13
IP_8b089aa20a,IN,1,12
IP_8b0bef44ba,IN,1,14
IP_8b0ebac5c8,IN,1,16
IP_8b26046de3,IN,1,10
IP_8b2e5815c0,IN,1,20
IP_8b42771be3,IN,1,16
IP_8b466e8470,IN,1,27
IP_8b4b666ace,IN,1,10
IP_8b4eeab557,IN,1,7
IP_8b66523080,IN,1,12
IP_8b686d0768,IN,1,13
IP_8b69743b60,IN,1,14
IP_8b6c1aad16,IN,1,4
IP_8b71dffbf2,IN,1,8
IP_8b76ae71b1,IN,1,13
IP_8b77381fcd,IN,1,13
IP_8b77ecb5bb,IN,1,11
IP_8b7a612ccf,IN,1,11
IP_8b7ea33388,IN,1,6
IP_8b80c58104,IN,1,9
IP_8b821d67bc,IN,1,14
IP_8b83000480,IN,1,18
IP_8b8ebce5f6,IN,1,6
IP_8b94544e80,IN,1,14
IP_8b9a8c3520,IN,1,13
IP_8ba2d1a116,IN,1,4
IP_8bb7ed2ad0,IN,1,14
IP_8bb8135a92,IN,1,9
IP_8bbe844e85,IN,1,13
IP_8bbee8d6ca,IN,1,15
IP_8bc69c1a19,IN,1,11
IP_8bc9c38702,IN,1,19
IP_8bde3ef30b,IN,1,9
IP_8bf205caca,IN,1,9
IP_8bfccf70cc,IN,1,12
IP_8c08219ae8,IN,1,14
IP_8c179dd206,IN,1,22
IP_8c30f7d13e,IN,1,9
IP_8c52a72e73,IN,1,13
IP_8c53ab28fa,IN,1,6
IP_8c5828f956,IN,1,13
IP_8c58ea2959,IN,1,12
IP_8c5da72767,IN,1,14
IP_8c5ff69e3b,GB,1,1
IP_8c6fa65b9a,IN,1,15
IP_8c70760ad6,IN,1,10
IP_8c75f96a0c,IN,1,8
IP_8c79e35ab3,IN,1,11
IP_8c840f486b,IN,1,14
IP_8c8c7e5234,IN,1,5
IP_8c918cee81,IN,1,18
IP_8c9a15bc43,IN,1,8
IP_8c9f5a1678,IN,1,11
IP_8ca4d29880,IN,1,13
IP_8ca79f2f5c,IN,1,17
IP_8cacb2e9b2,GB,1,1
IP_8caecde817,IN,1,12
IP_8cb4c9841a,IN,1,15
IP_8cc4585b04,IN,1,20
IP_8ccff20ebd,SG,1,2
IP_8cd149889a,GB,1,1
IP_8cd680894b,IN,1,13
IP_8cd6c6c564,IN,1,10
IP_8cd8bf16ae,IN,1,11
IP_8cd904cda7,IN,1,13
IP_8cd9bd7ed3,IN,1,10
IP_8ce1059d16,IN,1,11
IP_8cf03ac9e2,IN,1,11
IP_8cf236c6f5,IN,1,11
IP_8cf6d93c67,IN,1,11
IP_8cfc3b93e3,IN,1,12
IP_8cfcc63ba6,IN,1,10
IP_8cfe3a99f8,IN,1,13
IP_8d09e88303,IN,1,10
IP_8d0bb396a5,IN,1,9
IP_8d0c805458,IN,1,15
IP_8d2a7c1dd0,IN,4,8
IP_8d5659873f,IN,1,13
IP_8d58a33bc0,IN,1,12
IP_8d5d0b02f8,IN,1,7
IP_8d62bc1b46,IN,1,14
IP_8d7302ef0d,IN,1,10
IP_8d75d73e20,IN,1,17
IP_8d799ecb30,IN,1,17
IP_8d827aa550,IN,1,5
IP_8d86e7b65f,IN,1,8
IP_8d9339b2fe,IN,1,8
IP_8d947814b2,IN,1,7
IP_8d9c54200c,IN,1,9
IP_8d9c641a10,IN,1,18
IP_8db9a44920,IN,1,8
IP_8dbdfb5d40,IN,1,36
IP_8dc0c6b6a7,IN,1,15
IP_8dc22eba77,IN,1,10
IP_8dc6447395,IN,1,8
IP_8ddd99e26d,IN,1,15
IP_8dde30c537,IN,1,21
IP_8de3f43ad5,IN,1,8
IP_8dfa6666a8,IN,1,9
IP_8e065ac52f,IN,1,12
IP_8e15e1e6cd,IN,1,14
IP_8e27eb2eb0,IN,5,13
IP_8e2d2a4537,IN,1,10
IP_8e2f92bde9,IN,1,18
IP_8e389d64e0,IN,1,10
IP_8e38e3cee1,IN,1,11
IP_8e3e5a7c59,IN,1,11
IP_8e414d0b74,IN,1,14
IP_8e435a57e4,GB,1,3
IP_8e44abf3b7,SG,1,1
IP_8e45d35f16,IN,1,11
IP_8e45da4dab,IN,1,11
IP_8e62bdbc9a,IN,1,12
IP_8e63882ac3,IN,1,9
IP_8e64c1e16b,IN,1,15
IP_8e6bad227f,IN,1,8
IP_8e76be609b,IN,1,10
IP_8e77087dbb,IN,1,15
IP_8e83898a1f,IN,1,17
IP_8e8d7413f5,IN,1,7
IP_8e9458b3cb,IN,1,8
IP_8e94f65e47,IN,1,9
IP_8eaf560ec6,IN,1,10
IP_8eb2e872db,IN,1,7
IP_8eb7c9058a,AE,1,1
IP_8ec4d7383a,IN,1,11
IP_8eca25ebba,IN,1,9
IP_8ee3f5452e,IN,1,14
IP_8eefc33dba,IN,1,5
IP_8ef1300fe2,IN,1,13
IP_8ef9316c8b,IN,1,13
IP_8efb2e51c6,IN,1,16
IP_8f01e68284,IN,1,19
IP_8f0343dcbc,IN,1,12
IP_8f0449b3e5,IN,1,8
IP_8f0873824c,IN,1,11
IP_8f0d063557,IN,1,13
IP_8f0ecf0ae1,IN,1,12
IP_8f101e459a,IN,1,13
IP_8f203b3f6b,IN,1,14
IP_8f2b67afe0,IN,1,7
IP_8f3898c511,IN,1,23
IP_8f38ffb150,IN,1,12
IP_8f3a6cd73d,IN,1,14
IP_8f3fc94b56,IN,1,8
IP_8f43b9b72a,IN,1,16
IP_8f450e6a2b,IN,1,9
IP_8f4990f2c7,IN,1,14
IP_8f4d8f1f8e,IN,1,6
IP_8f5041d87f,IN,1,18
IP_8f50dfdc80,IN,1,7
IP_8f569168c6,IN,1,10
IP_8f603760d2,IN,1,12
IP_8f637074e1,IN,1,15
IP_8f66441272,IN,8,24
IP_8f72275d26,IN,1,10
IP_8f82cd3a1e,IN,1,13
IP_8f873953e7,IN,1,13
IP_8f890d7cab,IN,1,10
IP_8fb7c6cef9,IN,1,10
IP_8fc557db6b,IN,1,10
IP_8fc759384d,IN,1,7
IP_8fd859939b,IN,1,9
IP_8ff99df036,IN,1,14
IP_900042624f,IN,1,13
IP_9008fe6407,IN,1,14
IP_9009fec2f0,IN,1,14
IP_900affa5c6,IN,1,7
IP_901a06c264,IN,1,8
IP_901c353e1b,IN,1,10
IP_901c96d670,IN,1,15
IP_901e03bd04,IN,1,9
IP_901ec762ea,IN,1,8
IP_901fd21ec8,IN,1,16
IP_9020beb677,IN,1,11
IP_902fa4bff7,IN,1,20
IP_90324805ce,IN,1,11
IP_9032a8a81a,IN,1,6
IP_9035f915a2,IN,1,14
IP_9038eeb56c,IN,1,8
IP_903c73f4c1,IN,1,14
IP_90427f78eb,IN,1,10
IP_904fc71bc6,IN,1,12
IP_90500c266b,IN,1,13
IP_90608500ca,IN,1,5
IP_90735e26d9,IN,1,18
IP_907ebb34d5,IN,1,7
IP_909c7bba18,IN,1,15
IP_90ba2f14c1,IN,1,11
IP_90bbd9499c,IN,1,13
IP_90c916efce,IN,1,12
IP_90d01952fc,IN,1,16
IP_90d0c45f8c,IN,1,12
IP_90dcb50c31,IN,1,9
IP_90e2d49fc3,IN,1,11
IP_90e31af08a,IN,1,13
IP_90e7123b57,IN,1,15
IP_90ea42e2a2,IN,1,9
IP_90f236d264,IN,1,9
IP_90f275d5c0,IN,1,13
IP_90fcf9ecc4,IN,1,11
IP_91117f8bb9,IN,1,8
IP_911f048bb7,IN,1,17
IP_911f158922,IN,1,10
IP_912b645c16,GB,1,1
IP_913a34a070,IN,1,9
IP_9141b27bdd,IN,1,13
IP_9155585626,IN,1,11
IP_91575060c7,IN,1,7
IP_915c0b08a1,IN,1,11
IP_916a91bece,IN,1,13
IP_91766cb9a1,IN,1,17
IP_917e8e2d69,IN,1,20
IP_917eb67179,IN,1,8
IP_91835234b4,IN,1,10
IP_918ecdad0d,IN,1,9
IP_9190c0c979,IN,1,8
IP_9190ed828b,IN,1,10
IP_919fe0a7aa,IN,1,11
IP_91a9aced05,IN,1,13
IP_91b4c49510,IN,1,14
IP_91b64a0bf1,IN,1,13
IP_91b7b5be7c,IN,1,13
IP_91bfac4c46,IN,1,12
IP_91dec9895e,IN,1,7
IP_91dff62729,IN,1,6
IP_91e1bff138,IN,1,20
IP_91e549d891,IN,1,11
IP_91f1149205,IN,1,11
IP_91f440f557,IN,1,13
IP_91f60fbcdc,US,1,2
IP_91fdb0cc55,IN,1,10
IP_91ff0286e6,IN,1,9
IP_92097cf1f5,IN,1,8
IP_920ba923ab,IN,1,12
IP_9211dad283,IN,1,16
IP_9218f17b37,IN,1,9
IP_921af74683,IN,1,9
IP_9226b23217,IN,1,17
IP_922ebbfd3c,IN,1,10
IP_922ffbd559,IN,1,14
IP_923885aa42,IN,1,10
IP_923a7eefaa,IN,1,10
IP_9249207e53,IN,1,19
IP_924991278f,IN,1,12
IP_9252d648bd,IN,1,11
IP_9261e8b207,IN,1,12
IP_92788cf6f5,IN,1,12
IP_928bd6fc98,IN,1,10
IP_9290c9369f,IN,1,9
IP_9296c523dd,IN,1,16
IP_9298c4dddd,IN,1,10
IP_929d477961,IN,1,12
IP_92a19bdece,IN,1,8
IP_92a1ac6bec,IN,1,17
IP_92a2311deb,IN,1,14
IP_92a719f575,IN,1,15
IP_92ab863f3e,IN,1,11
IP_92af1b79c3,IN,1,11
IP_92b766ef40,IN,1,20
IP_92b7ac4f71,IN,1,14
IP_92b82c0bdf,IN,1,11
IP_92c12ece5a,IN,1,18
IP_92c1bef8df,IN,1,13
IP_92cbf55b69,IN,1,12
IP_92d4bd40ec,IN,1,9
IP_92da4b24d4,IN,1,5
IP_92dabf538a,IN,1,11
IP_92e0720bfc,IN,1,8
IP_92e4c35517,IN,1,15
IP_92e7f4c55b,IN,1,7
IP_92e9a28c06,IN,1,11
IP_92fa4bd9e4,IN,1,9
IP_92fb81d92a,IN,1,4
IP_9306da963e,IN,1,15
IP_930c466189,IN,1,10
IP_931a3324ae,IN,1,12
IP_931e112a76,IN,1,8
IP_932d052407,IN,1,10
IP_9333c6f74f,IN,1,6
IP_9335f61e9b,IN,1,9
IP_933a1afb27,IN,1,14
IP_9340878c4b,IN,1,6
IP_9340ddecb6,IN,1,10
IP_9342f92f54,IN,1,14
IP_93490e5a3a,IN,1,16
IP_9350ab9312,IN,1,13
IP_9352e43f45,IN,1,14
IP_9354549e8b,IN,1,14
IP_935746a40a,IN,1,17
IP_935a032571,IN,1,11
IP_935af4916f,IN,1,11
IP_935c15e4c6,IN,1,8
IP_935ff91efe,IN,1,13
IP_93604752ee,IN,1,17
IP_936ca4bd77,IN,1,15
IP_9382259e75,IN,1,9
IP_9389de39ca,IN,1,13
IP_93965b713f,IN,1,15
IP_93983c5099,SG,1,3
IP_939d7da443,SG,1,1
IP_93a3a74c9d,IN,1,15
IP_93a6d20dc5,IN,1,11
IP_93ab8e5a48,IN,1,10
IP_93aee56df5,IN,1,14
IP_93b7803497,IN,1,11
IP_93baf8f092,IN,1,12
IP_93bf893f3f,IN,1,7
IP_93ce06e9ed,IN,1,11
IP_93d28006b0,IN,1,11
IP_93d9c25a08,IN,1,8
IP_93fb1dc5bb,IN,1,4
IP_93ff62dc38,IN,1,9
IP_9400e32f7e,IN,1,10
IP_9402cff009,IN,1,8
IP_94169b5b59,IN,1,13
IP_9417a84b59,IN,1,13
IP_941b7fb9f2,IN,1,15
IP_942493493b,IN,1,10
IP_942534fbd3,IN,1,19
IP_9429564f1b,IN,1,11
IP_942a883f57,IN,1,11
IP_942d81276f,IN,1,7
IP_9432728770,IN,1,12
IP_9434a1693f,IN,1,6
IP_943f3bda95,IN,1,17
IP_943f93fc70,AE,1,2
IP_944afda977,IN,1,6
IP_945c6b7ee3,IN,1,10
IP_946a99cfb2,IN,1,10
IP_9471777dc8,IN,1,15
IP_94839bb94d,IN,1,12
IP_948ab87a83,IN,1,11
IP_9493e1adb2,IN,1,12
IP_94a50875b3,IN,1,10
IP_94aede3f59,US,1,3
IP_94b16a2197,IN,1,10
IP_94b1edc1e8,IN,1,15
IP_94b2ca46d9,IN,1,15
IP_94b718ed5a,IN,1,10
IP_94c47e74ea,IN,1,18
IP_94cdfbd0bc,IN,1,18
IP_94ec2fcd1a,IN,1,12
IP_94ed3fafa2,SG,1,1
IP_94f0a94f8e,IN,3,7
IP_9504e1edfa,IN,1,19
IP_9505d32f6c,IN,8,27
IP_95088e9ddf,IN,1,12
IP_950cbc8626,IN,1,16
IP_951903d6e0,IN,1,14
IP_9530b90a3a,IN,1,17
IP_953fffc195,SG,1,3
IP_955773fbcc,IN,1,13
IP_9560ede2f7,IN,1,19
IP_9564202fa8,IN,1,15
IP_95681605fb,IN,1,13
IP_956969b5c0,IN,1,10
IP_9572ae70a5,IN,1,15
IP_957346ea87,IN,1,8
IP_957a930794,IN,1,11
IP_957b38ebcb,IN,1,7
IP_957c115225,IN,1,12
IP_958b152527,IN,1,24
IP_958e364e13,IN,1,16
IP_959166896d,IN,1,14
IP_9591fb00f3,IN,1,19
IP_95954b89ff,IN,1,13
IP_9597abd19d,IN,1,20
IP_959bb878bb,IN,1,13
IP_95ab12abed,IN,1,5
IP_95aec11b0f,IN,1,18
IP_95b935e56e,SG,1,1
IP_95be059f33,IN,1,12
IP_95d0b01e74,IN,1,5
IP_95d361af0b,AE,1,1
IP_95d48c4e39,IN,1,9
IP_95f5027060,IN,1,9
IP_95f854d714,IN,1,6
IP_9614ee91e2,AE,1,3
IP_961773cafe,IN,1,12
IP_962a6212d8,IN,1,12
IP_9636cc9a45,IN,1,12
IP_964097b4ad,IN,1,16
IP_9644b23408,IN,1,3
IP_9646386504,IN,1,9
IP_9646b009d8,IN,1,10
IP_96498d43c4,IN,1,8
IP_9657ef2bb5,IN,1,12
IP_9658521119,IN,1,10
IP_965ad4053c,IN,1,14
IP_965b98e1d5,IN,1,11
IP_96763a5d6b,IN,1,9
IP_96780e911c,IN,1,9
IP_96829acf1a,IN,1,11
IP_968e86e514,IN,1,9
IP_968f9eb3aa,IN,1,10
IP_96a585d7c7,IN,1,9
IP_96d11d99d4,IN,1,15
IP_96d9413937,IN,1,8
IP_96e7fad1a3,IN,1,12
IP_96f3cfb895,IN,1,14
IP_96fa1d7796,IN,1,10
IP_96fdaf16c3,IN,1,13
IP_96fdcb7974,IN,1,13
IP_970aa65f68,IN,1,11
IP_970eb00a7f,IN,1,12
IP_9731a8d9de,IN,1,10
IP_97432ba7a8,IN,1,14
IP_9787c7b44b,IN,1,12
IP_9791efd807,IN,1,13
IP_9793163d7d,IN,1,13
IP_9795130316,IN,1,11
IP_979bc05429,IN,1,11
IP_979fd235da,IN,1,15
IP_97a13bbdff,IN,1,16
IP_97a2185053,IN,1,15
IP_97a3a80592,IN,1,15
IP_97a6cb7fa0,IN,1,9
IP_97a7faaa18,IN,8,22
IP_97b336e12a,IN,1,8
IP_97bdf2d048,IN,1,10
IP_97bf809b74,IN,1,22
IP_97d41bf940,IN,1,22
IP_97d543b822,IN,1,13
IP_97f16a72ba,IN,1,14
IP_97f19dc225,IN,1,13
IP_9815bdb47c,IN,1,12
IP_981db24c01,IN,1,16
IP_981e545229,IN,1,12
IP_982ff1978a,IN,1,10
IP_98386b8ade,IN,1,11
IP_984835c019,IN,1,15
IP_98615add60,IN,1,14
IP_986c00be39,IN,1,9
IP_98730a420e,IN,1,9
IP_987362fec0,IN,1,11
IP_9889c5a43a,IN,1,11
IP_9889e9a903,IN,1,6
IP_98970cf8dd,IN,1,19
IP_989ae95a20,IN,1,25
IP_98b80e1584,IN,1,17
IP_98c571e291,IN,1,10
IP_98c5cea38c,IN,1,12
IP_98cd26b1a0,IN,1,8
IP_98d0b78bcd,IN,1,15
IP_98d1eef850,IN,1,17
IP_98ef70e304,IN,1,7
IP_98fbaebb3b,IN,1,8
IP_9900e7a1bc,IN,1,15
IP_9911b44191,IN,1,8
IP_9918a4b10b,IN,1,10
IP_9923a9f6d1,IN,1,9
IP_992b828e46,IN,1,10
IP_993016c610,IN,1,12
IP_9934285692,IN,1,19
IP_993669150b,IN,1,14
IP_993a6b77a5,IN,5,18
IP_993d87f814,IN,1,11
IP_994bca226b,IN,1,8
IP_995dccd705,IN,1,11
IP_9966b5cd54,IN,1,6
IP_9968392420,IN,1,7
IP_996dc23604,IN,1,11
IP_997aed2323,IN,1,11
IP_998d9248fd,IN,1,9
IP_998e72504e,IN,1,12
IP_999cc0e94a,IN,1,8
IP_99a437dc42,IN,1,12
IP_99a8cf7356,IN,1,14
IP_99b0405ac4,IN,1,7
IP_99b44a9abe,IN,1,11
IP_99be19bb58,IN,1,9
IP_99c7e82f9a,IN,1,7
IP_99c9980a5e,IN,1,4
IP_99c9f226fa,IN,1,15
IP_99ca4a6b88,IN,1,10
IP_99cd715715,IN,1,12
IP_99d6c4a1f2,IN,1,18
IP_99d9434ab5,IN,1,6
IP_99e2f6fccf,IN,1,9
IP_9a16446866,IN,1,16
IP_9a1e004968,IN,1,9
IP_9a24389bfb,IN,1,16
IP_9a2de804ab,IN,1,17
IP_9a3be82a23,IN,1,20
IP_9a3e71f57b,IN,1,19
IP_9a47101b5b,IN,1,17
IP_9a4b6ac134,IN,1,11
IP_9a5fb1b02e,IN,1,10
IP_9a6021620f,IN,1,12
IP_9a693c7315,IN,1,8
IP_9a6e690b07,IN,1,11
IP_9a6f46d86f,IN,1,10
IP_9a751b17bb,IN,1,16
IP_9a76ffa595,IN,1,9
IP_9a79d88947,IN,1,5
IP_9a7cfc270b,IN,1,8
IP_9a7f9223df,IN,1,10
IP_9a84a4fef7,IN,1,10
IP_9a91172709,IN,1,12
IP_9a9ecb4c04,IN,10,25
IP_9aa01244d0,IN,1,11
IP_9aa17dcddc,IN,1,6
IP_9aa65cf476,IN,1,19
IP_9aaa0e19d0,IN,1,9
IP_9abad89f37,IN,1,13
IP_9abc5f3866,IN,1,11
IP_9ac6467257,IN,1,7
IP_9acf654040,IN,1,8
IP_9ad0ddd0d1,IN,1,7
IP_9ad2531c62,IN,1,9
IP_9ad8a2ecd1,IN,1,13
IP_9ad989a66c,IN,1,16
IP_9ae06f18e8,IN,1,15
IP_9ae52070a5,IN,1,14
IP_9aee16a35b,IN,1,17
IP_9afad0366e,IN,1,7
IP_9afc414247,IN,1,17
IP_9b01d555fb,IN,1,11
IP_9b02a78956,IN,1,7
IP_9b0819fb29,GB,1,1
IP_9b0b5a702a,IN,1,10
IP_9b0c549114,AE,1,3
IP_9b10e3da6d,IN,1,11
IP_9b1128729d,IN,1,13
IP_9b13fc5b3d,IN,1,12
IP_9b16fe38ff,IN,1,14
IP_9b17990387,IN,1,21
IP_9b1abf43f0,IN,1,13
IP_9b212c80fe,IN,1,10
IP_9b29a8ebb8,IN,1,6
IP_9b2fd6339c,IN,1,14
IP_9b481207f8,IN,10,28
IP_9b4bfd52cb,US,1,2
IP_9b60aeaaf2,IN,1,10
IP_9b7e921b68,IN,1,12
IP_9b8495319b,IN,1,18
IP_9b867e1872,IN,1,14
IP_9b88866a10,IN,1,18
IP_9b8cdb5941,IN,1,9
IP_9b94753013,IN,1,11
IP_9b9cb97182,IN,1,9
IP_9b9dbb4994,IN,1,8
IP_9ba0324ada,IN,1,11
IP_9ba44339ee,IN,1,10
IP_9ba7847f5c,IN,1,15
IP_9ba9dcab68,IN,1,16
IP_9bacdc4f7e,IN,1,11
IP_9bbb767254,IN,1,12
IP_9bc2d600a7,IN,1,8
IP_9bc613b3f0,IN,1,7
IP_9bda409baa,IN,1,7
IP_9bdd84f3fe,IN,1,10
IP_9bdf401676,IN,1,10
IP_9bee2eb487,IN,1,16
IP_9bfe492fa5,IN,1,14
IP_9c00a9ecb9,IN,1,12
IP_9c0c447888,IN,1,8
IP_9c12c8fde5,IN,1,13
IP_9c14256bda,IN,1,12
IP_9c19ad47ef,IN,1,11
IP_9c2894d611,US,1,2
IP_9c3019f87e,AE,1,2
IP_9c30d9d8bb,IN,1,12
IP_9c3601df6b,IN,1,7
IP_9c374ea111,IN,1,10
IP_9c3c67630e,IN,1,9
IP_9c5175dbb3,IN,1,8
IP_9c54a3d9c8,IN,1,16
IP_9c5bfe166b,IN,1,7
IP_9c6cbdf615,IN,1,12
IP_9c6f738611,IN,1,10
IP_9c7341a27e,IN,1,12
IP_9c75683daf,IN,1,9
IP_9c76a152b5,IN,1,15
IP_9c7dc387ce,IN,1,14
IP_9c81d13286,IN,1,9
IP_9c83d51f55,IN,1,13
IP_9c83ff98f3,IN,1,15
IP_9c8401b009,IN,1,12
IP_9c841bdeb6,IN,1,9
IP_9c8e0f4dbf,IN,1,14
IP_9c8eb77904,IN,1,5
IP_9ca310fadb,IN,1,11
IP_9ca8c6e0a0,IN,1,8
IP_9cb091c750,IN,1,12
IP_9cc2e46401,IN,1,7
IP_9cdcc7154a,IN,1,11
IP_9ce15fca46,IN,1,5
IP_9cf3a07736,IN,1,14
IP_9d037e8d6e,IN,1,18
IP_9d152bad4e,IN,1,12
IP_9d2d98772e,IN,1,15
IP_9d44e73d6b,IN,1,13
IP_9d4a0ca1c9,IN,1,8
IP_9d4f842357,IN,1,14
IP_9d50227941,IN,1,10
IP_9d5534d9ef,IN,1,12
IP_9d5a6de595,IN,1,11
IP_9d5eb1ea23,IN,1,14
IP_9d5edbecd1,IN,1,9
IP_9d5f006392,IN,1,18
IP_9d658249e9,IN,1,5
IP_9d6dc2dcd0,IN,1,15
IP_9d706f7e65,IN,1,15
IP_9d740e2bf9,IN,1,11
IP_9d768cac51,IN,1,8
IP_9d7c478bbc,IN,1,14
IP_9d817145a4,IN,1,10
IP_9d8cb737f6,IN,1,10
IP_9d9516c7ac,IN,1,12
IP_9d9b620c4e,IN,1,9
IP_9d9b94d7b0,IN,1,12
IP_9dae0c2279,IN,1,9
IP_9daeba0305,IN,1,14
IP_9db3df669e,IN,1,9
IP_9db5ab59f0,IN,1,3
IP_9db6deb68d,IN,1,15
IP_9db7d83ec2,IN,1,16
IP_9dbcd70322,IN,1,10
IP_9dc3159de3,IN,1,10
IP_9dd00fc6e8,IN,1,8
IP_9dd39f1daf,US,1,1
IP_9dde7f3e09,IN,1,8
IP_9de2ff2b03,IN,1,15
IP_9df0cb7030,IN,1,13
IP_9df48e7a2b,IN,1,12
IP_9df87b54ce,IN,1,21
IP_9e019e8e5d,IN,1,14
IP_9e09e6e8c5,IN,1,7
IP_9e0b9aeca1,IN,1,14
IP_9e0f0e0b3c,IN,1,13
IP_9e106620f9,IN,1,12
IP_9e1499c613,IN,1,10
IP_9e1a66a5b2,IN,1,15
IP_9e2114cceb,IN,1,10
IP_9e31736174,IN,1,9
IP_9e38482364,IN,5,10
IP_9e3b6277f9,IN,1,10
IP_9e4ff31c01,IN,1,11
IP_9e50fef01c,IN,1,15
IP_9e585d8537,IN,2,5
IP_9e5e64bb3c,IN,1,11
IP_9e6ad66cb5,IN,1,11
IP_9e7df53cb0,IN,1,13
IP_9e95d765f5,IN,1,8
IP_9e9fe13c7f,IN,1,12
IP_9ea2226eea,IN,1,8
IP_9ea38d094b,IN,1,11
IP_9ea3dc33e2,IN,1,14
IP_9eaad5b5f0,IN,1,8
IP_9eac914113,IN,1,8
IP_9ecc5e4a62,IN,1,12
IP_9ee6cb1b36,IN,1,13
IP_9eeae4ddcb,IN,1,13
IP_9ef9359bba,IN,1,10
IP_9f02c48ad6,IN,1,10
IP_9f112b2269,IN,1,12
IP_9f204ab8fc,IN,1,10
IP_9f246e57eb,IN,1,18
IP_9f24df4624,IN,1,13
IP_9f2bd7e376,IN,1,8
IP_9f49010a1f,IN,1,8
IP_9f50bf9fe6,IN,1,12
IP_9f577a3ce5,IN,1,18
IP_9f5b42cbbf,IN,1,14
IP_9f5ba269f9,IN,1,12
IP_9f6276c99d,IN,1,12
IP_9f628d3996,IN,1,8
IP_9f6a6275fd,IN,1,5
IP_9f6becda54,IN,1,7
IP_9f763c6d90,IN,1,13
IP_9f7d0049b8,IN,1,10
IP_9f81690728,IN,1,11
IP_9f8cb20961,IN,1,10
IP_9f8e39f372,IN,1,22
IP_9f9346f736,IN,1,13
IP_9f9d6d06dc,IN,1,13
IP_9f9d7ffee8,IN,1,14
IP_9fa13b6aa8,IN,1,7
IP_9fa5f283c7,IN,1,10
IP_9fa6ff470a,IN,1,11
IP_9fb33b710d,IN,1,12
IP_9fb6ccec20,IN,1,10
IP_9fbcbed989,SG,1,1
IP_9fc127c107,AE,1,1
IP_9fc940d576,IN,1,10
IP_9fc9937f14,IN,1,10
IP_9fcb35fd32,IN,1,8
IP_9fd530b853,IN,1,10
IP_9fd921361d,IN,1,11
IP_9fd949d407,IN,1,15
IP_9fe37ac45f,AE,1,1
IP_9fe944379b,IN,1,18
IP_9fed776373,IN,1,15
IP_9fef6bd626,GB,1,1
IP_9ff427a6e9,IN,1,17
IP_9ffba9ac0d,IN,1,19
IP_a01ca2cc0f,IN,1,16
IP_a01d503ef0,IN,1,22
IP_a02723dc06,IN,1,13
IP_a031bef106,IN,1,12
IP_a037ba531d,IN,1,10
IP_a03cfdb4fa,IN,1,12
IP_a041acd14d,IN,1,13
IP_a04e41a860,IN,1,10
IP_a05092531d,IN,1,16
IP_a0554843c9,IN,1,10
IP_a056b8a841,IN,1,11
IP_a0594fe2c1,IN,1,10
IP_a05c31bf01,IN,1,14
IP_a06b887d5f,IN,1,6
IP_a06df907e3,IN,1,10
IP_a070ccaeaa,IN,1,16
IP_a073d0f74a,IN,1,10
IP_a077c60aeb,IN,1,14
IP_a07b5a6471,IN,1,20
IP_a08f29205e,IN,1,12
IP_a09a57d162,US,1,1
IP_a09c51f821,IN,1,15
IP_a0ac236372,IN,1,15
IP_a0b028503e,IN,1,17
IP_a0b2ea3f68,IN,1,6
IP_a0b3886cb1,IN,1,12
IP_a0b694739d,IN,1,9
IP_a0b8c2f642,IN,1,12
IP_a0c5f568aa,IN,1,12
IP_a0cf5c333a,IN,1,12
IP_a0d3200c3f,IN,1,8
IP_a0d391b89e,IN,1,8
IP_a0e474bcd3,SG,1,2
IP_a0eef9e3ec,AE,1,3
IP_a0f5ebd852,IN,1,15
IP_a0f657c260,IN,1,18
IP_a0f8f6c81a,GB,1,2
IP_a105599c2b,IN,1,13
IP_a123a5b0b6,IN,1,12
IP_a1287c7b73,IN,1,10
IP_a128c8cb23,IN,1,12
IP_a12b3599ce,IN,1,13
IP_a1340c1ecf,IN,1,15
IP_a13febce3b,IN,1,16
IP_a1424c3ffd,IN,1,14
IP_a146e162e0,IN,1,18
IP_a147ea1a86,IN,1,9
IP_a147f6ca0b,IN,1,10
IP_a14c758b07,IN,1,8
IP_a156dbdbc3,IN,1,16
IP_a15c4a3996,IN,1,13
IP_a15ddace3f,IN,1,13
IP_a16419dcdf,IN,1,13
IP_a164b88f9c,IN,1,21
IP_a164e15164,IN,1,13
IP_a17d6f3208,IN,1,12
IP_a17e6c1dfc,IN,1,9
IP_a182a85411,IN,1,15
IP_a189bd5ab7,IN,1,9
IP_a197aad3ca,IN,1,13
IP_a198bb5979,IN,1,18
IP_a199bfd321,IN,1,11
IP_a19a3aa7c3,IN,1,18
IP_a1a913b2af,IN,1,11
IP_a1abaaf921,IN,1,13
IP_a1addc3d54,IN,1,7
IP_a1ae23b44d,IN,1,16
IP_a1b03ec8c4,IN,1,9
IP_a1b1cdfb68,IN,1,11
IP_a1b4dc15b5,IN,1,11
IP_a1b77cd486,IN,1,8
IP_a1beccc02f,IN,1,11
IP_a1c17d01d4,IN,1,8
IP_a1c8b66218,IN,1,14
IP_a1c9be28ad,IN,1,10
IP_a1cef4fa1a,IN,1,17
IP_a1d094b547,IN,1,11
IP_a1d279c2de,IN,1,6
IP_a1dccb2854,IN,1,8
IP_a1e09fb16f,IN,1,10
IP_a1eebf1074,IN,1,8
IP_a1f6fa8aa7,IN,1,8
IP_a1fac6922f,IN,1,7
IP_a1fe7d0fca,IN,1,15
IP_a1feed1363,IN,1,11
IP_a203370854,IN,1,14
IP_a216ad73b3,IN,1,12
IP_a22ec64217,IN,1,8
IP_a22f90f2c3,IN,1,17
IP_a236140be1,IN,1,10
IP_a24c2c42d3,IN,1,10
IP_a2527bf48d,IN,1,14
IP_a2612e0a9d,IN,1,13
IP_a262813b30,IN,1,12
IP_a263e8de2d,IN,1,12
IP_a26e01b513,IN,1,8
IP_a26fd75934,IN,1,11
IP_a27fac82af,IN,1,18
IP_a283d6b04c,IN,1,13
IP_a28f6cd237,IN,1,16
IP_a29311964c,IN,1,6
IP_a29eaf278a,IN,1,3
IP_a2aa2a2198,IN,1,13
IP_a2b107437e,IN,1,11
IP_a2b6d08b1b,IN,1,9
IP_a2bab82d81,IN,1,9
IP_a2bf5bf3be,IN,1,10
IP_a2c818e549,IN,1,4
IP_a2c8c98176,IN,1,11
IP_a2cd5a794b,IN,1,12
IP_a2d0b38eff,IN,1,12
IP_a301649556,IN,1,9
IP_a3103e86fd,IN,1,17
IP_a318402bbe,IN,1,22
IP_a3322c5ff1,IN,1,10
IP_a340ea1c42,IN,1,12
IP_a341883164,IN,10,18
IP_a348e5486c,IN,1,15
IP_a349cdff26,IN,1,15
IP_a3537cc9c6,IN,1,10
IP_a3628287c9,IN,1,9
IP_a37007905c,IN,1,10
IP_a377d503b7,IN,1,11
IP_a37cb91014,IN,1,9
IP_a37f452cae,IN,1,11
IP_a381755ba8,IN,1,10
IP_a386453524,IN,1,16
IP_a386d376ba,IN,1,13
IP_a3a9fb1d94,IN,1,16
IP_a3b3775a95,IN,1,10
IP_a3b6c4948c,IN,1,16
IP_a3baa1f187,IN,1,15
IP_a3c7fd4d2f,IN,1,11
IP_a3cea71b0b,IN,1,7
IP_a3d295a0a7,IN,1,8
IP_a3dfacaecc,US,1,1
IP_a3e319bd46,IN,1,10
IP_a3e485646b,IN,1,5
IP_a3f475fe2a,IN,1,13
IP_a4056711cc,IN,1,13
IP_a40c73517c,IN,1,10
IP_a40d0a4a29,IN,1,13
IP_a411b0a2ee,IN,1,18
IP_a4129805b4,IN,1,24
IP_a4176ed4b0,IN,1,18
IP_a41f5e19c3,IN,1,18
IP_a421519dc2,IN,1,10
IP_a426bb43ff,US,1,1
IP_a42a5a6cc7,IN,1,14
IP_a431488450,IN,1,7
IP_a440ce90ce,IN,1,19
IP_a44390475e,IN,1,9
IP_a46a6a09ac,IN,1,13
IP_a46af5793a,IN,1,5
IP_a470322f8c,IN,1,15
IP_a474664a77,IN,1,16
IP_a475375859,IN,1,9
IP_a48534ab2f,IN,1,10
IP_a496cef73a,IN,1,12
IP_a49d475a61,IN,1,9
IP_a49eb393e5,IN,1,16
IP_a4a40d1d51,IN,1,18
IP_a4ac06f919,IN,1,9
IP_a4ac24391b,IN,1,16
IP_a4bc673d18,IN,1,12
IP_a4c54aef13,IN,1,13
IP_a4d5a9abbd,IN,1,9
IP_a4ebfbb9e5,IN,1,13
IP_a4ee0a2b24,SG,1,2
IP_a4f00d2ac2,IN,1,9
IP_a4f7d3a9d6,IN,1,10
IP_a4fcc7cba7,IN,1,16
IP_a4fdc3f410,IN,1,10
IP_a51c1a337d,IN,1,17
IP_a51c7ec885,IN,1,13
IP_a522a2576a,IN,1,14
IP_a52dfdd086,IN,1,8
IP_a536ede0ae,IN,1,14
IP_a539b8c1c9,IN,1,12
IP_a5484beb0f,IN,1,7
IP_a54efa5bb2,IN,1,16
IP_a55a192169,IN,1,8
IP_a5631a0f51,IN,1,13
IP_a563210020,IN,1,9
IP_a56c6a45e8,IN,1,11
IP_a58144e501,IN,1,10
IP_a583b00cd4,IN,1,7
IP_a5881b61d3,IN,1,9
IP_a5884fc718,IN,1,12
IP_a58c85e6eb,IN,1,12
IP_a59a9f8ff6,IN,1,11
IP_a59cf845b1,IN,1,10
IP_a59f6d7713,IN,1,14
IP_a5a10ec225,IN,1,14
IP_a5a66a3cea,IN,1,15
IP_a5a9045f95,IN,1,12
IP_a5af6b30e8,IN,1,9
IP_a5afb0f01b,IN,1,20
IP_a5b68b8bfe,IN,1,12
IP_a5c09fd672,IN,1,15
IP_a5c9430362,IN,1,16
IP_a5cd5c6522,IN,1,15
IP_a5d54518c5,IN,1,18
IP_a5df269b32,IN,1,12
IP_a5f48f7108,IN,1,13
IP_a5f9470d28,IN,1,10
IP_a60426a72e,IN,1,10
IP_a60ecd9440,IN,1,8
IP_a61913772a,IN,1,19
IP_a61e36f17f,IN,1,13
IP_a623afdd13,IN,1,15
IP_a6325544ab,IN,1,8
IP_a6342a7ef1,IN,1,8
IP_a64bbb42bb,IN,1,14
IP_a64ee7db29,IN,1,13
IP_a651fd7b9a,IN,1,9
IP_a65ad058c8,IN,1,10
IP_a661a77d75,IN,1,13
IP_a66e66772b,IN,1,13
IP_a677984c6a,IN,1,14
IP_a679bb7db4,IN,1,7
IP_a67bbb73ef,IN,1,6
IP_a67cdbe690,IN,1,16
IP_a6a62b65e0,IN,1,9
IP_a6b135228c,IN,1,19
IP_a6b7b31dc9,IN,1,21
IP_a6bf4e9d68,IN,1,12
IP_a6cd3e1cfa,IN,1,11
IP_a6d3d8c0c5,IN,1,9
IP_a6e36c0805,IN,1,26
IP_a6f21508d6,IN,1,7
IP_a6f7850926,AE,1,1
IP_a6fba5a1f2,IN,1,18
IP_a70172d39c,IN,1,3
IP_a7099f89ee,IN,1,11
IP_a70d199114,IN,1,15
IP_a70f03f22b,IN,1,9
IP_a70fd1f629,IN,1,12
IP_a712114c3a,IN,1,13
IP_a7228b32bd,GB,1,1
IP_a72449bce5,IN,1,18
IP_a727eef94a,IN,1,10
IP_a7284ffdb2,IN,1,8
IP_a72d3ec745,GB,1,3
IP_a739834cbc,SG,1,2
IP_a74126eb1e,IN,1,14
IP_a74359e3f2,IN,1,8
IP_a743d8397b,GB,1,1
IP_a7537b4e1c,IN,1,16
IP_a755e06f0a,IN,1,15
IP_a7589169c1,IN,1,11
IP_a75a71613d,IN,1,13
IP_a76c8f7901,IN,1,13
IP_a772aa0fa2,IN,1,12
IP_a77a264e58,IN,1,12
IP_a794380bd1,IN,1,8
IP_a795b224f0,IN,1,15
IP_a798462b8b,IN,1,16
IP_a7a81340e1,IN,1,9
IP_a7ac2611c1,GB,1,3
IP_a7b663a0dd,IN,1,20
IP_a7b887586f,IN,1,9
IP_a7c300e7c7,IN,1,12
IP_a7cc56ba3a,IN,1,16
IP_a7d5cf4e2c,IN,1,14
IP_a7ded87c0b,IN,1,14
IP_a80014a1df,IN,1,11
IP_a8004b044a,IN,1,11
IP_a807bddc54,IN,1,12
IP_a8220790d3,IN,1,9
IP_a8269eeb70,IN,1,16
IP_a82b09ab31,IN,1,10
IP_a82e7c8e4e,IN,1,11
IP_a83758d247,IN,1,8
IP_a845c2943e,IN,1,10
IP_a848014772,IN,1,14
IP_a848672e17,IN,1,9
IP_a852877fb8,IN,1,14
IP_a8536dfe81,IN,1,15
IP_a856edd614,IN,1,13
IP_a85eaa3f7f,IN,1,13
IP_a86e610b76,GB,1,3
IP_a870ab9e55,SG,1,3
IP_a87803a4e0,IN,1,12
IP_a87fc4bf50,IN,1,14
IP_a88cd96339,IN,1,11
IP_a89e3040ee,IN,1,12
IP_a8a117b14d,IN,1,10
IP_a8a150bb17,IN,1,6
IP_a8a48de0c4,IN,1,10
IP_a8a8f0056f,IN,1,8
IP_a8ad4a98f2,IN,1,18
IP_a8ba144a7a,IN,1,7
IP_a8c18514ba,IN,1,12
IP_a8c77dde0c,IN,1,7
IP_a8cbe125d2,IN,1,16
IP_a8cef31744,IN,1,12
IP_a8d0edeb2f,IN,1,20
IP_a8d26c0e52,IN,1,12
IP_a8d2e7e3b2,IN,1,12
IP_a8d3be5404,IN,1,12
IP_a8db86ad37,IN,1,12
IP_a8f299b009,IN,1,16
IP_a8f4520128,IN,1,12
IP_a8fdd071ac,IN,1,15
IP_a8fe1a0eb4,IN,1,9
IP_a900c3d126,IN,1,4
IP_a90e274961,IN,1,5
IP_a91629b475,IN,1,10
IP_a9177f607e,IN,1,14
IP_a927131faa,IN,1,14
IP_a92f3902a3,IN,1,16
IP_a931d31026,IN,1,12
IP_a94a9f9309,IN,1,9
IP_a94d77cb70,IN,1,11
IP_a9657df9e2,SG,1,1
IP_a966e04c8d,IN,1,7
IP_a96755badb,IN,1,12
IP_a96d52f1b8,IN,1,15
IP_a97c6cda97,IN,1,15
IP_a97dfd8363,GB,1,2
IP_a99416c547,IN,1,10
IP_a9972adbcc,IN,1,9
IP_a99856914d,IN,1,15
IP_a9a1dafc65,IN,1,11
IP_a9adf24533,IN,1,14
IP_a9ae18597d,IN,1,5
IP_a9b1d6d45d,IN,1,11
IP_a9bf4e354d,IN,1,18
IP_a9dbde23ed,IN,1,9
IP_a9fa97a32b,IN,1,7
IP_a9fb1c0b35,IN,1,16
IP_aa00b50346,IN,1,4
IP_aa0aee1d2e,IN,1,10
IP_aa1f9f0135,IN,1,14
IP_aa23fd1207,IN,1,6
IP_aa2771e70a,IN,1,11
IP_aa36f9e71d,IN,1,16
IP_aa3be9dc02,IN,1,13
IP_aa3f08454c,IN,1,9
IP_aa40da1136,IN,1,18
IP_aa52709cbe,IN,1,17
IP_aa74b8f7f1,IN,1,12
IP_aa759214f8,IN,1,11
IP_aa7ec5d1f4,IN,1,18
IP_aa850d94c6,IN,1,17
IP_aa86d024ca,IN,1,6
IP_aa981b9ec2,IN,1,13
IP_aa9de9922e,IN,1,12
IP_aaa39eddc0,IN,1,7
IP_aab2994c4f,IN,1,14
IP_aab86f9bc3,IN,1,8
IP_aabcbe46b9,IN,1,17
IP_aabe6ecfea,IN,1,9
IP_aac4d296f1,IN,1,9
IP_aacff03561,IN,1,7
IP_aad4a7e211,IN,1,12
IP_aad905ac87,IN,1,16
IP_aadd72e562,IN,1,9
IP_aaed3383cd,IN,1,10
IP_aaf299776b,IN,1,13
IP_ab00991a7e,IN,1,8
IP_ab021e9abd,IN,1,7
IP_ab119e2e06,IN,1,9
IP_ab1a2d0093,IN,1,14
IP_ab2736e67b,IN,1,11
IP_ab2d50014b,IN,1,15
IP_ab2e6c3f59,IN,1,11
IP_ab320a7b3f,IN,1,11
IP_ab472a098d,IN,1,12
IP_ab58ea1bc4,US,1,2
IP_ab5d4da09c,IN,1,14
IP_ab622c4551,IN,1,15
IP_ab62cac7db,IN,1,8
IP_ab68737d22,IN,1,11
IP_ab6ed90035,IN,1,8
IP_ab7188a032,IN,1,9
IP_ab73cabca5,IN,1,12
IP_ab7af3668b,IN,1,7
IP_ab7da437f1,IN,1,14
IP_ab840928e9,IN,1,9
IP_ab84ff3534,IN,5,9
IP_ab8900c4b8,IN,1,11
IP_ab8a61dfd8,IN,1,13
IP_ab939ea148,IN,1,12
IP_aba1c1e09e,IN,1,12
IP_abab5457f6,IN,1,12
IP_abab57821e,IN,1,15
IP_abb0a8ba1d,IN,1,8
IP_abbd48e669,IN,1,9
IP_abbf90f2ab,US,1,2
IP_abc3ab7107,IN,1,10
IP_abc3fc3ce6,IN,1,12
IP_abdd5a8731,IN,1,7
IP_abe5ba2d3e,IN,1,11
IP_abea565df3,IN,1,10
IP_abeead79af,IN,1,8
IP_abf3c145f8,IN,1,9
IP_abf70a2feb,IN,1,10
IP_ac0089f1cc,IN,1,8
IP_ac014f72c7,IN,1,12
IP_ac044da5d2,IN,1,8
IP_ac04ee6f8f,IN,1,8
IP_ac085cbd33,IN,1,16
IP_ac1127929d,IN,1,19
IP_ac180ef1c6,IN,1,10
IP_ac2759bddc,US,1,1
IP_ac2826da16,IN,1,9
IP_ac38946045,IN,1,10
IP_ac3c9c1dd2,IN,1,14
IP_ac41fbdb91,IN,1,10
IP_ac44918ab0,IN,1,9
IP_ac49bbfae6,IN,1,8
IP_ac4d5404f3,IN,5,15
IP_ac5ed928c1,IN,1,20
IP_ac68971b8a,IN,1,8
IP_ac6e9b73e3,IN,1,8
IP_ac71fcff87,IN,1,7
IP_ac7d0a5125,AE,1,2
IP_ac7df947cf,IN,1,8
IP_ac7eaa057c,IN,1,13
IP_ac85833865,AE,1,3
IP_ac8e5a82cd,IN,1,7
IP_ac9234b066,IN,1,15
IP_ac988501c1,IN,1,22
IP_ac9bcf308d,IN,1,11
IP_aca1cf5649,IN,1,9
IP_aca752241f,IN,1,13
IP_acb0248143,IN,1,15
IP_acb972818e,IN,1,14
IP_acc5b16400,IN,1,9
IP_acc68ab3a0,IN,1,15
IP_acd558d6dd,IN,1,8
IP_acd63936e6,IN,1,8
IP_acdc3c23ec,IN,1,11
IP_acddd3a09c,IN,1,10
IP_ace5d39af3,IN,1,15
IP_acebe06e63,IN,1,14
IP_acf2aae54b,IN,1,11
IP_acf2cc8489,IN,1,19
IP_acf781c2e1,IN,1,8
IP_acfd3008e0,IN,1,8
IP_acfd811984,IN,1,15
IP_ad0212c620,IN,1,11
IP_ad03525c86,IN,1,9
IP_ad06c3f9da,IN,1,8
IP_ad0caafedc,IN,1,12
IP_ad157ab8e4,AE,1,2
IP_ad1ffb4e63,IN,1,10
IP_ad215c209a,IN,1,17
IP_ad220873d0,IN,1,9
IP_ad2401ea8c,IN,1,12
IP_ad31702cc2,IN,1,13
IP_ad3722b3d0,SG,1,1
IP_ad3a4ee0a0,IN,1,13
IP_ad3cf6139c,IN,1,11
IP_ad42cd2f73,IN,1,17
IP_ad6cb0cb65,IN,1,7
IP_ad6da62c34,IN,1,10
IP_ad72d6c923,IN,1,16
IP_ad72e488f5,IN,1,16
IP_ad89e3ecc0,IN,1,9
IP_ad8b28646f,IN,1,9
IP_ad92d0c760,IN,1,12
IP_ad951e9f09,IN,1,8
IP_ada1928a78,IN,1,14
IP_ada7bcbd25,IN,6,14
IP_ada83ca69b,IN,1,9
IP_adbd872de2,IN,1,15
IP_add460b37b,IN,1,12
IP_add737d7c9,IN,1,8
IP_adddf150a8,IN,1,14
IP_ade2dddcd7,IN,1,9
IP_adebefd55d,IN,1,6
IP_adec8a232b,IN,1,11
IP_ae0870d959,IN,1,11
IP_ae1355be4b,IN,1,12
IP_ae26fb3eee,IN,1,12
IP_ae4117cc46,IN,1,10
IP_ae41205a84,IN,1,13
IP_ae43097138,IN,1,13
IP_ae461e6673,IN,1,7
IP_ae54c5be0b,IN,1,15
IP_ae551b2154,IN,1,16
IP_ae5d728082,IN,1,10
IP_ae64bc79b5,IN,1,16
IP_ae6bba69ef,IN,1,9
IP_ae6d91e6d3,IN,1,8
IP_ae739f3edd,IN,1,12
IP_ae7b3b8481,IN,1,17
IP_ae8596b5e7,GB,1,3
IP_ae95913548,IN,1,16
IP_ae9f803c02,IN,1,7
IP_aea27411b6,IN,1,13
IP_aea6824164,IN,1,17
IP_aeac69ce73,IN,1,20
IP_aeb71f8a88,GB,1,2
IP_aec159fe96,IN,1,17
IP_aec24046d0,IN,1,8
IP_aec2670d79,IN,1,14
IP_aec674e28c,IN,1,10
IP_aed37a2a9c,IN,1,13
IP_aed6f3f425,IN,1,12
IP_aee1992527,IN,1,7
IP_aeed539a15,IN,1,6
IP_aef0f089e7,IN,1,10
IP_aeff5d73e4,IN,1,3
IP_af017fb669,IN,1,13
IP_af07aa6750,IN,1,15
IP_af0b11e074,GB,1,1
IP_af13fae742,IN,1,14
IP_af25258003,IN,1,14
IP_af2a758598,IN,1,17
IP_af35e192ca,IN,1,13
IP_af39bdda9e,IN,1,10
IP_af47719c65,IN,1,14
IP_af47def145,IN,1,12
IP_af517133d9,IN,1,6
IP_af52c7a6eb,IN,1,14
IP_af56db8cea,IN,1,7
IP_af5a0e918e,IN,1,8
IP_af6137a47e,IN,1,14
IP_af67f4e4e4,IN,1,10
IP_af6ac3dcf2,IN,1,14
IP_af7779e918,IN,1,12
IP_af7b45f8ee,IN,1,13
IP_af87c738e5,IN,1,17
IP_afa34727a0,US,1,1
IP_afa3744bc9,IN,3,10
IP_afb5aef1cc,IN,1,4
IP_afb8e3c290,IN,1,16
IP_afba261c82,IN,1,12
IP_afc139de85,IN,1,17
IP_afcc8606d4,IN,1,15
IP_afccaa01ff,IN,1,11
IP_afd041d654,IN,1,15
IP_afd0b61db9,IN,1,10
IP_afd18da909,IN,1,8
IP_afd880470c,IN,1,17
IP_afe70528aa,IN,1,6
IP_aff89fef93,IN,1,10
IP_b000b69d4d,IN,1,13
IP_b00f952e7f,IN,1,15
IP_b0106134b8,IN,1,13
IP_b01a2d1617,IN,1,16
IP_b01de481fd,IN,1,6
IP_b01fe686f0,IN,1,12
IP_b0225b1daf,IN,1,12
IP_b02ab66986,IN,1,14
IP_b039136f10,IN,1,11
IP_b03c39188e,IN,1,19
IP_b03eb4ff06,IN,1,13
IP_b04f1585cf,IN,1,7
IP_b0505167d0,IN,1,13
IP_b061506b37,IN,1,12
IP_b0629215dd,IN,1,12
IP_b067286ffb,IN,1,14
IP_b06f2e8e2b,IN,1,10
IP_b0754942b0,IN,1,8
IP_b087dff038,US,1,1
IP_b089ccb3b7,IN,1,3
IP_b0a706bf13,IN,1,12
IP_b0a95eef22,IN,1,14
IP_b0aab444a8,IN,1,18
IP_b0aee87e49,IN,1,9
IP_b0bb8f5748,IN,1,12
IP_b0c680e950,IN,1,7
IP_b0c7a06c3b,IN,1,10
IP_b0c87e1f4b,IN,1,7
IP_b0d0ec708c,IN,1,7
IP_b0d1b2e4fa,IN,1,8
IP_b0da39ad43,IN,1,11
IP_b0eaeeeefe,IN,1,12
IP_b1050b8908,IN,1,12
IP_b123e36556,IN,1,13
IP_b12b360815,IN,1,11
IP_b132e864e4,IN,1,14
IP_b139fe5295,IN,1,15
IP_b13ce5d0a4,IN,1,9
IP_b14320912a,IN,1,16
IP_b14c7c3a85,IN,1,8
IP_b150bd1253,IN,1,13
IP_b15237878a,IN,1,13
IP_b156de9f6c,IN,1,7
IP_b1612508ef,IN,1,9
IP_b1614a41c7,IN,1,13
IP_b16442aea3,IN,1,19
IP_b17248d99b,IN,1,14
IP_b18828d994,IN,1,9
IP_b1895af98a,IN,1,9
IP_b18b6f4dbd,IN,1,7
IP_b1a50f69ff,SG,1,3
IP_b1a9c51644,IN,1,14
IP_b1aa590579,IN,1,10
IP_b1bca45729,IN,1,19
IP_b1bcf7360a,IN,1,10
IP_b1be118b89,IN,1,9
IP_b1c0b9e7ff,IN,1,12
IP_b1d5775d2a,IN,1,16
IP_b1e643dcaa,IN,1,6
IP_b1f52050f1,IN,1,14
IP_b200cf1ba3,IN,1,16
IP_b20e31f0c6,IN,1,12
IP_b2132fabc8,IN,1,14
IP_b2268f4c84,IN,1,11
IP_b229a71f99,IN,1,10
IP_b238cecd30,IN,1,10
IP_b246ca6e95,IN,1,11
IP_b24c0e5f9b,IN,1,7
IP_b25fe92600,IN,1,11
IP_b2659b6472,IN,1,11
IP_b272094c7b,IN,1,11
IP_b278a34d84,IN,1,14
IP_b28c0ecd19,IN,1,15
IP_b28c9f9890,IN,1,12
IP_b293583641,IN,1,7
IP_b29958f3a0,IN,1,12
IP_b29db779d9,IN,1,10
IP_b29f1d1f01,IN,1,14
IP_b2b793f23c,IN,1,7
IP_b2c1eb89e4,IN,1,12
IP_b2e8aaf792,IN,1,11
IP_b2e8e2262c,IN,1,18
IP_b2f4aa4bbe,IN,1,13
IP_b3001171d1,IN,1,10
IP_b300e16f48,IN,1,10
IP_b30459ef04,IN,1,10
IP_b30900d477,IN,1,11
IP_b30ed2295f,IN,1,16
IP_b3207aa7f9,IN,1,13
IP_b325502b64,AE,1,1
IP_b32fd52c0d,IN,1,6
IP_b335de048e,IN,1,12
IP_b33a3b255a,IN,1,8
IP_b3420fc600,IN,1,11
IP_b3453aa346,IN,1,13
IP_b34812443d,IN,1,25
IP_b349156adc,IN,1,13
IP_b34f128c21,IN,1,15
IP_b351a681ec,IN,1,8
IP_b35710114c,IN,1,10
IP_b35a66ea24,IN,1,13
IP_b360f8b952,IN,1,16
IP_b36379604d,IN,1,15
IP_b37a692d99,IN,1,12
IP_b38653e299,IN,1,7
IP_b3938dc9b0,IN,1,12
IP_b3951980ef,IN,1,10
IP_b3bbf715cd,IN,1,12
IP_b3be6b816b,IN,1,12
IP_b3cac3832b,IN,1,10
IP_b3cda537a9,IN,1,12
IP_b3d170a3c8,IN,1,14
IP_b3e69972fc,IN,1,11
IP_b3fb528fc4,IN,1,10
IP_b3ff8d022d,IN,1,12
IP_b3ffd881f0,IN,1,11
IP_b402fdb512,IN,1,11
IP_b40e0b2568,IN,1,11
IP_b41207e5aa,IN,1,10
IP_b421e7cd1a,IN,1,9
IP_b4249cdbbc,IN,1,6
IP_b42819b42a,IN,1,18
IP_b4382ab548,IN,1,9
IP_b43b7cb414,IN,1,27
IP_b43d5d344e,IN,1,11
IP_b43f3ccd83,IN,1,17
IP_b4433f7e2d,IN,1,15
IP_b4458e1102,IN,1,9
IP_b450e855da,IN,1,17
IP_b45364f753,IN,1,10
IP_b45fcf85d5,IN,1,13
IP_b469793d37,IN,1,17
IP_b46983425d,IN,1,12
IP_b46d09cb2d,IN,1,9
IP_b47155711f,IN,1,9
IP_b47f24a20c,IN,1,10
IP_b480a8ed34,IN,1,15
IP_b487358be9,IN,1,12
IP_b498f26ccc,IN,1,10
IP_b4bb1099bd,IN,1,19
IP_b4bfdcdd89,IN,1,6
IP_b4c536d120,IN,1,12
IP_b4ce96bb04,IN,1,11
IP_b4d026f6a4,IN,1,8
IP_b4d15cdde5,IN,1,9
IP_b4d44df55d,IN,1,9
IP_b4d5dcbdf9,IN,1,13
IP_b4dcccf1e8,IN,1,13
IP_b4e4019a54,IN,1,18
IP_b4eb0c5eb6,AE,1,1
IP_b4ecac6ea5,IN,1,8
IP_b4f1bfe1d9,IN,1,12
IP_b4fae4f19f,IN,1,14
IP_b504934299,IN,1,10
IP_b505c0a7b1,IN,1,10
IP_b50911b996,IN,1,9
IP_b510c21ee8,IN,1,8
IP_b516106ed7,IN,1,15
IP_b518819fce,IN,1,8
IP_b530a0c950,IN,1,12
IP_b53e4443ca,IN,1,13
IP_b53e9df45f,IN,1,14
IP_b53fab466b,IN,1,11
IP_b5431824c9,IN,1,8
IP_b549f6a453,IN,1,17
IP_b55ee96189,IN,1,7
IP_b56d3a72b4,IN,1,6
IP_b57df729ea,IN,1,9
IP_b5822883a0,IN,1,9
IP_b5b14e11f1,IN,1,16
IP_b5bfac54f0,IN,1,13
IP_b5c3859d61,IN,1,11
IP_b5c879d19f,IN,1,11
IP_b5d3f14789,IN,1,9
IP_b5dd1ee0f4,IN,1,11
IP_b5dfa7fef3,SG,1,1
IP_b5e71fb9d3,IN,1,9
IP_b5f218c1db,IN,1,7
IP_b5f8170d23,IN,1,19
IP_b5f8e760bc,IN,1,7
IP_b5fc20dfb8,IN,1,15
IP_b5fe268b56,SG,1,2
IP_b607f55302,IN,1,9
IP_b61066739c,IN,1,6
IP_b6191929d4,IN,1,24
IP_b61c4d2b6f,IN,1,15
IP_b61d277ed1,IN,1,14
IP_b62e2c901f,IN,1,8
IP_b64a90d818,IN,1,15
IP_b6513d10e4,IN,1,8
IP_b65ce95fe4,IN,1,13
IP_b6693476d0,IN,1,10
IP_b676f83047,IN,1,7
IP_b6827eef36,IN,1,15
IP_b684fcd39f,IN,1,12
IP_b689a38c7c,IN,1,12
IP_b68bea20e1,IN,1,13
IP_b69624537d,IN,1,15
IP_b6a05ad467,IN,1,12
IP_b6a5b8fcbc,IN,1,10
IP_b6a6e53d9c,IN,1,9
IP_b6a8be5ba9,IN,1,11
IP_b6b2444c22,IN,1,13
IP_b6bb97df51,IN,1,9
IP_b6bc1e1780,IN,1,10
IP_b6cd5f8021,SG,1,1
IP_b6da615a47,IN,1,16
IP_b6f0068476,IN,1,12
IP_b6fa03377a,IN,3,8
IP_b6fe871a5c,IN,1,9
IP_b7076873ea,IN,1,6
IP_b724665cf9,IN,1,12
IP_b733341338,IN,1,10
IP_b73aa0cf02,IN,1,11
IP_b740e4f77a,IN,1,11
IP_b74a239c6c,IN,1,9
IP_b74cb070e4,IN,1,10
IP_b751a20d96,IN,1,13
IP_b7529edfa8,IN,1,10
IP_b75586f313,IN,1,6
IP_b75b0479ff,IN,1,12
IP_b75bc03bfd,IN,1,10
IP_b76d4f54eb,IN,1,7
IP_b76eda4efa,IN,1,15
IP_b771f7d062,IN,1,14
IP_b7726d7daa,IN,1,16
IP_b77a350bff,IN,1,10
IP_b7802d7ff3,IN,1,10
IP_b7817545d1,IN,1,15
IP_b78513636b,IN,1,11
IP_b78a8d913f,IN,1,13
IP_b7a13bc114,IN,1,18
IP_b7a6f9d2c8,IN,1,14
IP_b7a827fd89,IN,1,10
IP_b7a9a492de,IN,1,6
IP_b7b1071a69,IN,1,23
IP_b7b2629d26,IN,1,19
IP_b7c8f8667c,IN,1,9
IP_b7cd903205,GB,1,3
IP_b7d0d37071,IN,1,14
IP_b7db820be2,IN,1,10
IP_b801146893,IN,1,11
IP_b80aabe4e0,IN,1,14
IP_b82153f5e5,IN,1,10
IP_b8219f1159,IN,1,9
IP_b8368d6425,IN,1,19
IP_b83b478a83,IN,1,14
IP_b83b6da47f,IN,1,9
IP_b84ac60c32,IN,1,10
IP_b85ada96b1,IN,1,8
IP_b861331cee,IN,1,4
IP_b8745a2722,IN,1,12
IP_b877d8e7a0,IN,1,14
IP_b8865e1a0c,IN,1,7
IP_b88d804f85,IN,1,6
IP_b89116585e,IN,1,14
IP_b89191e8ad,IN,1,10
IP_b89262f9a1,IN,1,10
IP_b8939d8744,IN,1,11
IP_b894cce85a,IN,1,7
IP_b89af98e25,IN,1,14
IP_b8b96fc699,IN,1,5
IP_b8bb2bad82,IN,1,8
IP_b8d02092e4,IN,1,8
IP_b8e6edfbbc,IN,1,9
IP_b8ea20b370,IN,1,7
IP_b8ebb0eca9,IN,1,10
IP_b8f0c8606c,IN,1,16
IP_b900f3e3ce,IN,1,9
IP_b9094584e9,IN,1,11
IP_b91f8eebad,IN,1,14
IP_b92c473a5d,AE,1,3
IP_b92eca863a,IN,1,14
IP_b935c20921,IN,1,13
IP_b93c4a0529,IN,1,11
IP_b94295da89,IN,1,11
IP_b94419a094,IN,1,6
IP_b949e198f7,IN,1,12
IP_b956211d7e,IN,1,9
IP_b95b3f554d,US,1,3
IP_b95b48a039,IN,1,11
IP_b966b976c3,IN,1,10
IP_b969111f9e,IN,1,12
IP_b9976709da,IN,1,9
IP_b9a1093ed0,IN,1,9
IP_b9a16affa2,IN,1,10
IP_b9a759a048,IN,1,9
IP_b9afc949ed,IN,1,13
IP_b9b1c4f7c9,IN,1,16
IP_b9bb8f2037,IN,1,10
IP_b9c54bff40,IN,1,14
IP_b9cb6539af,IN,1,12
IP_b9d0a5ae22,IN,1,13
IP_b9d229cb91,IN,1,9
IP_b9d7808639,IN,1,10
IP_b9dd9f6bc3,IN,1,11
IP_b9fe3cf35e,IN,1,10
IP_ba00102b00,IN,1,13
IP_ba08e46318,IN,1,15
IP_ba111030d5,IN,1,9
IP_ba15c60136,IN,1,13
IP_ba28202952,IN,1,16
IP_ba346282ac,IN,1,14
IP_ba3c3a6b93,IN,1,11
IP_ba4b4e5ac1,IN,1,9
IP_ba4d656ea5,IN,1,8
IP_ba4eb01074,IN,1,15
IP_ba65fae8cb,IN,1,8
IP_ba68163af2,IN,1,12
IP_ba6ea25815,IN,1,13
IP_ba7cf0140b,IN,1,22
IP_ba8013d68f,IN,1,9
IP_ba849b4b74,IN,1,7
IP_ba851941b6,IN,1,14
IP_ba8ae37916,IN,1,20
IP_ba8aeecbad,IN,1,20
IP_ba91d09880,IN,1,19
IP_ba9d9bb5a7,IN,1,10
IP_baac58270a,IN,1,14
IP_baacae119d,IN,1,14
IP_baad19ec26,IN,1,7
IP_bab35257c0,IN,1,10
IP_bab85bfd9a,IN,1,12
IP_bac7a5ad74,IN,1,10
IP_bacf498646,IN,1,6
IP_bad27c94dd,IN,1,7
IP_bad325145c,IN,1,14
IP_bae4908401,IN,1,13
IP_baf1a05e54,IN,1,9
IP_bafedd55c5,IN,1,14
IP_bb015d3313,IN,1,16
IP_bb04722390,IN,1,2
IP_bb05114070,IN,1,14
IP_bb0b1097de,IN,1,11
IP_bb137b2d32,IN,1,9
IP_bb14cc2127,IN,1,13
IP_bb167046ad,IN,1,8
IP_bb176b06f6,IN,1,18
IP_bb2016db6a,IN,1,15
IP_bb21231aec,IN,1,16
IP_bb2efdb192,IN,1,8
IP_bb31dc8c9e,IN,1,14
IP_bb35d3d40d,IN,1,17
IP_bb35e67e2c,IN,1,9
IP_bb37014767,IN,1,12
IP_bb3dd5fab5,IN,1,6
IP_bb45aae4c2,IN,1,18
IP_bb557c2b1f,IN,1,13
IP_bb5b5b59fa,IN,1,9
IP_bb612f8957,IN,1,10
IP_bb62097c4f,IN,1,9
IP_bb7c4448a3,IN,1,15
IP_bb7d774a96,IN,1,11
IP_bb806ba005,IN,1,7
IP_bb82150a67,IN,1,14
IP_bb8dab8d7f,IN,1,5
IP_bb8dce0bb3,IN,1,9
IP_bb9a8347cb,IN,1,7
IP_bb9d9ac56a,IN,1,13
IP_bbaa4539f2,IN,1,12
IP_bbc800d20f,IN,1,11
IP_bbda340860,IN,1,9
IP_bbe296bcfa,IN,1,13
IP_bbe351ffac,IN,1,7
IP_bbeee5f0bd,IN,1,13
IP_bbf0bea80d,IN,1,9
IP_bbfa64e1d6,IN,1,10
IP_bc0f057219,AE,1,1
IP_bc13ecd019,IN,1,12
IP_bc18e54371,IN,1,6
IP_bc2327c53a,IN,1,6
IP_bc31297ba6,IN,1,11
IP_bc43f75b06,IN,1,7
IP_bc44fe35be,IN,1,25
IP_bc489fa085,IN,1,10
IP_bc49ad7784,IN,1,10
IP_bc4eb2a8f3,IN,1,13
IP_bc55e71b18,IN,1,12
IP_bc5884cede,IN,1,15
IP_bc5bf72904,IN,1,10
IP_bc674c114c,IN,1,12
IP_bc6e8a191f,IN,1,14
IP_bc741a0132,IN,1,8
IP_bc7a6e3b93,IN,1,12
IP_bc7ac1982a,IN,1,14
IP_bc99773c11,IN,1,13
IP_bca08aa5c3,IN,1,12
IP_bca277cad8,IN,1,12
IP_bca9338e3e,IN,1,9
IP_bcb849386b,IN,1,10
IP_bcbb369363,IN,1,16
IP_bcbbb7e8a1,IN,1,8
IP_bcc681dc56,IN,1,10
IP_bcc683bafe,IN,1,22
IP_bcd546bc1b,IN,1,9
IP_bced42b512,IN,1,14
IP_bd0069dcfb,IN,1,10
IP_bd0bf2bdfd,IN,1,13
IP_bd10f89d27,IN,1,12
IP_bd1dab03f4,US,1,1
IP_bd2f7363a9,IN,1,6
IP_bd3342ecd1,IN,1,14
IP_bd37f4b820,IN,1,18
IP_bd4e0c4d36,US,1,3
IP_bd52edc741,IN,1,12
IP_bd542e8dc8,IN,1,16
IP_bd559f4146,IN,1,14
IP_bd59bedfcd,IN,1,12
IP_bd5a3ff419,IN,1,13
IP_bd64a7ca5d,IN,1,9
IP_bd664ba75f,IN,1,16
IP_bd6836902c,IN,1,9
IP_bd744a4ab8,IN,1,10
IP_bd755dc447,IN,1,3
IP_bd81ada5ed,IN,1,17
IP_bd8730de62,IN,1,10
IP_bd9298606c,IN,1,10
IP_bd98eb84b6,IN,1,13
IP_bd991d1b20,IN,1,11
IP_bda28d034f,IN,1,6
IP_bda2c72284,IN,1,17
IP_bdb68a159e,IN,1,11
IP_bdbb9f5d52,IN,1,10
IP_bdc23ec997,IN,1,14
IP_bdc5aef09f,IN,1,15
IP_bdc6866e24,IN,1,4
IP_bdc887b198,IN,1,11
IP_bdcec97c1e,IN,1,10
IP_bdd1208c51,IN,1,15
IP_bdd254a8e5,IN,1,14
IP_bdd3bc5854,IN,1,13
IP_bddc09ce1e,IN,1,10
IP_bddf87931d,IN,1,7
IP_bde85016b7,IN,1,17
IP_bdebaeec76,IN,1,10
IP_bdf297d8c1,IN,1,7
IP_bdfa37ed44,IN,1,9
IP_be0973d8a7,IN,1,15
IP_be13e793d5,IN,1,14
IP_be1b470e67,IN,1,6
IP_be2602c2cd,SG,1,3
IP_be289809d4,IN,1,9
IP_be2a128ee3,IN,1,18
IP_be2bd042a7,IN,1,12
IP_be3f87b2d5,IN,1,14
IP_be450e22fe,AE,1,1
IP_be47944bdb,IN,1,9
IP_be48f10e81,IN,1,20
IP_be5416cc55,IN,1,9
IP_be560a10a1,IN,1,10
IP_be561922a6,IN,1,5
IP_be58b42101,IN,1,14
IP_be5a6deed3,IN,1,21
IP_be5c7b5483,IN,1,12
IP_be63d90b60,IN,1,12
IP_be68dbab6f,IN,1,8
IP_be80a01679,IN,1,10
IP_be8cad9da9,IN,1,14
IP_be8d8c89c7,IN,1,14
IP_be97680520,IN,1,15
IP_be9c8151ce,IN,1,11
IP_beb57ff2cd,IN,1,15
IP_beb64ea7a8,IN,1,11
IP_beba2de5b4,IN,1,7
IP_bebebe988e,AE,1,1
IP_bec3d81f70,SG,1,1
IP_bec5f4dc38,IN,1,9
IP_beeedeb125,IN,1,7
IP_bef5122a4a,IN,1,13
IP_bef8b48bec,IN,1,7
IP_befa110238,IN,1,17
IP_bf15b6ec51,IN,1,13
IP_bf1bb82acf,IN,1,22
IP_bf210a59cb,IN,1,7
IP_bf2d6fb75a,IN,1,9
IP_bf40543126,IN,1,7
IP_bf588c43b5,IN,1,10
IP_bf5b8c3679,IN,1,9
IP_bf6cebbc1f,IN,1,11
IP_bf70c1f9eb,IN,1,9
IP_bf73f94119,IN,1,8
IP_bf74415b0e,IN,1,11
IP_bf805da5ed,IN,1,11
IP_bf81b32668,IN,1,14
IP_bf91d15b39,IN,1,11
IP_bf94926a86,IN,1,13
IP_bf95a60d87,IN,1,14
IP_bf9c66894d,IN,1,14
IP_bfa2374277,IN,1,14
IP_bfa5877771,IN,1,9
IP_bfb0f5c600,IN,1,12
IP_bfbb63e98a,IN,7,21
IP_bfcaa7f323,IN,1,14
IP_bfcc4f1e15,IN,1,13
IP_bfccb31feb,IN,1,8
IP_bfccc3753b,IN,1,19
IP_bfd32d0e99,IN,1,19
IP_bfd4a358a2,IN,1,13
IP_bfd9e693aa,IN,1,15
IP_bfde05f7a4,IN,1,9
IP_bfe95e067b,IN,1,6
IP_bfeb7d321f,IN,1,19
IP_bff0deb6a2,IN,1,10
IP_c00526fc9a,IN,1,11
IP_c0133443f5,IN,1,10
IP_c01371bfac,IN,1,15
IP_c038540e2e,SG,1,1
IP_c04432848d,IN,1,9
IP_c047c31337,IN,1,20
IP_c04fd4e298,IN,1,11
IP_c0519a1075,IN,1,18
IP_c05357f19e,IN,1,9
IP_c06b0fa173,IN,1,13
IP_c078345acb,IN,1,14
IP_c07baf5efe,US,1,1
IP_c07d79f7c9,IN,1,14
IP_c080a46129,IN,1,12
IP_c084418b0f,IN,1,13
IP_c08b2ac738,IN,1,12
IP_c08d379dd0,IN,1,9
IP_c08d7861c9,IN,1,14
IP_c09069cb73,IN,1,7
IP_c095a6d35e,IN,1,31
IP_c0a007b4ad,IN,1,8
IP_c0a1e08399,IN,1,19
IP_c0a9cce298,IN,1,10
IP_c0af7eaa6f,IN,1,10
IP_c0b2b2fe7d,IN,1,10
IP_c0b9ed4358,IN,1,14
IP_c0bb3c575b,IN,1,19
IP_c0cffb97bb,IN,1,11
IP_c0e0616f3c,IN,1,12
IP_c0e4a58d19,IN,1,8
IP_c0e69e439d,IN,1,14
IP_c0f8af7c7f,IN,1,8
IP_c0fd53d2ed,IN,1,7
IP_c106cd7d0f,IN,1,7
IP_c10e626524,IN,1,10
IP_c1182b2935,IN,1,7
IP_c124f1de24,IN,1,13
IP_c12fa9a675,AE,1,1
IP_c131ebdbf5,IN,1,13
IP_c14ec2e275,IN,1,7
IP_c1504797a1,IN,1,12
IP_c150e9b8c2,IN,1,14
IP_c154d77859,IN,1,6
IP_c156437ff8,IN,1,16
IP_c15a6d00b8,IN,1,15
IP_c166ebcaab,IN,1,9
IP_c16702ac80,IN,1,15
IP_c16bd4f123,IN,1,13
IP_c17f308325,IN,1,8
IP_c18788ed7a,IN,1,7
IP_c1921b20a6,IN,1,9
IP_c19d53c177,IN,1,14
IP_c1a050aa44,IN,1,10
IP_c1a695baa7,IN,1,17
IP_c1b5bdaf97,IN,1,11
IP_c1b9af66d3,IN,1,10
IP_c1ba699a13,IN,1,6
IP_c1bbb3ba49,IN,1,12
IP_c1cd200fb4,IN,1,8
IP_c1db751006,IN,1,17
IP_c1e13cebac,IN,1,8
IP_c1e1e342c3,IN,1,11
IP_c1f602c67e,IN,1,15
IP_c1faa4d3ad,IN,1,10
IP_c218bf5465,IN,1,14
IP_c22d735669,IN,1,8
IP_c2373291a8,IN,1,10
IP_c248be001e,IN,1,9
IP_c24a1a238c,IN,1,10
IP_c25a92c80e,IN,1,11
IP_c26116cba5,IN,1,8
IP_c26590db26,IN,1,14
IP_c2792c21a9,IN,1,6
IP_c28e34e007,IN,1,8
IP_c28fa1e49a,IN,1,8
IP_c299139bf4,IN,1,11
IP_c2a3d0f6f5,IN,1,10
IP_c2a69a402f,IN,1,14
IP_c2b05f6b6b,IN,1,29
IP_c2b1bb1acb,IN,1,14
IP_c2c0b72198,IN,1,14
IP_c2c55fdcf1,IN,1,16
IP_c2ca179db6,IN,1,19
IP_c2d5e5748b,IN,1,14
IP_c2d7ae7b16,IN,1,5
IP_c2e7b20d70,IN,1,13
IP_c2ff9bf132,IN,1,17
IP_c316aebd64,IN,1,6
IP_c31972857b,IN,1,10
IP_c31d2e7b86,IN,1,23
IP_c3285328df,IN,1,14
IP_c32d741b9f,IN,1,12
IP_c3376bb8b0,IN,1,14
IP_c339b6df1d,IN,1,8
IP_c340b16909,IN,1,14
IP_c341142558,IN,1,14
IP_c352391672,IN,1,12
IP_c35a43a7b1,IN,1,11
IP_c3628debe4,IN,1,16
IP_c36a95444f,IN,1,8
IP_c37450183c,IN,1,8
IP_c376f6e659,IN,1,8
IP_c378a5ecd4,IN,1,8
IP_c37b712de2,IN,1,9
IP_c38132b5a6,IN,1,11
IP_c382633c21,IN,1,17
IP_c38437ff5d,IN,1,10
IP_c38510a383,IN,1,7
IP_c38b247858,IN,1,21
IP_c38e5bdecb,IN,1,9
IP_c38f16e09b,IN,1,13
IP_c39ad5b5c8,IN,1,6
IP_c39d6c2709,IN,1,10
IP_c3c6156206,IN,1,11
IP_c3cd1499b8,IN,1,8
IP_c3de3b1f3b,IN,1,17
IP_c3e2ea3b4b,IN,1,10
IP_c3ece458dd,IN,1,11
IP_c3ef718aa3,US,1,2
IP_c3f02914c1,IN,1,10
IP_c3fdaa2b91,IN,1,19
IP_c401894056,IN,1,10
IP_c41eb5edf1,IN,1,11
IP_c430464fa6,IN,1,13
IP_c4393d21fb,IN,1,8
IP_c441fee9f0,IN,1,6
IP_c44b262fd4,IN,1,20
IP_c44d5d476e,IN,1,8
IP_c4682a0b19,IN,1,8
IP_c47db5c872,IN,1,7
IP_c48127de8e,IN,1,25
IP_c486171d0d,IN,1,12
IP_c486d31571,IN,1,13
IP_c48ae0e1d6,IN,1,8
IP_c48b1d7d68,IN,1,11
IP_c48b48460a,IN,1,11
IP_c48bd7a19e,IN,1,18
IP_c4adac1e7a,IN,1,7
IP_c4b0032742,IN,1,8
IP_c4b127d998,IN,1,7
IP_c4bbc5fbad,IN,1,19
IP_c4be97497d,IN,1,14
IP_c4c01a8ecb,IN,1,17
IP_c4c1219ae8,IN,1,16
IP_c4c2cbb8b1,IN,1,10
IP_c4c320942f,IN,1,10
IP_c4c4f132bd,IN,1,10
IP_c4c6fcec0e,IN,1,15
IP_c4c7ea4471,IN,1,21
IP_c4caf4d95d,SG,1,2
IP_c4de55f290,IN,1,7
IP_c4e40d9058,IN,1,6
IP_c4ea92c85c,GB,1,1
IP_c4efa46b0c,IN,1,8
IP_c4f0230d54,IN,1,12
IP_c4f0a29b35,IN,1,10
IP_c4fd9b1ec7,IN,1,11
IP_c50e6178a7,IN,1,14
IP_c51eb268fb,IN,1,14
IP_c5294d1e36,IN,1,8
IP_c52a3d04b3,IN,1,9
IP_c52f51542f,IN,1,7
IP_c535bba9cb,IN,1,6
IP_c5371faf78,IN,1,15
IP_c54a9aeaf7,IN,1,8
IP_c555e894f1,IN,1,12
IP_c55960a1ec,IN,1,14
IP_c559d36561,IN,1,17
IP_c55db55723,IN,1,7
IP_c5667cda0c,IN,1,8
IP_c56c341c4c,IN,1,9
IP_c570632282,IN,1,19
IP_c5759493b1,IN,2,3
IP_c57f05c65b,IN,1,9
IP_c58d0a0b1e,IN,1,13
IP_c591a607da,IN,1,6
IP_c594dce2da,IN,1,7
IP_c5a8a5a832,IN,1,5
IP_c5b00e832d,IN,1,16
IP_c5bb0eec93,IN,1,15
IP_c5bda1a191,IN,1,12
IP_c5bfbc2b07,IN,1,19
IP_c5d1a9c944,IN,1,12
IP_c5d8ecf20c,IN,1,18
IP_c5d9e3b239,IN,1,15
IP_c5df2d6fba,IN,1,18
IP_c5e98c864c,IN,1,12
IP_c5f31dccca,IN,1,15
IP_c5fdc3749c,IN,1,13
IP_c60353b3a3,IN,7,17
IP_c61b6456fd,IN,1,8
IP_c624177fef,IN,1,8
IP_c628b78a00,IN,1,12
IP_c6584819b8,IN,1,14
IP_c66539e490,IN,1,10
IP_c676b8c474,SG,1,3
IP_c689c14220,IN,1,12
IP_c68bd75d03,IN,1,17
IP_c68c37118d,IN,1,7
IP_c694edcd8f,IN,1,16
IP_c69c843ca1,IN,1,17
IP_c6a7001133,IN,1,8
IP_c6b2321c80,IN,1,11
IP_c6c9360a88,IN,1,16
IP_c6cea18430,IN,1,7
IP_c6d9dffa29,IN,1,8
IP_c6dbc256b4,IN,1,12
IP_c6e9c157b2,IN,1,14
IP_c6ed422ad6,IN,1,10
IP_c6f513389f,IN,1,15
IP_c6f65d8dd9,IN,1,8
IP_c6f6ae60bb,IN,1,11
IP_c6f8c197ed,IN,1,22
IP_c6f9dce452,IN,1,14
IP_c6fdf0c59c,IN,1,15
IP_c6fdf65dd4,IN,1,8
IP_c71052c22b,IN,1,13
IP_c7123ebf68,IN,1,13
IP_c7199b8a4f,IN,1,12
IP_c71d9b2515,IN,1,16
IP_c7334ca0c2,IN,1,10
IP_c738b5e271,IN,3,9
IP_c741851cf3,IN,1,19
IP_c745f38a8e,IN,1,8
IP_c74870b6b1,IN,1,11
IP_c74f3f8472,IN,1,12
IP_c74f92de43,IN,1,18
IP_c75656f7c8,IN,1,12
IP_c7570fe593,IN,1,13
IP_c75c8a2d19,IN,1,15
IP_c75ce332fb,IN,1,9
IP_c75d393b33,IN,1,14
IP_c760dd0f26,IN,1,13
IP_c76703ce1f,IN,1,13
IP_c76897bfcf,IN,1,10
IP_c76c8ecf94,IN,1,12
IP_c77b010d58,IN,1,13
IP_c77b27112a,IN,1,7
IP_c786e777ed,IN,1,13
IP_c78fd9fc99,IN,1,9
IP_c792210e98,IN,1,8
IP_c79b527331,IN,1,14
IP_c7a16d01ab,IN,1,8
IP_c7a48ba178,IN,1,9
IP_c7a641cca1,IN,1,13
IP_c7b4d7b3fa,IN,1,6
IP_c7bf3a54e2,IN,1,12
IP_c7c3f6a8d4,IN,1,5
IP_c7ca3583e5,IN,1,11
IP_c7d9205f7a,IN,1,13
IP_c7de79476a,IN,1,10
IP_c7de83eda3,IN,1,7
IP_c7e05422e7,IN,1,8
IP_c7e0f01c5d,IN,1,18
IP_c7ebecb7dd,IN,1,14
IP_c7f1e406b1,IN,1,16
IP_c7f2970de5,IN,1,15
IP_c800797b92,AE,1,2
IP_c8084fc777,IN,1,11
IP_c809571d57,GB,1,1
IP_c80af233ab,IN,1,11
IP_c80ee46112,IN,1,13
IP_c81362bcc9,AE,1,1
IP_c813a2d569,AE,1,2
IP_c813d8ccce,IN,1,21
IP_c82735dbd8,IN,1,12
IP_c8294df94d,IN,1,10
IP_c83677d4a6,IN,1,13
IP_c83778fb8c,IN,1,8
IP_c83ba5d298,IN,1,13
IP_c83dbd8a86,IN,1,12
IP_c840d46d2b,IN,1,14
IP_c840f5d1f9,IN,1,16
IP_c85d5f1374,IN,1,10
IP_c862991a47,IN,1,11
IP_c8648aee45,IN,1,12
IP_c87be3730b,IN,1,17
IP_c883befc58,IN,1,17
IP_c887922a06,IN,1,12
IP_c89806ec16,IN,1,10
IP_c898c8e409,IN,1,7
IP_c8a732df55,IN,1,12
IP_c8aa56e5f5,IN,1,11
IP_c8ac1f7e01,IN,1,11
IP_c8ae71f53d,IN,1,29
IP_c8b963725c,IN,1,12
IP_c8c821bad6,US,1,1
IP_c8d3a62162,IN,1,13
IP_c8d7bccfe4,IN,1,13
IP_c8d9f719ce,IN,1,9
IP_c8ebdef62b,IN,1,14
IP_c8f06209c8,IN,1,12
IP_c8f4622e6d,IN,1,5
IP_c90621df93,IN,1,15
IP_c90977ec46,IN,1,9
IP_c915e2c28b,IN,1,11
IP_c91898d330,IN,1,6
IP_c923e15cc3,IN,1,12
IP_c9255fad0e,IN,1,7
IP_c92d7fdf16,IN,1,17
IP_c92fed0d16,IN,1,3
IP_c935383992,IN,1,15
IP_c94085e439,IN,1,16
IP_c941af0b31,IN,1,9
IP_c945ce11d5,IN,1,11
IP_c946f639e9,IN,1,13
IP_c949d377d7,IN,1,14
IP_c9505939f9,IN,1,17
IP_c9547e76cf,IN,1,11
IP_c95a21db95,IN,7,15
IP_c95b6a71db,IN,1,10
IP_c95ebce5a4,IN,1,12
IP_c961111576,IN,1,19
IP_c9650b92fc,IN,1,9
IP_c965b72618,IN,1,13
IP_c96866746c,IN,1,18
IP_c9693b3806,IN,1,12
IP_c969bd053a,IN,1,13
IP_c977a75c1b,IN,1,12
IP_c97a97d9e9,IN,1,12
IP_c9a51011f5,IN,1,10
IP_c9a654e702,IN,1,11
IP_c9b9ad2314,IN,1,12
IP_c9c74fb671,IN,1,6
IP_c9cc26f445,IN,1,12
IP_c9d030bf61,IN,1,14
IP_c9d40b94b7,IN,1,7
IP_c9ec367c8a,IN,1,6
IP_c9f266b040,IN,1,10
IP_c9f29193bf,IN,1,7
IP_c9f723655f,IN,1,8
IP_c9f8b3ac92,IN,1,11
IP_c9fb9c5237,IN,1,12
IP_ca0157db8f,IN,1,13
IP_ca0dd19a61,IN,1,15
IP_ca107b0c93,IN,1,11
IP_ca11bfeb29,IN,1,14
IP_ca1e611b2f,IN,1,14
IP_ca38cdfe7b,IN,1,11
IP_ca3a75815b,IN,1,8
IP_ca3ba2aa68,IN,5,16
IP_ca42df37b2,IN,1,16
IP_ca43082e62,IN,1,10
IP_ca4ad11450,IN,1,8
IP_ca6405a7a4,IN,1,11
IP_ca6a1f3648,IN,1,15
IP_ca6a34f7af,IN,1,14
IP_ca6ddc38ef,IN,1,18
IP_ca731ad977,IN,8,20
IP_ca793df3a5,IN,1,18
IP_ca8e7a463a,IN,1,8
IP_ca9577cad6,IN,1,9
IP_ca98b6c396,IN,1,10
IP_ca9a7eddad,IN,1,10
IP_caa1b2eb0a,IN,1,10
IP_caac6e6937,IN,1,12
IP_cac8ddad4f,IN,1,10
IP_cacbea6b53,IN,1,14
IP_cade5189c9,IN,1,12
IP_cafe01ccc9,IN,1,7
IP_cb02fb4d05,IN,1,14
IP_cb0b349f9d,IN,1,9
IP_cb0cc8d52c,IN,1,14
IP_cb1f2a389c,IN,1,6
IP_cb28164e14,IN,1,15
IP_cb343b0418,IN,1,9
IP_cb38350289,IN,1,19
IP_cb3cbed876,IN,1,12
IP_cb3ff68363,IN,1,35
IP_cb43443d0b,IN,1,10
IP_cb4811f10d,IN,1,12
IP_cb4817053b,IN,1,14
IP_cb55db838e,IN,1,12
IP_cb5df91454,IN,1,13
IP_cb6cabf8ad,IN,1,8
IP_cb73986b99,IN,1,9
IP_cb9982272c,IN,1,9
IP_cb99c95fff,IN,1,6
IP_cbac45add7,IN,1,17
IP_cbacfcab62,IN,1,12
IP_cbbfd19e93,IN,1,9
IP_cbc3f4a1f7,IN,1,16
IP_cbceeca4de,IN,1,17
IP_cbe129fb48,IN,1,19
IP_cbeaf3a2d6,IN,1,8
IP_cbf2a96f60,IN,1,13
IP_cc0b5a8f03,IN,1,11
IP_cc0d720544,IN,1,12
IP_cc1266cf62,IN,1,12
IP_cc19570c59,IN,1,6
IP_cc1dd8a6fa,IN,1,14
IP_cc2996447e,IN,1,14
IP_cc2ce703c8,IN,1,9
IP_cc3462ca19,IN,1,18
IP_cc4f8c5888,IN,1,3
IP_cc57fde816,IN,1,13
IP_cc59922072,IN,1,10
IP_cc686052ac,IN,1,12
IP_cc742196b9,IN,1,15
IP_cc779ac7e7,IN,1,13
IP_cc7ecd4f6b,IN,1,11
IP_cc7f8445f0,IN,1,14
IP_cc85df22f8,IN,1,8
IP_cc85f7905b,IN,1,6
IP_cc8f37c9e1,IN,1,7
IP_cc915cb667,IN,1,17
IP_cc9ecb15c2,IN,1,19
IP_cc9ed44eda,IN,1,9
IP_cca7611d70,IN,1,9
IP_ccc097f947,IN,1,12
IP_ccc16776a4,IN,1,12
IP_ccc2f41aee,IN,1,13
IP_ccc77bba04,IN,1,9
IP_ccc865dffa,IN,1,10
IP_cccedd29ce,IN,1,9
IP_ccd4573065,IN,1,10
IP_ccd4df56bd,IN,1,12
IP_ccd5e776ab,IN,1,26
IP_ccd812cdf2,IN,1,9
IP_ccd986d1f2,IN,1,10
IP_cce2d84b6a,IN,1,13
IP_cce4410523,IN,1,5
IP_ccea5f33ec,IN,1,14
IP_cceab483d8,IN,1,9
IP_ccf6417178,IN,1,13
IP_cd01f74a44,IN,1,11
IP_cd039f4f5e,IN,1,22
IP_cd04a65881,IN,1,8
IP_cd058440c9,IN,9,21
IP_cd14013b70,GB,1,1
IP_cd1cb5646c,IN,1,11
IP_cd28ebbf88,IN,1,8
IP_cd333ee0f2,IN,1,9
IP_cd334916f8,IN,1,12
IP_cd35ba1669,IN,1,10
IP_cd3db362dd,IN,1,16
IP_cd43792e86,IN,1,14
IP_cd456ca0d4,IN,1,9
IP_cd45dbf4af,IN,1,13
IP_cd4d751c62,AE,1,2
IP_cd54a1be10,IN,1,7
IP_cd5a8f6b5a,IN,1,9
IP_cd5c75b760,IN,1,4
IP_cd666d3f1d,IN,1,15
IP_cd69322ee2,IN,1,10
IP_cd6c65fa0e,IN,1,11
IP_cd766a0f12,IN,1,16
IP_cd7d171859,IN,1,22
IP_cd85e73d29,IN,1,6
IP_cd8888cee6,IN,1,8
IP_cd8bc648e2,IN,1,15
IP_cd8fe1726f,IN,1,13
IP_cd99d8e4d5,IN,1,8
IP_cd9ed3a7fa,IN,1,9
IP_cdad5fff97,IN,1,10
IP_cdb1dad711,IN,1,11
IP_cdb2739e41,IN,1,15
IP_cdb57aeca6,IN,1,6
IP_cdb786097d,IN,1,19
IP_cdc9df305d,IN,1,9
IP_cdcb693d28,IN,1,9
IP_cdceb2a730,IN,1,13
IP_cdd24cafd4,IN,1,6
IP_cdd442d67b,IN,1,7
IP_cddd15199f,IN,1,15
IP_cddf6ab25e,IN,1,12
IP_cde5fc579b,IN,1,9
IP_cdfcc4925d,IN,1,9
IP_ce0389eafc,IN,1,14
IP_ce0a8e7f23,IN,1,11
IP_ce0cdebcf0,IN,1,12
IP_ce0d0e6468,IN,1,10
IP_ce1582b6f8,IN,1,6
IP_ce17ccfad3,IN,1,9
IP_ce253d1479,IN,1,8
IP_ce25b878bc,IN,1,7
IP_ce2818791d,IN,1,10
IP_ce3396d56c,GB,1,1
IP_ce42c9eb0c,IN,1,9
IP_ce4672eb2e,IN,1,16
IP_ce4f050186,IN,1,13
IP_ce4ff5d8ac,IN,1,10
IP_ce50047660,IN,1,8
IP_ce50693a04,IN,1,9
IP_ce6dc79913,IN,1,7
IP_ce84ad9a06,IN,1,13
IP_ce95c8e1b0,IN,1,9
IP_ce9cf0c66f,IN,1,12
IP_ceaf9a4b51,IN,1,19
IP_ceb447da51,IN,1,11
IP_ceb6ea22d7,IN,1,8
IP_cebefc0ca2,IN,1,11
IP_cee5eb7160,IN,1,11
IP_cef2dd54a9,US,1,2
IP_cefa597494,IN,1,9
IP_cf03d64c99,IN,1,12
IP_cf08d88ee5,IN,1,17
IP_cf0a8f0298,IN,1,11
IP_cf0f609a16,IN,1,9
IP_cf151358b7,IN,1,18
IP_cf1e2f62a7,IN,1,8
IP_cf2c036f12,IN,1,14
IP_cf3333c53f,IN,1,8
IP_cf3a6a1d2a,IN,1,11
IP_cf3d5bbe38,IN,1,19
IP_cf514c4dde,IN,1,12
IP_cf59f4d3c3,IN,1,18
IP_cf5d679a2a,IN,5,13
IP_cf74dda7ef,IN,1,3
IP_cf7623df68,IN,1,12
IP_cf776c3928,IN,1,15
IP_cf78c7ae5e,IN,1,12
IP_cf7c6db044,IN,1,12
IP_cf86468b2b,AE,1,1
IP_cf89ad4583,IN,1,15
IP_cf8bb0f429,IN,1,12
IP_cf95ab18a4,IN,1,13
IP_cfa881f6b5,IN,1,7
IP_cfaa5ccbca,IN,1,9
IP_cfaab84629,IN,1,20
IP_cfb1735d6d,IN,1,22
IP_cfcbea83ed,IN,1,12
IP_cfcde4748f,IN,1,11
IP_cfd4f4e603,IN,1,17
IP_cfd977142c,IN,1,13
IP_cfeb96cf8c,GB,1,2
IP_d001693e78,IN,1,9
IP_d005039e8d,IN,1,16
IP_d00f0e8263,IN,1,11
IP_d013f5c16b,IN,1,6
IP_d01476becd,IN,1,12
IP_d017a2b05f,IN,1,11
IP_d0283e3223,IN,1,10
IP_d02fcd73bb,IN,1,14
IP_d03267281f,IN,1,11
IP_d0351a03dd,IN,1,16
IP_d03fb1ca3f,IN,1,8
IP_d0426f2353,IN,1,6
IP_d04c58fa8e,IN,1,17
IP_d05530294c,IN,1,16
IP_d0576ca282,IN,1,11
IP_d0585dff0a,IN,1,13
IP_d059d22f38,IN,1,4
IP_d060db37a8,IN,1,12
IP_d06c4fe3d3,IN,1,16
IP_d06fb26f5f,AE,1,1
IP_d070ef3898,AE,1,3
IP_d072a41360,IN,1,7
IP_d07435c215,IN,1,23
IP_d0761dba98,IN,1,14
IP_d0810d2e74,IN,1,17
IP_d08955510e,IN,1,15
IP_d0922e07fc,IN,1,10
IP_d097450439,IN,1,8
IP_d09893ecd5,IN,1,9
IP_d09a943ec2,IN,1,11
IP_d0cbe4b6e3,IN,1,12
IP_d0d32d43c1,IN,1,12
IP_d0e11735d5,IN,1,11
IP_d0ebfeb250,IN,1,9
IP_d0edfed5f9,IN,1,15
IP_d0ef4cb62a,IN,1,14
IP_d0f02bde23,IN,1,16
IP_d0fa98d6cf,IN,1,12
IP_d0fb692458,SG,1,1
IP_d0fe381539,IN,1,16
IP_d107778ae0,IN,1,13
IP_d117440219,IN,1,6
IP_d1174699f2,IN,1,13
IP_d11a299230,IN,1,12
IP_d124e09b05,IN,1,16
IP_d12fb8fc9f,IN,1,16
IP_d132cd133b,IN,1,11
IP_d1342079ff,IN,1,9
IP_d13cacd211,IN,1,12
IP_d13cb0be22,IN,1,14
IP_d153cae0ac,IN,1,9
IP_d156831682,IN,1,14
IP_d158657cbc,IN,1,7
IP_d15afae204,IN,1,16
IP_d16ea2fc36,IN,1,11
IP_d196b857f1,IN,1,11
IP_d19bb4b2ad,IN,1,13
IP_d1a2dc6ffd,IN,1,10
IP_d1b3c2abb1,IN,1,8
IP_d1b8da1904,IN,1,14
IP_d1c0904aff,IN,1,11
IP_d1c9535abe,IN,1,13
IP_d1d0681a05,IN,1,13
IP_d1dbe46a0f,IN,1,15
IP_d1eefafe8d,IN,1,10
IP_d1f2294f2f,IN,1,15
IP_d1f56ab0c5,IN,1,23
IP_d200a23b7c,IN,1,14
IP_d204030e31,IN,1,18
IP_d2092b3979,IN,1,10
IP_d20f25c3ca,IN,1,14
IP_d21218e27e,IN,1,11
IP_d2162d302e,IN,2,6
IP_d216700131,IN,1,9
IP_d21f1a8588,IN,1,9
IP_d221f27c61,IN,1,8
IP_d228472782,IN,1,11
IP_d2309494e2,IN,1,12
IP_d237a2425e,IN,1,11
IP_d2384d4845,IN,1,17
IP_d23987aeb4,IN,1,12
IP_d23ccac573,IN,1,10
IP_d24309f3c5,IN,1,12
IP_d24605110c,IN,1,9
IP_d255707e7c,IN,1,24
IP_d26545843c,IN,1,12
IP_d27026faf8,IN,1,7
IP_d27911afb7,IN,1,14
IP_d28697bebb,IN,1,10
IP_d28ab52bc5,IN,1,11
IP_d2984d8a35,IN,1,7
IP_d298d09f49,IN,1,13
IP_d29ece71f2,IN,1,18
IP_d2a6a556d7,IN,1,6
IP_d2a85e86a8,IN,1,14
IP_d2a9a0933f,IN,1,6
IP_d2b45d068b,IN,1,12
IP_d2b7a5159e,IN,1,6
IP_d2be429240,IN,1,4
IP_d2ca1f5f80,IN,1,13
IP_d2d03a1a0c,IN,1,9
IP_d2d2270350,IN,1,20
IP_d2d308c67c,IN,1,17
IP_d2d4ddb709,IN,1,6
IP_d2d77e1075,IN,1,14
IP_d2e5a52c14,IN,1,10
IP_d2ea646e47,IN,1,12
IP_d2f142de9d,IN,1,11
IP_d2f587de7b,IN,1,9
IP_d3113ecd1c,IN,1,15
IP_d317862f72,IN,1,14
IP_d33305c8de,IN,1,10
IP_d333da08fe,IN,1,7
IP_d3432960e3,IN,1,6
IP_d35c1162fc,IN,1,12
IP_d3638c50ca,IN,1,16
IP_d36a98602b,IN,1,11
IP_d375437671,IN,1,4
IP_d37c697995,IN,1,11
IP_d38043342e,IN,1,5
IP_d3811cf518,IN,1,11
IP_d38208bd13,IN,1,10
IP_d3a2693eb4,IN,1,14
IP_d3ab791be5,IN,1,15
IP_d3bb51921d,IN,1,17
IP_d3c55946c0,IN,1,15
IP_d3e009c51b,IN,1,8
IP_d3e1896aff,IN,1,9
IP_d3e7952e20,IN,1,12
IP_d3ea4db2bb,IN,1,8
IP_d3f7df4859,IN,1,18
IP_d3fa84841d,IN,1,11
IP_d3fbfdc03b,IN,1,10
IP_d405080c5e,IN,1,11
IP_d406c97e37,IN,1,14
IP_d4091c3b12,IN,1,17
IP_d42b237b6a,IN,1,10
IP_d42cce6d94,IN,1,14
IP_d42fb4c06b,IN,1,9
IP_d43704d65e,IN,1,12
IP_d45409178d,IN,1,11
IP_d462bfa156,IN,1,11
IP_d465e299d6,IN,1,13
IP_d4696e4ea6,IN,1,17
IP_d469b8aa26,IN,1,12
IP_d46b32d9d6,IN,1,13
IP_d46b4e94f8,IN,1,10
IP_d483486f73,IN,1,8
IP_d49d1f01b7,IN,1,13
IP_d4a6fd1b60,IN,1,6
IP_d4aa036f13,IN,1,9
IP_d4ac083091,GB,1,1
IP_d4c3cc75b6,IN,1,5
IP_d4d2944d91,IN,1,10
IP_d4db7cc468,IN,1,10
IP_d4e2ef3cef,IN,1,10
IP_d4e7c1ce95,IN,1,12
IP_d4f53acfbe,IN,1,10
IP_d4f5a48960,IN,1,9
IP_d4f81fc1ae,IN,1,12
IP_d4fa69c0e5,IN,1,10
IP_d5049e03e9,IN,1,14
IP_d505343ff3,IN,1,7
IP_d50b5f6d0c,IN,1,11
IP_d50c2b252a,IN,1,16
IP_d511fd218d,IN,1,13
IP_d5210460c4,IN,1,10
IP_d527ac8328,IN,1,8
IP_d52960b806,IN,1,17
IP_d535abbf6b,IN,1,11
IP_d53e1be009,IN,1,11
IP_d543a1ddd0,IN,1,12
IP_d5470e5fd9,IN,1,7
IP_d54fe18df4,IN,1,10
IP_d5611e5512,IN,1,10
IP_d561a8412a,IN,1,14
IP_d567631439,IN,1,27
IP_d567922398,IN,1,8
IP_d568922959,IN,1,9
IP_d5721b3097,IN,1,7
IP_d5735ebd28,IN,1,16
IP_d573f16318,IN,1,10
IP_d57dd45440,IN,1,13
IP_d585cac010,IN,1,16
IP_d58aa1f470,IN,1,12
IP_d58f1edae4,IN,1,11
IP_d590622649,IN,1,8
IP_d596e96f8c,IN,1,18
IP_d59905080d,IN,1,10
IP_d5a4d339b8,IN,1,3
IP_d5afc8eadc,IN,1,9
IP_d5baa9e11b,IN,1,15
IP_d5c6056e2a,IN,1,17
IP_d5c95cc00f,IN,1,15
IP_d5db00e99b,IN,1,11
IP_d5dc0adcb6,IN,1,11
IP_d5e180d6d0,IN,1,16
IP_d5e1c997bb,IN,1,13
IP_d5e38b0562,IN,1,12
IP_d5f127ddfd,IN,1,8
IP_d5fd1229bb,IN,1,16
IP_d5ff584f6c,IN,1,10
IP_d5ffbc5c12,IN,1,13
IP_d601c05b58,IN,1,17
IP_d60df0dc23,IN,1,10
IP_d610f939aa,IN,1,23
IP_d61b901827,IN,1,9
IP_d62782591b,IN,1,16
IP_d62db84938,IN,1,14
IP_d63635eed9,IN,1,13
IP_d63f112211,IN,1,18
IP_d644a6e13b,IN,1,15
IP_d6521c78d2,IN,1,8
IP_d65298ab2b,IN,1,13
IP_d652b6ef95,IN,1,12
IP_d6587fe205,IN,1,5
IP_d668d940e0,IN,1,12
IP_d66908010f,US,1,3
IP_d66d0a56ff,IN,1,4
IP_d66ea6a179,IN,1,13
IP_d6709045cd,IN,1,6
IP_d672f1128c,IN,1,11
IP_d678ae99fb,IN,1,13
IP_d67975053c,IN,1,13
IP_d681b7f900,IN,1,12
IP_d682a86239,IN,1,9
IP_d685ea43d8,IN,1,13
IP_d6909e9ead,IN,1,13
IP_d696140557,IN,1,17
IP_d696dd6ea1,IN,1,11
IP_d69a19e553,IN,1,5
IP_d69dc80bd6,IN,1,11
IP_d6a282a7ed,IN,1,5
IP_d6a8eb8891,IN,1,11
IP_d6b72e422f,IN,1,8
IP_d6c92757d7,IN,1,22
IP_d6dae14ff4,IN,1,18
IP_d6dd23b51f,IN,1,11
IP_d6dd6bad2b,IN,1,10
IP_d6ebca8137,IN,1,9
IP_d6efd96806,IN,1,8
IP_d6f16f30d9,IN,1,15
IP_d6ff4c01b7,IN,1,14
IP_d6ff6f63ce,IN,1,12
IP_d6ff94f00f,IN,1,11
IP_d70ab70994,IN,1,18
IP_d716e5da1a,IN,1,14
IP_d73255640f,IN,1,12
IP_d73380c840,IN,1,7
IP_d7409ee8f9,IN,1,12
IP_d748110298,IN,1,16
IP_d75049f601,IN,1,12
IP_d75c6f7cf1,IN,1,14
IP_d762e3acb1,IN,1,9
IP_d76f601f2a,IN,1,5
IP_d770cb3b9e,IN,1,5
IP_d780d525c7,IN,1,15
IP_d78d167422,IN,1,12
IP_d78d485f86,IN,1,19
IP_d791051535,IN,1,12
IP_d79631144a,IN,1,17
IP_d79d4d411d,IN,1,4
IP_d7a6c896d1,IN,1,10
IP_d7a70761d0,IN,1,16
IP_d7ad82393e,IN,1,13
IP_d7ae74b5b4,IN,1,10
IP_d7b0ebbd4a,IN,1,9
IP_d7b2ffaa1e,IN,1,6
IP_d7b513a186,IN,1,8
IP_d7bc005ce4,US,1,1
IP_d7bc795722,IN,1,8
IP_d7c89a8366,IN,1,10
IP_d7ca136dcb,IN,1,17
IP_d7cdceb2fb,IN,1,8
IP_d7d316e3a8,IN,1,17
IP_d7d9ecaefb,IN,1,12
IP_d7dac8d8d4,IN,1,10
IP_d7e03fe304,IN,1,15
IP_d7eba68cdd,IN,1,15
IP_d7f4efa5ca,IN,1,9
IP_d7f6ef96c0,IN,1,18
IP_d7fff4423f,IN,1,6
IP_d80167b61a,IN,1,9
IP_d804850284,IN,1,7
IP_d8124a16a1,IN,1,17
IP_d8145a16d6,IN,1,7
IP_d8183b56e2,IN,1,12
IP_d821f0e2d3,IN,1,7
IP_d8288c41bf,IN,1,10
IP_d82970cf55,GB,1,1
IP_d82a05b546,IN,1,10
IP_d82aa19e45,IN,1,11
IP_d82b12e3d3,IN,1,14
IP_d82f3f3811,IN,1,15
IP_d83f5e88b4,IN,1,11
IP_d843e76721,IN,1,14
IP_d84c021dd0,IN,1,15
IP_d853d998a1,IN,1,11
IP_d8567d09cd,IN,1,17
IP_d86cd1d37d,IN,1,15
IP_d878fcf15d,IN,1,7
IP_d879e1951f,IN,1,15
IP_d88124751d,IN,1,9
IP_d88b5b77cd,IN,1,10
IP_d8936d3d61,IN,1,13
IP_d8955790d2,IN,1,13
IP_d897d44808,IN,1,16
IP_d898902f28,IN,1,8
IP_d898955f9a,IN,1,10
IP_d8993d5fce,IN,1,20
IP_d89ad35a58,IN,1,9
IP_d89c5b7a51,IN,1,12
IP_d8aa9ce0e3,IN,1,6
IP_d8b5bb240f,IN,1,10
IP_d8b6c143a8,IN,1,10
IP_d8b8aba7bf,IN,1,13
IP_d8bae5ec63,IN,1,11
IP_d8baf33686,IN,1,12
IP_d8bd7c60b3,IN,1,14
IP_d8d1f55ae3,IN,1,11
IP_d8d8d947be,IN,1,14
IP_d8d920e8c8,IN,1,11
IP_d8e730b5e8,IN,1,21
IP_d8fc026efe,SG,1,2
IP_d900fa8558,IN,1,17
IP_d905c4dd59,AE,1,2
IP_d909ed3218,IN,1,15
IP_d90d9f5889,IN,1,9
IP_d9124d3e00,IN,1,15
IP_d91736b56f,IN,1,13
IP_d91f4869d9,IN,1,14
IP_d9299c4b19,IN,1,12
IP_d930fcca3a,IN,1,11
IP_d932f5971c,IN,1,10
IP_d9331008c8,IN,1,13
IP_d93cdaa0e9,IN,1,15
IP_d94d8c8c18,IN,1,12
IP_d95414a4f9,IN,1,6
IP_d95b1ec974,IN,10,34
IP_d95d5dcd65,IN,1,12
IP_d960b74988,IN,1,11
IP_d9611954b1,IN,1,14
IP_d966bdfd74,IN,1,11
IP_d96b68ffef,IN,1,13
IP_d97e3181da,IN,1,14
IP_d980ddb608,IN,1,11
IP_d98d76ffac,IN,1,17
IP_d98d8509b9,IN,1,5
IP_d99aa91032,IN,1,13
IP_d99e733c39,IN,1,12
IP_d99f227ee4,IN,1,9
IP_d9a3d694b5,IN,1,7
IP_d9aaa40d69,GB,1,1
IP_d9bb3e4efd,IN,1,15
IP_d9c626355d,IN,1,13
IP_d9c7ff140f,IN,1,10
IP_d9d0dd2626,IN,1,11
IP_d9d6f3b583,IN,1,11
IP_d9e5fe350d,IN,1,10
IP_d9ecbd7db3,GB,1,1
IP_d9ed70e509,IN,1,13
IP_d9f8ec8c93,IN,1,14
IP_d9fd25a2e5,IN,1,15
IP_da04f90165,IN,1,11
IP_da08e40ed7,IN,1,16
IP_da0cfa33a9,IN,1,17
IP_da20b57f71,IN,1,7
IP_da26feea49,IN,1,11
IP_da27fee457,AE,1,2
IP_da2b15b448,IN,1,12
IP_da340ae785,IN,1,2
IP_da44e90f45,IN,1,17
IP_da50633f6b,US,1,3
IP_da5514ff59,IN,1,9
IP_da684c6a8e,IN,1,8
IP_da768aaa32,US,1,1
IP_da7c548921,IN,1,14
IP_da802843ff,IN,1,15
IP_da870042c4,IN,1,6
IP_da907aaf74,IN,1,14
IP_da94d10bf6,IN,1,15
IP_da97ba7982,IN,1,7
IP_da9e4f4adf,IN,1,13
IP_daada343cf,IN,1,24
IP_dac33cca15,IN,1,10
IP_dac6600ed1,IN,1,9
IP_dad24428ea,IN,1,11
IP_dad361cab1,IN,1,9
IP_dad9c4cc3e,IN,1,9
IP_dada862e31,IN,1,10
IP_dae29d9778,IN,1,7
IP_dae443bc4b,IN,1,11
IP_daf7763238,IN,1,11
IP_db0a9704d3,IN,1,15
IP_db0b3cd023,IN,1,8
IP_db117fa3d3,IN,1,17
IP_db18c96ebf,IN,1,12
IP_db1e9e5b36,IN,1,15
IP_db1f8155c0,IN,1,9
IP_db231336a7,IN,1,6
IP_db26770945,IN,1,13
IP_db2890a599,IN,1,15
IP_db4f635924,IN,1,7
IP_db53517e62,IN,1,17
IP_db598f7e75,IN,1,10
IP_db6942ea46,IN,1,19
IP_db7002c572,IN,1,15
IP_db76cc7a49,IN,1,10
IP_db77011461,IN,1,11
IP_dba1827283,IN,1,12
IP_dba37029d4,IN,1,12
IP_dbb2fb65e5,GB,1,2
IP_dbbfc115fc,IN,5,12
IP_dbcd0548e6,IN,1,14
IP_dbdf17b7ca,IN,1,13
IP_dbe529f69f,IN,1,10
IP_dbe6268664,IN,1,11
IP_dbefe74091,IN,1,15
IP_dbfb81f84a,IN,1,24
IP_dbfd45a58a,IN,1,12
IP_dc17ab63a2,IN,1,12
IP_dc17b5e45f,IN,1,12
IP_dc1d6030b7,IN,1,8
IP_dc232de5f3,IN,1,9
IP_dc29e1e186,IN,1,13
IP_dc3514463a,AE,1,1
IP_dc4c4411e5,IN,1,20
IP_dc5aca042c,IN,1,10
IP_dc6191105d,IN,1,15
IP_dc68b90dbd,IN,1,7
IP_dc7a57866b,IN,1,12
IP_dc7af0c18a,IN,1,10
IP_dc8250f0d5,IN,1,9
IP_dc8a2b7921,IN,1,4
IP_dc9d50127b,IN,1,12
IP_dcbc6e969f,IN,1,16
IP_dcc6facb43,IN,1,9
IP_dcede3d653,IN,1,18
IP_dcf6329491,IN,1,12
IP_dcf7562861,IN,1,17
IP_dd031770f1,IN,1,12
IP_dd084e2f7e,IN,1,21
IP_dd14e4221b,IN,1,15
IP_dd159ffcc1,IN,1,13
IP_dd1c4cf9c4,IN,1,12
IP_dd26800605,IN,1,12
IP_dd29a67ce7,IN,1,13
IP_dd2b83bfb2,IN,1,12
IP_dd2f64d345,IN,1,13
IP_dd31d759fa,SG,1,1
IP_dd37f323f9,IN,1,7
IP_dd3b37d1e7,IN,1,14
IP_dd43531694,IN,1,11
IP_dd5c4d6ac1,IN,1,12
IP_dd5cdd6995,IN,1,9
IP_dd63a84528,IN,1,12
IP_dd642e66ba,IN,1,9
IP_dd6ade7303,IN,1,11
IP_dd7bb4cf97,IN,1,14
IP_dd7f74d1fd,IN,1,15
IP_dd8626bf32,IN,1,15
IP_dd86502911,IN,1,12
IP_dd8b59dce8,IN,1,13
IP_dd977a30ab,IN,1,9
IP_dd9b15d341,IN,1,19
IP_dd9de59c80,IN,1,7
IP_dda398ebf6,US,1,1
IP_ddaa71a44d,IN,1,13
IP_ddb398dd46,IN,1,10
IP_ddb6f8961e,IN,1,13
IP_ddb927e517,IN,1,14
IP_ddbada0928,IN,1,15
IP_ddbbc2a7b2,IN,1,12
IP_ddc8cc981b,IN,1,11
IP_ddca5a3cbb,IN,1,9
IP_ddcebda2a5,IN,1,13
IP_ddd407dc0b,IN,1,12
IP_ddd511ada0,IN,1,17
IP_ddd625bf87,IN,9,23
IP_ddd7923d4d,IN,1,12
IP_dddb0a366b,IN,1,12
IP_dddd42ad6e,IN,1,7
IP_ddf8f71c5a,IN,1,10
IP_ddf94eec9a,IN,1,11
IP_ddfbb07128,IN,1,13
IP_ddffe9f8bb,IN,1,13
IP_de163a8392,IN,1,21
IP_de17c226eb,IN,1,13
IP_de2ec6330e,IN,1,8
IP_de2f4aeef7,IN,1,13
IP_de435f6036,IN,1,10
IP_de4a04dc81,IN,1,5
IP_de672642d1,IN,1,10
IP_de77d3f0db,IN,1,10
IP_dea558c6a1,IN,1,15
IP_dea5fbb9a7,IN,1,14
IP_dea908a136,IN,1,7
IP_dea942a904,IN,1,20
IP_debc834715,IN,1,11
IP_debe8870d1,IN,1,11
IP_ded6733fd4,IN,1,9
IP_ded9ca283c,IN,1,11
IP_deddf311aa,IN,1,10
IP_dee066e90b,IN,1,8
IP_dee076b2d6,GB,1,1
IP_dee6005f07,IN,1,13
IP_dee6116dff,IN,1,14
IP_dee7208f0d,US,1,2
IP_deee102c51,IN,1,17
IP_def8a9dbad,IN,1,14
IP_df0e744d82,IN,1,8
IP_df168c7011,IN,1,11
IP_df1942d44f,IN,1,14
IP_df215e7c3b,IN,1,15
IP_df2a8a0ba7,IN,1,9
IP_df4d7b24d2,IN,1,18
IP_df4e0acc20,IN,1,10
IP_df5d4842d2,IN,1,11
IP_df66c95db0,IN,1,12
IP_df6bf11595,IN,1,8
IP_df7800ff46,IN,1,11
IP_df91f61477,IN,1,8
IP_df94fd156b,IN,1,11
IP_df9f6ea683,IN,1,11
IP_dfa0744bdf,IN,1,10
IP_dfa13da3a0,IN,1,7
IP_dfa9868f24,IN,1,16
IP_dfac839ac9,IN,1,9
IP_dfad07a70c,IN,1,12
IP_dfb12646bc,IN,1,17
IP_dfb5c760bc,IN,1,15
IP_dfbc0a2406,IN,1,9
IP_dfbd5c78a6,IN,1,12
IP_dfbe756988,IN,1,13
IP_dfbe791688,IN,1,15
IP_dfc32ae9ac,IN,1,10
IP_dfd4a18a38,IN,1,17
IP_dfd98a4273,IN,1,11
IP_dfdd6e1c0f,IN,1,13
IP_dfe2b74b02,IN,1,13
IP_dfe64370e9,IN,1,13
IP_dfe791cf1b,IN,1,11
IP_dfe8c42cb0,IN,1,16
IP_dfecac70c6,IN,1,15
IP_dffcd446b4,GB,1,1
IP_dffdc266de,IN,1,19
IP_dfff18097f,IN,1,10
IP_e00e21406f,IN,1,10
IP_e0176e0bc9,IN,1,10
IP_e022a05fff,IN,1,15
IP_e028d2b2fe,IN,1,7
IP_e02d05d619,IN,1,10
IP_e0354e27cc,IN,1,6
IP_e03c58f599,IN,1,11
IP_e03d3e5483,IN,1,18
IP_e0465b7521,IN,1,13
IP_e060a7c883,IN,1,9
IP_e066b0c1ce,IN,1,12
IP_e06728c24d,IN,1,7
IP_e06eacbaec,IN,1,4
IP_e06ecb5a33,IN,1,17
IP_e06fb3c930,IN,1,20
IP_e07ee9ceae,IN,1,15
IP_e08f657316,IN,1,10
IP_e0a23d0cf7,IN,1,11
IP_e0ad73537f,IN,1,17
IP_e0afbd32e6,IN,1,17
IP_e0b20157ff,IN,1,15
IP_e0b27e39e3,IN,1,16
IP_e0b627ae19,GB,1,1
IP_e0c98ccc59,IN,1,8
IP_e0ccd51a96,IN,1,9
IP_e0db32ff29,IN,1,15
IP_e0ec11162b,IN,1,10
IP_e0f2bff748,IN,1,14
IP_e0fbda381f,IN,1,14
IP_e0fd787947,IN,1,19
IP_e103989478,IN,1,9
IP_e1121d1f5a,IN,1,8
IP_e1124d9a26,IN,1,9
IP_e114019cfa,IN,1,7
IP_e117b59998,IN,1,11
IP_e118b26b12,IN,1,15
IP_e1216462e7,IN,1,18
IP_e131cff9e7,IN,1,12
IP_e13a33426b,IN,1,7
IP_e13afbccea,IN,1,8
IP_e1419ca923,IN,1,12
IP_e145ba84fc,IN,1,10
IP_e147b27ec4,IN,1,14
IP_e149f919f7,IN,1,8
IP_e161233bd2,US,1,2
IP_e167de60f4,IN,1,14
IP_e16bdd1026,IN,1,8
IP_e16e9d0911,IN,1,12
IP_e18a5dadda,IN,1,11
IP_e18cc5db41,IN,1,14
IP_e1928defa7,IN,1,19
IP_e193a69d65,IN,1,11
IP_e19deec039,SG,1,1
IP_e19ebd2ae5,IN,1,15
IP_e1a563bd56,IN,1,16
IP_e1b2af0107,IN,1,9
IP_e1c146d9b8,IN,1,18
IP_e1c6963529,IN,1,13
IP_e1d35f7c42,IN,1,7
IP_e1d5412642,IN,1,11
IP_e1dbc2fb37,IN,1,15
IP_e1dda86a59,IN,1,27
IP_e1df051632,IN,1,14
IP_e1e17af046,IN,1,14
IP_e1e33c7fa6,IN,1,10
IP_e20d3fe6f5,IN,1,12
IP_e210b204bd,IN,1,13
IP_e21254efbc,IN,1,15
IP_e2144e807d,IN,1,10
IP_e2152506c9,IN,1,17
IP_e227d0bce1,IN,1,17
IP_e22ec9f2f0,IN,1,14
IP_e22f16dbf1,IN,1,11
IP_e230232029,IN,1,10
IP_e23a85ac9a,IN,1,14
IP_e24470ac1c,IN,1,14
IP_e249155aa6,IN,1,8
IP_e24c564c1e,IN,1,10
IP_e251523ba6,IN,1,9
IP_e258b64244,IN,1,14
IP_e2657626a9,IN,1,15
IP_e26b74daf9,IN,1,6
IP_e26f7055b1,IN,1,16
IP_e270089503,IN,1,13
IP_e274102a9b,IN,1,16
IP_e2797c49f8,IN,1,12
IP_e280f9d27e,IN,1,9
IP_e28a739dea,GB,1,1
IP_e28e4b635c,IN,1,11
IP_e29a79a507,IN,1,13
IP_e2a309507a,IN,1,10
IP_e2af28cf49,IN,1,23
IP_e2b13c6c0a,IN,1,11
IP_e2b8025d5f,IN,1,13
IP_e2bb1d71a0,IN,1,11
IP_e2c7af35e1,IN,1,11
IP_e2cb2606c2,IN,1,11
IP_e2d5913a3a,IN,1,17
IP_e2e340d618,IN,1,11
IP_e2e553117d,IN,1,9
IP_e2f3eac3d6,IN,1,13
IP_e312965812,IN,1,7
IP_e314c56ca3,IN,1,7
IP_e3170d64d3,IN,1,13
IP_e31ed77062,IN,1,13
IP_e326b0dfe5,IN,1,13
IP_e32a443d0d,IN,1,15
IP_e3358fc580,SG,1,1
IP_e33e98fb72,IN,1,13
IP_e343af4c0c,IN,1,10
IP_e34f73bf90,IN,1,9
IP_e36c029dc2,IN,1,6
IP_e3743e3556,IN,1,10
IP_e3799d7a2a,IN,1,10
IP_e379fe9e50,IN,1,13
IP_e37e50c291,IN,1,14
IP_e383036cd2,IN,1,11
IP_e383fe748f,IN,1,7
IP_e38b7a5e99,IN,1,10
IP_e38c99ef9b,IN,1,14
IP_e39734aaa1,IN,1,14
IP_e3a01b40e7,IN,1,10
IP_e3a4eb49db,IN,1,10
IP_e3aa2e0301,IN,1,14
IP_e3ae1ceb0c,IN,1,10
IP_e3aea7fd3b,IN,1,17
IP_e3b083856b,IN,1,8
IP_e3b695018d,IN,1,9
IP_e3c1a5b238,IN,1,13
IP_e3c27d9d47,IN,1,11
IP_e3c567de2b,IN,1,12
IP_e3cba05f15,IN,1,18
IP_e3d36b9c0e,IN,1,12
IP_e3e27851f8,IN,1,20
IP_e401fa9a48,IN,1,26
IP_e402e120a0,IN,1,15
IP_e412647e5c,IN,1,9
IP_e412ebc706,IN,1,6
IP_e41bafda60,IN,1,16
IP_e41d323e41,IN,1,17
IP_e4336a9563,IN,1,12
IP_e44627944d,IN,1,10
IP_e44c9be26d,IN,1,11
IP_e453509ca8,IN,1,10
IP_e455e0f10b,IN,1,9
IP_e456a01e1f,IN,1,13
IP_e46852f2b3,IN,1,10
IP_e470209ed1,IN,1,13
IP_e475248679,IN,1,9
IP_e487ea2d8c,IN,6,11
IP_e489927e48,IN,1,17
IP_e48d614a87,IN,1,13
IP_e48fd9b181,IN,1,13
IP_e493ecab40,IN,1,17
IP_e49daedff7,IN,1,10
IP_e4a359c1ce,IN,1,11
IP_e4a542dd68,IN,1,10
IP_e4a7866af0,IN,1,11
IP_e4a8b5f9cf,IN,1,19
IP_e4b21461ef,IN,1,12
IP_e4b2755e47,IN,1,10
IP_e4bb264290,IN,1,12
IP_e4c38c0be3,IN,1,18
IP_e4cdad550d,IN,1,18
IP_e4cfdcf4f0,IN,1,11
IP_e4d382f197,IN,1,10
IP_e4dc0e833b,IN,1,12
IP_e4f12e862a,IN,1,13
IP_e4f697dbbe,IN,1,7
IP_e501134413,IN,1,14
IP_e518c30675,IN,1,14
IP_e51c69fd03,IN,1,12
IP_e5290bffc3,IN,1,10
IP_e5333d5148,IN,1,13
IP_e5340c2b9b,IN,1,12
IP_e53b6c5c6b,IN,1,17
IP_e54ac1c390,IN,1,14
IP_e5530721a4,IN,1,12
IP_e56139d2de,IN,1,12
IP_e56975ab22,IN,1,11
IP_e58b66bf76,IN,1,7
IP_e58d7384c6,IN,1,10
IP_e5946af533,IN,1,14
IP_e598151003,IN,1,21
IP_e5aad76250,IN,1,24
IP_e5bf73c816,IN,1,8
IP_e5cf44447b,GB,1,2
IP_e5d12aa830,IN,1,11
IP_e5db577bec,IN,1,9
IP_e5e5071a28,IN,1,11
IP_e5ff2ae06e,IN,1,10
IP_e6085a12c8,IN,1,24
IP_e609924fee,IN,1,11
IP_e61bbd85e6,IN,1,10
IP_e627ba4636,IN,1,11
IP_e62bba393d,IN,1,13
IP_e62eb08585,IN,1,11
IP_e6352fd137,IN,1,9
IP_e6420430ed,IN,1,15
IP_e645541d1d,IN,1,15
IP_e648c83f74,IN,1,11
IP_e658d8b3e8,IN,1,9
IP_e65a251576,IN,1,13
IP_e65a4ed7c3,IN,1,17
IP_e65ffee89c,IN,1,17
IP_e6719fe540,IN,1,20
IP_e671e05635,IN,1,9
IP_e6890f0b37,IN,1,13
IP_e69365cf7c,IN,1,6
IP_e69c77e5b6,IN,1,16
IP_e6ad171541,IN,1,12
IP_e6bc1ac65f,IN,1,9
IP_e6c2441e4c,IN,1,20
IP_e6c819af5f,IN,1,9
IP_e6c91f28ef,IN,1,11
IP_e6cde6756f,IN,1,10
IP_e6ce777fa2,IN,1,14
IP_e6e1210c1e,IN,1,11
IP_e6e261a295,IN,1,13
IP_e6eceb7063,IN,1,8
IP_e6f0f3a477,IN,1,7
IP_e6f3e0e2c0,IN,1,7
IP_e6fc3b9750,IN,1,13
IP_e6fd098b2c,IN,1,11
IP_e6fd1e9ccf,IN,1,18
IP_e7066b4d21,IN,1,13
IP_e70a087744,IN,1,10
IP_e71dc84f96,IN,1,8
IP_e736e1fd27,IN,1,10
IP_e73efe9397,IN,1,15
IP_e73ff177b2,SG,1,3
IP_e74b91d1b5,IN,1,13
IP_e75a65aee4,IN,1,15
IP_e760eed4b5,IN,1,15
IP_e7612a26ff,IN,1,10
IP_e76860fe09,GB,1,1
IP_e77036804e,IN,1,13
IP_e776b75e14,IN,1,14
IP_e782a7bf00,IN,1,8
IP_e78350c155,IN,1,11
IP_e78ccd9230,IN,1,19
IP_e7925f5cef,IN,1,15
IP_e799a50acc,IN,1,9
IP_e79b93a0e8,IN,1,11
IP_e7a434d859,IN,1,11
IP_e7a99387d3,IN,1,10
IP_e7aa11259e,IN,1,12
IP_e7b4d989f6,IN,1,9
IP_e7bdbc845a,IN,1,14
IP_e7cc14d567,IN,1,12
IP_e7cf2c181f,IN,1,16
IP_e7d1b074aa,IN,1,12
IP_e7d4d89125,IN,1,7
IP_e7eab43ab5,IN,1,11
IP_e7ee092e8e,IN,1,16
IP_e80c98df4b,IN,1,10
IP_e815e3847a,IN,1,16
IP_e829c07977,IN,1,10
IP_e82eca8c2f,IN,1,16
IP_e83332a43a,IN,1,22
IP_e833bb8e2a,IN,1,10
IP_e834cb9d44,IN,1,9
IP_e83d4f9a93,IN,1,12
IP_e8403c6f7e,IN,1,11
IP_e848cfefa0,IN,1,9
IP_e860709925,IN,1,4
IP_e86705d4ca,IN,1,13
IP_e8730502ac,IN,1,12
IP_e877c15763,IN,1,9
IP_e87c5b84a5,IN,1,10
IP_e882a4ad49,IN,1,14
IP_e88322905b,IN,1,15
IP_e8881a18a4,IN,1,19
IP_e88f4db2d6,IN,1,12
IP_e894d723dc,IN,1,11
IP_e89947978c,IN,1,11
IP_e8aac0bd4d,US,1,1
IP_e8ad9e72f8,IN,1,13
IP_e8b5d82b26,IN,1,9
IP_e8bf711bac,IN,1,15
IP_e8bfc7f08b,IN,1,12
IP_e8c07f265b,IN,1,8
IP_e8c113dc82,IN,1,15
IP_e8c20f6a5f,IN,1,19
IP_e8de66d782,IN,1,8
IP_e8e04d8215,SG,1,1
IP_e8ef1b9048,IN,1,11
IP_e8fc52248e,IN,1,24
IP_e907785ef1,IN,1,14
IP_e91ce8e256,IN,1,6
IP_e91d18c896,IN,1,13
IP_e9211f1749,IN,1,8
IP_e925fa8055,IN,1,9
IP_e931fb2cb6,IN,1,16
IP_e935b3bb59,IN,1,9
IP_e940751ff9,IN,1,6
IP_e94112d5a9,IN,1,16
IP_e947dac112,IN,1,20
IP_e96c5b8af7,IN,1,7
IP_e96d862f6b,IN,1,9
IP_e9721b18d1,IN,1,9
IP_e973721096,IN,1,5
IP_e97f3737a2,IN,1,12
IP_e98bf6bea2,IN,1,11
IP_e98f8f22fa,IN,1,15
IP_e991b7d3de,IN,1,12
IP_e99e438da7,IN,1,6
IP_e9a5cce6a3,IN,1,13
IP_e9ab82c7fa,IN,1,9
IP_e9ae33c3ff,IN,1,14
IP_e9c0507a6d,IN,1,13
IP_e9c1084751,IN,1,15
IP_e9c12f20ca,IN,1,10
IP_e9c565113d,IN,1,8
IP_e9d3aa9059,IN,1,8
IP_e9d9b1f7b6,IN,1,12
IP_e9e57d7268,IN,1,20
IP_e9e5d916c9,IN,1,12
IP_ea019ef37a,IN,1,17
IP_ea0461184d,IN,1,12
IP_ea13f327f2,US,1,2
IP_ea28451b87,IN,1,8
IP_ea33353c57,IN,1,12
IP_ea333ec18e,IN,1,19
IP_ea5336f339,IN,1,14
IP_ea5fe17d4d,IN,1,10
IP_ea60be0229,IN,1,9
IP_ea6eca7c4a,IN,1,11
IP_ea70350a03,IN,1,13
IP_ea71fc072c,IN,1,17
IP_ea86d52bbb,IN,1,20
IP_ea8caef13e,IN,1,9
IP_ea8f3be4ef,IN,1,15
IP_ea90c2ca51,IN,1,11
IP_ea99cc2b78,IN,1,17
IP_ea9eca74ca,IN,1,14
IP_ea9f9d1b75,IN,1,13
IP_eab2d5a0f6,IN,1,14
IP_eabe13b056,IN,1,14
IP_ead985484b,IN,3,4
IP_eaded7035a,IN,1,5
IP_eadf1b865d,IN,1,9
IP_eae1af0fb4,IN,1,9
IP_eae5d19fcc,IN,1,8
IP_eaebf3fc25,IN,1,8
IP_eaf0927889,IN,1,6
IP_eaf0c40038,IN,1,15
IP_eaf4a6e9bb,IN,1,14
IP_eaf74db6e0,SG,1,3
IP_eaf782f576,IN,1,10
IP_eafe33bf94,IN,1,9
IP_eb05b8efd7,IN,1,8
IP_eb11606179,IN,1,18
IP_eb1373bebe,IN,1,18
IP_eb1a8286d6,IN,1,9
IP_eb24363a15,IN,1,12
IP_eb2f2a1a10,IN,1,10
IP_eb3ae9b36e,IN,1,12
IP_eb3f1fcffe,IN,1,8
IP_eb465640ae,IN,1,15
IP_eb49128243,US,1,1
IP_eb4d198fd4,IN,1,7
IP_eb4d2d72fc,IN,1,7
IP_eb55bdbe72,IN,1,12
IP_eb597b12f6,IN,1,9
IP_eb7128fe04,IN,1,10
IP_eb740c44ad,IN,1,14
IP_eb74b8222d,IN,1,10
IP_eb77951fcd,IN,1,13
IP_eb9c390855,IN,1,15
IP_ebad6b0987,IN,1,11
IP_ebb102de1b,IN,1,8
IP_ebc2748ac7,IN,1,17
IP_ebc42b1eb2,IN,1,5
IP_ebc7519fd0,IN,1,13
IP_ebce90f563,IN,1,7
IP_ebcf8b6d63,IN,1,10
IP_ebd43cf0d3,IN,1,8
IP_ebd73a4d97,IN,1,12
IP_ebd879762d,IN,1,8
IP_ebdacb944e,IN,1,14
IP_ebdb1e65dd,SG,1,3
IP_ebdf702d3a,IN,1,15
IP_ebe6651a6f,IN,1,10
IP_ebea3b8425,IN,1,14
IP_ebeaf62f61,IN,1,8
IP_ebef954c54,IN,1,4
IP_ebf12dbd9f,IN,1,14
IP_ebf6252bfd,IN,1,13
IP_ebfa8758ba,IN,1,14
IP_ec0c7b0685,IN,1,10
IP_ec106f72da,IN,1,11
IP_ec1398dd03,IN,1,20
IP_ec1da8b6e9,IN,1,10
IP_ec25153086,IN,1,11
IP_ec362b6187,IN,1,13
IP_ec37740cca,IN,1,11
IP_ec3acb7746,IN,1,10
IP_ec3fc0ac9f,IN,1,14
IP_ec45ea4939,IN,1,11
IP_ec4772fe3a,IN,1,9
IP_ec582c8c7a,IN,1,12
IP_ec63d4902d,IN,1,14
IP_ec654a9e5b,IN,1,8
IP_ec69e39416,IN,1,10
IP_ec701408c1,IN,1,18
IP_ec72d5025a,IN,1,13
IP_ec9559f1a0,IN,1,15
IP_ec986ba662,IN,1,15
IP_ec98752b04,IN,1,14
IP_ec99e7f683,IN,1,11
IP_eca082efdd,IN,1,13
IP_ecb93b77cd,IN,1,8
IP_ecc448f898,IN,1,11
IP_ecce14bb52,IN,1,12
IP_ecd6d1f5b0,IN,1,9
IP_ecdaeb7424,IN,1,13
IP_ecdf1519ee,IN,1,12
IP_ece1d043be,US,1,1
IP_ece3f96e06,IN,1,16
IP_eceefd4e26,IN,1,9
IP_ecf075be84,IN,1,12
IP_ecfdbb8775,IN,1,16
IP_ecfe06219a,IN,1,15
IP_ecfea0e224,IN,1,14
IP_ed0dab70e9,IN,1,14
IP_ed0f334455,IN,1,7
IP_ed17563729,IN,1,13
IP_ed1ee4b83e,IN,1,7
IP_ed26c10053,IN,1,10
IP_ed2a30882a,IN,1,10
IP_ed2d916550,IN,1,5
IP_ed2ec51e26,IN,1,10
IP_ed2f7db491,IN,1,15
IP_ed361ecebb,IN,1,12
IP_ed442082d3,IN,1,8
IP_ed46f000bb,IN,1,15
IP_ed4f0147dc,IN,1,14
IP_ed5e44fc50,IN,1,20
IP_ed709013c2,IN,1,16
IP_ed714674db,IN,1,23
IP_ed860d20c8,IN,1,16
IP_ed8c9c2cc7,IN,1,7
IP_ed9799ef8f,IN,1,14
IP_eda1086288,IN,1,15
IP_edada56f53,IN,1,15
IP_edb7ebe2c5,AE,1,1
IP_edba53a807,IN,1,8
IP_edca9d5629,IN,1,4
IP_edcb17133f,IN,1,10
IP_edcf3ea7c4,IN,1,7
IP_edd09ef6c6,IN,1,13
IP_eddc241a3d,IN,1,9
IP_eddce78e79,IN,1,6
IP_ede360d950,IN,1,12
IP_ede5a96725,IN,1,14
IP_edee0e65b5,GB,1,1
IP_edfb83a719,IN,1,14
IP_ee072e0b19,IN,1,17
IP_ee09e94bf6,IN,1,8
IP_ee1439bb6c,IN,1,7
IP_ee15272110,IN,1,10
IP_ee17a94c41,IN,1,12
IP_ee18a61c58,IN,1,15
IP_ee1e831112,IN,1,12
IP_ee1f954dca,IN,1,13
IP_ee287e1522,IN,1,13
IP_ee359b2d7d,IN,1,14
IP_ee38d5511d,IN,1,15
IP_ee3d3a6d40,IN,1,4
IP_ee4c8c7f82,IN,1,16
IP_ee4e50e0c6,IN,1,10
IP_ee4f66881d,IN,1,13
IP_ee573b8be4,IN,1,9
IP_ee5b01e786,IN,1,16
IP_ee779477ce,IN,1,15
IP_ee78b6d2ca,IN,1,15
IP_ee7fa4e836,IN,1,13
IP_ee94458218,SG,1,2
IP_ee9f00b912,IN,1,11
IP_eeac076fe5,US,1,2
IP_eeb02e700e,IN,1,15
IP_eeb2328336,IN,1,19
IP_eec00f69bc,IN,1,13
IP_eec72cb622,IN,1,17
IP_eecb401151,IN,1,15
IP_eeccbd00e2,IN,1,9
IP_eed66f27f9,IN,1,9
IP_eed89848e8,IN,1,11
IP_eee87096c9,IN,1,9
IP_eeec83e9e3,IN,1,7
IP_eeed741a99,IN,1,15
IP_ef05dc9d71,IN,1,13
IP_ef066196a1,IN,1,10
IP_ef120a9be3,IN,1,8
IP_ef14f68974,IN,1,9
IP_ef165ceedc,IN,1,11
IP_ef16f5b117,IN,1,10
IP_ef17662f0d,IN,1,14
IP_ef2e254bf7,IN,1,10
IP_ef3ed31998,IN,1,11
IP_ef4227b18d,IN,1,11
IP_ef4e6dd827,IN,1,8
IP_ef6b26c8aa,IN,1,6
IP_ef7b0c8ed2,IN,1,12
IP_ef7c5e8148,IN,1,12
IP_ef8f871602,IN,1,6
IP_ef93c8bbae,IN,1,10
IP_ef95df7b28,IN,1,9
IP_ef9f72fa71,IN,1,13
IP_efa3a6c052,IN,1,15
IP_efa642b713,IN,1,12
IP_efadd6480b,IN,1,10
IP_efbbbc2486,IN,1,16
IP_efbbd9eb51,IN,1,7
IP_efc304a1d1,IN,1,24
IP_efd2998e42,IN,1,13
IP_efd44ec64a,IN,1,10
IP_efe063a6ac,GB,1,2
IP_efe0e71da4,IN,1,17
IP_eff187ac7d,IN,1,11
IP_effb93ea21,IN,1,10
IP_f0035edee8,IN,1,11
IP_f00b946061,IN,1,6
IP_f00c4d8873,IN,1,11
IP_f0116cb7b1,IN,1,8
IP_f013b98a3c,IN,1,7
IP_f023635a0b,IN,1,17
IP_f025d4899c,IN,1,8
IP_f029102cbd,IN,1,9
IP_f03271d270,IN,1,12
IP_f0353ddf82,IN,1,3
IP_f04350a89d,IN,1,11
IP_f046ee4bfb,IN,1,16
IP_f050d53f71,IN,1,12
IP_f05f9d8fe7,IN,1,12
IP_f066baf8f4,IN,1,12
IP_f06dd2a7f8,IN,1,17
IP_f07391a31a,IN,1,15
IP_f09ab158e9,IN,1,11
IP_f0a16b59cf,IN,1,7
IP_f0a624142a,IN,1,4
IP_f0ab43726e,IN,1,8
IP_f0ac5684ce,IN,1,19
IP_f0c305c8c6,IN,1,9
IP_f0cbc23395,IN,1,11
IP_f0d00d5a47,IN,1,16
IP_f0d87a70e1,IN,1,10
IP_f0df4d185e,IN,1,24
IP_f0e1a1463b,IN,1,12
IP_f0e49a8813,IN,1,12
IP_f0e84103a7,IN,1,17
IP_f0eac3a731,IN,1,12
IP_f0eb31928a,IN,1,10
IP_f0ec1890dc,IN,1,8
IP_f0f1810238,IN,1,8
IP_f0f3560f29,IN,1,11
IP_f0fa389470,IN,1,11
IP_f10069690e,IN,1,17
IP_f102abdf5b,IN,1,10
IP_f1074c376b,IN,1,16
IP_f10ff2c926,IN,1,15
IP_f1120aefce,IN,1,24
IP_f1175e88d9,IN,1,15
IP_f1197c05dd,IN,1,8
IP_f1200b6495,IN,1,8
IP_f120718c65,IN,1,7
IP_f126e9fe0c,IN,1,15
IP_f12732854a,IN,1,15
IP_f12b91ed14,IN,1,11
IP_f133ef0f99,IN,1,8
IP_f1373c9f56,IN,1,14
IP_f13f6f1d41,IN,1,8
IP_f142481387,IN,1,14
IP_f1455d0d42,IN,1,8
IP_f14b4c607b,IN,1,5
IP_f154138c59,IN,1,9
IP_f15998e73e,IN,1,7
IP_f15a345d30,IN,1,14
IP_f1626e2e9e,IN,1,14
IP_f16d23fadf,IN,1,9
IP_f1706edeea,IN,1,10
IP_f17198d12d,IN,1,13
IP_f184fe62af,IN,1,9
IP_f18a8fe3d4,IN,1,9
IP_f19a4e3c1e,IN,1,9
IP_f19bcef932,IN,1,11
IP_f1c30813b3,IN,1,11
IP_f1dd9a4723,IN,1,16
IP_f1ecf1fe1b,IN,1,5
IP_f1ef62c263,IN,1,15
IP_f1f4e963db,IN,1,16
IP_f1fa948efd,IN,1,13
IP_f20350aadd,IN,1,7
IP_f2088f6b71,IN,1,14
IP_f211836c20,IN,1,20
IP_f2118d56b7,IN,1,8
IP_f215793b44,IN,1,12
IP_f21cdb0733,IN,1,5
IP_f229aa8854,IN,1,13
IP_f23fd14c69,IN,1,9
IP_f2627eaf6b,IN,1,14
IP_f26536a26a,IN,1,18
IP_f266824278,IN,1,7
IP_f26e0ff892,IN,1,15
IP_f2718d712b,US,1,2
IP_f2778d2bb9,IN,1,12
IP_f27a47f111,IN,1,10
IP_f27db3a54a,IN,1,16
IP_f2874df6e5,IN,1,19
IP_f291207aee,IN,1,12
IP_f2b7a24b1b,IN,1,13
IP_f2c2f268d1,IN,1,8
IP_f2efa24ce8,IN,1,9
IP_f2f4fd8ed1,IN,1,14
IP_f2ff8ff952,IN,1,16
IP_f2fff55703,IN,1,13
IP_f3025eb1aa,IN,1,11
IP_f302ddbe41,IN,1,8
IP_f304166917,IN,1,18
IP_f307a32692,IN,1,11
IP_f31398d71a,IN,1,16
IP_f31490ce93,IN,1,15
IP_f31758aa8a,IN,1,9
IP_f31961859e,IN,1,11
IP_f31a5f4a9d,IN,1,10
IP_f327886f96,IN,1,10
IP_f32ab969a2,IN,1,16
IP_f32c4b322e,IN,1,10
IP_f34b976e09,IN,1,9
IP_f37ae63203,IN,1,8
IP_f37dbf4d34,IN,1,8
IP_f38ee66de5,IN,1,10
IP_f39507a976,IN,1,6
IP_f39656457e,IN,1,13
IP_f3a0f92c77,SG,1,1
IP_f3a1eb06ae,IN,1,16
IP_f3b004e71c,IN,1,7
IP_f3b2403da7,IN,1,12
IP_f3c4a8a8ff,IN,1,13
IP_f3cafdbb0a,IN,1,10
IP_f3d7cac314,IN,1,11
IP_f3e22b0fee,IN,1,8
IP_f3e5e9ded5,IN,1,12
IP_f3f23d115b,IN,1,10
IP_f3f379a9ae,IN,1,9
IP_f3f5e3b817,US,1,3
IP_f3f76f8c8f,IN,1,9
IP_f3f8b46642,IN,1,13
IP_f3f9e02316,IN,1,14
IP_f3fd947574,IN,1,11
IP_f4039be9f9,IN,1,9
IP_f404145a85,IN,1,13
IP_f40935639e,IN,1,14
IP_f40e2dd4e1,IN,1,10
IP_f422b8669f,IN,1,9
IP_f42a8bd639,IN,1,11
IP_f43184d00f,IN,1,10
IP_f43c6e3c75,IN,1,13
IP_f44b1110d4,IN,1,14
IP_f44ca331ad,IN,1,10
IP_f452c911cc,IN,1,15
IP_f45493277c,IN,1,10
IP_f46ffd4bc2,IN,1,9
IP_f486593cd0,IN,1,13
IP_f48777d61c,IN,1,9
IP_f48e2275fe,IN,1,6
IP_f48e3715d7,IN,1,11
IP_f49ebfef1a,IN,1,8
IP_f4a1d2ab12,IN,1,9
IP_f4a2995435,IN,1,12
IP_f4a2ad132a,IN,1,13
IP_f4b3a71c30,GB,1,3
IP_f4ba365bd5,IN,1,11
IP_f4bb60741f,IN,1,15
IP_f4bda90256,IN,1,9
IP_f4be9bc709,IN,1,10
IP_f4bf312993,IN,1,15
IP_f4c122d384,IN,1,17
IP_f4cde2ba19,IN,1,10
IP_f4cf2a56dc,IN,1,7
IP_f4d5ca31bf,IN,1,9
IP_f4d5edcc41,IN,1,13
IP_f4e457133b,AE,1,2
IP_f5081ff607,IN,1,19
IP_f523ee467c,IN,1,15
IP_f529a174be,IN,1,9
IP_f52cd255f0,IN,1,11
IP_f52da1888a,IN,1,11
IP_f53220183e,IN,1,11
IP_f53b2c49c6,IN,1,7
IP_f5440bf73b,IN,1,9
IP_f546cb7a08,IN,1,13
IP_f54ac4c464,IN,1,9
IP_f552cd60a6,IN,1,13
IP_f5548359e4,IN,1,23
IP_f56c95a49e,IN,1,8
IP_f578c053b3,IN,1,18
IP_f58950ae4c,IN,1,10
IP_f592130da3,IN,1,15
IP_f592e28984,IN,1,15
IP_f595da44ff,IN,1,10
IP_f5bc48d8df,IN,1,9
IP_f5c9761820,IN,1,10
IP_f5cc393f1a,IN,1,9
IP_f5cc99f2c5,IN,1,21
IP_f5e21311bd,IN,1,17
IP_f5ed0a1631,IN,1,21
IP_f5fffe1eb2,IN,1,14
IP_f6116c8322,IN,1,12
IP_f616a64864,IN,1,13
IP_f618ea7c9b,IN,1,17
IP_f62aa13d41,IN,1,8
IP_f635a788c1,IN,1,17
IP_f635b0670d,IN,1,10
IP_f63d08bab3,IN,1,12
IP_f63ff021c9,IN,1,17
IP_f640d43c73,IN,1,16
IP_f64b6d8b08,IN,1,12
IP_f64d4603c9,IN,1,14
IP_f64d7a7eaa,IN,1,18
IP_f6506590cd,IN,1,17
IP_f652c57980,IN,1,6
IP_f6613cd3a6,IN,1,17
IP_f6765fee5e,IN,1,8
IP_f67c34ed82,IN,1,4
IP_f6b4b08a54,IN,1,12
IP_f6b875828a,IN,1,14
IP_f6db67162b,IN,1,10
IP_f6ddc7ad41,IN,1,16
IP_f6e63cdcb6,SG,1,2
IP_f6e9d5db8b,IN,1,8
IP_f6ebf49613,IN,1,10
IP_f6ed60c78b,IN,1,12
IP_f706cf7a57,IN,1,13
IP_f70ac95bff,IN,1,9
IP_f71545e54e,IN,1,14
IP_f720e81dfd,US,1,1
IP_f72cf231ef,IN,1,4
IP_f739804b08,IN,1,11
IP_f74d3550a9,IN,1,13
IP_f74dd1fd27,IN,1,10
IP_f74f08277d,IN,1,9
IP_f7593847bc,GB,1,1
IP_f75da67919,IN,1,12
IP_f769e0899d,IN,1,21
IP_f78fef24b2,IN,1,14
IP_f7930d8e90,IN,1,9
IP_f793a4c4b5,IN,1,10
IP_f79cbe673f,IN,1,11
IP_f7a0c763ff,IN,1,18
IP_f7af4e8a07,IN,1,12
IP_f7b23fec02,IN,1,9
IP_f7bcef3e24,IN,1,14
IP_f7ced4f876,IN,1,11
IP_f7d32cb63e,IN,1,21
IP_f7d511d684,IN,1,9
IP_f7f02e99ad,IN,1,9
IP_f7f408cda3,IN,1,17
IP_f7f5474399,IN,1,13
IP_f7fff5c402,IN,1,6
IP_f800c40ee0,IN,1,11
IP_f803cf145c,IN,1,14
IP_f808bb7186,IN,1,12
IP_f8135cf3fe,IN,1,18
IP_f815289c86,IN,1,16
IP_f8169df240,IN,1,12
IP_f82777d7d3,IN,1,14
IP_f82d75b5d9,IN,1,16
IP_f82ff653c9,IN,1,10
IP_f830c3be63,IN,1,18
IP_f83283cbb1,IN,1,16
IP_f83c04c614,IN,1,9
IP_f841913351,IN,1,8
IP_f84958c698,IN,1,8
IP_f849aa9f62,IN,1,12
IP_f851700ba9,IN,1,10
IP_f8517a3fd6,IN,1,17
IP_f855216b2e,IN,1,11
IP_f855a1e096,IN,1,7
IP_f86c1f4512,IN,1,17
IP_f86f26d79f,IN,1,10
IP_f87e8833f3,IN,1,16
IP_f87ea86f9f,IN,1,13
IP_f8881d7903,GB,1,2
IP_f88e41667d,IN,1,13
IP_f88eacb2d4,IN,1,13
IP_f89888536e,IN,1,11
IP_f89ea29ea3,IN,1,15
IP_f89f10551e,IN,1,12
IP_f8a48f3872,IN,1,12
IP_f8bada6889,IN,1,11
IP_f8c39ffb68,IN,1,6
IP_f8d45525ea,IN,1,8
IP_f8d7223c59,IN,1,14
IP_f8d97531e6,AE,1,3
IP_f8dabf6e1c,IN,1,16
IP_f8db03968d,GB,1,1
IP_f8dc56f9c1,IN,1,11
IP_f8ebb5823c,IN,1,11
IP_f8f83d159b,IN,1,13
IP_f8f919668d,IN,1,14
IP_f8fc67c404,IN,5,10
IP_f9044fa6f1,IN,1,14
IP_f90b3ab62e,IN,1,19
IP_f90c147f6b,IN,1,13
IP_f912a4539f,IN,1,16
IP_f917803f97,IN,1,13
IP_f91cc7b148,IN,1,20
IP_f920d81a7d,IN,1,13
IP_f92969f72d,IN,1,14
IP_f92b4f33e7,IN,1,16
IP_f92e3e4999,IN,1,8
IP_f9301a41b5,IN,1,6
IP_f93b83e793,IN,1,9
IP_f95de1bbf4,IN,1,12
IP_f960ae2331,IN,1,11
IP_f9623f7826,IN,1,7
IP_f96a11affd,IN,1,9
IP_f971375b42,IN,1,9
IP_f972501e37,IN,1,13
IP_f97423b3fc,IN,1,11
IP_f98513c9e5,IN,1,12
IP_f986a1506d,IN,1,11
IP_f9917249ec,IN,1,7
IP_f999f9a696,IN,1,8
IP_f9a4954069,IN,1,16
IP_f9a4d5f748,IN,1,19
IP_f9b8878498,IN,1,12
IP_f9bda9f5e3,IN,1,4
IP_f9c1547867,IN,1,7
IP_f9cc2bdd8a,IN,1,11
IP_f9d07896a4,IN,1,19
IP_f9d6d9b651,IN,1,11
IP_f9d923de46,IN,1,11
IP_f9ea83b5b2,IN,1,11
IP_f9ed9331a2,IN,1,15
IP_f9efedf467,IN,1,11
IP_f9f22eec1d,IN,1,17
IP_f9f37604ff,IN,1,15
IP_f9f9bd1cea,IN,1,13
IP_f9fb3ae1be,IN,1,8
IP_f9fcecb1f1,IN,1,11
IP_f9fd1b9a46,IN,1,14
IP_fa042f4ba5,IN,1,16
IP_fa044cfc46,IN,1,12
IP_fa0787f400,IN,1,8
IP_fa079afed6,IN,1,9
IP_fa09d3a2d4,IN,1,10
IP_fa0b357f22,IN,1,9
IP_fa0b496b87,IN,1,17
IP_fa0f5d4bd8,IN,1,10
IP_fa0f894500,IN,1,8
IP_fa0ff28abd,IN,1,11
IP_fa19ecbd71,IN,1,7
IP_fa1bcc0a48,IN,1,14
IP_fa361c4426,IN,1,13
IP_fa43a77e34,IN,1,14
IP_fa4493bdfc,IN,1,9
IP_fa46df3aa9,IN,1,13
IP_fa51eaaa1a,IN,1,9
IP_fa53484630,IN,1,18
IP_fa563d3635,IN,1,16
IP_fa6319f0db,IN,1,12
IP_fa68826da8,IN,1,11
IP_fa6a0a3f43,AE,1,1
IP_fa6cd5f6c7,US,1,3
IP_fa7aa79941,IN,1,11
IP_fa7dc91c9b,IN,1,14
IP_fa8e6f7bef,IN,5,13
IP_fa8ee18025,IN,1,19
IP_fa91b54b10,IN,1,17
IP_fa9afec2b5,IN,1,10
IP_fac73a983b,IN,1,10
IP_fac83073dd,IN,1,8
IP_fad1683cc9,IN,1,13
IP_fad53a64d7,IN,1,12
IP_fad5a3e0c0,IN,1,13
IP_fadbeab21d,IN,1,9
IP_fae0d4ac60,IN,1,25
IP_faed83c34a,IN,1,9
IP_faee79265f,IN,1,7
IP_faf0f40bdb,IN,1,10
IP_fb2ae52d44,IN,1,21
IP_fb423d4298,IN,1,10
IP_fb49c846b3,IN,1,18
IP_fb569c901e,IN,1,10
IP_fb6c1c6050,IN,1,9
IP_fb8b71e14d,IN,1,21
IP_fb8c17aa65,IN,1,14
IP_fb8cf86eda,IN,1,11
IP_fb8e7825ce,IN,1,11
IP_fba75e3181,IN,1,18
IP_fbaea73b48,IN,1,15
IP_fbb54eed53,IN,1,12
IP_fbb6017268,IN,1,15
IP_fbbc6b6e63,IN,1,12
IP_fbbe57b1f0,IN,1,15
IP_fbbfd399f4,IN,1,8
IP_fbc210386b,IN,1,7
IP_fbd1759afd,IN,1,10
IP_fbd22afc6d,IN,1,16
IP_fbf6f2002e,IN,1,12
IP_fbf72349b8,IN,1,13
IP_fbf95de77e,IN,1,17
IP_fbfdd9c860,IN,1,15
IP_fbff5cc78b,IN,1,11
IP_fc034f5a2a,IN,1,11
IP_fc0c07a2c4,IN,1,9
IP_fc0d2dab94,IN,1,3
IP_fc0e8b6234,IN,1,8
IP_fc14900bd1,IN,1,14
IP_fc14ccd413,IN,1,3
IP_fc19931a2a,IN,1,14
IP_fc1e005643,IN,1,11
IP_fc1f3c7746,IN,1,12
IP_fc2dd51d26,IN,1,17
IP_fc3369a7c4,IN,1,10
IP_fc37e9736c,IN,1,10
IP_fc3f893991,IN,1,3
IP_fc42f70adc,IN,1,13
IP_fc591d3904,IN,1,10
IP_fc5f1f3dbc,IN,1,13
IP_fc71d3ac0c,IN,1,9
IP_fc72bbe096,IN,1,9
IP_fc73bf9e1a,IN,1,13
IP_fc7da62c85,IN,1,9
IP_fc80e32873,IN,1,13
IP_fc830dfeea,IN,1,18
IP_fc8ac9ac72,IN,1,15
IP_fc9b7c7d23,IN,1,15
IP_fc9f388f91,IN,1,17
IP_fca656f842,IN,1,11
IP_fcbfefaac0,IN,1,10
IP_fcca108172,IN,1,9
IP_fcce8e87e7,IN,1,12
IP_fcd63f501f,IN,1,13
IP_fcf724789c,IN,1,9
IP_fcfdbd98af,IN,1,22
IP_fd15df18c4,IN,1,10
IP_fd1669ebe1,US,1,3
IP_fd1b238bd2,IN,1,13
IP_fd1cbcec11,IN,1,12
IP_fd2b4d1a32,IN,1,22
IP_fd2c4f6b33,IN,1,8
IP_fd3850c93c,IN,1,15
IP_fd3a89261e,IN,1,14
IP_fd4088d832,IN,1,12
IP_fd459b647f,IN,1,16
IP_fd4e6c65c1,IN,1,19
IP_fd54a7cac5,IN,1,24
IP_fd552195ae,IN,1,18
IP_fd6df85003,IN,1,2
IP_fd6e977b2d,IN,1,15
IP_fd82fa4061,IN,1,7
IP_fd8ba2ca84,IN,1,15
IP_fd98aab1a8,SG,1,1
IP_fdb0bda9fe,IN,1,13
IP_fdbdbb024f,IN,1,10
IP_fdcf58bea5,IN,1,11
IP_fdcfa64574,IN,1,13
IP_fde86ea4c3,IN,1,11
IP_fdeeeec79a,IN,1,15
IP_fdf4d0eed4,IN,1,14
IP_fe00685dbf,IN,1,15
IP_fe0a9ff379,SG,1,1
IP_fe175f98ef,IN,1,11
IP_fe1b030b3b,IN,1,10
IP_fe20dd4b6f,IN,1,8
IP_fe213202f2,IN,1,24
IP_fe2d8ecd6a,IN,1,12
IP_fe2e7de6b5,IN,1,18
IP_fe3381db9b,IN,1,11
IP_fe34ca30c2,IN,1,12
IP_fe4de31abb,IN,1,9
IP_fe590fafd0,AE,1,2
IP_fe5da6a597,IN,1,10
IP_fe677eafaf,IN,1,15
IP_fe687fcc13,IN,1,16
IP_fe7344e2d7,IN,1,12
IP_fe93698fda,IN,1,8
IP_fe98e35732,IN,1,8
IP_fea1e14404,IN,1,13
IP_fea2b16e49,IN,1,24
IP_feaf38a325,IN,1,10
IP_feaff0dfec,IN,1,14
IP_feb16763a2,IN,1,12
IP_feba426da2,IN,1,10
IP_feba9c7444,IN,1,13
IP_fec1667a42,IN,1,8
IP_fec2ae02bf,IN,1,12
IP_fed1a05660,IN,1,19
IP_fef7be46e9,IN,1,17
IP_feffc2466e,IN,1,13
IP_ff1d000e5a,IN,1,12
IP_ff1d3a2cda,IN,1,14
IP_ff2648b638,IN,1,8
IP_ff284adb34,IN,1,19
IP_ff33943693,IN,1,13
IP_ff3ac8ecf7,IN,1,16
IP_ff47325834,IN,1,14
IP_ff4d8e1d92,IN,1,16
IP_ff5b89a506,IN,1,7
IP_ff5f163a47,IN,1,14
IP_ff60302c81,SG,1,1
IP_ff604872b8,IN,1,13
IP_ff6b32b9cf,IN,1,17
IP_ff77d0ae83,IN,1,10
IP_ff84262456,IN,1,17
IP_ff86457639,IN,1,10
IP_ff8d0142cd,IN,1,8
IP_ff900809cc,IN,1,9
IP_ff9b00e563,IN,1,8
IP_ffa0c09948,IN,1,8
IP_ffa0deb577,IN,1,12
IP_ffaa080b08,IN,1,22
IP_ffb2a17d94,IN,1,12
IP_ffb381aebe,IN,1,9
IP_ffbd37d07b,SG,1,1
IP_ffc22072fe,IN,1,14
IP_ffc9e78d4e,IN,1,13
IP_ffca828ef0,IN,1,7
IP_ffcc8090fa,IN,1,14
IP_ffce099420,IN,1,13
IP_ffceffd419,IN,1,13
IP_ffd0290fed,IN,1,13
IP_ffd17352c7,IN,1,11
IP_ffd96a182b,IN,1,13
IP_ffec43bdb7,IN,1,12
IP_fff3046934,IN,1,11
IP_fff57bdd08,IN,1,18
